46.0498 9.8001 7.73919 4.58474 0.217022 3.2055 32.3795 14.7971 19.0738 78.6125 91.6772 95.5943 110.315 97.6043 23.7665 12.6551 4.96838e-07 110.429
2.57847 8.80221 7.73919 8.69124 4.22607 5.42191 32.3795 11.6204 19.0738 78.6125 99.8825 141.457 84.4172 61.9475 1.98314 5.2784 4.96838e-07 115.304
2.57847 9.58096 10.9604 8.69124 1.50926 5.1978 32.3795 11.6204 19.0738 78.6125 94.2195 146.143 81.0496 54.5703 16.41 0.672744 4.96838e-07 116.415
-21.2599 7.72356 10.9604 8.69124 1.50926 5.1978 32.3795 12.2076 19.0738 78.6125 94.2195 133.478 81.0496 82.1833 14.9644 13.9162 4.96838e-07 113.854
-21.2599 5.99785 14.4039 7.58166 2.13813 4.80844 37.0353 10.7034 19.0738 55.0545 123.835 124.044 81.0496 85.7871 16.7695 13.9162 4.96838e-07 118.082
-21.2599 6.62935 14.4039 8.52159 6.81021 2.75505 37.0353 16.6882 19.0738 60.688 114.353 124.044 81.0496 62.8099 7.15613 13.9162 4.96838e-07 119.694
-6.01392 4.64936 14.4039 8.52159 1.31492 1.86983 37.0353 20.9458 10.8152 60.688 114.353 124.044 81.0496 105.384 2.81008 14.921 4.96838e-07 117.974
-1.95952 5.59862 11.0436 15.9989 3.59664 1.03349 16.6479 18.9928 10.8152 69.4376 114.353 124.044 81.0496 91.3874 14.9494 14.921 4.96838e-07 120.281
14.7009 5.59862 11.0436 20.9916 4.68421 1.03349 19.0107 13.6574 52.7865 69.4376 72.6249 79.4368 81.0496 151.638 26.2169 4.32152 4.96838e-07 124.624
5.06679 7.62388 5.64934 16.0958 5.4319 2.16162 20.4777 8.74243 52.7761 46.6951 123.004 64.318 81.0496 148.253 35.9607 1.63455 4.96838e-07 115.413
14.318 7.62388 3.93272 16.0958 5.4319 4.32351 17.4234 7.87683 52.7761 46.6951 123.004 72.5188 81.0496 148.253 13.5193 1.63455 4.96838e-07 113.233
14.318 5.8638 3.93272 15.7495 4.901 7.93849 21.6958 7.87683 52.7761 37.4317 123.004 72.5188 81.0496 148.253 13.5193 14.1179 4.96838e-07 114.25
71.3173 4.89246 3.93272 15.7495 5.66671 6.56704 16.8944 5.33208 52.7761 38.1969 117.52 72.5188 81.0496 148.253 5.36507 10.7982 4.96838e-07 114.771
57.0411 4.95237 3.93272 10.1149 8.10829 10.6428 8.90217 13.8091 44.4654 43.1126 117.52 85.456 78.6749 148.253 7.88771 8.68282 4.96838e-07 112.522
48.3478 3.51514 8.09744 10.1149 4.72858 12.3836 10.269 18.5198 44.2625 52.893 117.52 88.1568 53.0549 155.587 13.3929 22.4573 4.96838e-07 111.91
48.3478 2.18299 8.09744 10.1149 4.72858 12.3836 10.269 18.5198 44.2625 52.893 117.52 88.1568 53.0549 155.587 13.3929 5.92495 4.96838e-07 109.829
48.3478 2.18299 5.30447 10.1149 4.9298 12.3836 8.0945 18.5198 42.9757 58.3094 117.52 93.8833 53.0549 155.587 13.3929 25.1026 4.96838e-07 109.565
97.8163 2.18299 6.91014 10.1149 2.60934 12.3836 4.45359 18.5198 42.9757 59.1867 117.52 91.0355 53.0549 155.587 28.8142 34.2196 4.96838e-07 114.09
85.64 2.18299 6.91014 9.09059 1.96801 12.3836 16.2466 18.5198 42.9757 48.8378 117.52 87.1719 53.0549 156.195 22.3454 56.8704 4.96838e-07 115.45
117.514 1.37495 6.91014 11.2486 1.40274 8.40547 16.1315 18.5198 42.9757 48.8378 117.52 95.1014 53.0549 151.167 14.6441 56.8704 4.96838e-07 115.404
79.1141 3.66928 6.91014 9.7491 0.704654 12.8976 13.1095 19.7244 44.5039 46.0741 117.52 95.1014 50.2409 151.167 14.6441 12.1909 4.96838e-07 113.558
79.1141 1.43225 6.91014 9.7491 1.50046 12.2717 13.6725 24.1558 44.5039 46.0741 117.52 95.1014 47.7138 151.167 25.5901 14.1428 6.85512e-06 113.965
54.9325 3.633 7.56004 7.72075 7.1771 12.2717 10.7069 23.3581 44.5039 46.492 117.52 95.1014 47.7138 151.167 26.093 28.4727 6.85512e-06 114.28
69.3151 4.0723 4.60696 10.703 0.811844 8.95178 7.84068 34.9622 37.053 48.241 117.52 95.1014 44.3978 151.167 37.1921 62.2856 6.85512e-06 120.377
55.0587 4.0723 6.34547 9.56761 0.811844 11.2326 8.356 34.9622 37.053 44.7423 120.235 95.1014 54.4534 151.167 33.7737 81.9664 6.85512e-06 117.076
63.836 7.81729 3.40479 6.79789 3.19977 12.5763 1.47801 39.5616 25.3189 39.5242 120.235 89.0792 54.4534 142.545 16.398 13.6204 0.00224848 122.721
55.5812 11.298 2.96663 6.79789 4.42641 12.023 1.47801 38.5661 25.3189 49.2265 120.235 89.0792 68.9459 142.545 15.2708 23.4938 0.00286147 119.466
55.5812 11.298 2.96663 6.79789 1.25333 13.1647 0.878298 38.5661 25.3189 51.2101 115.57 89.0792 72.276 142.545 31.2565 23.4938 0.00232113 119.653
50.1202 1.46113 5.47777 12.86 4.9136 10.1981 2.01322 36.8015 23.5 61.4602 110.467 80.6719 65.0152 180.085 48.7206 30.1257 0.000141136 117.244
48.7516 4.01695 6.34348 6.90665 7.94882 14.8801 2.0697 29.2856 21.2835 71.8645 110.467 80.6719 65.0152 173.557 28.5338 32.9612 0.000141136 117.598
50.0476 8.17447 7.97868 5.52489 4.824 13.2361 2.0697 28.4856 21.2835 71.8645 110.467 80.6719 65.0152 173.557 31.1874 8.45172 0.00111928 116.776
51.1949 8.57555 0.464654 5.52489 4.824 13.2361 16.1105 27.351 21.2835 71.8645 98.5823 110.586 65.0152 128.584 35.4374 11.7208 0.010385 119.962
53.619 11.8301 4.50481 6.12773 4.39535 13.6642 9.89736 27.351 11.7869 81.0325 98.5823 124.422 47.9542 128.584 29.8111 22.6107 0.00558852 120.661
49.8874 6.73719 5.41677 9.95653 4.39535 12.7303 10.0248 27.351 11.7869 82.0283 98.5823 124.422 50.589 128.584 29.8111 11.6152 0.00102403 116.567
44.2689 7.67764 2.49614 12.1275 2.19828 5.75851 9.55025 33.4263 11.7869 76.3754 98.5823 134.459 53.5501 117.419 8.89847 24.1466 0.00265808 118.735
38.484 6.70767 3.63208 11.4872 3.48122 12.5699 11.2828 19.3992 11.7869 83.0699 115.61 134.575 54.8102 117.419 3.96237 12.7904 0.00265808 122.066
65.8911 6.70767 3.63208 9.88025 3.48122 9.49638 11.541 19.3992 11.7869 83.0699 115.61 60.7838 54.8102 211.328 46.5138 12.7904 0.00265808 119.968
65.629 9.40969 3.63208 9.88025 1.84429 9.49638 11.541 19.3992 11.7869 83.0699 115.61 60.7838 54.8102 211.328 61.5679 12.7904 0.00265808 120.674
64.5233 9.85407 3.63208 9.88025 1.84429 9.49638 13.1475 18.7194 11.7869 83.0699 115.61 60.7838 51.1904 211.328 45.4994 12.2032 0.00265808 121.479
-7.36694 8.79898 7.28304 9.88025 5.31536 6.46417 13.1475 30.8294 11.7869 76.1076 115.61 31.449 57.2969 225.408 48.9445 20.064 0.00265808 119.498
27.5038 7.37267 5.48189 9.88025 3.35569 9.06299 9.88807 35.137 11.7869 70.4503 93.9218 63.1938 74.4722 225.408 24.4554 29.7649 0.00265808 121.76
45.3791 7.26539 4.68551 4.63932 4.28888 14.4166 9.88807 30.6408 11.7869 70.4503 111.106 89.5412 41.2622 190.99 4.71982 29.7649 0.00265808 119.112
57.2152 10.1838 5.57209 4.81542 6.25945 8.87509 9.88807 36.2666 10.5217 70.4503 111.106 89.5412 25.643 162.536 1.72969 17.6245 0.00265808 119.94
56.3964 1.89235 5.09008 2.09049 15.2876 11.8444 5.79369 44.6335 10.5217 70.4503 111.106 112.918 24.9831 162.536 8.93746 4.85207 0.00211663 119.113
50.2113 1.0316 5.41373 2.09049 14.6046 12.8219 2.16795 44.6335 10.5217 93.4105 84.0081 118.315 46.2116 151.286 57.936 9.27433 0.004416 119.634
50.3115 2.429 6.09767 0.460734 12.589 10.9265 3.69061 40.9358 10.5217 93.4105 84.0081 118.315 38.7883 151.286 43.2276 2.75986 0.00285628 118.181
51.4106 10.229 3.35726 0.954358 10.2063 10.0471 3.97608 40.9358 10.5217 94.114 84.0081 118.315 38.7883 151.286 47.7263 2.75986 0.0244222 120.674
39.2657 10.229 2.61781 0.954358 10.4515 9.81787 4.0589 28.9023 10.5217 107.434 84.0081 118.315 38.7883 151.286 22.1337 7.90838 0.0421577 123.224
41.0764 11.6504 2.69612 5.19874 10.4515 11.9314 4.10166 17.8711 19.1041 92.7113 81.6141 118.315 47.2507 151.286 11.4145 10.1984 0.122017 125.551
50.1928 13.7328 3.91166 0.963344 7.87387 6.28426 6.59606 31.5241 5.87389 104.398 82.4035 118.315 47.2507 151.286 11.4145 18.0191 0.125519 123.294
50.1928 10.4851 3.58093 6.09647 8.97848 10.2888 4.97103 24.4287 5.87389 104.398 82.4035 119.634 40.7845 151.286 7.00922 19.8218 0.125519 123.012
35.0074 9.69405 3.26508 7.7002 6.52763 10.0025 4.02646 24.884 5.87389 104.398 99.8259 116.193 40.7845 151.286 13.5269 34.3178 0.00748181 123.964
37.2152 5.01094 2.59343 15.799 6.52552 10.466 5.2435 35.579 16.3868 88.8161 92.1416 89.9281 34.955 151.286 12.5684 31.5693 0.000136096 118.666
60.5913 5.65994 4.00228 9.01867 7.65317 11.5346 7.40604 36.0335 14.752 81.9158 92.1416 89.9281 66.3883 151.286 16.8639 5.65411 9.67124e-05 115.896
65.5129 8.34132 5.81778 7.47512 7.02047 6.96316 9.02218 36.5935 6.91979 81.9158 90.791 96.1638 97.1278 112.146 13.492 3.298 9.67124e-05 114.44
55.6792 8.34132 3.91073 9.2592 7.81443 10.1619 7.8244 27.948 3.00291 81.0805 108.107 96.1638 114.002 20.3664 11.2167 15.3855 9.67124e-05 119.524
53.4354 2.65667 0.93716 12.4042 8.07172 9.08379 8.98135 27.948 17.6859 81.0805 99.2808 96.1638 151.261 20.3664 69.042 5.09465 9.67124e-05 115.851
55.4615 1.36004 0.93716 13.4785 8.31037 8.54822 9.48812 26.1433 17.6859 81.0805 99.2808 96.1638 151.261 20.3664 41.694 10.1865 9.67124e-05 115.412
37.9795 1.36004 3.57248 13.4785 7.19334 8.65906 12.3856 27.1794 17.6859 81.0805 95.5448 96.1638 151.261 20.3664 25.4765 42.4688 0.00153589 119.396
37.9795 0.932322 3.4164 13.4785 7.16713 8.65906 13.1166 27.1794 17.6859 81.0805 95.594 114.682 131.442 20.3664 22.9554 16.212 0.00153589 117.396
27.4652 0.823706 3.95259 13.6388 7.11136 9.3121 13.1166 27.3599 17.6859 87.0171 95.594 127.795 113.29 20.3664 19.3951 17.7724 0.00238462 120.524
52.8348 0.746656 0.710298 12.0547 9.52624 10.3889 13.63 27.3599 5.58612 80.5832 119.372 115.11 129.873 20.3664 77.8142 26.2982 0.00238462 122.097
52.8348 3.71331 0.710298 6.30434 9.80754 10.362 10.6958 38.5724 3.64125 80.5832 112.935 148.394 91.1218 20.3664 61.8318 31.8061 0.000368201 118.311
45.7739 3.71331 0.710298 6.30434 7.79177 8.68915 16.0458 38.5724 3.64125 80.5832 112.935 144.434 104.406 20.3664 29.1358 7.22852 0.000368201 117.211
45.7739 0.638904 0.871321 1.43798 7.79177 15.2669 16.0458 38.5724 3.64125 80.5832 112.935 144.434 104.406 20.3664 18.6597 8.23499 0.000368201 118.333
45.7739 0.638904 0.871321 0.908339 3.77513 16.486 15.0689 41.2684 3.64125 83.1438 112.935 144.434 104.406 20.3664 23.8853 8.23499 0.000368201 117.533
45.7739 0.230797 0.394016 0.908339 4.93687 16.486 15.0689 41.2684 3.64125 83.1438 112.935 144.434 104.406 20.3664 24.6604 8.23499 0.000368201 119.03
46.1715 7.5636 0.642403 1.31163 6.26361 17.0035 15.6143 29.2593 3.64125 83.1438 86.1345 144.434 135.677 20.3664 24.7907 70.4103 0.000368201 125.274
27.8445 10.0902 2.02509 2.67839 11.7367 2.65497 15.7026 29.2593 13.6054 83.1438 98.3393 107.727 135.677 20.3664 24.0963 10.1847 0.000368201 121.552
45.2196 8.53464 2.946 4.53283 11.1133 5.44295 15.7415 29.2593 13.6054 86.2555 84.2642 87.5137 146.667 80.1151 24.0677 18.7968 0.00116819 116.606
36.9 12.764 3.33112 5.93839 11.1133 2.51646 15.9827 12.6679 37.5843 75.8924 85.6852 63.021 123.011 80.1151 24.6509 17.7314 0.00541741 118.988
36.9 11.7676 3.33112 9.13292 10.4421 1.3436 15.8137 12.6679 37.5843 75.8924 85.6852 69.2832 138.871 79.8602 24.7198 21.0235 0.00121146 117.035
71.7554 6.03112 3.43923 9.13292 9.42266 1.31577 16.3459 17.0095 37.5843 74.8645 85.6852 66.9548 110.79 140.214 24.9126 40.6674 0.0140937 119.023
103.804 3.37718 3.46111 4.92929 13.9208 3.7042 17.761 18.3135 52.978 54.6696 71.1805 50.255 103.171 140.214 24.1407 48.3514 0.00356703 122.399
55.1857 0.904032 11.3821 4.61931 2.32617 0.340634 21.5612 29.2799 52.978 45.1042 82.6963 91.1505 92.2098 140.214 20.5785 21.4633 0.0064341 121.388
54.2845 0.904032 12.9213 11.5265 0.827326 3.5023 18.667 29.2799 44.7032 39.3781 97.9825 91.1505 85.1463 140.214 19.9726 74.0206 0.00747498 126.017
45.729 0.904032 12.9353 6.7215 6.3754 3.04843 18.667 17.8553 46.9416 46.9524 97.9825 91.1505 89.6634 140.214 20.6499 40.2999 0.0149014 120.265
45.978 0.904032 12.3732 8.69109 4.10354 3.04843 14.0414 31.7347 43.4794 45.5693 92.2551 34.3741 110.278 200.803 23.7597 32.2306 0.00525382 118.466
49.2734 2.7589 6.07155 16.7027 3.29472 4.0611 9.81577 25.2863 43.4794 62.3212 98.7446 101.934 110.278 67.3531 27.1499 23.7919 0.000382607 114.665
51.5037 2.7589 6.06293 16.7027 2.92038 4.0611 10.7105 26.2835 43.4794 62.3212 98.7446 90.5598 124.94 68.7666 27.8116 21.3232 0.00173131 115.657
36.1197 3.81861 4.02608 11.1248 4.97211 7.24846 22.3697 16.2236 42.978 66.5302 98.7446 90.5598 124.94 68.7666 17.5766 27.055 0.00158925 116.711
21.3067 4.44188 4.02608 10.2852 9.92699 1.56496 27.2786 8.98608 42.978 62.8005 107.399 83.6325 124.94 68.7666 17.5766 20.3362 0.00158238 118.981
-17.5805 4.44188 2.57832 8.54644 15.0466 1.88297 25.7698 12.7992 42.978 62.8005 106.629 83.6325 124.94 68.7666 25.1197 19.0961 0.00188191 119.581
-6.64007 4.44188 1.8592 6.78787 15.0466 1.56756 25.7698 11.4864 51.5792 62.8005 91.175 130.884 109.603 37.0623 25.7335 13.7959 0.00115847 119.987
12.8379 4.44188 4.39986 5.49509 11.1379 6.68142 22.7511 17.452 56.4248 60.8764 89.4074 130.884 109.603 24.3495 23.2327 13.8487 0.00129821 116.991
46.6478 4.44188 10.3342 3.80726 1.24694 6.79941 22.7511 15.048 56.4248 53.7932 89.8174 130.884 109.603 24.3495 23.0045 42.9064 0.00129821 121.137
46.6478 2.69944 12.6804 4.19563 1.24694 5.84118 28.5467 14.7187 55.0725 48.4209 89.8174 73.335 114.012 24.3495 23.0045 42.7672 0.00194353 122.169
46.6478 9.24276 5.84114 4.43328 2.45401 2.09151 28.5467 15.4512 47.0768 47.9028 119.257 130.332 101.357 24.3495 19.8953 30.6298 0.00129893 117.963
46.8282 7.62424 7.8679 5.55737 1.91227 2.62214 29.4179 15.4512 47.0768 47.5422 113.267 130.332 110.457 18.6088 19.8953 32.2101 0.00294669 117.63
46.0339 11.283 5.2971 4.86816 1.06913 2.63435 27.7809 15.5044 51.7225 46.5111 113.267 130.332 110.36 18.6088 1.94228 35.846 0.00207352 118.012
35.0894 11.283 5.80354 5.24973 2.05806 2.63435 27.7809 17.582 49.2261 44.6847 115.398 130.332 110.36 18.6088 25.111 23.4472 0.00157633 118.164
40.8261 12.9688 2.7574 8.1548 1.74113 1.50763 32.7685 18.1723 25.7088 58.8873 116.076 128.168 103.798 33.3623 26.4408 16.6489 0.00114865 116.805
46.6089 12.9688 4.01803 8.1548 2.71593 1.50763 30.1361 19.8568 25.7088 58.8873 116.076 128.168 103.798 33.3623 26.4408 16.6489 0.00114865 117.269
57.0901 8.71967 4.9535 8.50942 0.971079 2.06367 32.2737 13.9014 24.3349 65.6533 116.076 128.168 103.312 33.3623 23.2484 13.932 0.00162609 116.631
60.2983 9.15497 5.51984 10.3259 2.1323 2.75165 32.2737 13.2631 27.5038 65.6533 104.253 125.922 91.6454 61.3401 28.4789 4.13424 0.0019319 120.082
38.2036 9.18723 2.99495 12.4307 1.21163 4.60419 24.7693 17.6101 27.5038 73.0046 95.4174 156.246 75.3797 61.3401 24.3868 11.2999 0.00293917 118.761
48.0998 7.4389 7.91178 4.57165 2.88703 9.60861 18.4983 16.404 30.6854 63.0866 96.4958 156.246 72.3031 61.3401 36.0134 24.6426 0.00547159 119.405
43.3837 7.80717 10.2599 7.99999 5.61681 6.86331 7.91766 20.8896 30.6854 68.9316 95.1594 156.246 80.0943 61.3401 42.6676 37.2771 0.00153814 122.284
38.949 5.56195 11.1643 11.4493 5.93074 2.69286 8.10755 22.7408 28.8051 83.7453 86.0783 134.038 93.3901 64.8299 52.3292 1.18397 0.00615251 122.992
38.1661 7.46236 6.9908 7.59027 2.67709 10.703 4.01201 26.4369 28.8051 95.7439 75.8596 56.1717 93.3901 172.456 45.8624 2.448 0.00472014 118.55
41.0998 9.34073 6.92378 9.59334 0.163563 7.8106 10.092 27.332 23.9298 78.8479 80.0914 33.1707 39.6531 261 29.3739 46.0274 0.00738973 121.902
65.4447 10.7078 1.29634 8.93612 5.32061 8.39989 8.37921 25.19 4.6121 100.013 81.8604 35.7247 24.0145 318.116 24.6429 34.541 0.00769629 119.658
39.5447 10.0953 2.15796 14.9599 8.94606 4.76075 6.13641 19.6233 34.6797 84.0025 75.2126 46.3917 1.22623 328.184 65.6445 30.6098 0.00982885 122.144
39.5305 10.0953 1.52474 14.7292 1.8402 5.12334 7.11028 23.1475 36.0662 97.6598 54.9611 54.6552 6.06995 331.889 61.8191 54.6465 0.0120013 123.629
53.3948 8.74424 2.29595 14.5251 8.66168 1.76602 7.07828 24.7564 32.0422 97.8145 52.7992 40.9902 9.51065 324.214 62.2596 29.4633 0.0168731 119.088
52.5271 6.67045 0.76386 15.1729 13.1323 2.11639 1.51505 32.2155 28.9221 100.22 45.6957 40.6917 14.1989 346.915 64.2142 48.1433 0.0383621 124.712
56.1591 5.98515 2.75279 11.9038 8.03638 3.05567 9.70278 27.5348 31.5725 95.0753 36.9631 16.1884 18.5577 363.73 65.2021 13.7313 0.0364935 115.836
52.8377 5.99445 8.74651 11.0674 1.417 1.48751 8.06219 34.8695 26.7681 106.648 31.6 16.453 15.5867 362.932 72.421 3.91434 0.0249392 116.544
41.19 6.66822 1.52051 7.63657 4.74019 4.03729 8.53348 41.9176 12.0594 104.654 50.8904 8.22272 22.6952 369.291 59.1029 8.46101 0.0212061 116.44
93.3427 0.352401 10.8368 4.40559 3.72587 3.94809 3.62759 41.9176 21.0836 105.662 46.8288 6.74391 15.7566 358.729 38.7008 20.2254 0.0741054 121.426
60.9657 1.63467 1.15094 4.80989 2.35394 8.26857 12.7061 34.8087 22.2947 99.713 46.8288 9.11399 34.4471 351.194 13.0044 13.9751 0.0276745 117.362
52.8053 12.2523 4.82453 6.15549 1.78452 5.91567 7.9249 31.5965 15.9584 99.7766 70.6527 14.1742 30.361 351.194 16.1843 22.7218 0.00884392 116.665
54.5147 9.72383 7.26369 8.73419 1.54769 3.93068 9.52533 30.5938 7.56024 93.9698 70.6527 14.0981 23.3886 351.194 21.0387 0.667193 0.0283752 119.219
35.3593 9.72383 9.46303 7.78755 4.7794 2.42379 8.32017 20.6776 14.9028 92.917 75.812 17.1806 23.3886 351.194 2.47577 0.667193 0.0256779 124.248
54.9106 2.58431 12.8327 3.76198 8.49205 9.63313 12.576 20.8356 21.7703 86.383 76.2168 16.9128 16.3 343.933 3.41131 5.85807 0.0193864 116.891
31.3314 7.16272 9.34613 4.75975 14.5364 0.700691 11.1694 26.1696 18.3786 90.0423 77.5564 17.1491 32.4444 317.468 0.333902 1.79568 0.0216629 119.087
36.5171 5.71371 6.02071 13.4747 2.40046 7.89319 2.63993 36.764 19.2134 89.4351 70.5651 17.4235 12.6146 344.664 43.002 15.708 0.0246095 117.136
30.7053 10.8565 6.77381 5.83233 9.32179 4.61389 6.97713 36.6369 20.5107 72.4743 81.8884 20.6917 110.376 220.874 11.8755 31.1172 0.0157799 118.512
51.9484 11.4664 3.0447 6.68139 6.20326 4.1733 7.5768 35.0608 20.5874 89.5803 84.6836 13.6475 110.376 188.733 32.0757 17.8784 0.022377 116.988
49.3695 14.8507 2.03119 1.67685 7.75809 5.61774 8.80607 35.3611 21.9063 92.6368 62.623 13.6475 110.376 211.594 14.0928 17.5031 0.00926822 115.547
47.6053 12.5833 3.42833 5.45431 6.19664 4.31111 12.6216 38.1282 14.6997 92.6368 69.4431 14.1599 50.5166 304.285 6.33447 17.5031 0.00759992 114.004
46.5932 12.5833 2.58707 5.13361 9.59643 2.81902 7.7032 38.7857 12.8907 91.4921 68.2791 10.7322 50.5166 304.285 12.4515 11.6272 0.0134208 113.872
49.9144 12.4623 3.17999 0.561548 11.2486 7.17865 6.69134 35.241 24.5851 74.6215 78.334 9.83557 50.5166 313.419 18.3376 5.1852 0.00826641 114.074
49.5865 11.7628 2.90255 1.33134 11.3868 5.06106 10.7094 32.9411 22.4236 86.4764 69.7987 9.83557 44.7046 313.078 16.9001 35.1406 0.00623526 114.991
50.2054 15.4033 2.04993 1.33134 13.4326 0.0522316 10.7094 31.1298 25.449 83.764 69.3442 9.08857 44.7046 313.078 7.46401 44.0859 0.0123262 118.229
53.269 5.0548 7.93504 8.71762 10.4501 3.16525 12.3974 18.191 25.449 91.0371 63.2578 18.5011 44.7046 313.078 11.3948 40.2797 0.0247488 117.794
49.2615 5.53808 8.27852 8.29839 5.23421 3.70889 16.9723 18.191 26.4392 95.5664 75.4785 19.6028 25.6351 313.078 24.6452 56.373 0.0448568 117.792
48.773 9.53877 9.35161 8.01563 8.73757 3.43574 14.7531 14.7082 30.5699 92.6122 75.4785 19.6028 17.7999 313.078 38.0533 53.7363 0.0420565 125.127
47.6629 2.54479 9.98608 6.13814 4.80191 5.02295 29.402 14.7082 34.931 95.2441 34.1528 30.4646 36.4926 313.078 33.2143 46.4045 0.0370442 120.045
36.4065 5.56726 7.61133 7.27747 3.25275 5.54349 29.402 14.7082 38.2182 88.5689 38.4967 30.4646 37.3697 313.078 27.0407 35.5439 0.0625637 121.484
36.4065 2.98799 5.9004 7.27747 2.8532 3.71949 29.402 19.9267 38.2182 88.5689 50.7059 32.4043 31.1123 313.078 65.4593 23.6742 0.0525176 122.026
60.6612 2.76672 6.11112 10.2913 3.08397 2.9791 30.5483 7.39205 36.875 88.5689 60.6272 35.3516 31.1123 313.078 7.45844 17.7625 0.00830332 116.938
63.9335 2.59587 2.94008 15.5873 3.16986 3.07885 30.5483 9.67192 36.875 88.5689 51.3185 36.0924 31.1123 313.078 33.5534 28.4181 0.00830332 118.243
33.51 6.80522 2.27485 3.09828 2.84321 7.44742 18.6508 24.2776 35.3262 81.9308 76.6174 26.6285 29.2652 313.078 33.3961 30.0373 0.00830332 116.866
37.6071 6.80522 1.13434 1.88696 2.61616 15.2387 19.1103 24.2776 35.3262 81.9308 67.6634 3.36531 29.2652 358.071 37.8849 34.5118 0.00830332 117.153
56.0101 6.89596 8.15563 10.4082 2.24092 15.4759 2.8217 19.8287 57.6616 81.9308 40.3674 3.36531 29.2652 358.071 38.8682 20.4231 0.00830332 117.438
44.6007 6.89596 3.73854 10.4082 2.72027 13.4368 6.42166 18.2973 69.4923 76.3735 35.4461 51.3222 12.3872 325.296 43.8973 55.9618 0.0126774 120.83
49.3531 6.92325 2.98447 11.3786 2.23552 12.2011 1.81011 18.2973 70.9482 79.512 35.4461 56.4895 9.46393 325.296 43.3877 13.1937 0.00212287 115.396
47.8149 6.92325 2.98447 11.3786 1.41827 12.2011 1.81011 19.2337 70.9482 79.512 35.4461 62.8908 9.46393 325.296 51.8685 10.3776 0.00212287 115.856
44.6026 5.19641 3.46675 18.8258 0.743641 10.4855 1.81011 17.1283 73.6445 79.512 35.4461 60.2988 19.6718 250.58 49.2097 10.3776 0.00212287 120.318
37.2112 2.5829 4.67734 18.8258 0.743641 11.3652 2.67376 18.1691 78.008 74.4795 35.4461 90.2107 19.6718 250.58 49.2097 8.08343 0.000191558 117.556
37.2112 1.0753 7.50831 19.8144 0.743641 7.94912 1.14371 18.3924 71.3934 78.8784 28.6802 88.7905 19.6718 271.759 3.47616 22.243 0.00766307 120.954
39.8961 2.05981 4.33587 20.3977 1.66732 4.86774 4.15256 16.3974 70.36 83.3881 28.6802 88.7905 19.6718 271.759 11.6905 19.7222 0.00568137 119.284
39.5984 1.93547 4.33587 20.3977 5.37594 3.12984 4.15256 15.9267 66.6152 83.5704 28.6802 48.1901 24.5145 347.126 17.6319 13.1027 0.00713827 119.523
46.6101 4.8013 2.52813 20.3977 2.46283 3.12984 7.92129 15.9267 66.6152 80.7544 28.6802 24.3399 21.2662 316.058 21.8674 19.6801 0.0123757 117.204
46.6101 4.8013 6.1371 16.2141 3.72791 3.11422 6.91769 15.7401 78.4563 75.6825 40.1376 71.5132 21.2662 265.674 53.1586 28.5708 0.00902769 118.438
52.1822 2.61684 7.73368 5.48353 4.53251 3.07303 6.91769 12.8648 82.0148 75.6225 38.9929 71.5132 67.5041 227.802 49.8973 14.9816 0.0159569 120.577
45.8443 3.85113 7.4278 9.56031 2.62862 3.07303 11.8183 6.57286 81.4698 72.5306 66.0907 71.5132 49.832 213.961 66.249 3.8549 0.00943909 121.895
50.4574 3.85113 5.46735 12.1244 2.43835 8.26174 6.43296 7.39144 81.4698 68.1579 56.1059 71.5132 60.0516 213.961 35.267 3.74159 0.0164038 119.104
31.8707 3.61337 8.60506 9.59508 2.43835 13.6923 3.21935 15.3876 81.4698 65.9743 56.1059 61.0525 60.0516 213.641 15.7603 6.80473 0.0179751 118.421
31.8707 3.61337 8.60506 10.6178 3.26408 7.46763 3.21935 17.1073 95.3304 51.6991 56.1059 52.3761 60.0516 225.27 38.0688 2.94278 0.0144083 118.142
50.8632 3.61337 9.12911 10.6178 4.86686 7.46763 3.21935 17.1073 95.3304 51.6991 56.1059 52.3761 41.8819 259.511 28.1024 0.862757 0.0144083 115.944
50.8632 2.14244 9.17888 10.6178 4.86686 5.97173 1.89985 17.1073 95.3304 39.8893 56.1059 59.7836 41.8819 259.511 1.74577 1.8122 0.0176971 117.711
52.9811 2.14244 9.0427 16.2972 4.86686 5.60604 2.25151 20.1208 82.8634 39.8893 67.6728 59.7836 34.6002 259.511 5.6663 0.0912965 0.0176971 120.679
55.2254 2.49692 4.69495 12.0943 1.86706 5.77459 2.27482 30.7048 82.8634 54.3815 67.6728 50.796 34.6002 266.525 0.27291 24.2638 0.0057938 119.819
97.9461 1.88103 6.16771 10.8279 6.96429 4.05985 1.55685 28.9097 71.1617 54.7505 56.8628 50.796 34.6002 278.412 1.70588 54.5339 0.00371244 119.551
97.9461 1.04257 7.20628 8.24555 6.96429 4.05985 4.60416 28.9097 72.8656 54.7505 56.8628 50.796 20.7611 297.294 3.57672 54.5339 0.00557248 120.944
97.9461 1.60283 7.20628 8.24555 4.87159 4.05985 6.90324 19.1094 73.6764 66.5624 56.8628 57.5872 20.7611 297.294 3.02787 3.69965 0.00593422 116.98
106.294 1.55107 5.77641 9.22603 4.87159 4.05985 4.84088 22.0244 72.7864 72.7191 40.6953 12.8142 20.7611 326.247 20.7946 5.63458 0.000223881 113.183
103.506 7.07824 7.12315 5.54291 4.95083 3.69452 9.88325 24.9906 72.7864 49.968 47.0613 17.0141 20.7611 326.247 21.4759 2.38292 0.000223881 114.506
31.7775 9.12786 8.75846 4.82011 4.95083 3.69452 7.89662 22.7131 72.7864 62.2002 51.1384 21.578 21.9809 352.417 21.4759 3.66015 0.000223881 114.288
101.562 9.06981 0.977732 6.2972 8.53452 4.61633 5.93225 12.7666 72.7864 60.6517 51.1384 35.9866 21.9809 352.417 26.9592 17.8638 0.000223881 114.178
101.562 9.07437 3.22463 5.26422 8.53452 5.19888 4.72256 13.8713 72.7864 74.016 51.1384 15.6854 21.9809 337.95 21.3411 17.8638 0.00216326 113.843
51.0426 9.46321 4.22052 4.98512 5.75 6.31438 4.03678 13.8713 87.7964 66.4063 51.1384 15.6854 21.9809 337.95 26.2386 10.7564 0.00284614 112.552
47.2956 9.25532 5.36505 7.48075 6.54549 2.82034 5.15643 26.7449 67.224 70.7832 51.8456 6.58145 34.9884 342.309 56.0471 14.3454 0.0032089 112.5
46.4926 7.1586 8.7045 6.67758 7.43558 4.93949 4.66717 15.4761 67.224 82.2297 47.8497 21.9561 34.9884 342.309 202.353 37.8443 0.00172286 113.578
52.0477 7.1586 8.35325 6.23988 7.50237 2.93949 5.33615 32.3859 51.6983 80.4927 52.1456 19.916 18.3772 342.309 231.443 29.5529 0.000994058 112.26
48.5345 9.21412 6.17556 7.46159 13.6161 2.51996 5.30174 22.9534 47.0995 80.4927 42.8438 18.8129 18.3772 342.309 245.793 0.866617 0.000964945 115.103
51.4694 8.388 1.02903 9.28365 11.6173 2.58066 5.69716 22.9534 51.6398 80.4927 42.8438 15.9845 37.4646 342.309 245.793 5.84095 0.00277291 112.629
43.3733 9.71531 1.02903 10.7548 11.0969 2.27611 6.03423 28.648 51.6398 80.6053 35.0767 15.9845 37.4646 342.309 119.409 10.3333 0.00293871 114.016
52.6155 7.97593 1.02903 10.7548 11.0969 3.8302 12.537 17.1583 66.1552 78.3298 35.0767 14.3532 37.4646 342.309 92.2541 7.44615 0.00268691 115.703
58.5373 10.3836 2.18139 4.28044 11.0969 3.26263 12.537 17.1583 77.9872 76.7133 22.4209 14.3532 37.4646 342.309 14.3673 3.72571 0.000143767 108.996
49.2066 10.1315 3.78476 7.23163 8.27604 2.65159 11.8604 17.1583 86.8396 69.7845 22.5842 14.3532 37.4646 342.309 14.3673 4.95022 4.78831e-05 107.998
72.9862 10.1315 5.4645 0.415535 8.27604 2.16951 12.6393 17.1583 86.8396 69.4805 22.5842 12.3527 37.4646 342.309 45.1524 5.2831 4.78831e-05 110.777
72.9862 10.1315 5.55393 2.59274 11.6615 2.16951 12.6393 12.7431 86.8396 69.4805 22.5842 11.7573 39.3998 342.309 26.7443 27.5849 4.78831e-05 109.913
67.4131 7.95005 7.53745 2.34625 11.0383 6.87728 12.6393 5.66103 86.8396 75.0187 22.5842 13.0551 38.9875 342.309 26.7443 27.5849 4.78831e-05 111.652
71.5009 10.8883 8.00897 1.75901 2.00884 8.23791 11.2779 3.13315 89.9265 75.0187 22.5842 13.0504 38.9875 342.309 37.8798 35.7057 4.78831e-05 111.483
42.1048 10.0774 8.00897 1.67018 2.46043 7.72856 11.4019 14.105 83.92 75.0187 22.5842 13.0504 38.9875 342.309 37.8798 35.7057 4.78831e-05 109.574
71.091 10.0774 8.00897 1.67018 2.46043 7.72856 11.4019 10.2579 83.92 75.0187 22.5842 17.7183 38.9875 342.309 70.7573 20.3199 4.78831e-05 110.276
49.6914 10.0076 8.00897 1.67018 2.46043 7.72856 13.9747 12.0351 83.92 75.9937 16.7037 17.7183 44.737 352.729 209.283 16.0553 4.78831e-05 107.792
49.6914 10.0076 5.92078 4.88964 2.46043 7.72856 13.9747 12.0351 83.92 75.9937 16.7037 17.7183 44.737 352.729 209.283 25.2426 4.78831e-05 108.528
57.7938 10.0076 6.90733 4.88964 2.46043 7.72856 14.5856 12.5164 83.92 74.0102 16.7037 17.7183 34.2853 352.729 196.644 32.267 4.78831e-05 108.319
57.7938 9.35848 8.71519 4.85607 2.46043 5.65485 14.5204 12.5164 83.92 72.8145 16.7037 19.0785 35.6669 352.729 196.644 37.0768 4.78831e-05 110.59
57.7938 9.35848 8.71519 4.85607 2.46043 5.65485 16.5382 12.5164 83.92 72.8145 16.7037 19.0785 35.6669 352.729 196.644 2.7383 4.78831e-05 108.735
57.7938 9.35848 7.22278 4.85607 2.46043 5.65485 16.5382 11.6948 83.92 72.2005 16.7037 9.57605 35.6669 423.211 104.475 7.94947 1.95869e-05 115.146
53.3874 7.02971 9.22815 6.31003 2.46043 5.65485 13.2197 14.6072 83.92 75.3637 16.7037 8.27825 16.411 388.774 44.5228 11.0008 4.35621e-05 108.384
52.1672 5.45927 11.0756 3.28562 6.4262 6.49968 10.3797 25.3434 41.986 83.9641 63.666 12.4547 22.1313 382.643 51.0307 26.2441 4.35621e-05 116.112
54.7282 2.38767 12.7067 3.28562 13.327 5.26118 9.64041 19.4139 26.7795 88.1672 64.3553 12.0269 20.7417 365.789 43.8766 16.7984 4.35621e-05 109.54
53.1437 3.64326 9.84369 1.87865 13.327 6.17354 11.6818 19.4139 26.7795 89.678 74.1636 12.1239 13.2227 368.267 41.8473 16.3452 4.35621e-05 111.74
55.087 2.09143 15.4004 6.34443 5.35402 7.36305 9.78972 16.5925 38.1818 72.4762 74.1636 11.7719 10.7799 368.267 43.0581 12.4212 0.000315285 113.262
52.8385 1.96886 15.6051 5.83305 7.10321 1.4299 9.78972 34.2916 17.4012 71.497 76.1585 6.87143 20.3345 404.563 35.8517 12.0525 0.000419469 114.169
68.8776 3.31542 11.9447 3.19551 9.02072 5.61955 15.3218 34.4061 9.18454 71.4332 76.1585 8.25933 25.3646 368.888 42.1626 13.4815 2.19407e-05 112.365
88.9261 4.00114 9.63608 4.2471 7.15503 0.995596 19.4853 34.4061 9.18454 71.1443 84.809 11.3 20.3405 353.148 30.6916 19.5513 0.000275717 114.221
121.014 3.13999 7.11531 3.66891 7.68749 1.00429 11.9915 18.8027 51.2651 71.3398 72.8422 16.2713 14.3339 353.148 47.7641 11.6295 0.000275717 110.922
87.7162 5.85439 6.3564 4.11718 7.9222 8.35667 1.14352 24.4057 24.8535 74.5494 98.1552 14.7966 14.9515 358.724 47.7641 9.88131 0.000912882 116.669
91.0052 4.83565 6.3564 3.2303 5.39293 8.35667 1.14352 27.1766 24.8535 82.1539 98.904 14.7966 14.9515 348.262 7.11416 20.8979 0.00216905 117.811
111.454 4.7289 8.049 1.54174 2.86329 6.48513 8.56863 23.5443 38.9115 92.9555 72.049 15.5844 6.36844 353.391 16.7903 3.37671 0.00439381 116.748
103.421 7.07898 7.48726 1.5726 3.24595 7.55456 11.8037 28.0394 32.7371 92.6379 58.5851 20.1478 6.65089 355.991 17.0126 5.93205 0.00287667 113.162
40.1273 7.07898 0.669032 1.94957 2.51413 7.55456 25.3381 30.696 32.7371 92.6379 50.8719 16.8969 9.42054 360.464 6.17485 3.70884 0.00287667 114.285
38.4997 7.07898 0.669032 1.94957 2.85167 5.69329 27.3864 30.696 19.2785 98.1484 49.0716 13.9737 24.8333 355.279 6.17485 20.2243 0.00668658 113.58
52.489 4.24286 0.135848 2.1749 2.85167 4.26797 37.588 25.6729 33.9687 93.3571 42.3655 12.2302 24.8333 361.487 21.001 6.50702 0.00499817 114.453
51.8666 2.97418 3.61041 10.5054 2.85167 1.19008 30.3457 25.0918 32.9832 80.2638 64.0872 3.97559 16.8893 361.227 18.242 17.3265 0.000532273 110.662
66.8938 7.88128 0.855813 2.54882 4.15039 1.53997 19.8237 27.2142 26.4666 82.509 104.982 5.21288 23.7522 331.173 22.1717 20.9405 5.18834e-05 115.975
68.1852 7.85118 9.57425 3.25981 4.43603 4.45746 14.4213 30.3195 36.3653 72.1335 79.8484 4.29829 31.8621 325.602 66.2159 21.9202 0.00017863 113.352
48.1679 3.255 8.56272 3.47534 13.3766 4.40138 6.527 37.3225 16.5713 95.2524 76.9492 1.33704 39.0905 328.495 48.2668 24.0439 0.00322395 113.736
50.5081 7.75524 4.40848 13.8281 1.19951 5.05196 4.72687 31.5477 30.2074 78.8312 76.9492 16.156 37.998 313.51 14.7134 14.6403 0.00104461 112.285
51.7175 6.7181 5.80068 11.0942 6.13064 8.00203 6.47996 29.1283 17.8073 78.1035 92.0209 9.99765 51.2365 322.885 11.0539 16.3427 0.00150892 114.802
50.6798 7.7521 8.77861 8.45537 3.03317 8.39178 14.6103 22.7776 17.8073 71.9877 92.0209 4.26365 38.696 338.328 13.9489 15.4952 0.000519419 114.073
56.5343 6.65894 9.50472 0.534457 7.19559 8.27931 17.867 25.5307 12.1344 87.6105 92.0209 4.26365 26.4736 327.809 24.4873 14.8381 0.000768825 113.23
35.503 5.55558 8.925 5.82953 4.64905 6.98175 16.8581 29.5395 14.5716 79.7252 92.0209 13.1461 37.2881 328.622 24.4873 4.64901 0.00149436 116.139
74.8957 6.27121 3.60357 10.5439 3.99305 3.03304 16.8581 28.2619 26.5536 79.7252 75.1575 9.60488 7.5818 328.622 3.06309 9.3408 0.00306462 115.458
65.5546 6.43014 1.45323 7.02616 5.54665 1.43775 16.8581 25.2007 29.1277 53.7638 119.585 9.60488 26.1237 327.739 3.06309 17.6307 0.00341708 119.743
78.7106 7.56668 1.45323 8.55391 5.55086 1.58437 15.1536 23.4316 49.5292 53.7638 74.329 1.20608 64.2092 329.668 57.7264 0.662042 0.000900117 116.843
70.0838 5.40841 4.10383 9.55181 8.02285 4.1941 19.6949 19.5156 47.7456 59.2108 83.5364 58.4619 32.9409 260.714 57.7264 41.238 0.00202401 119.201
53.1817 4.58949 2.52843 8.58851 6.25837 6.46696 27.2208 12.3643 43.2601 64.9771 84.655 53.2205 51.5964 261.512 33.0282 28.2025 0.001407 116.125
48.2984 4.78631 4.32563 9.73473 6.45916 3.71506 29.0378 11.5049 35.6869 70.7991 84.655 31.8432 52.7832 280.553 33.0282 40.6211 1.24494e-05 110.86
48.3474 5.77826 5.35868 9.59653 3.32495 2.17255 5.84925 41.922 18.5427 80.6392 87.68 26.7773 79.402 255.99 9.17156 68.802 1.24494e-05 114.436
47.3368 0.249775 8.21924 9.30884 6.97105 6.97205 16.765 44.6871 21.3685 68.0757 98.0982 16.1361 44.0578 265.488 33.8385 46.9941 1.72105e-06 115.777
54.9812 9.36026 0.94407 8.89174 5.50303 5.2868 5.1806 48.8587 14.4452 72.2736 96.1481 34.5539 36.8766 233.681 38.912 33.242 1.72105e-06 115.152
50.12 8.68909 1.76424 13.3552 5.3342 3.27805 5.1806 41.3681 19.12 73.6954 108.874 55.4558 35.6073 159.942 47.2977 73.1195 0.00127051 124.962
58.7982 4.72824 4.89681 9.17967 5.10362 0.983406 0.621177 39.8015 33.0683 69.5606 108.874 70.1187 36.2096 227.651 65.8394 15.5724 0.000393453 120.049
131.325 3.58328 5.46198 8.28624 4.86426 1.88977 0.816688 39.8739 32.3353 62.5877 108.874 98.3867 37.5958 168.571 65.8394 20.8242 0.000393453 120.278
55.966 3.33723 5.46198 9.54043 10.4578 2.86666 8.68061 32.5175 31.4435 52.3811 108.874 82.1366 60.9278 131.336 17.5764 12.9702 0.000393453 118.163
52.4026 2.99306 8.21912 3.00064 14.8978 1.40351 8.5428 19.7374 47.3281 49.5965 108.874 23.1011 68.177 186.009 4.17035 14.3965 0.000352171 119.235
52.5975 1.80864 13.2958 3.00064 16.1614 1.16777 6.12083 13.3518 52.3984 48.6554 125.502 22.3838 68.177 186.009 4.17035 14.011 0.00597263 119.605
69.4717 4.54877 8.99157 3.00064 15.493 0.495046 10.3546 13.3518 52.3984 46.5002 125.502 51.6627 46.4322 208.048 4.17035 13.4833 0.00230029 119.413
46.9972 1.26138 8.73169 2.24836 15.4704 4.3816 10.0286 22.2553 64.3379 56.7561 64.3951 57.1091 56.5166 244.166 5.64138 16.2875 0.0140457 119.268
54.9576 6.41313 7.94343 0.438794 13.8983 5.43566 17.7109 8.99056 58.3693 67.0693 77.2026 79.0403 59.4684 182.784 11.1099 17.524 0.0243135 120.69
54.3246 6.24373 2.7053 0.438794 16.0266 5.85884 14.361 14.7191 43.5484 73.6596 94.332 104.375 59.4684 146.925 11.1099 11.1801 0.0294709 119.844
54.3246 8.18439 3.04407 0.438794 13.7998 6.3435 14.361 13.6692 44.7948 73.2381 94.332 104.375 51.7472 146.925 11.1099 11.7029 0.0289336 120.64
54.3246 8.18439 3.64871 0.438794 13.7998 6.62639 11.5047 15.9209 48.2019 72.2757 94.332 104.375 51.7472 146.925 11.1099 17.227 0.0222406 120.015
48.8662 4.76392 0.295166 0.438794 20.7502 9.68518 11.883 19.5017 47.5905 72.4429 87.6003 76.0234 70.0325 146.925 13.6045 20.1797 0.0262934 122.057
48.8662 10.3245 4.26087 3.94141 11.6601 6.98732 9.0349 23.6239 55.8805 67.3256 77.9593 33.8148 66.6663 230.559 18.7384 23.5047 0.0105862 116.124
48.8662 10.3245 4.10611 3.94141 9.89703 4.99042 11.1243 21.1954 49.0681 67.3256 68.4341 30.4676 80.8807 230.559 20.7667 16.3175 0.0933231 118.141
48.8662 14.3808 1.22207 5.09135 11.2857 2.12695 8.34219 20.5606 50.3785 70.5008 61.4748 33.4794 78.7067 230.559 17.7842 11.7198 0.0933231 120.018
48.8662 11.4682 3.36232 5.09135 10.2123 1.39011 9.79462 24.0532 49.8453 65.3013 67.9343 39.9407 80.9948 230.559 21.3716 6.8914 0.0326519 117.189
48.8662 9.15179 4.68039 5.09135 9.00046 2.33006 11.4422 30.5591 49.9932 75.9676 71.1823 23.7469 77.1459 224.561 23.6917 9.02898 0.0461338 120.913
69.7698 8.9099 3.13975 6.51171 9.37926 2.47126 18.2936 0.795194 50.9335 72.1816 81.5097 36.6706 77.1459 224.561 16.9129 11.3815 0.0925156 121.891
45.038 18.4482 3.98358 1.88549 8.98156 5.12954 17.1489 0.795194 51.1108 73.2664 81.6525 36.6706 77.1459 216.755 9.92449 17.9458 0.141422 124.304
49.0294 16.4776 3.86232 2.41825 8.98156 4.78385 17.1489 2.64907 51.1108 65.2243 81.6525 36.6706 125.384 170.152 29.4804 16.3268 0.126976 123.906
74.4379 0.754504 3.86232 2.41825 11.1196 1.59211 27.224 11.3532 47.562 65.2243 95.2985 29.544 125.384 170.152 9.71194 6.32889 0.126976 125.341
80.8886 3.20695 3.43006 2.41825 11.1196 0.814577 25.3419 11.3532 50.2189 62.1348 95.2985 6.10147 110.648 170.152 9.71194 7.97829 0.126976 125.268
63.3874 2.85619 3.57343 2.41825 9.32789 0.464919 32.6424 19.38 44.0716 57.5154 72.8999 32.4279 83.4816 227.744 9.71194 7.97829 0.126976 124.919
63.3874 0.363825 3.31394 2.41825 0.230481 5.74749 32.6424 18.2905 43.9577 66.2162 71.4862 30.9421 83.4816 227.744 2.04582 11.7984 0.101026 123.423
72.029 12.4943 4.03044 2.41825 8.20928 3.63514 32.6424 9.29092 46.0411 64.8838 72.087 36.2516 83.4816 227.744 6.33575 11.7984 0.036621 122.514
58.3183 9.60142 6.29383 4.23482 3.49576 2.69739 30.3724 4.36355 47.5163 75.8134 70.8193 36.9916 121.695 175.231 11.6427 17.0422 0.0198991 116.376
70.8899 9.52676 6.33755 2.9253 1.36885 4.1745 31.9969 6.49214 50.0107 76.5344 64.8556 30.2512 128.285 175.231 40.8628 22.5027 0.0100904 117.09
32.4995 9.52676 5.01833 2.9253 1.06743 4.45586 31.9969 7.76294 59.7331 76.6182 54.8817 35.6924 128.285 177.903 58.5319 22.4794 0.00398765 119.245
46.3723 9.8941 4.66147 6.2387 3.22331 6.62318 29.0365 9.28946 52.9417 76.5514 56.6145 75.823 181.287 32.0128 8.69434 21.1672 0.0038712 115.797
50.2417 8.84511 5.61815 4.59979 5.40019 6.62318 18.4999 12.1516 52.9417 76.4395 56.7929 75.823 181.287 32.0128 8.69434 18.8775 0.00201926 113.666
51.5601 9.32882 5.91436 8.2925 5.40019 3.32682 18.4999 13.9925 45.3152 75.8787 71.1156 75.823 181.287 32.0128 48.8539 18.8775 0.00339731 116.643
43.6502 6.3534 10.1998 8.03894 5.40019 3.32682 15.6766 13.9925 44.2078 77.3439 69.4638 75.823 181.287 32.0128 48.8539 18.8775 0.00618771 116.848
48.3722 5.17473 10.0125 7.85931 12.0876 1.69242 2.33004 32.2387 46.7267 84.864 56.815 17.0107 181.287 56.784 38.9623 54.373 0.000215962 117.876
50.173 5.17473 7.32619 7.60119 10.3422 5.25729 1.93463 26.6385 48.5051 91.2087 47.166 18.6431 181.287 115.361 52.6714 54.373 0.000215962 113.159
50.173 7.97153 6.12881 7.6284 8.45783 5.58938 1.93463 27.4165 48.5051 97.2075 35.3775 26.1683 181.287 115.361 52.6714 28.316 0.000229283 111.977
48.3607 3.88963 10.5067 7.84163 5.697 4.53885 1.28508 32.0087 52.7163 93.6599 25.5197 35.7374 181.287 115.361 10.963 18.1076 0.000229283 111.804
47.1892 2.24802 12.0444 7.3305 6.65371 5.7313 4.28697 27.473 55.0796 93.875 25.5197 23.537 181.287 115.361 10.963 13.1014 0.000229283 112.415
50.6461 1.91013 14.6895 8.30849 6.65371 1.33864 7.57694 25.9909 52.5903 93.4379 33.3659 34.6739 181.287 108.102 10.963 13.1014 0.000229283 113.879
43.3627 2.14593 11.7427 6.6289 5.53195 9.95629 3.14525 19.4566 54.282 88.0589 38.0062 41.0531 181.287 108.102 10.963 18.1323 0.000133309 112.611
44.9151 3.57382 11.5289 8.86811 5.74233 6.21743 8.94581 27.6202 41.1284 92.0997 29.128 15.6134 199.265 121.051 15.0458 3.85087 0.0017288 114.503
49.3541 5.51772 8.32261 9.3183 6.28869 7.5836 5.46239 35.3607 41.5889 91.4472 33.2308 10.5389 150.202 128.276 11.1762 8.21499 0.000939082 116.263
47.3233 2.62734 19.436 1.04376 5.20475 8.90884 5.46239 30.8691 47.8218 89.6165 37.9152 18.8454 156.999 157.162 31.6079 1.62439 0.00272108 116.823
48.2447 2.87027 6.39089 0.422331 4.99739 13.847 5.46239 33.9484 53.6733 85.8234 33.6123 27.3205 152.915 157.162 64.9547 5.06504 0.00169322 117.51
48.1499 3.12125 4.84817 0.422331 1.16892 13.847 2.81759 42.3689 51.201 89.4956 35.1985 19.8516 152.915 157.162 56.8184 20.3865 0.00196844 116.612
47.7764 3.57335 5.02982 0.422331 1.16892 13.847 2.81759 42.3689 44.632 87.6156 44.2878 27.2257 152.915 157.162 13.7696 33.5536 0.000609768 115.035
49.2987 4.14533 3.46543 1.49985 1.16892 15.4645 3.5753 43.1851 44.632 86.9362 36.5412 27.4987 193.318 103.769 85.5672 30.2229 0.000307259 115.761
49.115 1.90467 3.909 1.45734 0.926652 12.6345 12.0953 34.5033 46.8382 86.9362 35.1167 25.5267 195.134 103.769 88.7453 32.5766 0.00043929 117.422
46.2791 1.77929 6.46384 2.02257 8.83995 12.6345 27.9944 8.51731 46.8382 86.9362 34.6312 35.5056 195.134 103.769 6.67434 24.8369 0.000417369 114.219
50.454 1.66193 6.25292 1.51947 7.8755 9.94169 23.1484 11.3887 60.2648 88.0248 27.0345 78.4372 107.305 108.446 6.67434 26.7051 0.00250734 120.342
52.343 1.10048 6.13945 2.74575 13.4052 10.965 13.6547 12.6923 60.2648 86.99 47.2585 78.4372 153.506 56.9706 44.3222 26.5355 0.00627112 118.549
51.1107 1.82567 4.95675 2.74575 17.875 7.16714 19.182 12.6923 60.2648 84.9653 30.6586 97.6292 153.429 56.9706 11.1161 26.5355 0.00627112 118.059
51.4852 3.3075 3.18962 3.92574 12.4513 6.47814 20.0834 14.3213 51.6279 84.9653 38.882 46.6826 153.429 56.9706 11.1161 24.3271 0.00423004 120.606
48.3869 3.97189 6.9079 4.98084 12.4513 5.14536 20.0834 11.0683 57.777 76.9352 58.6024 21.9881 171.492 115.258 11.1161 28.3422 0.00536257 114.683
76.5063 3.45381 5.89813 5.31286 8.06456 5.59177 24.0466 5.3982 42.4265 82.1938 83.1425 5.20156 99.2205 227.972 32.5307 10.7887 0.002132 119.732
47.4646 3.72376 10.3559 0.270119 3.20754 8.22066 34.1327 5.3982 42.4265 82.1938 82.1392 13.0168 99.2205 208.327 32.5307 12.867 0.002132 115.385
30.3665 3.61324 6.88891 0.270119 4.87241 14.0431 34.1327 4.39263 62.0799 53.4475 84.3481 13.0168 126.087 208.327 7.00827 5.99758 0.00426107 119.659
39.3796 3.73038 4.39131 0.270119 6.22197 11.6572 30.0027 4.39263 68.6859 61.6597 84.3481 11.3295 98.6958 208.327 13.5817 5.99758 0.00342837 115.56
40.3146 4.39364 2.36232 0.270119 1.26621 11.6572 30.0027 8.95765 61.9155 61.6597 71.5261 7.6174 98.6958 255.045 12.0912 5.99758 2.94182e-05 113.028
38.983 7.08335 4.16281 5.9549 1.26621 10.7685 31.9587 5.40532 54.6941 76.627 71.5261 2.13261 82.6137 255.045 63.1247 5.99758 2.94182e-05 114.327
36.6794 7.08335 4.11602 5.9549 1.26621 10.7685 31.9587 5.40532 52.9835 76.627 42.6868 2.43234 76.9689 255.045 97.6764 5.99758 2.94182e-05 115.091
28.9329 2.73688 10.0822 3.47702 2.68682 10.8485 34.9601 1.38885 55.7577 85.6536 35.2911 3.2921 121.559 251.368 18.8478 8.13207 2.94182e-05 114.885
38.9147 3.16308 10.0822 3.47702 13.2657 11.5552 16.8191 7.10071 55.7577 87.3989 50.5026 1.30256 134.907 188.2 18.8478 10.6786 0.000565803 120.009
28.3525 2.50085 9.61145 3.47702 3.40238 6.04187 32.4106 14.8095 55.1488 79.6256 54.5738 11.0444 134.907 188.2 1.02455 11.4589 0.000118469 115.819
46.5564 3.6141 0.727479 6.38295 5.79779 5.7666 32.4106 12.8059 55.1488 73.852 55.1828 18.6658 134.907 188.2 10.0303 18.3631 0.000532622 112.02
43.3215 2.90042 2.32205 11.5894 7.29693 2.31249 26.1632 7.81491 55.1488 73.852 61.0819 11.4935 134.907 188.2 10.0303 4.13958 0.000532622 113.906
42.0844 2.07665 5.74768 11.8972 8.09782 2.51937 23.4708 16.1196 55.1488 76.4521 56.9905 11.2697 134.907 188.2 97.3003 3.66959 0.00135234 115.597
43.9436 2.7296 7.72669 11.8961 8.12066 1.89872 23.9636 10.9629 49.1833 80.6472 58.6573 15.0228 134.907 188.2 79.2404 16.0731 0.00135309 114.924
47.9618 4.93201 3.12695 12.3163 8.12066 2.08189 21.8079 19.3736 37.716 77 68.3364 13.2898 134.907 144.962 2.9262 10.8819 0.00135309 113.792
48.4829 4.81648 5.0582 12.2088 8.85106 1.8482 17.5893 19.3736 38.8064 85.3209 67.4343 39.4043 134.907 144.962 10.8719 4.46587 0.00155396 113.708
35.4633 3.87741 5.02552 12.95 8.85106 2.28234 14.6297 19.3736 38.8064 80.3498 64.1753 24.865 134.857 144.962 9.27756 3.30973 0.00433986 116.719
55.3768 6.62925 1.05652 13.1724 5.02607 0.558471 29.0469 13.8596 30.7994 84.2266 84.9682 26.532 134.857 144.962 15.2041 27.9222 0.0076701 116.946
53.5294 10.0955 1.27871 12.5421 1.76443 2.36012 26.0957 14.2233 30.7994 83.4992 78.5972 24.208 134.857 153.517 99.1541 39.6841 0.0069372 119.051
54.7492 10.6674 1.27871 11.8753 5.34 2.34945 25.871 10.577 28.7576 78.2027 90.2935 10.5075 144.433 153.517 24.7041 48.7693 0.00458067 117.792
56.3162 6.73268 2.11628 10.1867 6.0717 2.38602 25.871 10.577 43.2525 74.7904 89.4708 13.7353 133.357 173.003 17.5344 32.7536 0.00152024 114.406
79.4134 7.0648 2.11628 10.1867 4.18292 2.53598 26.8408 10.577 52.1892 63.3997 83.7509 10.3786 133.357 173.003 17.5344 47.9291 0.00152024 116.645
39.6344 7.0648 1.59019 1.49584 4.60671 12.625 25.6877 10.577 55.5087 64.0292 74.2538 10.5857 133.357 185.185 3.53921 54.8457 0.0047656 116.636
53.8063 5.7036 2.45204 1.49584 5.6398 13.7849 25.6877 8.11456 50.3393 77.3203 74.2538 15.941 126.66 185.185 38.2161 58.267 0.000510617 116.042
32.2867 6.03049 5.15288 0.983246 12.4067 8.55046 16.5223 4.8907 50.3393 79.5854 76.8129 12.7559 126.66 185.185 38.2161 13.4614 0.00582624 119.85
20.3971 5.00578 3.17425 0.983246 13.3599 8.02331 23.3856 13.7849 69.8303 45.2763 72.6936 12.7559 95.554 239.471 56.0877 13.0796 0.0123504 119.047
52.3864 4.87357 3.03879 0.983246 16.223 8.15179 26.7128 19.4636 87.8948 32.107 66.9877 9.05933 126.03 176.587 33.0337 6.50107 0.00932844 124.074
62.4974 5.35235 2.59465 0.983246 12.9155 4.67543 25.1324 2.4919 87.8948 32.107 82.296 12.541 131.452 174.417 33.0337 6.50107 0.061568 120.362
65.0077 3.67867 2.4639 0.983246 10.9012 7.23311 26.8487 2.4919 85.744 25.2772 92.5284 25.0668 131.452 174.417 33.0337 6.50107 0.0118101 119.126
80.3917 4.23815 2.47687 9.93158 9.77745 1.94185 21.2975 2.4919 85.744 26.2036 82.1164 40.2205 120.076 174.417 15.1399 6.50107 0.00699473 119.968
80.3917 4.61127 2.47687 7.5653 7.20716 1.94185 16.3301 4.40924 104.535 26.2036 82.1164 40.2205 120.076 174.417 15.1399 6.50107 0.0017066 119.809
80.3917 4.27593 3.08135 7.5653 8.35037 4.76975 15.8777 2.50461 104.535 26.2036 77.3681 40.2205 120.076 174.417 15.1399 14.2645 0.00313443 117.232
80.3917 4.24099 4.13039 7.5653 10.5442 6.15948 15.8777 2.50461 104.535 26.2036 68.4592 35.7786 120.076 174.417 15.1399 26.5717 0.00779308 118.53
51.0778 4.11659 4.13039 7.5653 10.5442 3.57258 16.2836 2.50461 104.535 26.2036 68.4592 35.7786 120.076 174.417 10.5644 29.0488 0.0325098 118.406
51.0778 4.11657 3.5147 7.44954 10.5442 5.20754 20.1052 2.50461 104.535 24.9661 69.3387 35.7786 126.213 174.417 10.5644 21.7306 0.0277026 118.187
47.6327 4.04491 0.617072 7.09331 10.5442 5.20754 20.1052 2.50461 92.1778 29.9793 84.5859 53.8412 126.213 140.772 10.5644 6.19261 0.0157853 118.361
52.5109 4.50173 1.64961 4.40674 13.9665 5.20754 17.1893 2.50461 92.1778 31.9411 84.5859 46.7827 126.213 140.772 6.04051 17.1222 0.0123524 116.981
52.5109 4.50173 4.93139 3.68761 13.9665 5.20754 12.2317 2.59472 100.297 31.9411 84.5859 33.4854 126.213 151.575 31.9426 17.1222 0.013934 117.653
52.5109 6.57638 4.2355 1.83624 13.9665 5.20754 14.7432 2.59472 71.9597 55.5466 84.5859 33.4854 126.213 151.575 31.9426 6.53232 0.00887076 117.187
52.5109 6.63736 7.37742 0.241819 10.8585 5.20754 14.7432 0.549293 75.9354 55.5466 85.4907 33.941 126.213 151.575 16.377 25.0807 0.00887076 119.336
62.5615 5.91675 7.37742 0.241819 10.6183 5.20754 17.5754 10.5306 75.9354 62.4508 69.0421 35.1398 126.213 151.347 16.377 7.54384 0.00711589 118.086
62.5615 5.69006 7.50563 0.241819 10.6183 5.03475 15.3219 5.60564 76.9701 62.4508 67.3541 23.5659 126.213 148.057 16.377 7.54384 0.00605041 119.969
56.1982 9.51673 4.17096 0.241819 11.4798 3.37471 18.3613 9.17864 91.4863 47.1544 77.668 47.4691 124.937 130.041 1.49345 17.1049 0.00580522 118.685
56.1982 2.21971 8.22076 4.37817 11.4798 3.37471 18.3613 8.58357 91.4863 44.8584 46.3467 47.4691 124.937 130.041 1.49345 20.209 0.00588156 117.603
32.6811 12.8196 1.61939 7.19423 13.922 3.37471 5.43711 7.3892 87.7746 50.13 68.0051 107.224 74.6105 130.041 16.0153 14.1118 0.00649276 119.382
32.6811 12.8196 4.1799 7.19423 13.922 3.37471 5.64973 4.80394 91.2969 50.4412 73.5708 107.224 74.6105 130.041 16.0153 14.1118 0.00649276 120.562
46.8147 13.5524 4.0223 6.50412 10.7776 2.54794 5.64973 4.65656 97.0565 45.1824 79.1811 47.3806 50.1658 233.346 10.7189 16.797 0.00718945 117.05
43.5416 9.05225 7.21335 6.25721 8.48811 2.54794 5.78108 12.7443 98.5538 41.6015 79.1032 47.3806 50.1658 233.346 10.7189 18.8767 0.00809412 116.306
78.7414 6.45457 4.52126 8.26182 9.34808 5.33645 5.5876 9.78524 101.574 41.0864 74.7497 9.41938 72.3252 263.499 43.4654 9.63633 0.00494003 117.455
81.6292 3.68615 3.12298 7.50059 9.98176 5.33645 5.5876 14.832 100.929 35.6872 68.7594 19.1259 67.5737 268.922 43.4654 18.4798 0.00833821 118.51
30.2831 3.48756 6.36218 14.5252 9.98176 5.33645 1.08433 16.5741 101.097 36.3626 62.9132 16.053 180.082 113.095 43.4654 4.82888 0.0081889 117.463
11.0331 4.10389 5.75074 15.9436 7.68698 6.3011 2.82488 5.86804 97.9848 22.1708 93.5524 15.3809 174.598 113.095 16.364 10.9859 0.00180511 115.882
11.6072 4.31118 5.60834 18.8319 2.37627 6.70173 3.29668 6.51054 114.536 11.2256 93.5524 13.0564 175.562 113.095 21.339 10.9859 0.00906366 118.322
-11.8173 3.20866 12.9877 14.2346 3.37275 6.12155 6.11853 12.2439 107.43 20.7896 96.835 5.42073 175.562 106.964 25.5993 15.2854 0.00190302 118.46
-1.78496 3.20866 12.2886 8.29395 3.8583 6.7316 12.1809 12.2439 105.074 17.8636 97.026 1.45457 175.562 119.386 7.14836 22.1199 0.00190302 119.01
23.1034 3.95664 12.2886 5.50109 8.08371 7.4746 8.21634 8.54203 105.074 25.4036 97.026 5.34387 129.221 136.414 7.14836 31.4458 0.000956523 119.126
-29.6189 3.40982 7.11478 3.26831 15.5881 12.3196 2.55671 14.4665 112.98 15.0397 97.026 2.90746 164.709 136.414 28.5227 38.0716 0.000876645 119.426
10.6002 2.98169 6.65543 0.605631 10.7285 10.8577 2.47637 11.0934 112.98 19.5366 97.026 5.16921 232.596 47.1664 34.0432 20.6514 0.000876645 122
19.1003 1.72132 9.03655 0.519757 10.7285 9.61322 7.31323 8.144 112.98 19.5366 84.7832 5.16921 232.596 47.1664 34.0432 17.1124 0.000330375 118.126
44.6489 1.58272 9.26466 3.46434 12.8384 10.2833 8.93507 7.17382 106.669 20.5933 85.0741 7.51818 232.596 36.0761 34.0432 16.4635 0.000631054 116.9
43.7331 1.54677 9.26466 3.37505 12.8384 3.43788 1.59676 7.38931 120.62 20.5933 85.0741 12.2743 232.596 36.0761 64.2432 18.8867 0.000288386 119.365
81.2221 3.41788 9.39836 7.95049 12.8384 2.46116 3.21473 7.38931 120.62 4.58784 81.9589 13.3411 232.596 36.0761 64.2432 15.5559 0.000680502 119.433
64.6635 1.42477 12.1721 2.7917 9.43434 3.60588 3.21473 16.5283 120.62 4.58784 81.9589 15.6876 211.289 36.0761 50.5866 27.606 0.000442069 119.882
47.5981 7.86371 11.5222 5.07632 4.70838 3.60588 0.745004 13.1855 120.62 4.58784 72.8119 19.4714 211.289 84.6221 58.5793 37.1149 0.000124817 117.793
47.5981 4.81489 10.6863 4.20362 6.36822 4.24334 0.745004 10.2508 120.62 4.58784 82.561 22.0059 211.289 84.6221 58.5793 11.0121 0.000100764 118.225
47.5981 4.87036 4.30506 4.49473 6.36572 3.37524 13.8814 12.5527 120.62 4.58784 82.561 22.4689 193.075 84.6221 66.6291 24.0891 0.000117397 115.093
39.2447 10.2062 4.30506 4.08351 6.15017 3.94913 11.9709 16.0239 114.27 4.58784 104.208 22.3405 163.026 91.4763 22.6692 23.6325 2.86334e-05 115.872
41.5997 8.26991 8.07272 4.70136 6.00588 5.4489 10.5811 21.6636 92.6993 23.3589 58.9325 22.6262 163.026 155.565 30.743 0.112659 0.000192124 117.252
45.4633 11.8527 6.48361 4.58346 5.67939 3.32334 12.5872 26.2154 92.6993 28.4238 60.0352 22.6358 111.956 210.428 32.7459 17.0465 0.00028424 114.791
58.8712 12.7423 4.16235 2.87802 5.69032 6.2384 12.3345 25.9048 92.6993 31.603 55.9913 22.641 111.956 210.428 30.9325 6.1007 8.57382e-06 112.458
115.887 11.7626 2.1446 0.20375 5.64769 5.0424 12.3345 18.6749 89.5705 31.603 59.7381 22.671 117.194 171.528 25.0591 4.97859 8.57382e-06 114.659
123.869 7.96321 0.614457 2.73226 5.69966 4.70035 14.497 7.26669 92.4645 56.7309 53.2979 22.6186 98.3602 229.368 24.4916 20.3385 0.000347536 112.63
134.959 2.88382 3.30729 4.44879 8.33774 5.49903 6.31818 8.60227 66.3162 68.2778 79.7079 25.7802 105.605 225.906 5.23224 68.9439 0.000478466 120.955
133.969 2.78226 7.38234 3.71378 4.53199 5.36321 2.01436 15.8596 66.3162 61.3546 76.3805 31.8032 52.1128 225.906 7.99876 42.4261 0.00187814 120.745
120.816 3.05243 4.42473 4.55642 7.17647 11.5603 15.2594 15.5799 50.1633 63.6697 69.6408 31.8032 90.4445 225.906 9.84933 50.1533 0.00124049 115.435
122.033 2.37904 4.41732 1.90014 10.7885 9.54037 19.1156 15.857 51.1003 62.6119 67.9014 30.7245 90.4445 225.906 9.29372 22.332 0.000601321 114.209
88.6416 2.31627 1.72698 0.761374 9.5194 9.27697 18.55 19.7751 51.1003 64.4062 77.7298 28.1737 90.4445 225.906 67.2746 1.74222 0.000232319 115.436
63.4936 4.58184 2.02717 0.503527 9.5194 8.22078 20.5843 22.2178 54.6831 63.3783 68.2309 28.2451 90.4445 225.906 30.9491 1.53565 0.000248961 113.967
-6.19649 0.201321 4.24588 7.84285 10.2766 9.87132 29.1545 11.5856 64.3611 39.8765 76.2536 28.8799 89.9724 242.966 15.4436 16.5324 0.000185796 118.738
-6.08576 0.581131 3.54699 8.98221 11.1968 9.10318 23.6298 12.259 61.0758 54.3452 68.0563 28.8945 67.9423 259.266 15.9544 18.8761 8.35072e-05 118.28
32.0604 1.31214 3.84049 7.30042 9.5698 9.00903 22.2403 15.662 63.968 58.8604 64.5174 18.3333 81.2804 256.924 4.86252 21.7189 9.56712e-05 112.031
32.0604 2.69113 2.31563 7.70713 12.3319 6.62699 22.2403 15.9226 63.968 58.8604 70.7198 12.2928 81.2804 256.924 16.946 23.8829 0.000228646 113.064
49.3033 4.17468 1.93973 14.5496 2.33882 8.13515 12.2595 15.3229 57.6711 58.8604 74.1223 17.8711 81.2804 256.924 14.7173 20.329 0.000338353 113.868
57.9793 3.48132 1.98956 17.3717 5.51837 4.7218 22.6099 12.2955 54.9784 56.3484 79.7337 14.8743 81.3024 256.924 34.8002 38.1045 0.000146537 114.327
42.51 0.364343 4.14777 18.9642 5.11857 4.7218 20.9105 11.5354 54.3015 66.1305 79.7337 48.5647 42.9267 256.924 34.8002 49.6033 5.58129e-05 115.614
43.4773 3.9732 4.75976 14.4566 6.26613 6.65689 20.9105 12.3338 31.8113 79.9306 75.2271 41.8394 42.2288 248.9 18.869 24.0652 4.88028e-05 115.232
42.7315 3.268 5.42885 8.56857 9.45825 3.03966 20.9105 15.9163 34.0754 87.6701 87.9366 38.1897 42.2288 248.9 8.85629 17.3563 0.000135842 111.53
39.8765 2.87699 6.04105 9.05114 8.56787 3.03966 20.9105 14.7757 38.5748 76.8082 87.9366 43.5863 42.2288 248.9 8.85629 17.3563 0.000135842 112.5
53.3253 2.77646 10.0552 8.88117 8.83016 2.33312 20.9105 14.7916 25.4083 76.8082 105.924 35.2811 42.2288 248.9 11.2335 3.40656 3.21833e-05 111.839
53.3253 1.77762 7.82711 8.42376 5.47443 2.1002 21.4495 26.1593 23.0361 80.135 88.3233 31.0386 42.2288 282.998 11.2335 3.40656 1.48464e-05 110.559
49.986 4.63368 6.88152 8.42376 5.47443 2.2614 24.901 25.1111 6.53363 97.4908 87.1301 30.1468 42.2288 282.998 30.3855 6.69966 1.68128e-07 107.208
31.8508 7.33273 10.0223 9.39821 7.04834 2.48513 23.9866 25.6361 6.53363 83.5602 85.8634 37.8417 38.9718 272.858 4.40289 0.382554 6.55809e-07 112.238
30.4794 7.42589 6.64804 6.22245 2.9117 2.6171 25.2808 26.8105 10.1302 88.3861 87.419 43.9043 31.3868 293.179 17.1066 1.32154 2.61148e-07 111.513
32.8154 9.75791 9.20837 0.543619 1.83222 3.30368 27.746 26.8105 10.1302 98.6085 91.5098 52.8238 3.45054 314.842 10.7215 27.0827 3.08434e-07 118.657
-0.704086 12.139 11.0941 5.24736 4.84664 3.95967 10.9378 37.6884 8.35685 80.3721 107.371 29.7028 23.9859 42.7294 39.2655 8.2713 1.23061e-07 116.888
-0.704086 9.20957 14.7528 1.95009 5.97107 3.90061 10.9378 37.6884 8.35685 80.3721 99.1365 18.5391 217.51 42.7294 52.957 13.3401 2.64341e-07 112.988
2.33615 9.19958 17.3479 2.92155 5.60438 4.71287 6.95589 33.0271 6.79101 86.8599 99.1365 18.8708 211.961 42.7294 106.245 14.9081 9.65516e-07 118.642
-30.2402 10.1003 18.895 4.36989 5.62414 1.46312 10.1779 40.0074 5.75168 90.7199 83.8647 26.3469 211.961 42.7294 63.2377 11.2052 1.00184e-06 118.723
-29.0975 6.9751 18.2102 4.64967 6.22259 1.7992 12.6261 41.3708 8.1911 90.7199 83.2024 35.6625 197.228 42.7294 22.3673 22.1234 2.07588e-07 112.932
126.344 6.73041 2.43533 4.12764 3.2729 4.45389 14.5456 39.2181 13.5508 82.0181 83.2024 48.5862 197.228 42.7294 46.3276 16.3227 4.05022e-07 110.247
126.344 11.6177 2.23423 0.30396 2.56297 6.95784 28.7951 11.9955 10.8489 101.2 53.8786 48.4163 169.179 105.865 67.7273 12.2302 1.68031e-06 115.341
115.848 9.78077 1.33404 2.29658 1.57496 7.87925 1.73288 33.2399 52.1293 102.342 21.4159 13.385 46.044 335.547 47.2254 40.2411 1.20175e-06 112.128
115.848 9.54192 3.14514 0.987952 3.39006 7.74936 1.73288 29.532 52.3679 104.079 16.1075 13.385 46.044 335.547 9.98563 45.1309 9.63672e-07 108.292
118.377 10.885 1.81415 0.987952 3.3364 8.08972 0.647418 29.532 52.3679 106.137 16.1075 13.385 46.044 335.547 9.98563 76.0337 6.45324e-07 111.94
130.535 9.16079 1.81415 1.8603 1.49303 7.64606 4.01488 29.532 52.6293 103.007 20.9164 7.08459 51.0263 335.547 10.2664 61.9294 4.8508e-07 109.51
109.566 8.88265 2.84243 2.05833 1.42404 9.76582 4.01488 29.532 41.7326 110.015 22.5913 7.10175 66.3478 327.939 19.1448 43.9538 5.14613e-07 109.683
56.0146 17.2766 0.506149 2.04617 5.38001 8.41244 4.01488 36.4989 33.4508 107.017 26.933 0.57863 62.1442 327.939 7.26436 4.96075 1.56788e-07 104.607
72.2384 17.2766 0.506149 2.03566 5.38001 8.81793 4.01488 31.8896 31.4748 107.017 23.7829 3.80736 95.8419 285.905 5.13149 1.49384 1.49118e-07 107.131
72.2384 15.546 1.66174 2.03566 3.68134 9.92054 5.35791 31.8896 31.7685 107.997 21.7409 3.80736 87.9836 270.597 3.91004 1.49384 1.80348e-07 108.747
115.486 9.68155 2.40491 2.03566 3.96811 9.92054 1.27359 31.8896 31.1728 113.428 21.7409 3.98135 86.2668 290.096 2.30174 1.49384 5.82127e-08 104.585
128.651 7.50594 2.40491 2.03566 5.11027 9.92054 4.14752 31.8896 31.037 113.428 21.7409 3.98135 58.853 290.096 3.37618 1.49384 1.58012e-07 107.064
134.717 5.50132 2.40491 1.25622 8.1649 9.92054 3.94813 31.0352 29.5211 112.74 21.7409 3.98135 67.923 290.096 2.68449 0.940625 2.42104e-07 106.193
134.717 5.50132 2.20759 1.23654 8.97539 9.92054 3.94813 31.0352 29.5211 112.74 21.7409 3.98135 70.4249 290.096 5.93511 21.4913 4.83571e-07 108.326
134.717 6.68693 2.20759 1.23654 2.81562 13.5305 15.8038 24.3161 30.3361 116.582 9.44279 3.98135 90.8415 296.805 8.24506 33.631 4.62883e-07 108.395
134.717 7.86795 1.00172 0.279201 3.51385 8.24148 15.8038 27.9307 29.3413 116.582 1.00302 12.8494 96.1782 300.56 8.16009 33.631 1.26504e-06 112.465
134.717 7.31551 1.00172 0.279201 3.91053 10.5908 17.2928 28.3247 24.4169 116.058 16.275 12.8494 40.5192 300.56 19.5826 14.7458 2.77537e-06 111.272
83.3705 10.6783 1.86975 0.279201 4.43449 6.66012 18.7948 29.8333 20.5512 119.134 17.9217 12.8494 45.9055 344.364 6.36273 18.8764 5.57818e-06 109.835
57.019 12.0042 5.63026 0.279201 8.95816 4.61594 17.4908 23.0988 18.9582 114.086 29.529 19.9162 42.3247 344.364 9.59365 8.965 1.27394e-05 109.336
124.445 1.63079 4.95845 0.279201 13.6817 5.29392 14.8039 21.0862 29.1787 106.113 51.3648 8.19767 63.7414 384.688 97.9621 1.30507 1.45493e-05 119.126
124.445 2.12795 6.18587 5.16529 20.2248 2.65953 1.98748 20.656 30.3692 103.332 36.1603 11.8985 65.8318 304.425 58.7822 6.44259 5.97621e-05 113.976
93.0607 0.192757 6.35617 12.446 8.57284 1.72306 10.1491 21.2308 47.9529 101.856 32.0726 7.21241 72.3489 304.425 86.8417 6.68682 1.96403e-05 114.375
109.999 0.248389 5.10029 10.9629 8.57284 4.08933 5.77318 21.7479 47.9529 101.856 32.0726 0.642888 72.3489 309.051 45.6179 11.7613 7.8795e-05 111.683
131.871 0.248389 5.71767 4.79694 11.4794 3.38073 5.59342 22.7619 41.8676 108.508 31.6308 0.642888 88.628 278.644 44.0485 11.2283 0.000129158 113.728
126.637 0.248389 5.71767 5.39712 9.96237 3.10968 15.5381 23.7918 37.3539 99.2382 30.979 0.642888 100.043 278.644 41.1492 19.9139 0.000199924 112.888
116.874 0.556308 4.02329 5.39712 1.41293 3.43346 9.1993 41.9024 37.3495 98.7136 27.9029 0.642888 100.043 294.829 56.0583 18.4732 0.000197746 117.043
116.874 0.556308 3.81773 12.173 1.83272 2.62169 2.419 41.162 42.4898 103.055 16.3373 0.642888 96.6341 294.829 65.8053 11.7316 0.000384781 114.459
116.874 1.12676 5.73595 8.76882 6.64003 1.88784 4.42086 40.6056 52.6185 92.5582 14.3781 0.642888 90.3295 299.465 38.9785 9.73345 0.000305329 115.348
116.874 1.21024 5.06196 2.09671 6.64003 1.88784 4.42086 40.6056 58.6545 92.5582 18.2956 0.642888 78.9428 299.465 34.0026 10.3643 0.00115409 113.423
126.796 1.58461 3.15715 2.09671 6.89036 1.88784 4.42086 40.6056 58.6545 92.5582 18.6933 14.2264 78.9428 299.465 42.6905 9.70666 0.000735145 116.249
126.796 1.67713 3.66546 9.38541 9.63037 1.48352 3.435 33.1536 58.6545 84.307 18.4248 14.2264 54.3211 299.465 51.8937 9.70666 0.000197517 114.839
122.915 2.26416 4.84175 8.23594 15.0669 1.48352 13.0342 29.4478 58.6545 76.7545 17.8711 16.3404 38.5915 347.134 65.5901 18.8946 0.000491755 115.563
110.275 3.51586 2.56536 8.23594 11.5851 1.82071 14.3537 32.5549 60.604 76.7545 18.3667 8.7874 38.5915 347.134 224.556 22.4314 0.000133957 115.155
110.275 1.71704 7.45227 1.42985 11.5851 1.82071 17.636 34.4121 60.604 76.7545 22.0177 11.6645 38.5915 347.134 224.556 19.3199 0.000535205 117.013
110.275 1.08567 9.71245 3.12023 12.9609 0.520144 13.8184 30.901 60.604 76.7545 22.2245 9.42655 38.5915 347.134 242.856 14.9434 0.000371646 117.46
97.2413 1.60901 9.71245 3.12023 11.3871 0.520144 15.5713 29.6411 54.2157 76.4827 29.2082 14.4571 38.5915 344.648 218.751 17.4382 0.000423517 113.99
97.2413 0.833611 8.96116 3.12023 10.4241 1.38801 11.7444 29.6411 62.1088 76.4827 29.2082 11.1633 38.5915 344.648 218.751 17.1532 0.000245381 112.157
102.77 6.67414 7.1646 3.12023 8.17662 2.95258 11.7444 28.2799 59.4098 76.4827 31.6541 6.95017 38.5915 344.952 218.751 18.4734 0.00112086 113.929
108.034 5.86306 0.526687 3.12023 8.17662 3.44621 13.9452 27.7318 59.4098 76.4827 31.6541 14.6221 38.5915 344.952 213.35 17.675 0.000254203 112.494
108.034 4.65196 0.526687 3.12023 9.90283 4.38067 13.9452 25.4237 66.4475 65.6836 36.7828 11.9274 44.2596 348.334 213.35 24.1986 0.00022262 112.957
136.725 3.11233 0.526687 5.44419 9.90283 4.73797 19.3529 21.2414 66.4475 65.6836 36.7828 11.9274 36.4189 348.334 213.35 21.4176 0.000573517 115.287
118.299 4.89074 1.09531 5.44419 10.8455 2.19933 14.0531 21.0256 74.6336 65.898 34.7813 5.2789 45.7429 348.334 213.35 18.516 0.000294117 111.031
62.9076 5.37406 2.92238 0.822993 14.6025 8.60297 20.7634 15.8076 57.471 78.538 34.7813 7.99511 38.1701 348.334 213.35 13.7825 0.000236607 112.823
46.0123 1.47838 3.70311 0.822993 14.6025 8.60297 17.169 21.5154 57.471 78.538 34.7813 7.99511 42.2982 348.334 213.35 2.1124 0.000309693 109.948
46.0123 1.04792 3.22233 0.822993 15.1671 11.9202 18.2022 19.4274 60.393 78.538 34.7813 8.15961 38.6061 348.334 213.35 4.65352 4.44534e-05 107.035
46.0123 1.04792 3.24653 0.822993 15.1671 7.95058 16.3394 19.4274 60.393 78.538 47.5024 3.85158 38.6061 348.334 213.35 0.877143 5.25269e-05 107.716
66.9664 1.09576 3.24653 1.89121 15.1671 7.52263 14.9168 20.5261 60.393 78.538 44.1119 8.765 62.4343 308.59 213.35 2.72576 9.1191e-05 111.859
68.1796 1.44913 1.19352 1.89121 17.225 8.28786 14.6293 14.9243 60.393 70.967 44.1119 9.41406 77.2691 308.59 213.35 2.13024 6.45214e-05 111.606
68.1796 4.04518 1.19352 1.89121 16.6417 8.28786 9.74518 14.9243 60.393 70.967 45.6844 9.41406 80.0845 308.59 213.35 2.01226 5.38924e-05 111.296
68.1796 1.21544 1.19352 1.89121 16.6417 10.8299 12.3194 14.9243 69.8262 70.967 40.1798 13.7618 80.0845 308.59 213.35 1.9605 5.40248e-05 112.82
80.6997 1.21544 1.19352 4.22321 16.6417 5.30957 10.443 14.9243 69.8262 70.967 30.7292 10.4101 80.0845 308.59 213.35 1.92571 2.93279e-05 114.653
90.885 1.14585 1.47868 4.22321 16.6417 7.05837 13.8763 14.9243 69.8262 80.4867 35.6559 6.24764 80.0845 308.59 213.35 1.42145 3.09215e-05 114.825
90.885 1.30851 1.47868 4.22321 10.3953 7.63459 23.624 10.6212 69.8262 79.3022 21.6963 6.15424 80.0845 308.59 209.266 4.19169 7.04817e-05 111.203
90.885 1.30959 3.04129 5.75813 8.15764 7.63459 23.624 12.0811 69.8262 78.146 21.6963 17.3457 80.0845 308.59 209.266 4.00369 0.000177913 113.665
90.885 1.32322 3.04129 5.75813 8.15764 7.11191 23.624 12.0811 69.8262 78.146 21.6963 17.3457 80.0845 308.59 209.266 5.56529 0.000200454 113.536
66.2428 0.546052 1.09459 5.75813 8.85046 7.15824 24.9429 14.4465 69.8262 78.146 6.8745 23.5632 80.0845 300.401 236.291 5.41599 0.000141841 115.731
55.9122 0.546052 1.09459 3.73328 10.1525 7.10276 30.6751 14.4465 64.2839 78.146 6.8745 26.6381 80.0845 300.401 236.291 4.86542 9.78373e-05 116.064
59.8351 0.335608 1.09459 4.18879 10.1525 6.65109 23.6427 17.8059 64.2839 78.146 6.8745 29.0652 73.9429 300.078 236.291 4.8297 9.78373e-05 117.494
66.7948 0.335608 1.09459 3.90736 7.05405 5.92943 23.6427 17.8059 64.2839 78.146 6.8745 27.7415 73.9429 321.804 236.291 4.80461 4.82824e-05 116.064
28.4027 1.08397 10.0337 1.37748 5.85911 4.91591 15.6846 20.7508 85.457 79.5815 6.8745 16.713 52.2339 326.25 236.291 4.94698 3.05569e-05 114.309
44.5904 0.513565 10.7404 3.5858 7.54002 8.38789 15.6846 20.7508 76.2732 83.1603 6.8745 14.5544 52.2339 326.25 236.291 5.08067 3.05569e-05 113.044
44.5904 0.340323 12.2834 2.81462 9.70053 8.39501 11.8818 16.5111 76.2732 83.1603 15.015 14.5544 52.2339 326.25 236.291 60.0103 1.69878e-05 112.963
49.3933 1.13913 10.6596 3.58513 7.48818 8.39501 12.9211 16.3593 76.2732 81.9824 15.015 17.2207 52.2339 326.25 236.291 27.1409 1.4457e-05 108.118
49.5485 1.13913 3.75704 12.3363 3.71559 8.39501 12.9211 16.3593 76.2732 81.7638 15.015 17.2207 52.2339 326.25 236.291 16.7457 1.21675e-05 109.381
56.0958 1.13913 5.16266 13.2665 3.71559 8.39501 12.9211 16.8081 76.2732 79.2548 15.015 13.0467 52.2339 330.888 236.291 18.177 1.21675e-05 107.234
56.0958 1.13621 5.16266 13.2665 3.71559 8.39501 12.9211 16.8081 76.2732 79.2548 15.015 13.0467 52.2339 330.888 242.026 18.177 1.21675e-05 107.621
69.5909 1.12108 5.44073 11.998 1.0819 8.77666 16.6181 5.1173 76.2732 89.357 15.015 17.2417 52.2339 330.888 242.026 11.0646 2.85745e-05 110.623
57.8397 1.12936 5.44073 13.8754 1.0819 8.15173 16.6181 5.1173 76.2732 88.267 15.015 17.2417 49.804 330.888 242.026 11.0646 1.52693e-05 110.112
55.967 1.21679 7.14893 16.4177 8.26569 3.6506 13.9144 6.26443 76.2732 84.7918 15.015 19.2951 49.804 330.888 242.026 26.7203 7.27858e-06 110.699
133.828 1.50508 5.80866 3.4456 9.66002 3.6506 13.9144 12.2692 76.2732 85.2786 10.6643 19.8544 49.804 330.888 230.463 41.6452 2.44853e-06 109.251
133.828 1.39633 5.80866 3.4456 9.66002 3.6506 13.9144 12.2692 76.2732 85.2786 10.6643 19.8544 49.804 330.888 230.463 41.6452 2.44853e-06 109.346
133.828 1.41584 5.80866 2.68528 9.66002 3.67116 13.9144 12.2692 76.2732 86.303 10.6643 19.8544 49.804 330.888 230.463 21.1393 4.08911e-05 110.004
133.828 1.41584 5.80866 2.68528 9.66002 4.1608 15.4648 12.2692 76.2732 86.303 10.6643 14.0217 49.804 330.182 230.463 21.4878 4.08911e-05 108.268
134.427 1.33488 5.80866 3.30095 7.48696 3.7986 13.6609 13.1594 76.2732 88.7457 10.6643 20.1627 49.804 330.182 216.569 22.2369 7.05189e-05 111.034
123.478 1.99011 5.80866 3.41181 9.16441 3.7986 13.6609 13.1594 76.2732 88.7457 10.6643 24.7518 49.804 330.182 229.156 26.963 7.05189e-05 113.205
123.478 3.56655 5.47327 4.04366 8.9748 3.64793 10.3062 13.1594 77.863 88.7457 10.6643 14.7824 49.804 330.182 229.156 35.9306 5.43837e-05 109.308
123.478 6.16846 4.86207 2.4668 8.95366 3.64793 10.3062 13.1594 72.7119 90.8246 13.1011 12.1223 49.804 330.182 229.156 34.12 0.000223136 110.442
125.462 5.51886 4.86207 3.14515 8.95366 4.15891 10.3062 13.1594 72.7119 90.8246 13.9778 12.1223 49.804 330.182 229.156 33.8843 0.000100099 109.833
125.462 5.40089 4.86207 3.14515 8.39568 4.15891 10.3062 13.1594 72.7119 90.8246 13.9778 12.1223 49.804 330.182 229.156 33.8843 0.000100099 108.811
125.462 5.40089 4.86207 3.33966 8.39568 4.15891 10.3062 13.1594 72.7119 90.8246 13.9778 12.1223 49.804 330.182 229.156 33.8843 4.07104e-05 108.326
71.8615 5.40089 9.81959 3.33966 8.39568 4.15891 10.3062 13.1594 72.7119 90.8246 13.9778 12.1223 49.804 330.182 229.156 34.1589 4.07104e-05 108.85
71.8615 5.40089 10.3339 2.21133 9.22159 4.19201 9.82542 14.4383 72.7119 90.7685 13.9778 11.4969 49.804 330.182 229.156 33.3168 4.51172e-05 109.572
71.8615 5.40089 10.3339 2.21133 9.22159 4.19201 9.78266 14.4383 72.7119 90.7685 13.9778 11.4969 49.804 330.182 229.156 33.3168 3.79274e-05 109.404
63.9199 5.1426 10.4532 2.41633 11.3749 2.19586 9.00928 14.4383 72.7119 91.2317 13.9778 12.3416 49.804 330.182 229.156 8.48574 5.34019e-05 108.215
63.9199 5.1426 10.4532 2.41633 11.3749 2.19586 9.00928 14.4383 72.7119 91.2317 13.9778 12.3416 49.804 330.182 229.156 8.48574 5.34019e-05 108.215
63.9199 5.1426 9.37801 4.36991 12.7353 2.19586 9.00928 14.4383 72.7119 88.8499 13.9778 12.6171 49.804 330.182 229.156 8.48574 6.93735e-05 108.716
45.8772 4.79312 8.14813 4.36991 15.2531 2.19586 9.00928 14.4383 72.7119 88.8499 13.9778 12.6306 49.804 330.182 245.902 19.0107 6.93735e-05 109.232
40.0437 4.66622 10.7937 4.67613 12.3525 4.87675 9.00928 14.4383 72.7119 88.9672 13.9778 12.488 49.804 330.182 245.902 27.0612 2.35239e-05 111.296
51.0207 3.74774 9.91148 0.998212 16.1924 3.44395 9.00928 17.3216 72.7119 90.393 13.9778 13.1658 47.7057 330.182 245.902 3.43735 7.66183e-05 112.798
53.3583 5.8386 9.91148 3.11464 16.1924 4.89566 7.36958 13.1188 72.7119 90.393 11.9415 12.2978 47.7057 330.182 245.902 25.1194 6.91268e-05 113.677
58.1053 5.0752 10.4337 0.810452 17.6932 5.14141 7.36958 13.7003 72.7119 81.002 20.787 11.8872 47.7057 330.182 245.902 22.344 6.26955e-05 113.08
67.1976 5.72681 14.4563 0.810452 17.6932 0.960519 7.36958 13.8929 72.7119 79.0195 21.9585 12.5584 69.4031 330.182 182.226 13.2193 0.00025432 117.334
67.1976 4.42654 14.4563 3.45004 6.02478 3.94865 4.24554 22.6021 72.7119 79.0195 21.9585 16.1982 69.4031 330.182 182.226 6.49415 0.000177835 114.658
67.1976 5.53475 14.4563 1.12872 2.57497 8.1547 4.24554 23.5703 72.7119 72.1933 30.0674 6.1507 76.3285 330.182 182.226 3.83453 0.000112662 111.902
70.9278 5.53475 10.621 4.07449 2.57497 12.9032 4.24554 23.5703 73.1786 67.3805 30.0674 7.78696 62.8082 330.182 223.518 4.14147 0.000163785 110.909
70.1501 3.7164 11.6502 2.69686 4.62881 12.9032 4.24554 20.572 73.1786 70.2811 30.0674 7.78696 62.8082 330.182 223.518 12.1176 0.000165437 110.172
82.9671 3.2766 11.6502 2.08949 5.32316 9.25145 6.21192 20.0628 75.3258 67.6976 30.0674 4.61226 62.8082 330.182 223.518 16.842 0.000184668 111.595
67.951 0.703608 11.6502 8.89106 0.142405 9.29607 4.7492 25.6157 78.0271 63.1801 47.7451 16.4583 62.8082 279.735 7.59246 14.0974 0.000315903 113.462
68.1275 1.03819 12.2532 9.25945 0.611237 9.9893 4.7492 17.7756 62.7406 62.7063 56.733 15.9123 19.6918 376.938 25.6713 3.45303 0.000477338 111.85
9.84794 1.44171 17.4037 8.14417 0.880065 10.1064 8.42139 17.7756 70.1348 60.5095 59.4396 15.8595 26.764 362.27 33.8205 3.45303 0.000389434 116.737
53.0589 5.55878 3.18027 4.79072 0.655086 7.62469 15.5412 23.6109 57.5557 60.1601 78.7331 12.401 3.17338 362.27 36.1187 23.7569 0.000337884 113.998
50.6982 7.12474 5.48072 1.47528 5.08955 10.7325 17.5014 27.7458 56.204 59.3628 74.2315 19.6434 4.43664 354.979 26.1525 12.5266 0.000882348 116.116
48.5216 5.85188 0.899393 1.47528 12.6682 12.9299 10.8938 20.3623 53.6275 62.4864 72.8174 39.4404 4.43664 328.265 14.5397 16.1543 0.00165937 113.079
46.3951 10.9791 2.74894 6.3357 5.03164 9.57677 7.0619 23.9784 71.672 64.5517 41.5765 59.545 11.339 312.676 66.3984 16.2848 0.000816032 114.773
49.147 10.8642 2.44949 4.84515 8.47286 1.52712 8.79536 34.8818 62.0277 65.1122 40.8601 53.1498 23.5596 302.376 68.5746 17.4531 0.000240359 117.069
44.0683 10.6398 1.15821 4.26634 6.1561 1.19484 3.22294 35.5292 78.4597 66.1129 29.2439 53.1498 26.1301 304.388 71.9024 11.8435 0.000259973 116.812
51.1148 10.8587 3.32094 0.531395 9.31017 1.66652 3.22294 35.5292 78.4597 66.1129 30.0042 53.1498 32.5661 304.388 59.4766 10.9858 0.000259973 117.553
46.9587 9.35997 4.25274 3.09805 11.6157 3.63693 18.5032 7.84245 78.4597 69.232 29.4498 32.2803 21.1897 305.65 3.34377 51.4978 0.00014697 116.379
50.7381 5.06965 3.65043 16.2756 5.69293 3.93051 22.8353 3.49581 80.6691 58.3378 33.6881 31.6011 13.1328 369.402 6.40677 19.1644 0.00014697 113.906
50.5416 1.83118 3.72201 13.4661 5.94156 5.63391 22.8353 3.49581 39.5472 99.2994 39.6389 26.4465 7.12652 369.402 44.9494 31.39 0.000401739 113.61
54.1002 1.83118 3.09657 12.2317 4.24569 8.25188 36.277 3.49581 39.5472 99.2994 36.6756 39.7794 1.84889 376.623 61.6935 50.3701 0.00024714 120.925
39.4555 2.41492 6.19883 7.69739 4.14558 6.55628 36.277 3.49581 39.5472 105.905 35.6583 39.7794 1.84889 353.898 10.6047 24.8925 0.000353608 116.349
5.43427 0.941552 17.0714 8.79695 4.62437 5.28092 23.3161 12.0553 39.6619 97.1 33.5163 14.9765 7.84329 389.993 49.5987 16.551 0.00175743 116.406
-15.7313 5.93143 17.0714 4.22981 2.23354 4.87077 25.3568 18.8389 39.6619 99.0201 34.6178 11.6555 7.84329 404.176 53.7051 41.2155 0.00171611 118.664
-23.3456 2.48614 18.3933 9.20552 4.11799 3.79078 26.6941 20.2611 24.0795 102.359 33.1334 11.3868 7.84329 404.176 143.266 49.5906 0.000273628 118.192
-23.3456 3.67418 14.1727 9.44886 4.99597 1.76767 19.5006 19.9806 31.2419 108.198 31.3044 19.6456 7.84329 404.176 164.697 21.6161 0.000214584 114.469
-60.4186 3.67418 14.1727 12.8141 6.18175 12.629 19.5006 20.0086 34.6929 98.6085 32.5414 12.0096 18.8793 374.546 194.246 16.4326 0.000450752 117.569
-60.4186 5.18583 13.9442 1.94504 13.4239 7.472 22.0343 18.4284 30.0415 109.753 30.8815 21.1422 6.92076 374.546 199.683 11.4739 0.00019629 113.45
-65.2278 10.3274 4.74208 2.49545 16.3001 7.05662 21.625 15.5603 30.0415 109.753 30.7858 6.05967 15.4361 392.809 189.155 23.2123 3.39249e-05 111.574
51.9639 12.8802 1.63821 3.90577 4.49526 8.24372 34.4707 11.7107 12.8225 105.028 50.5694 8.21111 4.27126 394.895 183.796 45.5647 1.83407e-05 109.528
51.9639 12.8802 1.63821 4.28428 4.49526 8.60808 34.4707 11.7107 12.8225 108.957 50.5694 9.56435 4.27126 394.895 183.796 45.5647 1.83407e-05 108.419
51.9639 10.1931 1.88587 6.28663 3.05306 8.63305 34.4707 12.2236 12.8225 108.957 53.4348 5.94661 4.27126 394.895 179.66 39.0155 8.70782e-05 109.247
51.9639 4.802 0.232227 4.43044 11.9836 8.63305 28.974 18.5613 5.47001 108.957 54.6874 13.2057 19.3454 386.163 166.661 15.2372 7.04737e-05 109.85
49.5519 1.96132 2.89902 4.13501 6.43311 8.64136 30.3845 9.87249 14.5167 119.64 64.4758 9.10964 6.37055 354.338 208.494 18.3808 1.42056e-07 110.25
45.0384 1.96132 0.12666 8.97143 6.43311 10.3049 30.3845 7.99435 14.5167 112.388 66.4407 9.10964 17.1223 354.466 205.208 50.2292 1.42056e-07 110.744
65.2411 0.913074 1.37597 6.62889 11.2567 10.9004 24.7835 7.99435 19.6507 107.668 66.4407 10.9405 0.863015 371.512 205.208 48.595 1.42056e-07 112.129
1.44941 0.319697 5.94979 5.52428 18.6538 9.87537 11.627 26.3567 16.3808 107.668 66.7299 2.67509 16.5063 359.054 217.827 42.9281 1.42056e-07 112.58
3.86598 0.319697 3.83421 4.30497 18.6538 14.1826 11.7763 36.2922 16.3808 85.2936 70.6275 2.67509 18.0651 359.054 215.874 27.2159 1.42056e-07 111.082
25.0863 0.319697 8.26898 4.30497 12.6978 13.895 6.12184 33.0739 19.2031 86.7505 70.6275 5.32788 22.471 362.491 214.75 27.2159 1.42056e-07 107.272
21.3687 2.10483 5.93899 1.84554 12.6978 13.895 8.22302 33.0739 24.6943 78.7352 72.4776 3.58549 18.5601 363.686 216.319 27.2159 1.52802e-08 105.714
21.3687 2.10483 5.93899 1.84554 12.6978 13.895 10.3929 33.9458 24.6943 76.732 73.6169 3.58549 18.5601 361.535 221.182 27.2159 1.52802e-08 104.743
52.9319 2.10483 5.39853 2.25419 15.6459 7.15473 4.21417 35.3667 28.3435 81.5565 73.475 6.28279 15.1829 362.51 210.525 19.4012 1.52802e-08 102.528
53.0385 2.07197 4.78358 3.80596 18.3318 6.79222 4.40048 39.0915 23.8002 77.7009 67.0791 5.45855 24.0271 365.038 204.812 20.0302 1.52802e-08 102.033
53.0385 2.07197 4.94728 2.9882 19.1402 3.9985 3.57198 38.5095 23.8002 83.9632 74.1232 5.09508 21.3314 360.601 221.978 18.5982 1.52802e-08 104.421
49.5896 1.8848 5.35754 2.59982 14.1889 11.0308 4.01367 30.9613 23.8002 85.9622 74.1232 4.66618 21.3314 360.601 221.978 14.2502 1.52802e-08 101.664
26.4119 1.94392 6.64982 3.33127 11.8563 10.7032 4.45584 30.9613 23.8002 93.1856 76.3868 4.73872 9.35226 376.307 186.901 16.1303 1.52802e-08 105.603
33.6169 1.94392 5.88626 3.33127 12.744 14.1185 4.45584 38.0347 10.2606 92.7055 76.3868 5.65445 0.604453 376.307 186.901 17.7945 1.52802e-08 106.189
47.7276 1.94392 5.90744 3.60438 13.5782 10.7539 4.45584 31.5769 10.2606 95.2445 76.3868 1.95135 23.8207 376.307 186.901 21.1636 1.52802e-08 102.769
47.7276 1.94392 0.803121 8.6972 13.5782 10.7539 4.45584 31.5769 10.2606 95.2445 76.3868 0.491418 23.8207 376.307 193.802 26.8007 1.52802e-08 101.836
47.7276 1.94392 0.803121 8.6972 13.5782 10.7539 4.45584 31.5769 10.2606 95.2445 76.3868 0.491418 23.8207 376.307 193.802 26.8007 1.52802e-08 101.836
47.7276 1.94392 0.803121 8.6972 12.3667 10.7539 4.45584 31.5769 10.2606 95.2293 76.3868 0.225368 23.3747 376.307 193.802 26.8007 5.95801e-07 106.779
47.7276 2.24995 1.22205 9.16752 12.3667 10.7539 4.45584 26.312 10.2606 99.6564 76.3868 2.6503 23.3747 376.307 153.474 24.0046 2.40141e-09 104.738
47.7276 0.203935 2.92707 9.16752 14.6204 14.1645 4.45584 26.312 5.3844 99.6564 76.3868 2.29313 27.9363 376.307 153.474 24.0046 2.40141e-09 109.241
47.7276 0.203935 2.92707 9.3626 14.6204 14.1645 4.45584 31.8898 5.3844 96.3871 76.3868 2.29313 26.9524 376.307 145.759 26.2396 2.40141e-09 108.409
47.7276 1.01803 14.1546 3.7494 16.2178 6.55006 7.9754 28.2161 3.48478 96.3871 76.3868 2.44212 16.0159 376.307 162.562 1.26705 2.40141e-09 105.183
41.5195 6.88957 11.1868 3.7494 10.4828 5.29523 6.54344 47.1343 3.48478 71.4255 76.4987 2.42589 16.0159 384.903 85.2257 1.26705 2.40141e-09 111.283
-48.7195 2.01871 11.9478 2.56944 10.4828 8.04428 6.59412 47.1343 21.1356 69.4097 76.4987 2.42718 16.0159 384.903 181.376 17.7311 2.40141e-09 109.398
-39.3006 3.84599 11.9478 2.92221 15.1694 8.04428 6.59412 47.1343 21.1356 69.4097 76.4987 2.42511 17.3868 384.903 181.376 1.57074 2.40141e-09 108.593
-41.6747 3.84599 12.6248 2.60399 12.5423 3.7603 6.49187 43.3937 37.0288 69.4097 76.4987 2.40635 17.853 384.903 181.376 1.91962 2.40141e-09 108.253
-41.6747 5.52904 8.84622 2.60399 14.3469 0.491015 9.64495 44.4092 31.0236 69.4097 76.4987 2.3548 17.7763 384.903 181.376 7.66248 2.40141e-09 105.622
-46.6956 2.80291 10.037 5.69301 14.3469 0.491015 10.4741 31.853 37.2328 70.5279 76.4987 1.75069 12.5541 384.903 181.376 8.8511 2.40141e-09 108.317
-53.9707 4.48887 10.8713 5.69301 18.2349 7.48965 5.6445 31.853 37.2328 70.5279 74.4814 2.43831 14.6117 384.903 181.376 9.29769 2.91588e-07 107.883
-68.4529 3.75823 11.8068 3.47046 23.492 1.77037 0.301738 26.6195 41.5115 77.4638 74.4814 3.99946 14.4569 384.903 181.376 13.7959 2.05608e-05 112.813
-68.4529 2.99215 11.8068 5.90816 23.492 3.46111 3.87692 26.6195 43.1318 75.0319 74.4814 0.800498 12.7028 384.903 181.376 12.0411 2.93279e-06 109.723
-68.4529 0.298307 15.1554 5.5538 13.6942 2.34633 3.58128 29.49 51.0112 74.2435 74.4814 1.31695 13.4542 384.903 181.376 12.2801 7.12721e-06 112.266
-28.7032 2.08929 20.6413 4.63014 9.56694 1.74375 4.41326 35.7549 45.9239 58.3143 74.4814 2.00462 13.4542 402.068 181.376 12.2776 1.62469e-05 114.163
-28.7032 1.96517 24.8991 2.28942 9.56694 4.94053 4.99981 35.7549 39.3523 50.4335 74.4814 2.54355 13.7834 402.068 181.376 11.825 1.86457e-05 114.558
-59.2702 1.96517 24.8991 2.82655 9.56694 4.80974 7.35849 35.7549 39.3523 50.4335 74.4814 2.48034 12.6084 402.068 181.376 9.53978 6.72778e-06 113.767
-59.76 1.96517 24.8991 2.82655 10.6283 5.66882 7.97002 27.5942 45.7077 50.4335 79.68 1.54325 10.712 402.068 181.376 5.90095 7.72404e-06 113.572
-64.7922 1.36954 20.5776 4.96625 10.8536 6.15 11.279 31.5124 26.983 68.7138 79.68 3.33961 12.978 402.068 180.28 10.4206 5.98472e-06 114.116
-27.2035 4.93986 20.0587 0.884175 9.11641 8.11734 7.77158 24.6677 32.4925 70.4849 79.68 3.43397 1.74555 402.068 180.28 10.6862 6.42989e-06 111.987
1.8223 4.7809 13.7744 4.22072 6.24395 6.41238 14.5767 26.7349 44.3185 73.4036 58.2106 4.1827 1.71159 402.068 200.397 22.1271 2.9831e-06 110.669
71.0374 7.43814 8.31078 2.15146 1.81885 2.82927 20.5794 25.9089 30.0935 92.4663 55.9127 1.54388 3.27624 402.068 181.229 45.8473 1.90872e-06 109.718
42.6092 8.27025 6.56981 2.15146 1.71033 9.1895 20.6989 26.7051 30.0935 99.1899 48.9553 1.54388 3.1946 402.068 183.475 7.47362 2.08372e-06 106.048
43.6235 7.08922 4.95921 2.15146 8.8394 15.6511 19.3764 21.8271 18.2685 91.0668 58.7726 3.88329 3.8417 402.068 183.475 7.47362 9.99808e-07 108.759
43.6235 8.71466 7.97054 2.15146 9.43591 2.72884 20.961 21.8271 23.9392 90.4717 61.3534 8.08897 7.35878 402.068 183.475 7.47362 1.02256e-06 105.451
43.5451 12.5246 7.57895 2.15146 9.1713 3.70578 15.698 22.285 28.4275 82.1861 61.3534 17.7508 7.14984 402.068 183.475 14.5576 1.01887e-06 107.512
43.7556 6.79783 0.419514 1.89525 15.3527 4.3545 15.698 26.3959 31.7803 96.1944 40.4233 12.3193 1.33002 402.068 186.49 16.046 1.18263e-06 107.12
43.7556 0.332049 1.22362 7.21387 7.89143 9.93516 23.1573 26.231 36.1191 95.498 35.5605 9.78387 0.789769 402.068 190.773 9.64495 1.18263e-06 106.807
60.5366 2.93312 1.22362 5.65634 7.89143 12.9415 16.8016 22.124 15.7728 106.259 45.2725 4.60857 11.0912 402.068 183.771 37.492 1.1856e-06 106.539
60.5366 2.93312 1.22362 5.65634 5.51931 12.9415 25.8214 18.7061 15.7728 106.259 45.2725 7.03549 1.90787 402.068 183.771 37.1351 1.46802e-06 109.597
9.39265 2.93312 5.26061 6.86126 4.90164 19.5921 10.7125 19.1102 15.7728 104.306 67.4138 9.92301 9.0669 376.1 184.658 44.125 9.76832e-08 109.632
-7.93839 3.72251 3.92114 7.1381 8.22647 19.5921 13.2492 18.5304 16.4954 95.2332 67.4138 10.3127 21.4281 376.1 180.559 65.0719 5.84914e-07 114.012
37.3058 2.81597 1.79219 6.797 8.2927 19.5835 12.2585 13.4873 16.6015 101.378 67.4138 8.93221 12.6284 376.1 64.7904 31.1513 2.05574e-07 110.412
37.3058 2.81597 2.65683 5.63104 8.2927 22.101 12.2585 13.4873 15.7164 103.929 67.4138 10.5061 12.6284 376.1 64.6176 40.8883 5.34271e-06 113.99
33.9325 3.76466 4.85368 10.3532 8.80979 3.93178 25.106 17.1611 27.4516 83.721 67.4138 14.4047 12.6593 376.1 34.9622 8.43907 1.40048e-05 109.684
59.8466 7.61678 4.83004 7.29122 8.51047 0.627049 30.4735 18.9661 27.3209 81.9071 64.9189 8.70246 12.6593 364.703 15.8396 20.4169 2.48647e-05 110.029
35.7708 11.7723 5.81148 2.19029 5.87023 1.90622 31.0252 14.0016 23.8722 86.0325 70.8138 7.26246 12.9176 364.703 29.353 25.8464 0.000142778 109.303
43.6702 11.6986 6.19113 3.98847 6.58903 1.90622 44.187 2.986 23.8722 84.4382 67.6038 7.78223 12.6657 364.703 22.1674 16.2678 0.000171934 111.455
43.7988 12.6792 2.03762 5.82074 2.35466 1.90622 48.4701 1.64569 27.0493 86.5703 62.6437 6.03962 24.0975 364.703 43.9726 29.1957 0.000326933 112.603
51.2665 11.4807 0.444253 6.70575 1.95336 1.90622 43.6117 5.78141 27.0493 89.701 55.8011 11.4271 20.3504 364.703 9.23711 29.1957 9.18203e-05 109.814
49.1755 3.21825 0.506947 4.1823 2.21436 8.99945 52.1773 6.09955 33.4649 84.122 58.3453 4.26066 24.4037 357.237 25.6092 56.7803 5.41163e-05 111.5
52.7824 3.21825 0.376807 6.86701 2.19315 6.88745 50.0063 5.24081 52.5805 73.7161 52.4846 2.14884 22.113 357.237 20.029 46.966 7.59353e-05 112.648
52.7824 3.21825 0.196665 6.49295 2.3541 7.45809 50.0063 4.75517 52.5805 73.7161 52.4846 2.14884 22.113 357.237 20.029 57.8773 9.0614e-05 112.539
52.7824 9.2746 0.621197 8.42875 1.89786 7.45809 40.1191 4.75517 52.5805 75.9369 52.4846 1.09891 22.113 357.237 20.029 53.0411 9.71911e-05 113.644
56.9145 8.47332 1.88163 7.03731 0.4096 6.26054 18.2081 32.6516 30.0284 82.3776 59.6791 4.08665 36.846 341.585 22.8623 24.95 0.00026664 112.097
51.2347 1.11771 4.7338 10.074 3.72215 6.26054 40.3967 4.60414 15.2007 106.245 48.7595 10.3836 39.7734 341.585 41.7471 29.7717 9.34538e-05 111.684
50.5568 0.455209 0.382934 12.2379 3.59406 7.46004 41.6203 14.188 5.32128 110.783 53.3176 5.44909 32.1722 341.585 31.0834 21.779 3.73371e-05 111.032
43.9685 1.29473 0.382934 12.2379 2.70649 7.46004 43.6552 13.0676 5.32128 110.783 47.971 3.15107 50.4989 341.585 19.0482 17.4837 3.73371e-05 109.824
51.8955 2.5438 1.00706 8.2531 5.15047 5.86943 39.1616 11.9267 14.0882 111.209 50.5548 4.54789 45.1946 341.585 35.4412 18.7925 4.82104e-05 109.329
50.9184 3.96681 2.21636 4.57473 8.70386 3.58403 32.7727 14.5253 23.0078 95.8199 53.652 4.44923 53.5668 342.682 62.4093 13.6964 4.03232e-05 108.824
51.8329 1.12803 7.68156 0.540841 9.08236 6.60673 29.8446 15.2004 51.1667 90.4244 38.5297 6.44441 31.8271 342.682 6.10671 7.3988 2.87934e-05 108.461
51.5856 3.76233 11.4548 1.55923 7.46221 5.88555 26.6656 9.80239 54.5094 85.5963 44.7883 1.86015 31.8271 344.359 19.3039 1.45102 4.67257e-05 108.412
53.4213 7.11685 9.75272 1.55923 7.46221 6.66106 29.7069 6.94082 53.5925 79.3199 47.8759 1.86015 39.0739 344.359 6.34766 21.2654 5.32183e-06 107.004
56.115 6.49404 9.75272 1.55923 6.33126 6.66106 29.7069 6.94082 53.5925 75.5469 42.8615 1.26246 70.1263 344.359 57.6777 13.0935 2.513e-06 110.175
47.8284 9.04818 10.0541 1.55923 7.8167 5.83571 27.1062 4.90107 53.5925 75.0961 41.5648 5.21585 67.4765 344.359 75.7178 10.2409 7.56898e-06 109.937
48.3406 9.87618 10.0541 1.55923 7.8167 5.83571 27.1062 5.14707 53.5925 75.0961 41.5648 5.21585 67.4765 344.359 72.3881 1.29426 7.56898e-06 111.038
40.0645 10.6552 9.44573 1.34789 8.19019 3.05111 31.5295 7.9857 45.7797 75.0961 44.1142 6.59223 52.3299 287.564 49.8487 2.46032 7.56898e-06 114.786
37.139 10.8915 11.2446 0.508595 6.1616 2.14853 23.7843 8.93269 46.8972 92.2381 49.4138 4.9754 40.0427 330.749 90.1568 10.4644 3.26738e-07 107.919
20.3008 8.07443 11.5851 4.63542 4.28596 6.16871 16.0077 10.7448 47.9045 94.8808 47.0355 4.41615 46.0379 330.749 72.0447 19.0065 2.39889e-06 110.727
29.1205 10.7846 9.47728 4.63542 4.79249 5.70915 22.1984 11.6117 45.118 90.6678 50.9686 19.8884 42.6332 331.656 17.0065 9.64704 2.39889e-06 112.052
50.4974 7.2043 5.68422 1.31353 3.53927 6.98813 24.3592 13.7545 68.6011 80.5314 36.3735 15.4328 40.5638 331.656 6.6223 8.70285 7.96686e-08 106.47
44.0357 0.680011 4.98225 1.20114 5.63227 11.8385 35.0613 18.6259 68.6011 63.6464 30.4014 14.3166 41.3285 331.656 6.6223 4.02626 7.96686e-08 107.757
46.514 3.12732 3.37759 3.85631 4.45927 11.8385 34.7724 16.0949 68.6011 63.6464 30.4014 14.988 41.5234 296.169 26.1568 29.3255 2.30445e-07 110.474
48.0727 3.1029 4.29052 3.85631 4.45646 7.9245 34.7724 13.5789 61.9848 63.6464 48.3705 19.4522 40.2445 330.653 36.5207 20.0674 2.30445e-07 109.395
56.4507 0.476835 10.4314 1.37221 4.24197 6.79241 35.7623 12.641 46.0004 84.9234 47.3979 14.5826 38.6564 330.653 49.8147 35.937 3.26139e-06 110.772
44.9171 2.96987 8.70165 3.38233 4.32923 10.1844 31.533 13.4901 32.7955 84.9234 47.3979 9.41948 31.6343 357.355 18.8323 3.04676 3.26139e-06 108.214
47.8099 12.871 1.46255 7.7804 4.22319 4.87484 21.0777 18.0072 32.7955 81.727 55.9623 14.5833 31.271 357.355 89.6562 3.50263 3.26139e-06 107.112
39.5311 12.3807 3.64938 9.23971 4.54187 1.77319 19.5285 17.7502 40.2365 77.4902 55.9623 16.9284 41.2747 359.61 164.314 10.5518 3.26139e-06 109.538
53.3927 6.4158 5.55972 8.4265 10.5243 4.16496 20.3552 5.23423 82.3202 48.8913 50.7445 11.4148 24.6944 359.61 191.674 3.66009 2.43884e-06 107.279
48.7628 10.9933 6.16686 0.442426 11.7837 6.69255 5.04524 20.9028 49.2425 88.4606 41.4487 14.1041 28.855 365.245 216.31 6.73512 2.20194e-05 107.446
48.118 15.7221 3.42261 1.84928 10.5437 6.93076 5.04524 28.2929 48.5414 88.4606 41.4487 2.48838 40.2672 365.245 89.8719 7.42208 3.93291e-05 110.173
56.6994 5.94656 4.73745 1.84928 15.1492 5.66345 8.92707 29.6495 47.4707 84.0959 48.5891 2.48838 23.8889 389.146 101.128 34.2068 4.99917e-05 111.408
57.349 5.37879 5.63817 5.70313 6.7577 10.6888 2.0377 35.5042 47.4707 80.479 48.5157 2.94836 23.6542 378.644 28.6746 16.5869 5.99887e-06 107.985
52.8919 2.62158 3.43357 10.6341 6.46423 11.186 5.42755 35.5042 39.1516 78.5524 42.4955 7.97321 23.6542 400.47 46.1654 9.01668 4.54792e-05 111.118
47.244 3.55782 1.70617 6.5918 14.3048 7.24453 9.13698 35.5042 29.723 85.092 22.616 0.922334 22.0471 430.081 17.4157 33.5186 2.68363e-06 104.961
47.244 5.20994 0.226291 6.5918 14.3048 7.71688 9.13698 35.5042 29.723 85.092 22.616 0.922334 24.1058 430.081 17.4157 4.7569 2.68363e-06 104.949
51.0619 5.20994 0.226291 6.5918 12.0559 7.71688 9.13698 35.5042 29.723 85.092 22.616 0.647978 26.3908 430.081 17.4157 4.7569 2.68363e-06 106.384
50.154 5.05164 0.226291 6.5918 11.3901 6.40147 6.10305 35.5042 29.723 85.092 16.7089 3.19255 50.1353 423.199 43.2876 29.375 2.68363e-06 114.208
45.5142 6.77466 0.42673 12.476 11.3901 5.1775 11.0126 25.3455 50.7036 70.0508 15.4472 3.87032 32.9161 411.026 3.14354 16.2602 2.68363e-06 109.538
55.928 3.98715 0.42673 12.476 12.8136 5.1775 11.0126 25.3455 49.1969 73.6371 15.4472 3.08166 29.0864 419.115 175.126 16.2602 2.68363e-06 105.025
66.9828 4.20623 3.66189 12.0096 9.08477 2.2394 16.8822 23.5587 56.2899 73.0401 6.99822 5.63406 28.489 422.876 150.175 17.8364 0.000775127 109.945
58.621 3.91215 3.68206 9.60163 9.51631 6.24817 14.6443 24.4212 55.2335 71.4796 6.55026 7.93322 29.4243 435.465 158.033 21.2665 0.00143184 112.718
57.57 1.72574 1.01938 9.60163 9.79161 5.10196 17.0749 24.4212 45.695 79.8058 11.5701 7.85273 29.8416 418.901 140.428 4.38855 0.00200618 113.366
43.1027 2.18765 1.01938 10.047 6.90156 4.67388 18.3538 24.4212 45.695 79.8058 15.26 7.85322 27.469 416.799 190.343 2.12971 0.00319621 113.448
48.6272 3.36472 7.35201 10.047 4.66238 6.35164 15.7108 24.4212 39.631 78.6419 15.26 7.77866 32.8444 400.748 183.65 15.9367 0.00721077 110.037
49.0741 3.59461 7.35201 10.047 3.99897 6.63421 15.7108 24.4212 39.631 78.6419 20.3116 6.02975 33.677 400.748 183.65 14.6901 0.00434429 112.956
36.812 4.0151 7.77511 10.6694 0.833315 8.0703 18.6557 20.4535 39.631 79.3161 20.3116 7.83774 38.7885 401.973 183.117 14.6901 0.0027595 113.211
67.55 6.00465 5.87768 8.52027 0.833315 6.08482 25.585 20.4535 39.631 72.2517 20.3116 2.63119 38.7885 401.973 200.123 14.6901 0.00992969 112.553
59.0971 4.66916 2.75375 2.27061 5.62019 1.55798 30.7905 20.4535 41.1661 91.7923 12.3148 1.87652 32.2764 400.625 204.531 28.2415 0.00770594 115.078
43.3957 10.9113 3.26388 1.86446 3.59866 3.67218 30.7905 30.8647 42.9587 83.2104 32.9675 8.26281 27.2008 352.112 242.67 34.897 0.00321099 120.077
42.7666 11.3173 3.26388 5.23733 6.98604 1.38302 18.7312 30.8647 38.7485 81.462 56.2891 10.1065 30.2699 352.112 40.6245 49.8192 0.00343532 117.876
52.4509 10.5123 3.69383 8.58301 6.46068 10.8728 16.042 19.4012 38.7485 76.0114 56.2891 9.54024 29.8455 355.319 68.3295 5.33995 0.0043515 117.047
50.0113 10.9843 2.95727 4.59529 2.61448 14.0386 14.7754 19.037 38.7485 72.8903 63.9317 9.3088 25.4768 355.319 68.3295 12.3337 0.0046658 113.713
49.0511 7.06742 2.34375 5.91404 0.883159 14.0386 16.1445 18.1243 38.7485 68.2701 85.7415 1.56588 20.8111 368.472 51.5933 21.2553 0.00424134 115.001
52.4546 7.06742 9.0105 6.82243 2.73931 7.29162 15.1906 25.0678 38.7485 67.1274 72.9599 1.53398 45.7038 335.538 51.5933 14.1327 0.00178054 111.657
52.1789 8.87106 6.26595 6.47901 1.28909 6.66147 11.2228 30.8272 42.9581 70.1677 58.8399 2.95191 23.2357 377.302 9.29422 17.2566 0.00416269 111.679
45.9773 5.35261 0.115441 5.74615 7.79873 7.55347 24.9835 21.2161 42.9581 77.0794 58.8399 4.59834 22.8771 318.612 19.6197 23.043 0.0107705 115.944
46.0645 4.25091 4.96926 1.49774 4.76999 8.90321 23.294 24.8978 42.9581 75.8895 58.8399 1.19693 31.0347 339.573 12.0717 0.242297 0.00975441 117.727
43.4141 13.4608 5.79002 1.49774 8.10758 3.99184 16.2424 19.9466 54.1583 75.1368 58.8399 2.04496 31.0347 339.573 60.2686 10.5066 0.0242335 115.654
53.2266 13.9047 4.42517 1.49774 9.80568 1.4773 9.73885 22.3737 54.1583 72.2092 52.8126 2.20883 31.0347 363.516 23.8116 7.41915 0.0384468 114.769
54.7282 5.42868 5.88011 2.83683 9.80568 0.818117 8.43637 30.6061 46.1714 73.4491 52.8126 1.55341 24.3312 385.461 106.817 14.6497 0.0384468 121.037
55.1465 4.37435 7.40271 2.9748 10.1844 7.05714 8.5038 30.6061 46.1714 72.9261 48.3911 2.78751 25.9482 385.461 83.7379 14.0763 0.0205755 116.759
56.3886 3.69763 10.7978 3.70456 6.45153 7.20534 10.9051 27.6755 40.4812 69.8049 73.2469 6.3584 12.0718 373.565 26.082 15.8073 0.0332727 114.119
58.0402 3.69763 11.5663 4.10848 6.45153 7.45989 9.89558 27.6755 40.4812 70.4794 73.2469 7.61235 7.12593 373.565 26.082 24.3918 0.0158503 114.437
55.005 5.46506 14.1133 4.39827 2.11364 5.30609 9.32206 20.6036 35.0973 95.9694 58.8795 8.03021 1.36652 389.475 186.722 39.5463 0.000441406 113.579
46.9915 6.02679 12.5453 6.90131 1.91202 4.75935 6.2449 28.5203 35.0973 95.9694 58.8795 3.93685 5.65245 388.015 190.501 28.5321 0.000337013 109.683
104.39 5.65705 8.15068 1.68757 1.57151 1.46989 23.9106 17.0726 49.5887 95.9694 35.741 4.02843 7.06157 413.469 176.698 24.344 0.000337013 113.54
104.39 8.00167 7.15621 0.157275 4.76483 2.81505 23.9106 17.004 49.5887 92.423 29.313 6.27655 3.88395 413.469 182.544 25.6927 0.00318841 113.972
139.613 3.84372 7.15621 0.708202 5.34063 1.37902 24.3466 17.5705 35.5374 94.1477 36.6128 4.36718 3.88395 398.118 175.596 20.6928 0.00318841 119.27
134.397 5.25071 5.40954 5.52681 1.44924 1.3551 17.0415 18.1941 39.7677 91.8788 44.3579 2.21613 8.96843 422.951 189.37 17.4942 0.00222474 115.715
113.664 3.8915 7.45029 4.73621 12.6141 2.67207 17.7872 17.8785 35.4569 91.8788 35.2695 2.21613 9.75818 414.089 155.973 15.8828 0.00264429 115.347
121.723 4.89332 5.30869 4.73621 6.38236 1.8611 19.0165 18.2479 39.1249 91.8788 54.8029 2.21613 14.9911 399.033 160.837 36.1952 0.00324418 109.701
123.589 3.59266 4.24325 3.83894 5.63245 7.16925 18.6146 17.9303 55.1209 77.672 53.9876 4.73656 10.4441 389.833 190.159 10.8317 0.0125798 112.517
116.823 2.79771 5.82643 3.18168 5.71099 4.29445 23.8326 20.6693 55.1209 74.2183 47.5448 3.75027 16.6081 381.929 199.999 1.02362 0.00161343 111.027
99.8653 5.89047 4.31791 3.29785 5.17852 4.29445 14.4506 20.5708 55.1209 75.5477 50.1446 7.36151 19.733 378.666 178.864 9.28462 0.0019048 113.072
99.8653 9.54753 4.31791 3.3565 7.13233 5.94748 10.9369 20.5708 55.1209 79.6159 50.1446 5.10755 16.7811 378.472 169.729 23.2421 0.00208978 111.857
64.1491 10.6019 4.31791 4.91644 11.8423 5.82444 2.67437 23.2371 55.1209 58.8362 72.5633 4.79962 19.3575 394.689 171.284 30.8697 0.0020216 112.911
64.1491 10.6019 3.59828 6.23131 11.8423 5.51645 7.25682 16.4554 55.1209 61.4365 72.5633 5.45034 19.3575 394.689 152.528 57.2875 0.00128683 115.004
43.0118 11.3244 4.47056 7.91405 9.97715 6.51632 7.84871 16.3629 55.1209 56.576 69.1251 5.45034 23.1147 394.689 160.353 54.4151 0.00146867 115.554
43.0118 8.14533 4.87038 7.6323 5.58014 6.5348 7.08255 18.8819 55.1209 54.8205 71.0429 16.048 25.9789 386.139 156.977 40.0145 0.00366981 114.825
59.5516 10.8933 1.50503 8.29975 5.77614 4.44804 4.81192 19.7905 63.9585 65.1587 59.6683 12.6843 22.9604 367.101 133.231 18.2605 0.00548799 115.925
42.0156 13.6761 1.50503 8.7878 5.77614 5.15798 10.8409 15.1404 63.9585 66.6816 52.9906 11.4819 15.3495 368.077 215.343 10.4397 0.00945851 111.416
42.0156 12.954 1.50503 6.96403 1.44863 9.91058 10.2751 18.3596 63.9585 64.1392 52.9906 11.5345 16.8293 368.077 215.343 1.55333 0.00134268 111.064
47.7409 13.3321 1.50503 7.30587 1.44863 10.7213 10.6972 17.5142 51.1681 64.1392 76.0011 12.1201 11.2496 368.077 214.034 28.3207 0.00259788 111.941
41.2622 13.3321 2.30638 6.8235 2.39114 10.8858 17.7112 12.746 59.0105 62.487 64.9253 5.57885 15.6381 391.784 179.435 31.2496 0.00508922 113.697
51.5221 13.2642 0.564713 6.83007 1.55728 11.2821 21.726 11.751 44.5324 73.6754 69.3502 9.53766 7.23357 389.415 185.26 19.1595 0.00887419 115.522
41.0254 11.9664 2.45041 8.83455 5.97379 0.837757 21.726 7.56868 49.0242 84.914 56.6722 5.5415 7.87477 374.472 194.177 27.3231 0.0420978 116.795
48.1757 8.6072 2.35835 8.22487 5.50012 7.69861 18.9814 8.78556 52.3573 89.0852 14.5235 4.5837 3.5216 417.556 194.177 23.7251 0.0171114 115.913
43.2195 6.06351 4.47621 11.3794 6.40296 5.11992 17.1718 8.97816 48.3458 89.0852 14.5235 9.64356 3.18629 434.92 184.501 71.3863 0.0164161 115.044
49.8187 9.28379 5.17906 10.7639 4.35143 6.2766 19.302 12.054 52.7596 89.0852 3.29549 8.26925 2.75151 437.643 189.51 28.2281 0.0219741 112.882
46.0378 10.505 6.18142 3.08776 3.45619 6.69742 19.9026 17.0634 48.0943 89.0852 10.9013 8.24532 15.8566 431.157 143.745 22.1557 0.00154694 108.709
56.058 7.5702 6.18142 7.07072 7.36518 4.57669 16.179 15.3414 48.0943 89.0852 6.08011 8.526 14.7745 438.089 138.495 25.3096 0.0066893 111.332
60.8544 4.37539 3.36004 2.9783 1.67136 5.74869 29.6971 10.9309 48.0943 89.0852 10.9288 8.77031 18.7664 435.831 151.121 44.3848 0.00247698 116.239
47.7026 4.83953 10.0611 3.61658 1.03094 5.99565 32.3624 3.55899 48.0943 89.0852 11.7642 7.31213 17.312 431.041 65.0033 11.7908 0.00254704 111.178
43.4782 3.09674 3.77254 6.18238 7.19966 6.30967 37.6964 0.348206 48.0943 94.5169 7.60452 7.47167 12.2541 425.001 7.76174 23.2652 0.00216892 113.876
46.4226 3.58583 3.27367 5.18813 10.2432 4.63011 33.0271 0.836476 48.0943 94.5169 3.63137 7.40146 0.474593 463.622 31.2665 39.5579 0.00409865 118.158
47.8048 3.58583 2.3286 1.67111 15.7253 0.282774 31.445 0.249499 61.9178 94.5169 3.63137 7.46777 4.01559 455.423 31.2665 84.6635 0.00111542 118.77
53.0862 0.387492 2.00109 0.685763 10.5292 0.282774 37.7043 3.68622 58.0265 94.3137 3.63137 7.33766 3.93956 451.026 89.1088 47.9175 0.0010799 116.818
53.0862 1.12603 3.09761 1.27989 10.5292 0.282774 37.7043 3.68622 58.0265 94.3137 3.63137 7.72613 4.10925 451.026 77.8241 47.9175 0.00154353 114.052
47.3898 2.01781 1.25952 1.27989 6.31936 5.49125 37.7043 4.04852 51.7405 94.3137 8.15547 5.47071 4.88288 451.026 40.3426 46.2715 0.00174306 114.546
48.5535 7.18495 5.72923 1.69226 5.74488 5.4098 34.8749 7.04402 51.7405 87.3323 8.99461 6.40996 2.36517 441.863 29.4368 35.4891 0.00278958 109.596
46.2682 8.17903 5.72923 1.69226 4.94225 4.60424 30.6804 11.1302 51.7405 87.3323 8.99461 6.77661 2.36517 441.863 29.4368 9.72622 0.00383037 109.706
46.3241 7.06983 1.91643 1.32034 4.95868 8.90168 30.6804 11.0565 51.7405 87.3323 8.99461 5.03617 8.88634 433.929 29.4368 33.6538 0.00840898 111.655
46.0353 4.58907 6.97827 1.32034 5.15359 8.90168 30.6804 11.1361 51.7405 82.5246 8.99461 5.03617 8.88634 433.929 29.4368 4.47603 0.0263668 112.492
50.7931 3.12684 10.1163 1.32034 3.8866 8.58852 26.2999 11.7857 51.7405 81.4292 8.99461 5.33253 5.54599 466.096 84.2344 4.47603 0.0254838 118.738
71.5458 3.7527 6.60672 4.28913 1.69919 0.616447 18.0768 26.3021 51.7405 86.9795 9.2712 4.6741 4.29666 457.968 88.5762 4.47603 0.0227624 119.564
123.877 2.07323 5.19385 0.0656379 5.86937 2.91241 11.3504 32.3287 9.2405 127.291 14.2749 3.79908 0.376223 420.855 208.961 7.99161 0.00344993 117.958
141.755 2.07323 10.0938 0.0656379 4.96663 2.13367 11.3504 37.4919 9.2405 123.055 2.45482 3.87962 9.52425 443.755 155.617 1.85579 0.000415539 112.12
118.165 2.57303 10.0938 0.0656379 5.88516 4.14071 10.9182 42.9529 9.2405 123.055 2.45482 3.40713 3.61133 431.323 178.162 4.52432 0.000122931 108.28
121.392 3.20417 2.60265 2.60714 5.88516 3.01788 7.5718 42.9529 9.2405 123.055 8.70251 10.755 2.95378 437.654 176.904 4.52432 0.001167 110.215
118.832 1.8873 1.13325 2.60714 8.87848 11.2228 7.61327 42.9529 9.2405 123.055 1.31787 4.56293 5.13003 437.654 176.904 3.14854 0.001167 109.622
118.832 1.8873 1.32818 2.60714 9.34686 11.2228 7.61327 42.9529 9.2405 123.055 1.31787 4.56293 5.13003 435.703 182.894 3.14854 0.001167 110.242
133.656 2.13086 3.51343 2.60714 7.39885 9.05378 7.61327 42.9529 9.2405 123.055 1.31787 3.83811 5.13003 431.255 165.059 7.66306 0.001167 109.58
133.656 0.607899 4.27437 2.60714 8.25084 9.05378 1.99973 41.3202 9.2405 124.007 1.31787 7.56856 17.2803 433.399 165.059 1.49276 0.001167 108.744
113.661 0.607899 3.55424 3.00633 7.58559 9.95367 3.88665 41.3202 9.2405 124.007 1.31787 7.37237 19.3933 433.744 164.695 19.0188 3.34913e-05 107.368
122.085 0.821077 3.55424 4.91765 7.08138 9.95367 3.88665 41.3202 9.2405 124.007 1.31787 7.37237 14.0443 431.864 164.695 19.0188 3.34913e-05 105.536
122.085 2.31018 3.23153 4.91765 6.38004 9.95367 3.88665 41.3202 9.2405 124.007 1.31787 6.86065 13.2141 434.856 175.247 40.5892 3.34913e-05 106.184
122.085 1.97329 6.06763 4.91765 6.06753 9.37953 2.18404 40.3634 9.2405 124.007 1.36993 5.81654 12.9992 429.725 159.895 33.1669 1.90808e-05 104.827
122.085 9.14677 0.0571192 3.08099 5.35747 9.37953 2.18404 40.3634 9.2405 124.007 1.36993 5.55358 18.537 426.59 159.895 8.44303 1.90808e-05 105.19
122.085 9.14677 0.583809 3.08099 5.35747 5.19055 8.8401 40.3634 9.2405 124.007 1.36993 5.55358 14.7909 426.81 159.895 8.44303 1.90808e-05 104.898
122.085 5.60652 1.02924 6.10253 5.35747 4.60816 6.37435 40.3634 9.2405 124.007 1.36993 9.57549 15.2714 429.148 148.757 19.3349 2.74123e-05 107.087
122.085 5.02015 2.48624 6.10253 5.35747 4.60816 4.19459 40.3634 9.2405 124.007 0.515368 9.84738 15.1198 429.263 41.5977 21.3209 2.74123e-05 107.864
122.085 4.97631 2.48624 6.10253 5.35747 5.41133 4.19459 40.3634 9.2405 124.007 0.515368 9.84738 14.2951 426.721 41.5977 21.3209 2.74123e-05 107.442
122.085 4.82079 2.15004 5.81544 5.35747 4.60757 4.19459 40.3634 9.2405 124.007 0.515368 11.796 14.2951 431.192 41.5977 13.2395 2.74123e-05 107.849
122.085 5.22086 4.3713 5.81544 5.35747 3.6833 3.03031 39.975 9.2405 124.007 0.842742 11.796 15.0591 429.812 32.2203 2.44372 1.8127e-05 107.996
122.085 4.35623 2.9444 6.03701 9.05447 4.93957 8.82188 39.975 9.2405 116.124 3.48791 8.53671 15.3992 426.555 21.7759 19.4388 1.8127e-05 105.155
122.085 4.35623 2.42163 6.79036 9.05447 4.29356 8.82188 39.3424 9.2405 116.124 3.48791 8.53671 15.0072 425.512 16.3917 4.92861 9.25776e-05 104.817
108.128 4.20953 3.60053 0.546893 14.9657 7.70738 8.82188 37.3051 8.71757 116.124 3.64922 9.35195 23.2996 422.286 24.0139 3.74305 2.08839e-06 109.634
76.5413 7.36636 2.38673 0.546893 8.00555 12.4801 8.82188 37.3051 8.71757 116.124 3.64922 8.85384 22.8711 429.598 10.7899 10.1095 2.08839e-06 108.163
56.1712 7.24412 2.95872 6.04001 5.93761 12.4801 6.43499 34.6197 8.71757 116.124 3.64922 8.85384 25.5293 424.541 10.7899 15.0037 2.08839e-06 106.825
56.1712 7.24412 2.13425 6.04001 6.04514 12.4801 6.43499 34.6197 8.71757 116.124 3.64922 8.85384 29.5121 423.64 10.7899 22.0603 1.75272e-05 107.847
66.3209 13.2708 1.90465 1.37274 6.72318 10.3879 9.74516 34.6197 8.71757 115.214 3.64922 8.85384 29.5121 423.443 10.7899 33.1527 1.75272e-05 110.958
46.4217 16.2485 2.08514 1.98004 7.70813 10.3879 7.38366 33.3347 8.71757 116.555 3.64922 8.01431 27.6228 414.378 10.7899 16.1706 4.17108e-06 106.141
13.7148 16.2485 1.98146 1.98004 5.75407 10.9267 5.04339 33.3347 8.71757 127.308 1.25911 9.01309 15.2114 431.046 10.7899 17.2825 6.51957e-05 111.097
28.2402 14.9879 2.02298 3.54096 7.61156 9.81477 4.63195 33.3347 12.1078 127.308 1.25911 7.26429 14.2144 417.861 23.788 23.6214 6.51957e-05 112.058
-19.1019 17.6758 2.16537 5.02761 7.08771 12.7296 2.50065 33.3347 12.1078 125.469 1.25911 7.26429 14.5535 418.104 23.788 29.7132 6.51957e-05 113.109
-41.7711 12.5932 2.56077 5.10212 8.09704 7.65157 35.6932 9.69782 14.231 110.762 1.25911 8.01102 21.683 456.602 129.025 21.209 6.51957e-05 116.964
22.884 7.28442 1.11485 6.53385 6.64259 7.81938 36.6201 10.0503 21.6059 110.762 7.69562 3.54675 32.023 417.86 174.924 9.33532 0.000140009 111.512
48.8199 7.28442 4.93981 8.71035 0.433825 8.44015 42.1891 0.462704 21.6059 110.762 7.69562 3.54675 32.023 417.86 170.74 41.5776 0.000140009 110.854
48.8199 5.6503 6.2451 8.79619 0.433825 8.44015 42.1891 10.1741 9.91815 110.762 7.69562 1.63785 32.023 420.079 173.552 3.24783 0.000140009 109.287
26.8689 5.6503 7.55131 8.7427 0.433825 7.66213 43.3225 7.50526 13.5156 110.762 7.69562 6.13754 23.8901 420.079 164.02 3.24783 0.000140009 111.347
5.34829 10.4124 8.80401 5.41146 0.0805508 3.86036 43.3225 7.50526 17.1511 110.762 7.69562 0.580133 31.0688 420.079 165.222 3.24783 0.000140009 113.726
8.59272 10.4124 8.16241 5.91191 1.12579 2.23996 43.3225 8.56676 20.0579 110.762 7.69562 3.70904 18.6684 428.83 165.662 15.8129 0.000140009 106.288
8.59272 9.41911 8.16241 5.06705 1.99451 2.23996 43.3225 7.27826 20.0579 110.762 7.69562 4.76947 23.2907 428.83 165.662 15.7655 0.000140009 107.092
8.59272 9.41911 8.52309 5.06705 3.30495 5.34766 43.3225 5.22791 7.90204 110.762 15.1482 5.2405 23.2907 431.445 181.047 14.4218 0.000140009 111.509
-11.2324 8.73254 8.52309 5.40736 3.92476 3.86372 43.3225 9.38246 7.90204 110.762 15.1482 2.05689 30.5796 418.72 178.043 23.6395 2.10323e-06 109.029
-11.2324 11.2122 8.68731 3.49761 3.94391 2.93509 43.3225 8.81668 20.66 103.152 15.1482 2.05689 21.0309 418.72 179.321 25.3397 2.10323e-06 106.568
-28.4196 11.2122 10.5139 3.49761 3.94391 2.33669 43.3225 10.5716 21.9796 102.75 15.1482 2.05689 21.0309 409.866 181.146 24.7148 2.10323e-06 109.979
7.37207 11.2122 10.1081 3.49761 3.80493 5.34434 43.3225 9.76622 8.51751 103.281 15.1482 6.42293 25.6322 409.866 191.433 23.32 2.10323e-06 109.422
7.37207 11.2122 10.1081 3.49761 3.80493 5.34434 43.3225 9.76622 8.51751 103.281 15.1482 6.42293 25.6322 409.866 191.433 23.32 2.10323e-06 109.422
25.1686 7.79285 9.72649 1.04971 3.75311 6.52143 39.1225 6.56417 43.5432 92.2684 34.5244 2.24362 20.2134 404.957 170.04 29.7241 2.10323e-06 111.578
73.8784 2.44853 10.9649 1.033 2.22373 11.5489 34.3558 1.72299 39.6917 96.3439 34.7421 5.09966 2.9619 410.787 170.04 13.818 2.10323e-06 111.079
57.1497 5.75702 11.5604 2.53395 1.70318 5.49662 20.3982 24.5927 30.1551 97.6468 45.0426 15.3105 16.2324 357.143 237.413 12.6223 2.10323e-06 107.434
57.1497 1.10323 14.6398 0.507412 0.407764 13.5582 19.2587 16.949 30.1551 97.6468 45.0426 20.0269 15.6847 378.843 30.382 12.6223 2.10323e-06 108.931
48.9125 1.09839 11.916 0.507412 1.65675 14.2132 29.8866 16.0651 30.1551 97.6468 37.2533 22.2353 4.63301 378.843 30.382 11.7317 2.10323e-06 109.327
48.9125 2.32883 11.916 4.73427 1.65675 11.1645 29.8866 16.0651 30.1551 97.6468 37.2533 22.2353 4.63301 378.843 35.5618 11.9905 2.10323e-06 107.51
42.5317 2.3134 13.8833 2.22199 0.376391 11.2409 21.9732 21.1873 30.1551 103.398 34.7674 13.4457 7.58627 397.437 6.48287 18.8572 2.19197e-05 109.44
49.8146 2.83752 13.8833 2.16975 0.206513 11.2409 23.8252 29.3232 23.7703 103.398 33.0622 23.1472 2.82676 376.358 6.48287 25.3241 2.19197e-05 112.391
49.8146 1.39077 13.6056 0.648204 0.206513 11.2379 23.7204 29.3232 20.1748 103.398 37.4721 23.1472 2.82676 376.358 6.48287 47.6093 2.19197e-05 112.995
49.8146 1.95254 13.6056 0.648204 1.11909 11.2379 23.2194 29.3232 20.1748 103.398 35.2796 21.2507 2.82676 376.358 40.5903 38.1234 2.19197e-05 110.695
49.8146 2.45466 13.6056 0.648204 1.11909 11.2379 23.2194 29.3232 20.1748 103.398 35.2796 23.0864 0.70631 376.358 207.117 38.1234 2.19197e-05 110.546
49.8146 2.45466 13.6056 0.648204 1.11909 11.2379 23.2194 29.3232 20.1748 103.398 35.2796 23.0864 0.70631 376.358 207.117 38.1234 2.19197e-05 110.546
49.1032 2.45466 12.4786 0.648204 0.880726 11.0724 27.0722 29.3232 20.1748 103.398 34.9564 23.0864 0.612049 376.358 207.117 28.4521 2.19197e-05 111.756
49.1032 1.97669 12.4786 0.145036 1.52663 9.76021 27.0722 29.3232 20.1748 103.398 35.0113 19.9607 5.56413 376.358 222.826 28.4521 2.19197e-05 111.895
53.9402 1.8142 17.95 1.84557 1.62288 1.845 32.0276 21.1148 23.0882 103.398 35.6992 18.1622 5.56413 390.31 52.5601 3.18294 0.000413725 112.059
44.1926 2.52893 14.3697 1.84557 3.75599 1.845 30.7925 25.9551 23.0882 92.3121 42.6258 20.9196 4.18266 389.213 48.0216 3.18294 0.000221513 111.68
44.1926 2.52893 17.3336 1.84557 3.30774 2.99481 30.7925 25.1996 23.0882 92.3121 39.4627 20.9196 4.57138 384.509 48.0216 3.18294 0.000797674 112.749
44.1926 0.572168 17.3336 1.84557 3.86538 2.99481 30.7925 25.1996 23.0882 93.4861 39.4627 15.0352 4.57138 384.509 6.58403 23.6004 0.000992936 114.873
49.0925 0.909059 17.3336 1.84557 3.20813 5.053 27.6646 25.1996 22.6545 93.4861 37.1691 24.5751 4.4106 391.725 6.58403 29.1408 0.00132931 113.878
52.6444 0.683398 17.3336 1.84557 2.67178 5.053 27.6646 25.4453 22.6545 101.166 37.0536 20.154 5.69376 391.831 73.4483 37.6891 0.000751614 114.829
48.5041 0.17162 19.3603 1.35953 3.71195 5.053 26.1922 25.4453 15.6186 101.166 36.3513 20.154 5.57001 388.482 73.4483 19.8789 0.000278384 113.107
49.5773 1.15781 19.6985 1.35953 3.25144 7.65438 13.5974 19.8967 37.5038 100.569 37.0437 20.5855 5.98118 388.806 11.4057 24.208 0.00056174 110.831
49.5773 1.27997 14.628 1.35953 2.35606 7.65438 13.5974 22.3756 42.9125 100.569 32.8619 17.9937 11.274 387.544 11.4057 25.4663 0.00172301 111.816
56.1644 1.38319 19.029 0.910505 1.49104 9.71792 13.5974 22.3756 40.9191 95.3358 39.517 17.9937 3.68197 378.099 162.008 24.5434 0.00960376 116.983
45.4577 1.42239 19.029 0.910505 1.49104 9.79199 10.6624 22.3756 33.5802 95.3358 49.95 14.8558 5.09077 373.954 86.7555 18.8211 0.0066272 115.34
49.1079 1.46917 14.4098 1.9645 2.90642 14.8587 12.5546 16.2796 33.5802 86.6293 54.2971 31.7383 6.41513 386.929 46.6836 9.04243 0.0117344 119.979
53.484 2.35953 11.017 2.73535 2.62587 17.3315 7.49903 19.3701 34.968 91.4366 54.6124 27.5994 6.76423 364.47 44.5546 42.5323 0.0161014 120.335
58.8448 6.9329 8.00988 2.73808 2.37493 18.2473 7.92768 19.1364 22.45 88.7677 82.4167 16.3782 5.13705 364.838 62.5244 26.8456 0.0364036 121.701
48.4706 13.1963 4.20906 3.59014 4.06499 20.4725 6.8573 25.9434 22.45 65.5657 82.4167 11.4311 6.69007 359.901 226.184 37.9939 0.0450502 123.355
47.2117 12.4407 3.32909 2.94838 2.70642 16.7263 9.40974 21.0601 24.0328 81.1311 82.4167 11.4311 5.24794 372.313 221.643 64.8368 0.0144173 119.896
48.9502 10.5761 3.27055 4.38584 2.99562 15.8554 11.8327 22.877 25.3358 76.613 78.2148 6.13429 15.6729 366.044 212.754 64.8368 0.00691061 116.484
50.5796 9.42799 4.14486 4.38584 2.60705 16.857 13.416 25.5085 21.5826 78.6186 78.2148 7.42069 4.01387 384.388 82.5701 32.5432 0.00677055 115.993
35.5528 13.8035 2.11448 4.91634 2.60705 16.4838 13.6433 24.0606 22.5489 83.8361 78.2148 3.27811 3.72274 405.192 149.859 17.2399 0.00151315 114.485
36.0793 7.98364 3.57789 8.61295 2.55876 18.4983 12.4776 27.8284 22.5489 83.8361 72.7909 4.98162 9.31546 392.567 173.915 8.2471 0.00439408 116.351
18.672 6.12852 3.13319 4.71019 2.55876 14.5938 11.4066 23.3566 23.4004 94.969 72.7909 5.164 13.6121 377.222 173.915 0.875457 0.000466972 114.453
46.6548 9.83443 3.47291 3.86465 5.71408 17.7312 12.7698 28.1388 23.4004 86.1742 61.1357 7.17607 13.6121 384.834 173.915 7.09429 0.000179117 112.47
14.5939 10.8204 5.51007 2.61775 5.79718 13.4546 12.8095 22.8559 23.4004 86.1742 71.4709 5.58761 13.6121 387.347 173.915 5.73298 5.18911e-05 110.282
14.5939 19.0452 3.05204 2.92667 2.3168 11.2891 11.62 22.8559 23.4004 86.1742 71.4709 5.58761 20.583 387.347 173.915 8.93282 3.23103e-05 111.022
17.4456 15.9561 4.86552 3.73238 2.26656 10.5893 8.6957 34.2652 18.7691 86.1742 71.4709 5.58761 24.666 361.053 155.591 8.26945 0.000105821 112.377
26.7306 17.2061 3.14529 5.18717 0.0417247 10.6499 4.40842 34.2652 18.7691 80.7885 77.6092 4.44107 40.6107 366.518 181.974 6.6773 2.69797e-05 113.475
52.355 13.8673 3.14529 2.97184 0.794983 10.9356 2.90599 34.2652 18.7691 80.7885 77.6092 5.38969 40.6107 366.518 181.974 9.10938 3.23521e-05 109.641
55.5148 14.6792 3.27158 2.56185 3.20768 15.3433 2.90599 34.2652 18.7691 83.804 74.8181 0.478538 35.5833 357.505 203.446 5.38336 5.60495e-05 109.26
55.7869 14.6792 4.10882 0.0584194 1.55994 15.3433 2.13238 29.8839 18.7691 88.3464 74.8181 3.43053 35.5833 357.505 203.446 8.50214 5.60495e-05 110.298
55.7869 16.5116 2.95485 0.0584194 3.85193 15.3433 2.13238 29.8839 18.7691 88.3464 74.8181 2.907 27.2943 362.148 201.934 18.2459 9.46943e-06 108.656
12.2303 14.097 4.90908 7.23866 3.57465 15.3433 3.42199 26.4997 18.7691 88.3464 74.8181 2.68843 21.7335 364.312 214.928 16.2416 3.3531e-05 110.772
-39.1667 8.3652 11.2176 9.943 7.13268 16.9514 3.36122 23.577 33.0484 73.4785 71.0529 3.84522 32.649 364.312 198.959 4.99288 3.38757e-05 115.171
-29.6158 7.78558 5.11821 16.5522 4.90273 11.3828 7.729 22.8218 33.0484 83.3932 63.0797 3.84522 27.2235 364.312 207.046 31.4656 2.44064e-05 112.432
-12.7578 8.5939 5.66719 14.5952 8.38133 11.1742 7.22097 21.8874 33.0484 98.8944 43.6417 4.7154 32.0956 364.312 207.046 22.0992 8.20649e-05 113.463
-12.7578 5.80267 5.3627 20.6805 5.73685 10.7339 4.67579 19.2223 34.2352 88.5935 55.472 11.896 33.8907 367.517 202.733 30.8024 0.000149152 117.951
64.5374 3.07268 3.35519 15.0319 6.15627 9.35834 4.74193 20.7182 31.7974 79.1984 71.8023 13.1133 33.8907 352.844 197.643 35.2305 0.000149152 115.03
76.9701 3.15814 3.35215 9.58834 4.33984 7.38539 5.10211 29.7387 41.1637 78.6727 71.8023 9.1657 24.7397 352.844 203.789 27.0948 0.000390649 115.68
96.5396 4.2833 8.84909 5.08466 6.79321 4.26824 5.05453 28.6707 41.1637 78.6727 62.1394 10.4092 28.1254 353.408 193.037 17.7107 0.000285233 111.317
93.274 3.8166 8.84909 4.2582 4.65814 5.64255 7.86027 28.8036 41.1637 78.1782 61.695 4.6355 26.1851 353.408 229.781 17.7107 0.000395206 109.913
50.3965 3.6537 10.4254 5.80138 7.68513 9.27452 7.00971 28.0269 44.3626 83.4302 61.9189 4.79269 32.4066 345.428 233.436 3.48344 0.000701905 114.21
50.3965 3.6537 6.98182 5.95764 3.43887 9.27452 2.55462 30.7457 44.3626 83.4302 61.9189 2.38782 32.4066 345.428 233.436 10.0926 0.000472086 111.344
50.3965 3.87108 10.59 8.15078 3.69872 9.27452 2.55462 30.7457 44.3626 84.5774 61.9189 2.12301 23.6994 345.428 233.436 10.0926 0.000203231 108.932
50.3965 4.24944 10.59 7.30357 3.48902 5.56155 6.12235 30.7457 44.3626 84.5774 61.9189 2.16827 23.6994 345.428 233.436 16.5485 0.000215648 109.63
-15.4671 6.74911 19.5134 3.84886 3.10204 1.37276 8.79009 36.967 34.9173 77.8903 62.1238 1.44435 36.3399 345.428 231.702 31.4765 0.000223273 116.554
21.4406 6.86261 12.5172 6.28652 5.49107 1.87626 1.46922 29.7946 53.7529 77.9095 57.9099 1.53923 47.1964 345.428 196.488 7.73979 0.000234094 113.62
47.9122 8.3227 10.4746 6.82282 6.51549 1.7373 3.18937 22.6384 53.7529 77.7956 55.6882 0.716618 47.5988 344.191 189 12.2791 5.93953e-05 111.559
51.8551 5.36666 8.40297 7.65945 16.2813 1.7373 3.18937 23.2342 53.7529 77.7956 55.6882 0.504493 43.8809 344.191 175.036 15.789 7.22219e-05 111.474
70.6822 7.78074 4.29556 7.49895 11.3649 0.382011 10.665 21.9792 55.549 73.6863 57.6013 0.545278 25.1528 344.191 140.727 30.5538 7.22219e-05 117.47
68.7661 8.66721 4.20184 6.79479 11.5371 0.382011 14.4247 24.1374 45.7341 66.945 57.6013 0.321822 50.6132 354.898 132.506 17.7299 5.34056e-05 114.026
65.233 8.90032 2.81144 6.79479 12.0718 1.17964 14.4247 26.5938 46.952 71.6323 51.1947 1.91909 47.4929 354.898 92.3533 8.43384 3.6375e-05 113.277
50.9353 10.3763 2.81144 8.18296 11.148 1.29644 14.4247 26.5938 43.8762 65.6224 51.1947 2.59716 35.7777 379.663 187.865 0.612213 2.02709e-05 110.931
64.4275 5.34725 5.12575 8.05397 7.97703 3.59865 16.2141 25.3457 47.047 68.1102 59.9746 2.50838 60.6112 346.675 189.356 3.62402 3.02288e-06 110.657
48.8049 11.7961 4.89777 8.56003 7.81662 3.07397 8.30139 22.1367 50.7719 56.1912 67.8068 2.67778 61.6446 334.732 205.896 3.62402 3.02288e-06 107.351
48.8049 6.77724 4.80534 4.3459 9.67343 3.07397 8.30139 21.303 57.5135 62.5872 67.8068 2.3778 61.6446 328.901 232.774 10.1148 1.98275e-05 110.294
87.6768 5.63648 8.60034 3.33893 9.67343 6.27065 8.30139 27.8947 57.5135 62.1978 48.0831 1.59939 61.6446 334.507 229.031 3.92082 1.84701e-05 112.004
69.954 3.90481 8.53268 5.70079 10.9841 2.18577 6.0435 35.7663 60.6919 56.4871 48.0831 2.82169 51.0048 349.638 173.019 10.6625 2.41088e-06 111.785
61.4286 3.32312 10.7278 5.67798 7.5185 2.18577 6.0435 31.9811 60.6919 62.3732 43.2386 2.74472 79.2975 332.276 179.049 10.6625 8.04704e-07 108.739
63.3713 4.47736 8.26075 5.67798 6.48331 4.57035 6.0435 34.3579 60.6919 60.6663 43.2386 5.66358 79.2975 332.276 194.991 26.1074 8.04704e-07 110.668
63.3713 4.47736 10.6864 5.9488 6.2613 6.32798 6.0435 38.0289 54.1084 60.6663 43.2386 4.79626 71.9621 332.276 199.681 21.5806 4.93641e-06 110.772
49.1099 4.73371 5.63758 9.34846 5.68958 4.83475 7.14024 26.7204 60.9794 79.682 37.0002 0.12584 66.4242 332.276 211.159 30.4818 2.23862e-06 107.105
43.6419 4.83415 4.70953 8.2303 4.32116 10.9175 7.01327 27.7204 59.2538 75.1565 48.8523 0.955513 67.5074 332.276 210.755 26.0682 3.75634e-07 109.401
37.9495 5.98019 6.33612 2.60967 3.48375 12.209 7.83976 30.4342 59.0718 59.466 48.8523 3.74711 67.5074 332.276 210.755 24.7965 3.75634e-07 110.128
44.8289 5.82108 7.48535 2.87476 3.48375 11.9931 7.83976 30.4342 59.0718 59.466 48.8523 4.09097 76.7053 332.276 201.78 24.8124 1.60971e-06 108.234
45.9115 4.84631 7.48535 3.34519 3.48375 12.5738 9.02394 30.4342 59.0107 59.466 48.8523 2.95894 76.7053 332.276 201.78 17.2304 1.60971e-06 108.141
45.1682 4.60459 8.99772 4.1464 4.07876 12.5738 9.02394 30.0083 59.0107 55.8339 48.8523 2.1235 76.7053 332.276 201.78 12.0977 4.86636e-06 109.486
45.1682 5.66562 8.99772 3.12338 4.07876 12.5738 9.02394 30.0083 59.0107 55.8339 48.8523 2.20016 76.7053 332.276 213.99 67.2501 8.62066e-07 112.316
49.3964 5.14258 11.0859 6.02416 0.402895 11.3923 10.4094 15.6577 55.3749 74.8784 48.8523 1.09194 76.7053 332.276 167.349 62.6422 1.99464e-06 112.049
52.4763 5.27774 11.1897 2.55108 5.08441 11.0515 17.5288 9.8747 50.8058 94.984 48.8523 0.888944 52.3171 303.842 15.9698 4.65686 1.72473e-05 114.798
47.2286 6.75183 11.5406 3.50946 5.74069 9.93396 11.6257 10.1799 43.0779 107.519 34.4836 3.22274 28.2373 362.783 23.3506 2.06631 0.000125995 109.901
47.9937 7.13996 6.94193 2.95099 4.05829 12.0836 11.6257 8.80337 48.9568 107.519 38.3128 3.30215 31.7587 362.783 3.12543 8.56637 0.000322303 110.285
46.2422 9.7613 4.48849 0.878039 5.69782 13.3765 11.8476 10.7196 48.3266 109.049 27.5164 2.80484 29.5535 362.783 19.3629 11.4514 0.00197577 112.826
55.3613 7.6488 8.0048 0.790937 7.13292 8.38307 8.23545 13.2647 48.3266 109.049 36.1509 2.2613 19.3589 366.953 19.3629 9.18117 0.000839464 113.424
58.884 5.01245 7.93756 0.450865 4.452 12.5625 14.5481 10.6867 58.3476 98.1529 26.3246 2.24893 24.7484 390.813 19.3629 13.3103 0.000355935 112.602
117.262 4.00049 6.62658 3.6844 3.69876 10.9538 9.41794 11.1614 59.0422 88.1197 45.8931 2.53003 25.7877 404.357 19.3629 22.5372 0.00142618 118.045
89.276 8.15599 6.81483 2.80702 3.92121 8.73732 8.82476 15.4879 63.7655 91.5329 26.8101 2.38969 16.8982 382.082 43.8501 14.6696 0.000860846 112.452
43.993 5.89257 6.98841 3.46141 3.44443 13.9864 13.2008 15.7571 37.9305 113.827 26.6097 2.3653 16.8982 392.381 59.7428 19.992 0.000285544 112.611
36.5431 6.71747 5.6891 6.54758 3.623 10.3015 16.4301 16.0904 37.9305 108.323 24.4816 1.85207 15.8921 398.001 62.3007 20.482 8.72466e-05 111.142
59.9226 4.83239 7.23513 6.62263 1.99911 9.19683 17.7542 13.8597 37.9305 107.291 7.64949 1.85207 15.8921 396.858 237.058 23.1754 9.18598e-06 108.423
59.9226 4.25459 10.5574 6.62263 2.27455 8.92853 17.7276 23.7202 35.247 91.2429 12.8872 8.36312 9.97752 439.99 127.586 3.49873 0.000111075 110.094
66.4465 4.32247 9.52901 5.67925 0.011915 10.1359 19.1643 21.4534 35.247 90.9225 12.4422 12.5863 1.83789 468.428 114.019 4.75333 0.000100147 110.156
-42.7757 3.71791 5.62606 8.20397 12.5376 7.81006 16.1601 26.0546 35.247 89.7797 8.05396 11.197 1.83789 458.443 80.4233 18.4065 5.76298e-07 114.213
-21.5728 4.25518 8.66873 5.5297 4.29685 10.8636 26.5895 26.0546 26.2987 90.3883 9.29717 7.99949 8.51576 456.602 140.691 9.83787 0.00011263 113.463
5.1732 4.24296 3.35859 7.22192 3.19606 13.967 26.4494 22.1979 26.2987 90.3883 6.06016 3.17035 22.1584 456.602 156.228 56.7749 2.62127e-06 113.279
39.7688 4.24296 0.585781 8.60802 1.97536 12.9124 27.0749 20.2144 33.5658 90.3883 12.9822 7.9582 16.1873 446.192 140.806 42.2961 4.87171e-05 108.941
39.7688 3.19223 1.39735 8.26924 2.52232 15.0567 27.0749 20.2144 33.5658 88.8755 12.9822 9.38637 7.17383 458.276 139.601 35.7429 3.76713e-05 106.96
50.6154 3.19223 0.692522 7.62668 3.13339 8.13759 27.0749 20.5116 33.5658 88.8755 14.1105 11.297 5.3096 446.647 161.462 3.03211 4.57061e-05 108.759
42.9408 8.94325 1.04602 5.31327 3.84186 10.9478 22.723 22.9373 33.5658 88.8755 16.9465 3.62039 5.3096 448.174 159.892 12.5571 0.000112407 107.699
25.3319 14.1202 1.85544 7.82012 1.3236 10.2507 21.5865 22.9373 34.8776 88.8755 17.0322 3.62039 5.3096 444.565 175.567 12.5571 0.000114171 108.587
35.2675 14.1202 1.103 7.60919 1.85614 8.90765 20.5659 22.9373 34.8776 88.8755 17.2214 4.43701 3.00638 445.003 185.259 5.43342 6.61003e-05 107.702
67.137 14.1202 1.03709 2.76221 2.39765 9.28902 22.0359 22.9373 34.8776 88.8755 17.2214 4.41622 2.37303 435.169 197.964 27.901 8.47967e-05 108.009
49.3302 15.1248 1.07315 2.0577 2.39765 8.02511 22.0359 21.5363 34.8776 88.8755 17.2214 4.41622 12.8141 440.676 185.567 18.5735 5.34479e-05 107.088
49.3302 8.53288 1.11202 0.986145 5.2287 8.0444 18.4214 23.576 60.8056 78.9981 15.1676 8.02695 48.211 375.774 190.405 13.746 7.19769e-05 113.935
49.3302 8.33398 1.28842 0.986145 3.70237 8.29867 13.6768 26.8681 60.8056 78.9981 16.5724 8.3276 35.5845 381.73 198.871 17.5982 0.000296444 113.12
52.9016 11.737 1.54648 2.84547 5.40864 8.49507 11.0072 24.5973 60.8056 81.9907 12.552 8.66143 25.1821 387.514 198.871 14.2589 0.000164376 115.834
57.1187 10.2497 1.82106 8.22055 8.10457 2.74652 5.75081 29.6122 60.8056 81.9907 42.394 5.67905 21.2576 385.917 168.403 7.82479 0.00018256 108.686
58.4882 8.91071 3.19998 9.10597 2.29244 3.62258 5.64043 32.2989 60.8056 81.9907 42.394 5.00075 22.6313 373.828 175.926 0.630083 0.000364002 111.473
56.84 9.58239 1.48097 8.98066 3.83627 6.94885 7.25732 28.2658 50.286 67.8985 51.5377 3.1258 13.4892 398.19 206.345 4.67669 0.00102374 112.076
56.0067 4.5034 1.37406 9.65474 3.83627 6.05745 2.30728 44.2313 58.8645 83.6255 26.0184 3.55672 13.4892 388.836 219.336 4.16641 0.000969672 114.572
56.0347 13.0372 2.1347 8.01288 9.89237 1.70578 2.24785 26.8484 58.8645 71.6198 42.4997 7.03043 15.4482 393.654 58.2975 1.41239 0.000378002 111.713
55.9556 10.7732 2.11267 5.72782 9.89237 2.02331 11.8972 24.7754 58.8645 71.6198 51.0478 11.587 7.48972 386.031 182.059 2.22912 0.000260746 106.703
55.4372 10.7732 3.20117 6.08658 9.75082 2.02331 13.9399 12.0653 58.8645 78.4019 51.0478 9.24698 14.1294 386.031 153.829 2.20188 0.000790793 110.941
50.882 8.59549 6.47547 6.87007 14.9676 0.839311 5.73539 10.3704 87.5046 43.7218 64.6764 5.39388 13.1292 389.065 197.558 2.90991 0.00150469 111.135
37.1534 3.9023 8.67938 6.14028 12.1326 7.29227 11.1079 5.85935 72.7483 54.0227 62.7396 9.0978 24.5703 390.36 183.531 2.41071 0.00107804 114.666
38.186 1.74184 8.51907 7.58123 9.83452 0.920779 22.2504 0.77469 93.2221 46.3529 62.1439 0.534232 23.6896 368.394 169.57 4.51512 0.000284935 114.57
52.7441 4.64681 9.36501 5.48447 8.70226 5.26437 22.5865 1.78821 93.2221 38.4646 56.948 0.207077 23.3106 383.354 188.226 2.52184 0.000284935 111.089
57.2788 13.3988 4.39049 5.82051 4.76586 1.98399 22.5865 3.88839 93.2221 45.9785 56.948 1.69708 23.6782 381.661 186.433 27.201 0.000284935 111.651
37.9324 13.3988 2.58197 5.27712 1.24124 8.33562 22.5865 3.51126 79.5854 64.0476 56.948 1.69708 20.9 377.364 186.433 27.201 0.000284935 111.374
39.2116 10.2702 2.16946 5.89883 2.2782 8.28107 25.136 2.93762 80.5688 64.0971 54.9971 1.69708 30.2342 359.056 190.534 18.7565 0.000284935 112.186
71.1069 11.4978 2.16946 4.58743 2.2782 8.28107 21.5861 4.19014 80.5688 64.0971 54.9971 1.69708 30.2342 359.056 209.246 18.7565 0.000284935 110.484
58.6811 6.42093 2.16946 5.13772 2.8499 13.1582 21.6571 3.12469 80.5688 67.3863 45.4064 1.69708 34.7844 359.056 53.9847 13.9307 0.000284935 111.429
55.5837 8.89227 3.04339 4.47329 2.63897 10.1432 21.6571 5.30852 80.5688 67.3863 42.2108 6.29624 32.8646 355.373 230.079 13.9307 0.000439822 110.433
72.8478 5.62382 2.37983 5.12 4.27274 10.07 23.5377 5.30852 86.5504 52.2304 43.9283 3.43007 54.376 340.439 207.729 16.0324 0.00188681 112.079
72.8478 5.62382 2.37983 3.97092 4.27274 11.0829 23.5377 6.34271 86.5504 52.2304 43.9283 5.17901 54.376 340.439 220.431 16.0324 0.000936654 112.708
40.5822 5.67429 0.31542 4.66121 4.45213 16.7557 18.3055 1.78496 98.5999 52.2304 35.2272 6.02413 34.9974 374.529 220.431 17.6601 0.000558058 114.047
48.2251 5.67429 0.31542 5.80049 4.45213 15.9205 18.3055 1.78496 97.5248 56.7593 35.2272 2.23474 33.7575 375.016 220.431 36.5933 0.000569695 114.483
56.617 3.14124 1.5369 2.35409 6.67389 14.7949 17.0046 1.78496 91.8574 67.8449 42.9023 10.4414 11.7833 379.188 41.8608 28.6854 0.000490994 111.93
49.0789 3.14124 2.97981 1.28896 9.54768 16.5505 10.0297 13.7714 91.8574 67.8449 18.644 1.73324 11.7833 407.186 70.0427 11.2862 0.00038037 110.107
42.8535 2.56521 1.58063 4.16293 9.83303 12.6463 6.49086 9.58065 81.8799 67.8449 16.7437 2.60929 28.4168 430.391 149.594 12.1708 0.000895597 110.604
49.5502 0.471729 6.20302 3.55994 10.7581 13.9016 13.6914 9.58065 70.1877 85.9225 18.5142 2.37362 11.1422 430.391 116.066 9.31354 0.00113935 113.923
52.3293 0.471729 3.50497 2.08689 10.7581 14.5911 3.83766 15.2867 70.1877 85.9225 11.187 2.37362 13.5178 435.304 184.106 9.31354 0.00113935 109.882
51.6469 1.42856 3.30619 3.52837 9.70858 15.7372 4.67985 11.3761 63.8841 85.5479 13.7327 2.53767 21.7931 426.309 171.58 29.6723 0.00218377 109.257
51.6469 1.42856 4.04178 3.52837 9.70858 16.601 4.67985 11.3761 63.8841 85.5479 13.7327 2.53767 16.6184 439.251 171.58 29.6723 0.00218377 108.903
54.4941 1.42856 4.65972 3.52837 12.7708 16.601 4.67985 11.3761 63.8841 71.7099 13.5586 1.89666 16.6184 433.855 173.631 4.04235 0.00137727 114.58
54.4941 1.31964 3.55204 5.70465 12.7708 16.601 4.67985 11.3761 63.8841 62.1496 14.2357 1.89666 29.7073 438.362 173.631 4.04235 0.000515267 113.935
40.3914 2.1958 3.765 5.70465 13.8585 15.6676 17.5782 8.20612 63.8841 71.9941 14.2357 1.89666 23.7154 429.198 163.814 4.04235 0.001338 112.904
57.0967 0.632772 13.0944 0.400717 7.22706 11.4493 14.0548 14.6694 63.8841 78.4419 11.179 1.83994 22.4926 426.998 165.916 8.69441 9.70938e-05 106.277
52.6623 2.88685 7.7381 10.5067 5.19041 2.26543 14.0548 18.1781 62.0131 78.4419 13.2706 1.80243 21.2577 426.227 151.831 8.69441 0.000294946 105.268
53.2963 0.9581 7.01377 18.6995 3.78146 2.11445 13.79 18.0926 80.0185 59.1264 11.4104 1.78902 19.6092 430.351 48.8591 53.2707 0.000240996 110.952
53.3559 0.101462 6.02207 18.6995 2.73909 2.11445 15.546 18.2831 79.9372 59.1264 13.078 0.116896 24.5053 430.351 12.3821 34.8027 0.000212585 111.196
53.3559 0.272385 6.02207 18.6995 5.29545 2.11445 15.546 18.8325 79.9372 59.1264 8.70486 0.149728 24.5053 430.351 12.3821 26.7116 0.000224177 111.588
57.4913 1.81196 6.02207 10.7768 5.55207 2.11445 10.0097 18.8315 79.9372 67.148 8.70486 0.149728 29.8094 408.171 12.3821 13.5096 0.000114528 111.507
50.3209 1.2558 9.10848 14.2432 6.70409 1.45138 12.0596 19.1901 79.9372 65.8251 3.57216 0.541502 29.5446 442.597 12.3821 15.1509 4.37889e-05 109.443
53.3098 0.563284 10.1935 10.0329 13.5171 0.457655 7.20062 19.2144 73.022 70.2501 1.5163 3.15846 37.6412 434.408 47.7395 22.5772 7.65463e-05 113.851
76.7663 0.563284 10.6977 7.18626 10.9992 0.805823 14.189 19.0699 73.022 70.9297 1.5163 4.59712 22.1668 425.875 10.6526 9.23507 2.50239e-06 106.908
51.6158 0.563284 11.2638 7.29848 7.10916 1.7829 16.6646 19.0699 73.022 68.6343 6.83185 4.59712 21.6403 421.27 10.6526 5.11209 2.50239e-06 102.599
51.6158 2.20254 11.2638 7.29848 6.01863 2.52393 16.5659 17.9012 72.3314 62.3242 16.2906 2.32283 25.1182 419.975 10.6526 14.5959 2.50239e-06 103.697
51.6158 2.74681 10.0225 6.4945 6.75367 0.736662 17.1663 19.9836 72.3314 62.0698 13.0094 3.29467 26.502 419.722 10.6526 18.0283 3.98417e-06 104.819
51.6158 6.99828 9.28585 1.34042 1.75907 7.51365 21.2793 6.23391 73.4654 64.7317 19.7102 3.54834 29.9199 417.98 135.153 15.5007 3.98417e-06 107.331
69.1156 6.99828 11.4681 3.08693 4.97942 13.9291 13.3667 6.87914 61.7058 67.1319 20.5803 2.90287 35.4063 429.128 127.103 5.03902 0.000594205 117.809
75.9525 4.05778 8.22652 5.64262 4.39319 11.5939 21.2746 6.87914 67.2245 64.0624 20.1706 2.74054 21.9282 427.225 168.014 4.14629 0.000355705 111.342
49.76 4.54255 2.33657 9.00212 4.14759 11.2547 19.1158 7.84945 72.0595 65.3675 20.2633 3.06696 10.7956 433.565 161.255 4.14629 0.00134266 108.053
49.76 7.47273 3.5484 12.1764 7.52829 1.79926 15.2368 7.84945 77.6009 65.08 21.3888 4.2136 1.36847 437.928 196.074 9.93794 0.00101697 107.909
47.3839 5.83195 3.5484 10.925 7.61958 5.46519 13.0827 6.74687 77.6009 65.08 20.1571 4.42259 8.35426 440.266 158.603 34.613 0.000615753 105.6
53.8649 10.4414 0.465377 8.61701 11.5068 3.03743 8.13913 9.74327 78.1133 67.3351 18.2303 2.20582 16.0201 436.604 170.082 23.91 0.000663125 106.487
25.6042 10.4414 1.81186 11.1936 10.7266 3.0978 8.13913 9.27776 76.084 67.8652 19.391 2.20582 17.1587 435.736 153.586 26.4649 0.00124244 108.716
30.6025 9.37567 5.24536 7.03664 11.3395 2.96664 8.41095 10.5394 75.1488 66.741 18.846 3.77523 14.7992 435.209 147.946 13.9098 0.0076143 110.094
-10.7724 14.572 1.03928 5.37021 15.0688 1.78229 12.7425 8.0418 75.2347 68.0927 20.2255 3.93545 3.99853 448.57 163.941 13.0104 0.00641566 114.141
3.42995 14.572 1.03928 3.40654 15.0688 1.73931 12.7425 8.0418 70.6834 71.4077 21.6327 4.50101 1.80421 448.57 168.486 13.0104 0.0137357 115.236
18.6918 18.6782 0.500231 7.41516 7.61224 3.01948 14.571 4.16508 80.0331 58.3945 25.8428 3.09366 1.70119 442.464 171.44 21.2856 0.0137357 114.955
-50.5868 20.8299 0.500231 13.2927 10.2619 2.50478 5.59016 11.5046 69.8929 76.0662 14.7993 3.09432 2.11068 450.815 171.44 44.6803 0.0199618 118.939
-50.5868 20.8299 4.63511 12.8556 10.1138 0.0747295 2.45317 14.668 63.0179 76.0662 14.7993 3.8313 18.2906 429.443 171.44 13.2099 0.0448617 124.543
-73.1356 20.8299 4.63511 11.7686 11.5576 0.0747295 2.45317 14.668 59.934 81.3779 14.7993 2.88356 23.0415 429.443 171.44 13.2099 0.0164475 118.636
-73.1356 20.8299 4.1383 12.0715 11.5576 3.91392 2.45317 14.668 59.934 81.3779 14.7993 2.88356 19.5835 425.946 171.44 13.2099 0.00706081 114.805
-73.1356 20.8299 4.16366 10.7639 13.591 3.50487 2.45317 14.668 56.0295 81.3779 14.7993 4.05501 21.5226 426.85 171.44 27.4278 0.00507767 117.013
-73.1356 20.8299 3.42427 10.8931 14.9397 3.73469 10.4819 10.0764 52.2738 86.035 10.121 6.33955 21.5226 422.87 171.44 23.2891 0.00969804 118.939
-73.1356 20.2375 4.47883 11.8705 11.2692 4.35952 8.51396 10.0764 52.2738 86.5076 13.8166 5.13972 20.186 422.87 164.243 28.1292 0.00537539 117.071
16.0001 14.3704 3.98921 9.35653 9.96569 4.3195 11.8329 18.0369 52.2738 84.2487 8.77185 4.35466 26.2118 421.53 181.885 51.3618 0.00661157 117.781
16.0001 9.36787 7.92661 9.39757 9.63416 2.98139 9.88696 12.7853 23.0821 112.933 12.2756 6.51638 26.2118 426.395 170.439 27.7759 0.0076757 117.704
39.7757 7.45308 4.11148 9.33785 9.53315 3.09687 13.0552 18.0614 18.8274 115.938 12.9949 6.51638 17.3723 430.873 170.439 38.6378 0.00528551 111.76
54.6779 10.2145 2.15436 9.51918 11.0067 3.6288 13.0552 13.0075 44.4752 91.0102 13.4774 6.97815 17.3723 426.46 170.439 56.2907 0.00318182 112.097
-0.739618 11.0374 2.22925 7.46442 9.54619 4.31147 25.505 8.39632 44.4752 86.5982 13.4202 3.11018 3.88367 456.03 170.439 58.154 0.00849026 121.082
9.41783 11.5716 2.30712 9.40243 7.97539 4.42908 18.7212 8.39632 54.0857 87.7708 20.8381 0.925914 7.48023 452.935 94.8499 25.3768 0.00675253 117.687
33.4916 15.7399 2.81401 5.11594 7.97539 4.24599 11.4263 13.5024 55.5463 84.4336 24.5817 0.925914 5.36457 455.177 148.514 12.8523 0.006827 113.79
45.1443 13.835 4.28923 3.00591 7.90995 3.59718 8.29914 13.5024 51.9941 79.8242 36.3401 2.33456 0.432426 456.958 171.841 12.8523 0.00795196 117.012
52.787 13.9977 5.09751 3.00591 6.85202 5.01329 8.29914 29.6199 48.4046 62.9507 36.3401 1.17881 1.92675 447.43 165.569 18.122 0.00795196 110.14
52.787 13.2584 5.66588 1.52845 1.63965 5.49258 8.85362 33.659 48.4046 60.0995 36.3401 8.27317 1.92675 447.593 165.569 10.1501 0.00795196 114.252
51.4458 12.144 8.35495 1.52845 2.44839 5.49258 11.9429 48.375 20.2872 64.4882 36.3401 10.4297 2.46086 445.463 165.569 4.94314 0.0149335 117.976
58.4243 9.36931 7.08009 3.26414 0.0482415 6.55391 15.5101 48.375 20.8563 64.6836 36.3401 8.67924 2.10534 439.867 165.569 4.94314 0.00894122 119.359
54.978 7.28525 9.06976 7.69838 2.90155 4.18205 15.0733 48.375 17.6227 66.5322 70.1796 10.1895 2.65478 406.214 158.423 5.19014 0.00966388 116.155
55.5347 6.23836 9.59182 6.14663 6.30395 4.00495 21.2941 40.7078 42.9319 71.0381 31.0574 11.7039 3.24041 406.214 173.467 5.7344 0.00695469 117.515
66.4287 6.8003 7.60731 5.88521 1.02984 3.65006 21.7014 40.7078 37.0567 74.7738 40.2024 11.3778 1.48039 386.844 207.563 8.57846 3.01536e-05 115.49
66.4287 3.62544 7.60731 5.45604 5.07773 4.40001 17.3158 40.7078 44.029 76.1548 40.2024 17.1842 1.90814 386.844 181.636 8.57846 3.01536e-05 111.649
-4.03128 3.77374 11.3393 9.63987 4.11195 2.00168 20.719 25.1601 51.7471 72.1741 43.0374 18.3726 1.02179 386.844 156.072 3.14845 4.00695e-05 117.064
6.35532 3.73355 11.8865 14.6362 3.04205 3.29732 18.413 24.892 55.4685 67.5608 36.4096 18.3726 4.38161 418.976 156.243 0.41704 3.51613e-05 115.482
84.8651 4.11224 12.0136 3.164 0.738542 3.99927 16.3917 19.0902 55.4685 72.4894 48.0779 21.4165 3.3638 407.132 144.782 0.613988 4.49111e-05 111.821
49.0788 2.67959 11.5523 8.74932 1.61858 4.30197 29.4581 18.9185 27.086 73.7133 80.5062 27.7151 4.79009 360.196 163.464 7.18151 4.49111e-05 113.551
43.4595 1.99443 11.4967 8.32835 3.16712 3.3193 29.4581 20.387 27.086 72.414 80.5062 25.0464 4.4454 360.196 116.941 14.8291 4.49111e-05 113.704
56.5695 2.06227 11.1797 4.45944 3.77099 5.66711 18.082 17.6152 27.086 73.6598 80.5062 16.7407 15.5761 360.196 186.856 2.59211 0.00473933 119.174
117.232 1.89092 7.0392 6.76442 3.2403 7.95249 12.6906 16.2723 39.6439 72.8613 80.5062 17.3634 18.246 358.94 190.568 10.8223 0.00268221 112.875
124.883 3.29159 6.61233 8.21304 3.2403 7.90036 10.7179 11.6429 37.0418 81.1236 80.5062 11.7483 17.593 363.688 184.316 11.2501 5.70025e-05 114.345
79.3666 3.31442 6.61233 7.04399 7.28192 12.2582 13.9954 14.0628 30.0517 73.9761 76.8163 8.63321 27.8681 363.688 190.556 23.2788 3.28017e-06 110.754
99.6393 0.962964 2.87142 7.44473 3.30175 13.3673 13.3614 16.9354 52.6772 79.0418 45.3516 14.9145 36.0433 363.688 171.96 39.4274 3.28017e-06 111.008
99.6393 2.122 2.55904 5.93143 3.4757 12.3274 11.8602 16.9354 52.6772 77.3598 45.3516 14.9145 36.0433 363.688 191.75 22.3728 3.28017e-06 106.42
121.039 2.122 6.03714 6.1021 1.78214 12.3274 11.8602 17.6121 69.5824 55.7463 45.3516 4.09998 36.0433 363.688 191.35 22.3728 3.28017e-06 108.41
121.039 2.122 1.88747 6.29433 6.67485 8.60253 12.9422 13.3507 95.5316 57.2131 31.0696 11.953 33.2434 367.918 197.821 14.2617 3.28017e-06 108.135
121.039 1.52496 7.02024 2.53761 2.60674 6.61896 13.0807 14.5673 99.5301 51.6529 27.6392 21.0046 23.0994 367.028 210.507 9.27334 3.28017e-06 105.902
121.039 10.5979 1.10802 1.36793 5.40799 12.5913 5.02663 14.5673 96.4552 56.9476 22.6853 21.0046 21.0448 367.028 210.673 8.08246 3.28017e-06 105.833
121.039 8.52921 2.10788 2.19222 4.2356 10.5253 6.38005 6.94636 105.019 56.9476 22.6853 16.7813 21.0448 367.028 210.673 8.08246 3.28017e-06 104.965
126.898 8.52921 1.60875 2.19222 2.27896 15.0646 4.0644 6.94636 105.019 63.8793 14.2393 29.8995 21.4365 367.028 25.6098 2.96568 3.28017e-06 111.148
117.408 8.52921 3.17614 2.78706 3.01063 15.4723 5.92598 9.49976 100.56 61.2843 15.3386 19.5494 27.1877 367.028 124.934 2.96568 3.28017e-06 111.325
117.408 6.20644 3.17614 1.57682 0.746746 16.6859 5.92598 9.49976 100.56 52.7779 15.3386 32.4157 41.9717 367.028 109.745 2.96568 3.28017e-06 114.243
107.652 6.20644 4.80377 1.57682 0.85191 16.6859 5.92598 14.4082 100.56 44.8184 15.6193 16.7437 47.875 367.028 38.6567 36.2721 0.000573186 117.903
106.44 2.33984 4.74194 0.572899 0.617032 16.6859 14.4831 23.2412 100.56 45.92 18.063 8.0669 30.2936 381.872 36.4128 38.2957 0.000573186 119.937
100.245 1.73108 7.06239 1.32768 1.51577 15.43 19.1227 22.1478 88.6323 55.2425 17.5586 14.1963 7.53102 381.872 30.1885 16.3259 0.000215207 119.27
147.767 1.4084 9.52228 2.24767 2.07128 8.15757 12.4148 20.8253 90.8105 57.1685 23.1045 80.2909 18.828 248.816 23.3931 22.6356 0.00806132 127.863
49.4858 0.719434 6.6246 1.21692 1.68169 8.97952 10.121 19.0195 90.4649 66.8862 35.3396 67.3785 19.2279 251.746 36.9293 23.8385 0.00305215 122.242
48.6229 6.10065 6.6246 1.21692 0.526464 8.97952 10.121 16.4374 90.4649 70.2465 26.2047 69.966 36.0463 270.008 70.1379 20.6722 0.00689862 120.472
50.0835 7.11764 6.64902 1.24585 1.34315 9.22643 13.3113 13.6819 82.3876 72.0531 44.8808 66.6091 33.5577 270.008 26.915 17.1276 0.00655389 118.631
47.6772 2.98301 5.69836 10.0203 4.71221 12.1052 12.7077 9.39693 82.3097 63.9549 37.9458 71.6441 37.3683 270.008 12.0625 39.0361 0.00747284 119.058
41.3346 0.462212 6.07588 10.418 1.91073 5.31568 28.136 6.85592 69.6872 60.4028 52.2063 57.6838 45.6266 270.008 12.0625 11.4576 0.00316531 119.553
41.3346 3.52706 6.07899 11.5851 2.97114 2.73563 28.136 10.4801 69.6872 60.4028 42.8442 57.7038 45.6266 270.008 12.0625 19.2089 0.0007075 114.541
48.401 2.60269 6.74041 11.5851 0.872044 4.35233 28.136 10.5938 78.6052 60.4028 34.5911 48.9159 87.0495 225.246 12.0625 19.3178 0.0007075 116.191
7.75145 14.9891 6.74041 2.51159 2.81045 8.58987 24.7473 3.18568 86.0035 71.0113 19.8683 48.9159 87.0495 225.246 39.9972 20.3897 0.0011371 119.292
-64.9843 14.1218 15.7841 4.17124 2.17104 6.17235 26.8782 3.2951 91.6327 61.5702 21.4498 30.1473 110.428 225.246 47.7739 17.6776 9.18356e-06 118.399
-64.7545 13.9122 9.53157 6.98644 3.19299 5.69009 26.8782 2.7613 92.0036 61.5702 37.1978 27.6888 100.043 225.246 47.7739 15.0911 0.000378658 118.002
-45.9054 15.6374 11.1402 5.74846 1.79041 4.68341 19.6926 7.57128 94.4333 61.5702 37.1978 27.7162 106.382 225.246 47.7739 16.659 0.00010358 117.208
-40.2481 14.6494 4.56893 6.27724 8.12136 5.25794 20.2315 6.24255 88.9868 55.5518 46.7072 27.7162 106.382 225.246 47.7739 23.2087 2.98091e-05 116.13
-37.1993 13.84 8.52615 6.23635 2.27271 6.0464 25.221 26.2978 42.2376 76.803 41.1102 23.971 83.2876 225.246 1.63669 7.97027 2.98091e-05 119.156
-34.8256 13.7517 3.40908 7.00875 1.30602 1.48547 25.7655 25.1723 47.4446 77.6266 68.8279 23.6361 76.2776 230.759 129.213 13.5889 0.000635524 123.254
-27.1825 11.4629 3.94006 8.76069 1.84967 2.19158 19.4041 28.3979 51.2709 67.9982 83.3316 23.6361 75.9652 230.265 14.1586 5.71975 0.000778442 118.067
3.80694 4.27358 6.91182 10.6507 1.36804 4.54696 16.9718 28.3979 51.2709 68.4533 48.154 28.7132 110.496 221.328 14.1586 18.7389 0.000925555 118.546
37.949 1.78331 6.85989 17.3193 1.36804 5.1614 17.6335 16.3742 65.0114 79.9612 32.5037 28.7132 108.182 221.328 271.116 21.6543 3.76993e-05 114.908
70.7617 5.6255 6.62713 11.0411 1.36804 5.30616 17.6335 14.3108 64.8373 75.8858 32.5037 39.0659 108.182 221.328 271.116 22.7162 3.76993e-05 115.207
70.7617 5.6255 6.62713 2.30311 4.89231 4.22139 18.9832 20.4123 53.2472 78.217 41.7751 28.8137 108.182 221.328 39.1775 40.0507 3.76993e-05 115.343
103.951 1.20613 9.55022 4.47922 5.89099 1.80504 13.4033 19.4945 51.1286 83.5948 41.187 29.4144 108.182 221.328 70.2994 65.5717 0.000117237 117.598
105.219 1.20613 11.1049 10.1135 4.23315 3.67857 19.5468 20.7597 47.0391 78.6053 56.0441 25.1419 128.223 174.536 36.3657 44.0924 0.000256068 121.034
53.5633 1.20613 10.6285 11.4899 4.23315 3.67857 12.2568 20.5798 47.0391 89.6411 56.0441 31.462 136.215 145.817 30.913 49.3304 0.000256068 113.184
53.5633 0.350979 10.2726 9.50386 3.3116 3.67857 12.2568 25.1104 50.8249 86.9621 56.0441 31.462 136.215 145.817 30.913 23.632 0.000827203 114.152
56.6829 0.937046 9.80707 9.50386 6.64442 4.70902 10.0742 24.9808 50.8249 80.9589 56.0441 33.6062 136.215 145.817 30.913 18.6885 0.00186296 112.913
47.8741 2.43485 12.1262 6.47338 6.64442 5.79273 10.1526 9.21876 65.0286 79.0534 56.0441 33.6062 136.215 145.817 30.913 5.61065 0.00230047 114.764
47.0157 6.66729 11.4519 5.04771 11.8008 7.43408 7.03776 6.21696 70.4989 71.9954 61.7693 33.6062 140.074 154.301 36.8122 10.3636 0.000582302 115.939
47.0157 5.34809 11.4519 6.75868 11.8008 7.43408 7.07577 6.21696 68.3642 71.9954 61.7693 23.7867 140.074 154.301 36.8122 41.8857 0.000755564 116.482
35.067 5.06508 9.51934 11.7748 12.3286 2.13358 7.07577 4.62717 59.77 88.5763 61.7693 23.7867 140.074 156.256 31.0069 19.9284 0.000106108 115.618
22.7027 6.98135 5.60942 11.7748 12.3286 2.01918 8.83229 6.32769 53.3183 92.1608 61.7693 22.6226 150.885 149.588 10.5837 11.1335 0.000106108 116.313
68.7264 8.7059 6.09272 9.39041 12.4518 0.94922 7.38247 6.8397 52.5453 92.1608 61.7693 24.921 150.885 149.588 20.9729 12.9015 5.93278e-05 115.679
58.8925 2.96722 7.23121 11.5124 12.4518 0.94922 5.2107 9.46578 58.8826 97.1368 45.7353 31.0606 146.841 149.588 120.706 24.8494 5.93278e-05 116.982
70.0192 3.66332 4.95078 10.5254 10.4319 1.18714 5.2107 9.46578 57.2266 96.6751 45.7353 35.1882 146.841 149.588 120.706 27.9928 5.93278e-05 119.175
55.7088 4.17345 9.83096 5.85933 12.6765 0.798688 9.9822 17.737 47.5283 94.6194 33.1424 43.869 146.841 149.588 30.7341 30.8347 0.00233639 115.436
45.9967 3.59679 12.4115 6.44621 9.51356 0.717915 12.3493 17.737 53.416 96.433 24.3586 42.5254 143.458 149.588 40.559 31.9748 0.00304196 115.335
64.9574 4.88317 11.3955 4.108 4.84249 5.56661 9.77454 17.737 57.3444 97.1931 26.3638 47.3902 143.458 149.588 40.559 34.9632 0.00412215 117.511
49.7603 1.01956 16.9791 5.44314 0.990586 10.671 11.2059 9.86197 48.431 98.3369 55.531 27.712 143.458 149.588 19.6308 5.67997 0.00578242 116.816
53.9556 1.01956 14.4177 5.44314 0.990586 10.671 12.1169 9.86197 44.1866 92.624 65.2672 27.712 143.458 149.588 19.6308 5.67997 0.00798172 115.827
53.9556 1.01956 13.2599 5.44314 0.912731 10.671 12.1169 9.86197 46.4144 92.624 65.2672 27.712 132.892 154.973 19.6308 5.67997 0.0138755 116.805
50.7631 2.77587 15.0132 1.43182 0.409558 10.3823 14.0453 14.2243 49.6361 86.7529 70.9646 30.4035 136.585 154.973 19.6308 9.84531 0.0255836 119.522
69.5072 3.72393 13.5318 1.67139 2.10192 10.5048 11.3171 14.9547 45.5526 83.7029 75.2486 30.4035 136.585 156.657 15.6228 15.5856 0.0253202 117.531
55.6996 5.21866 12.4689 1.17765 0.171568 13.1267 9.20382 18.8384 45.9725 75.6584 75.2486 24.1522 136.585 156.657 15.6228 14.0584 0.0227492 116.867
56.1653 0.76371 16.3685 1.71004 1.52618 13.1267 8.29943 24.6572 43.6897 65.4285 75.2486 24.1522 115.37 156.657 15.6228 5.30717 0.0666112 119.979
52.9649 0.304864 17.6946 1.71004 0.582829 15.952 5.48346 26.1641 54.3035 71.796 71.8118 38.0376 115.37 156.657 27.8834 25.5284 0.0367151 122.182
49.5747 2.89965 15.9479 1.45078 0.37052 14.3399 5.19209 20.5516 60.6272 69.1957 71.8118 83.6033 70.8785 156.657 27.8834 22.8485 0.0442247 119.59
54.3048 3.07806 17.4852 0.159806 1.01871 11.983 2.2748 32.5948 60.5921 62.363 79.8412 83.6033 70.6003 156.657 148.554 18.0387 0.00741465 125.161
46.7024 3.07806 18.599 2.07171 1.01871 11.983 1.04694 27.8927 54.5348 62.363 79.8412 83.6033 70.6003 156.657 44.9832 21.3359 0.00892613 120.664
46.7024 3.07806 4.71537 2.07171 12.9462 8.79758 3.73832 34.1923 52.6628 62.363 76.3591 67.9921 59.7887 208.126 5.03028 27.2466 0.00959686 117.651
48.1801 3.07806 4.94337 2.29156 12.9462 10.6845 1.34736 26.6772 52.6628 76.8827 69.734 67.9921 43.0115 239.941 5.03028 29.6454 0.00824742 118.674
48.1801 11.5178 2.00386 7.27127 9.39842 2.74972 8.60011 31.5199 46.551 70.0509 69.734 67.9921 39.9314 239.941 31.7688 40.3985 0.00389457 116.809
44.7235 8.87273 5.15155 8.53098 9.44815 2.21391 10.8567 32.0771 29.4052 83.9733 67.544 31.0254 39.9314 294.619 30.824 48.0398 0.00312322 115.612
47.123 10.2317 2.22404 8.66442 9.06086 0.5056 13.0638 37.099 21.3958 81.075 67.544 38.8638 39.9314 303.581 77.0945 16.6179 0.00345826 117.969
49.2243 1.38686 15.3871 0.927963 3.45013 8.87229 12.8288 36.6471 6.01789 81.8027 90.2626 20.3283 47.5145 303.581 88.7372 27.5326 0.015023 120.266
47.922 2.01095 15.3738 8.43304 6.86005 1.23047 5.98518 36.6197 7.78583 80.7927 107.364 20.8906 32.82 287.57 53.9772 31.2958 0.00322476 118.185
39.6873 0.998632 15.7854 9.72368 4.48686 9.34073 5.01803 35.543 3.72916 84.8723 107.364 28.7515 19.3638 300.017 247.284 29.9049 0.00235715 120.042
49.141 1.4572 14.1419 7.83989 5.31367 6.35612 5.01803 33.1832 3.72916 75.8171 107.732 45.6585 20.4527 300.017 111.612 29.73 0.00288463 120.04
38.4952 2.22604 7.40708 15.0761 4.01524 4.83679 17.8378 29.8667 10.9706 81.3622 91.9885 25.5072 13.0172 323.187 41.9316 37.4234 0.00149951 117.566
49.9547 5.45613 9.13442 8.47453 1.9513 4.63392 15.4692 30.6321 11.0978 73.929 95.1047 40.2082 26.655 301.801 25.5301 35.285 0.000491323 115.42
50.127 3.69746 8.94063 5.74192 3.13384 9.5047 32.9557 18.5655 5.63298 88.8134 82.7837 42.7914 31.2567 227.92 89.463 32.1417 0.000673377 122.015
48.6785 6.0811 8.81498 4.54448 3.17627 6.75194 22.1733 25.1957 9.62807 90.0185 83.2846 42.7914 27.4817 295.278 37.0769 34.3467 0.000227219 112.118
58.588 5.81288 9.38109 4.56798 4.00817 6.22096 20.0732 25.1957 9.62807 90.0185 83.2846 42.7914 27.4817 295.278 37.0769 63.8935 0.000151254 114.417
117.692 2.28722 1.12264 4.37157 4.64112 7.27358 22.5217 27.9805 5.65235 93.1918 92.4086 21.3158 26.5104 310.128 17.5874 32.8744 0.000240656 115.109
117.692 0.974808 1.12264 9.82055 3.03801 9.67116 16.5365 31.3626 18.1816 91.0101 80.2562 37.2241 53.4203 253.194 28.2393 11.2253 0.000210066 114.561
122.568 1.46805 4.76982 11.1855 3.10159 9.36008 3.64176 32.5097 20.9033 84.5166 80.2562 19.4452 44.6262 253.194 78.6203 3.45404 0.000194247 116.831
122.568 1.37437 4.33164 11.7831 2.05122 9.36008 4.73127 27.5818 23.4914 84.2491 80.2562 37.2619 58.2384 267.522 13.7919 3.45404 0.000498784 112.281
124.034 1.37437 3.16843 10.8514 3.42138 7.28918 9.71343 29.5923 21.8511 84.2491 80.2562 63.3733 57.1073 222.465 25.5488 6.88616 0.000177952 112.426
48.5483 1.39856 10.0184 15.095 3.33692 3.87286 5.26587 34.1703 19.8549 82.2114 65.5238 63.3733 47.3435 250.279 8.00891 10.4141 0.000306301 115.774
42.8141 1.16221 11.89 11.3702 3.84503 4.02811 16.0813 21.0715 39.9217 44.111 116.461 33.8164 45.418 283.732 26.3564 5.24594 0.000211173 115.934
38.6651 2.37273 13.6162 9.05809 3.259 3.07203 10.6274 20.1469 42.4589 53.5707 116.461 22.0897 45.723 283.732 53.87 2.61262 0.000211173 116.775
49.8011 1.10696 18.0704 4.90583 3.36619 6.5431 13.2507 23.6028 44.0081 53.5707 108.67 21.9078 38.1499 283.732 226.348 27.184 0.000246215 115.25
49.8011 1.2422 18.8674 2.61746 2.87757 5.93876 17.1075 12.3244 53.3362 52.3786 108.67 21.2669 38.1499 283.732 251.886 27.7812 2.08701e-05 111.467
48.1725 1.44894 18.8674 2.13085 2.96502 5.93876 17.1075 12.4361 53.3362 52.3786 108.67 21.2669 42.8604 283.732 251.886 27.7812 0.000613768 114.963
47.8362 0.658307 19.2422 2.13085 1.63795 5.93876 20.8912 10.9593 53.7322 52.3786 108.67 19.9122 45.7921 283.732 253.262 26.4946 0.000348738 114.438
52.9414 0.880141 4.53237 0.192155 2.2927 23.0284 17.0589 10.9593 53.2873 73.0259 94.7124 19.7728 47.8924 282.689 89.1848 26.9515 0.00161459 121.856
46.4073 1.0439 6.95937 0.976668 1.59651 15.9589 24.0908 18.9951 63.4308 71.717 19.4975 35.6465 71.8733 298.087 30.0359 2.71736 0.00107052 120.458
64.8909 0.979577 6.4548 1.48785 1.59651 15.8035 14.4106 19.3155 71.6921 71.717 52.6814 63.2846 58.4537 46.7082 40.8873 3.86897 0.00114338 124.73
64.7325 0.99219 2.76938 2.25248 1.99828 10.3031 15.4078 12.5893 110.612 70.0072 26.81 54.1183 58.5715 228.751 1.06957 10.2302 0.000544469 120.813
66.3428 0.997954 3.67705 1.41019 4.1585 10.1092 12.8406 9.20202 110.612 51.5692 29.7242 23.4751 81.1007 228.751 26.2534 10.2302 0.000303777 115.908
129.953 0.679525 1.70356 9.17693 3.53916 5.21714 8.43675 7.16757 109.95 60.2349 22.6407 35.4643 103.449 219.799 20.4454 21.6115 0.000125963 115.721
132.981 0.679525 4.02118 9.17693 2.31435 5.98566 10.4955 6.74106 109.95 60.2349 15.3502 47.6225 63.5376 279.076 36.7155 21.6584 7.06636e-05 113.225
125.522 0.679525 1.63032 8.69721 4.80909 8.50752 10.4331 6.74106 109.95 60.2349 15.3502 47.6225 63.5376 228.929 36.7155 21.2811 4.47035e-05 116.792
138.15 1.87084 4.69836 7.52073 5.09874 8.07051 5.78877 9.68047 109.95 54.7549 15.3502 77.4265 63.5376 228.929 72.9366 23.6787 5.23687e-05 117.086
121.86 4.58079 4.02004 7.02833 2.73585 7.98873 6.81484 1.12515 109.95 54.7549 43.5026 40.4497 68.9369 208.687 46.5567 22.9911 6.56282e-05 113.615
121.86 4.58079 4.41577 7.02833 2.73585 7.39561 6.55282 3.68284 100.33 33.3209 86.9129 25.9809 90.2899 208.687 61.7581 25.0291 0.000175032 115.001
135.25 3.37492 4.41577 8.18948 2.12149 8.77286 6.55282 14.0689 100.33 28.6783 59.7698 35.0281 115.363 208.687 61.7581 12.0091 0.000339465 115.318
135.25 3.37492 2.40152 8.18948 2.12149 8.77286 6.55282 14.0689 100.33 28.6783 59.7698 35.0281 115.363 208.687 61.7581 12.0091 0.000128309 114.445
135.25 3.37492 2.40152 10.3961 2.4954 8.77286 7.65599 14.0689 100.33 28.6783 59.7698 31.3341 115.363 208.687 61.7581 20.7695 0.000116024 116.246
-7.94499 9.83556 1.62876 12.517 9.88078 4.43001 11.9327 10.1808 100.33 28.6783 71.9062 46.0642 64.399 233.218 2.34884 21.351 0.000266222 116.956
71.1238 8.65286 1.62876 12.0427 2.60382 4.43001 11.1094 4.20067 97.132 38.63 71.9062 46.0642 64.399 233.218 51.8116 26.0345 0.000100766 114.163
71.1238 9.33265 1.62876 10.2117 2.38246 4.43001 8.6812 8.86673 98.8857 38.63 71.9062 46.0642 64.399 233.218 51.8116 25.2918 0.000120031 114.965
71.1238 10.8798 1.62876 5.81459 9.29185 4.17677 8.69401 8.86673 104.976 38.63 51.5447 27.9696 97.437 233.218 81.3358 14.1362 9.90097e-05 115.063
93.796 10.2706 1.89284 5.81459 9.29185 3.54053 8.71441 16.434 79.415 38.63 80.8182 21.3473 65.3247 233.218 15.3741 0.0732813 0.000367107 116.052
99.0124 7.43502 1.89284 5.96533 6.49322 7.11322 8.67402 14.9833 94.8555 38.63 68.0232 5.98079 67.0553 278.814 15.3741 18.0789 0.000661891 112.787
99.0124 7.70112 1.89284 6.06236 6.49322 7.11322 8.67524 12.5707 94.8555 38.63 68.0232 8.32326 67.0553 278.814 15.3741 21.5076 0.000661891 112.91
99.0124 7.70112 1.89284 6.0366 6.49322 7.11322 8.45636 13.249 99.6071 38.63 68.0232 12.0918 65.9175 278.814 15.3741 21.5076 0.000584213 112.732
101.948 6.40567 1.89284 5.61931 5.61877 8.67771 8.44759 14.8295 99.6071 38.63 72.3974 12.7755 65.9175 278.814 15.3741 37.3857 0.000584213 114.495
67.8704 9.81273 3.92645 2.48361 1.67184 4.40046 7.74826 15.3815 87.9526 52.312 72.3974 22.3408 84.674 237.803 42.3843 15.8894 0.000646992 114.065
67.8704 9.95604 3.03955 4.94473 1.20979 4.40046 7.8363 16.9502 87.9526 60.3999 72.3974 11.2779 89.7176 233.917 16.7744 8.96981 0.000485394 114.615
72.7439 9.81366 1.32996 3.81481 1.06811 4.83251 7.67836 16.7055 87.9526 35.0241 85.0656 7.3435 170.262 145.554 16.7744 4.63429 0.00022395 115.523
89.08 7.58317 5.03231 5.05349 6.72621 8.03172 7.42663 17.9798 78.786 35.0241 85.0656 8.46764 170.262 145.554 37.4414 9.85869 0.0003564 114.54
99.0615 7.58317 5.03231 5.05349 6.72621 5.11937 7.46269 18.7415 78.786 35.0241 85.0656 7.75503 170.262 145.554 28.8805 15.3012 0.000192875 112.332
99.0615 7.27921 5.03231 5.05349 6.72621 5.11937 6.844 18.7415 78.786 35.0241 85.0656 8.29622 170.262 145.554 25.5952 11.4374 0.000232824 111.608
100.135 6.9133 5.16531 5.05349 7.19783 2.21732 11.2332 17.3815 67.6889 35.0241 85.0656 8.23935 170.262 145.554 25.5402 10.1063 0.000175332 113.859
59.8679 9.3321 5.16531 2.99668 9.29885 5.75691 14.2668 17.3815 67.6889 35.0241 85.0656 7.8396 170.262 145.554 17.2787 17.3615 0.000105159 112.789
49.279 11.5722 7.53364 1.46504 5.26029 1.77846 16.4944 19.4982 68.0243 60.8702 68.1458 7.8519 139.291 181.765 62.5882 15.2973 2.64635e-05 110.332
49.279 7.4373 8.82012 4.66952 7.45539 1.77846 15.6568 21.4516 68.0243 61.8088 68.1458 7.37233 139.291 181.765 62.5882 18.1339 2.64635e-05 110.947
49.0201 8.33021 9.48201 1.4874 6.42641 1.77846 22.8414 18.8796 54.1274 54.7772 68.1458 21.0295 141.018 181.765 294.295 19.6044 0.000652735 116.317
43.6976 9.89925 4.2657 1.94586 8.15061 1.62834 24.0974 20.9312 54.1274 58.8894 66.4987 15.5135 141.018 181.765 302.233 8.69772 0.00226017 118.167
80.8303 10.9583 5.12046 3.09587 3.19004 1.56486 11.6536 26.5814 51.0148 58.8894 65.1504 28.8789 141.018 176.051 289.105 17.6944 0.0020809 123.908
-32.213 5.73512 8.22895 5.67905 0.903904 11.3259 5.57607 33.6333 68.0196 68.6883 59.59 26.9327 141.018 176.051 22.0708 24.5131 0.000753059 119.672
-11.3813 7.12667 14.4418 7.78979 1.2585 13.6866 6.57099 18.3921 72.5389 40.582 82.2737 17.8563 92.1564 230.402 22.0708 42.387 0.00713393 121.142
25.8925 5.60286 11.7639 5.74709 1.8589 12.3213 6.57099 17.8116 72.5389 40.582 82.2737 23.5281 99.316 214.746 22.0708 24.1135 0.00462609 116.569
33.239 6.94721 12.4332 4.3225 0.991757 10.4369 8.24621 19.0387 85.4348 40.582 78.012 31.6792 94.8756 197.934 22.0708 36.5228 0.00285293 115.999
34.5909 5.26659 13.8114 4.3225 0.626269 10.4369 6.88984 19.4401 85.4348 54.0659 57.7219 39.0948 94.8756 197.934 22.0708 33.1179 0.00285293 115.586
34.5909 5.26659 13.8114 4.3225 0.626269 12.4121 6.88984 19.4401 85.4348 54.0659 57.7219 39.0948 94.8756 197.934 22.0708 33.1179 0.00285293 115.639
8.36516 5.03842 11.8624 0.249133 1.378 16.2125 10.7193 19.15 69.4062 55.0053 57.7219 53.2671 107.12 191.421 80.742 7.41734 0.00694463 123.884
52.8325 3.24945 15.913 0.288272 0.949912 13.4559 8.97029 18.3093 78.1953 56.4927 63.3205 53.2671 91.1414 191.421 30.0501 4.27408 0.00456174 116.766
45.611 4.18977 12.9918 0.288272 1.11294 13.4559 4.46982 22.4983 72.2289 66.6023 63.3205 57.7794 126.801 93.2327 11.3656 4.27425 0.00456174 119.246
49.4742 6.02319 13.3752 1.3225 0.699132 15.435 4.46982 16.3579 67.5148 63.0276 75.9075 65.5797 126.801 112.744 11.3656 0.498966 0.000407542 114.6
47.3548 6.02319 6.78136 5.25089 0.98257 15.435 4.46982 19.8873 71.3366 57.6329 75.9075 66.7081 126.801 112.744 11.3656 1.51648 0.000407542 114.437
47.3548 3.20031 11.0837 8.72532 0.977956 9.87521 3.46315 18.007 71.3366 64.3475 75.9075 66.6902 126.801 112.744 18.9053 1.51648 9.76693e-05 112.345
51.0567 3.20031 10.648 8.72532 0.977956 9.87521 5.00054 19.1395 71.3366 64.9864 75.9075 66.6902 126.801 96.9869 18.9053 0.355069 9.76693e-05 112.041
54.9495 8.72298 7.5835 6.90086 1.48953 7.71297 7.64367 18.8086 65.8584 64.5648 75.9075 66.6902 126.801 96.9869 42.8761 0.355069 9.76693e-05 113.863
47.6174 8.72298 7.41102 5.08692 3.00334 7.24344 4.08956 20.2117 71.0207 64.5648 85.7423 76.8278 94.653 132.029 42.8761 6.80861 0.000296548 114.255
46.0342 6.79534 9.99446 7.37146 2.39862 5.52467 6.31232 22.9211 71.8589 44.1734 85.7423 85.2438 102.52 132.029 29.5453 9.20667 0.000662161 116.395
59.2949 5.71949 8.65887 4.63703 1.20519 4.68681 7.80124 25.1975 70.6554 33.1733 93.4359 50.1704 119.537 143.296 19.9653 5.05593 0.000316432 118.153
65.3089 7.76108 6.84333 6.12383 2.48764 2.82161 16.2082 13.0248 92.256 43.6452 70.7905 50.1704 122.916 143.296 35.8129 21.9505 0.000185308 115.198
70.2068 9.48736 4.68258 5.99831 1.55336 6.62067 20.7423 10.4917 92.256 32.0455 75.5364 50.1704 122.916 143.296 35.8129 8.14024 9.95909e-05 114.697
67.7885 6.38509 10.8638 3.15033 0.139488 4.59469 22.957 6.58279 92.3598 42.1179 69.3212 48.5412 131.519 143.296 7.62196 14.5451 9.95909e-05 114.803
111.042 6.04424 7.17665 0.392083 2.21933 7.04117 19.8839 7.36837 84.7735 42.1179 67.1643 51.3595 131.519 146.551 7.62196 13.0481 9.95909e-05 114.671
114.333 6.63937 6.67765 0.244859 1.23344 5.22959 22.2592 12.9612 80.7298 44.2575 76.5012 76.2401 98.1658 146.551 7.62196 15.3479 9.95909e-05 116.262
114.333 7.6487 3.21213 1.66796 4.56446 4.41697 22.9195 7.24258 71.3044 44.2575 76.5012 48.1499 131.108 146.551 7.62196 7.93886 9.95909e-05 114.745
132.88 7.6487 3.57505 1.38834 4.56446 4.44701 24.2918 20.7601 42.9196 37.4639 103.475 40.8055 131.108 146.551 7.62196 11.096 9.95909e-05 113.595
132.88 7.6487 3.57505 1.38834 3.354 6.14808 23.6907 20.7601 37.2694 48.6393 120.289 29.5355 156.445 87.4046 7.62196 11.096 9.95909e-05 112.086
132.88 6.72709 3.41364 1.38834 3.354 6.14808 23.7847 20.7601 37.2694 48.6393 120.289 29.5355 156.445 87.4046 7.62196 8.95809 9.95909e-05 111.135
132.88 6.72709 3.41364 1.38834 3.354 6.14808 23.1803 20.7601 37.2694 48.6393 121.181 29.5355 156.445 87.4046 30.8745 15.1473 0.00575204 115.377
132.88 6.72709 3.41364 1.38834 3.354 6.39086 23.1803 20.7601 37.2694 48.6393 122.534 29.5355 156.445 87.4046 30.8745 15.1473 0.00575204 116.718
132.88 6.14575 3.9849 2.86527 1.02552 3.97861 21.7103 28.3192 37.2694 53.9641 122.534 33.7241 146.106 87.4046 24.5506 25.8929 0.00181331 120.11
121.559 4.7867 6.12276 2.29425 0.998811 2.56251 23.7724 16.4184 62.4418 41.4717 108.354 18.969 146.106 87.0323 6.30841 27.3983 0.00226751 116.945
93.3917 4.7867 7.5729 2.29425 0.998811 2.7968 23.7724 13.1385 62.4418 41.4717 111.728 18.969 146.106 87.0323 6.30841 33.8218 0.00226751 119.937
-41.095 12.5397 6.56231 13.4167 5.87527 1.64927 13.7472 19.9548 56.8028 41.4717 111.728 17.1647 150.236 87.0323 15.7274 12.3145 0.00226751 119.957
-6.51737 12.9403 5.09278 7.90267 5.70246 1.35949 19.0084 20.4518 59.4261 34.8275 111.728 16.3701 148.496 103.433 15.7274 4.02861 0.00226751 121.117
21.525 8.61811 4.97722 10.9585 3.7663 1.62499 26.166 24.6896 40.9885 69.9068 86.598 11.2898 76.1701 231.896 25.5907 2.49079 0.00818492 120.769
18.7973 9.85142 5.25978 10.9585 4.16888 2.58987 5.7745 26.8087 61.7397 59.4861 81.6038 8.68925 102.174 231.896 16.6846 9.21227 0.0121332 118.91
41.5932 7.44544 2.36072 14.4482 13.0164 0.585666 3.76632 26.9104 52.945 64.3706 72.9562 6.61595 105.207 230.578 16.6846 12.4717 0.0415843 119.185
46.5493 2.13972 6.62854 13.5622 10.9718 1.73423 3.76632 28.6951 50.1723 62.6051 70.7351 6.02908 105.744 243.642 16.6846 5.46802 0.0299427 116.374
46.5493 2.67027 6.31107 15.1185 10.9872 1.07053 3.76632 29.6847 48.7214 58.1601 75.8887 7.40583 106.007 241.219 16.6846 9.83407 0.0168343 114.959
46.5493 2.67726 6.31107 12.7233 11.1144 5.32933 1.59472 18.9069 60.8135 58.1601 60.5914 13.0972 76.5225 257.415 16.6846 25.3087 1.07572e-05 114.386
4.48883 14.4115 4.02599 7.82071 10.7533 3.99459 2.94762 18.9069 65.8278 61.7966 59.6373 12.8118 55.6511 272.862 44.9873 0.510819 1.07572e-05 116.506
36.6498 6.40664 2.947 14.1492 12.6198 4.32864 7.08346 9.23777 74.9851 62.1012 54.7482 12.177 119.205 214.734 44.9873 5.45837 1.07572e-05 113.325
46.8666 9.88917 3.85758 7.24712 6.02705 2.86229 11.4144 7.06322 83.3652 57.7751 83.3591 11.8511 40.0001 290.483 59.8667 48.0876 0.000255885 115.524
42.0731 9.76168 6.90584 7.48458 6.02705 3.06071 10.2195 10.7171 79.472 59.9699 80.1755 12.6926 38.6898 310.498 37.9889 44.799 0.000615361 115.133
41.4358 7.39333 9.66974 5.66841 5.18203 3.5418 19.569 4.1663 81.3324 59.5029 69.6791 21.2216 40.7182 321.686 39.5878 20.397 0.000415985 114.524
44.3478 2.05932 8.29838 5.66841 5.97971 3.2691 18.5413 8.11588 87.9455 45.9607 69.6391 34.1874 24.2277 317.28 39.5878 29.942 0.000270129 115.929
65.89 0.351087 10.0083 3.15923 11.2019 3.60591 18.9818 8.11588 87.9455 45.9607 69.6391 20.2834 21.4549 330.074 39.5878 10.6759 1.43647e-05 111.343
53.8882 1.93508 9.70333 3.15923 5.17993 3.26693 19.3209 7.64768 82.5582 49.9773 68.0885 3.40448 36.1021 354.419 39.5878 6.15608 1.43647e-05 109.822
53.8882 1.93508 9.57965 10.5763 5.17993 2.58276 20.6973 4.78272 82.5582 49.9773 68.0885 3.35104 29.2209 339.784 72.7564 10.7056 1.43647e-05 109.499
54.7928 2.53693 9.43086 8.40206 6.37376 2.106 20.6973 16.3364 48.1299 68.3913 68.0885 12.0878 28.6919 338.839 0.862137 10.7056 8.24649e-05 110.699
43.2395 5.45143 9.90406 11.983 7.05777 1.84404 14.3615 12.8809 66.4208 70.7213 53.6162 23.0264 28.8277 317.616 3.27725 43.3972 0.000259822 115.087
43.2395 3.22674 9.83635 11.1725 3.34113 4.76761 15.3528 16.027 66.2619 72.4993 51.4216 29.0709 28.2688 314.985 33.511 68.2947 0.000218019 114.062
43.2395 7.55367 9.47934 3.24685 4.81315 5.66236 16.0304 15.4819 66.912 57.5947 55.057 9.27619 28.4994 359.642 69.0364 47.9766 0.00103564 113.421
42.6742 6.48277 8.05442 3.24685 7.77354 6.67513 15.8605 14.9102 66.912 57.7205 53.4667 23.4951 14.6325 359.642 39.0111 47.9766 0.000860906 114.441
43.5264 6.51942 6.37955 2.57021 7.50226 5.96521 15.1258 13.7539 68.3587 57.7205 59.2148 10.6629 29.064 359.642 39.0111 39.3267 0.000514588 111.898
51.9883 6.51942 7.74118 3.06268 7.53305 4.99128 22.6123 10.8443 67.9656 57.7205 54.2004 12.5964 29.3861 376.47 87.7307 41.0828 0.000116379 111.631
47.72 8.65456 8.37326 4.26426 4.93032 3.46617 31.5395 6.48002 67.9656 67.6472 49.6737 8.73548 27.2907 339.011 33.8038 40.8331 0.000217336 113.819
47.72 8.65456 7.05222 1.95138 1.39537 3.10971 32.0398 5.4905 76.3322 38.1934 70.2332 8.73548 35.3755 360.766 105.879 35.6144 0.000217336 114.512
47.72 12.5495 6.37524 1.96772 1.39537 5.23403 28.1253 5.4905 76.3322 46.1326 70.5629 8.63134 23.0319 360.766 197.044 35.071 5.22696e-05 108.986
47.72 13.0332 4.07321 1.32025 1.20883 5.23403 28.1253 9.66526 54.4602 66.2667 69.393 8.63134 18.6633 360.766 208.678 45.6264 6.92768e-05 109.143
47.72 13.6362 4.35745 1.52016 1.20883 5.23403 28.1253 16.3953 53.4511 67.8226 69.7127 3.84773 15.0915 360.766 208.678 38.2621 5.18329e-05 109.953
47.72 13.6362 1.14861 1.63006 7.39056 3.87417 26.7645 9.37857 44.3749 67.8226 80.0583 3.84773 15.0915 360.766 214.913 39.2658 8.00178e-05 109.198
47.72 5.29145 0.765454 3.11348 12.1615 4.049 34.7402 9.59399 42.4898 67.6545 71.0053 1.07835 25.402 360.766 209.178 2.80258 6.70281e-05 108.131
47.72 5.29145 2.07165 3.32185 11.631 4.049 27.9911 9.59399 44.2466 67.6545 86.5387 1.07835 16.6754 360.766 207.158 2.80258 4.86062e-05 108.238
41.3876 8.47826 4.11722 3.27905 11.631 4.049 27.9911 9.59399 41.1095 67.6545 77.5112 1.07835 16.6754 367.885 207.158 2.02595 0.000141391 109.193
47.8157 6.96697 7.93751 2.32103 7.67703 2.02331 27.9911 9.59399 41.1095 68.1874 83.984 1.07835 16.6754 367.885 207.158 22.5781 0.000327053 108.819
51.9756 8.12219 8.5149 2.32103 7.67703 2.02331 28.2241 9.59399 59.1123 69.4752 63.9901 1.07835 12.9342 367.885 14.3315 22.7858 0.000327053 109.092
34.3408 7.11648 12.0526 2.32103 5.83466 0.556487 22.1305 3.44542 70.7303 75.7195 52.8027 1.07835 26.6798 367.885 14.3315 21.4902 0.000208715 112.393
29.5438 8.14258 12.1669 1.4156 8.24373 0.556487 30.502 3.44542 54.1091 76.788 52.8027 6.48905 20.5346 367.885 236.495 25.2674 0.000136146 115.521
34.4555 7.63147 10.5491 0.482639 6.5696 1.23185 30.502 14.1619 51.8851 75.9294 52.8027 3.97496 22.5601 367.885 217.124 23.8567 6.37389e-05 109.57
25.4422 8.11977 9.89613 0.597592 5.66278 7.80235 30.502 14.1619 60.0638 54.7682 52.8027 5.3507 24.4256 367.885 217.124 24.0375 6.7889e-05 115.75
27.5599 10.0917 10.9317 0.597592 3.91286 5.70216 17.72 21.981 60.0638 34.8138 48.3202 5.3507 24.4256 410.012 192.071 22.7313 0.000349857 115.89
51.497 11.7705 9.76491 0.597592 6.23185 4.82466 14.9904 26.8805 55.7963 34.8138 47.1664 2.80786 28.7379 410.012 192.071 22.7313 0.00111906 117.028
51.497 11.5959 8.77259 0.597592 4.47449 8.41252 7.9616 27.7724 54.4425 34.8138 47.3051 3.70906 5.49721 473.232 58.509 28.93 0.00251602 120.63
51.497 11.5959 8.18117 0.597592 3.02337 7.05624 18.2304 17.1514 54.1621 51.3593 67.8419 2.4323 5.49721 18.6804 63.3091 28.93 0.000680016 117.907
36.0884 11.3919 8.31561 1.83349 2.2518 6.61957 19.8592 18.7367 54.2885 51.1269 85.4875 2.34694 4.47452 18.6804 68.5265 33.285 0.000566761 116.72
49.1804 10.5352 8.93695 3.08862 2.0028 3.33622 33.3883 2.35732 54.1759 60.7657 85.4875 1.12255 4.47452 104.307 5.51882 12.3609 0.000752386 117.7
49.1804 13.0171 6.06224 3.08862 0.733278 2.31124 38.6945 7.49625 46.0389 60.7657 85.4875 1.28417 3.14476 394.196 20.8487 18.0944 0.000851429 114.496
29.0234 10.2886 9.37116 1.61449 0.733278 4.60701 30.8396 18.8265 36.7067 60.5869 85.9005 1.28417 2.21111 394.196 42.4653 12.2325 0.000764954 115.243
29.0234 12.2397 10.3302 0.709009 0.733278 4.96727 29.651 22.8072 36.7067 60.5869 85.9005 1.28417 2.21111 394.196 44.0577 12.2325 0.000740491 116.253
16.6925 10.4831 8.51272 4.35728 0.733278 6.86277 24.2089 23.5619 37.1577 72.0483 76.633 1.28417 0.94412 394.196 76.8527 29.3476 0.00147475 117.096
98.6171 2.37644 6.37009 7.16146 0.733278 5.89115 32.4877 10.6496 46.4388 68.2466 76.633 1.28417 2.12028 394.196 76.8527 0.935454 0.00106951 115.447
104.446 2.37644 5.60317 7.16146 0.733278 8.33122 32.4877 10.6496 46.4388 74.1738 67.8353 1.28417 2.12028 381.98 65.3895 13.3812 0.00106951 115.14
105.952 2.37644 1.82088 8.39736 3.20152 8.33122 26.0697 16.1182 46.4388 68.2006 67.8353 6.1112 2.12028 381.98 61.9446 8.99328 0.000636583 113.145
49.4514 2.37644 2.43358 7.5703 3.20152 11.5593 26.0697 10.2392 46.4388 68.2006 67.8353 6.1112 30.2866 381.98 37.3308 8.99328 0.00010957 110.698
36.0354 13.8646 6.27823 3.63124 3.08775 1.3816 24.4233 8.26398 48.4397 70.6352 67.8353 3.33945 11.3706 381.98 28.6545 2.65238 0.00493542 116.061
19.4936 12.0906 6.02722 3.14668 6.33428 2.7575 29.9374 7.29936 43.427 81.3718 63.8702 1.23724 18.4562 381.98 30.7721 6.76428 0.00194299 113.47
26.3951 11.4406 6.02722 1.70167 4.69357 6.80186 29.0238 10.278 43.3179 86.7419 60.8517 1.58792 6.5984 381.98 30.3565 17.4425 0.00046654 111.721
21.2671 10.6304 8.75321 0.971252 4.61538 10.8081 29.0238 9.48151 43.3179 88.0008 54.6806 1.21806 8.12238 381.98 30.2841 0.43058 0.000139782 113.775
23.562 11.368 12.5719 0.839936 2.22627 4.78731 21.6822 9.48151 45.2266 90.871 63.4258 2.2224 19.9615 371.711 32.1014 4.12079 0.000296053 115.435
8.18404 13.6741 10.9141 0.704694 2.22627 5.00696 19.0477 10.9064 52.7551 91.6162 48.5318 2.90209 16.2359 371.711 29.661 4.82648 0.000296053 112.857
-9.73617 13.6741 10.9141 0.704694 2.22442 5.35023 27.2722 5.33567 52.7551 91.6877 48.5318 7.82265 10.5833 366.493 21.0718 4.82648 0.00134784 113.571
13.2817 13.5192 10.3436 1.68429 2.38781 2.20584 34.3265 5.33567 43.8072 91.6877 48.5318 10.1613 13.0878 366.493 16.3016 3.05744 0.00134784 112.204
13.2817 13.0172 9.62915 1.68429 2.46492 2.20584 34.3265 10.8805 42.0464 93.5013 49.9404 5.00887 12.2436 366.493 16.3016 5.00879 0.00134784 113.065
13.2817 9.07417 13.6195 2.40915 2.57076 1.00702 39.4232 10.8805 31.945 92.7552 54.6424 18.3654 9.76646 356.714 9.82648 24.701 0.00134784 114.907
3.2004 11.1827 11.4203 1.70659 2.63155 2.61383 39.4232 21.254 19.5629 92.3168 61.6389 0.233765 16.8407 356.714 8.63714 41.0785 0.00134784 120.368
-12.7697 15.4891 11.4203 1.70659 0.252549 1.16549 39.4232 21.254 19.5629 87.6194 61.6389 7.42004 16.8407 354.398 16.9406 47.8759 0.00134784 121.465
-0.491585 14.5274 8.22717 1.01121 0.728463 1.16549 39.4232 19.9397 19.5629 78.3859 73.7852 12.1065 15.1849 354.398 23.8727 47.3678 0.00472502 120.242
-0.491585 14.6389 8.22717 1.01121 1.09434 1.16549 38.7384 21.0037 19.5629 78.3859 81.2016 8.0924 15.1849 354.398 12.7536 18.592 0.00472502 119.891
-0.491585 15.1991 8.22717 1.01121 1.09434 1.16549 38.7384 19.7296 19.5629 77.2537 81.2016 4.2348 17.3522 354.398 15.0337 17.7127 0.00472502 117.708
8.66287 15.4145 7.87973 1.01121 1.54004 1.98488 37.141 18.165 19.5629 77.2537 81.2016 4.5285 17.4038 354.398 12.7839 17.7127 0.00460727 115.288
-41.8173 16.1853 9.39442 2.23061 1.48886 4.99 37.141 16.4566 22.8635 77.2537 81.2016 2.23541 15.8916 354.398 12.0641 20.7109 0.00229785 116.715
10.7716 14.6964 8.30092 2.83108 2.3789 1.16258 37.9373 9.32029 22.8635 82.2859 73.8278 2.62498 25.8779 354.398 23.7747 20.7109 0.00157591 113.708
15.0815 9.38906 12.5448 5.18215 1.68473 2.54613 37.9373 10.755 28.84 83.7094 72.6087 2.6139 25.8853 354.398 8.29418 11.8607 0.000522166 117.474
44.7398 4.89867 10.8439 8.55636 0.524657 4.37712 28.0504 7.80646 44.3588 88.5444 53.5612 4.29354 21.8001 375.709 11.689 21.6232 0.000259394 109.159
55.5563 4.16976 6.66542 8.55636 5.39111 7.09899 13.1437 7.78996 42.9902 106.702 45.5694 12.9041 9.43531 375.709 13.9863 32.7454 0.000304096 112.415
120.431 4.16976 1.78891 2.90756 7.10669 6.73102 31.0516 14.5607 38.7047 80.0676 45.5694 22.2521 14.4939 419.826 117.653 48.9888 0.00212145 121.031
51.2023 6.09623 2.19671 7.82809 6.42391 6.29797 38.6043 7.53684 27.5513 97.1112 41.1054 13.3872 3.05651 405.557 181.586 89.844 0.000908729 116.32
50.2947 1.11783 1.98384 8.18045 4.98811 8.24504 38.6043 4.29153 31.8429 95.4336 59.601 4.11481 3.05651 405.557 174.757 89.6951 0.000908729 115.296
44.612 0.61791 2.33998 0.8233 15.2857 8.19667 40.1128 4.78692 31.8117 102.53 39.3297 7.33474 3.05651 405.557 174.757 63.7576 0.000354024 114.264
44.612 0.61791 2.8817 0.8233 15.2857 6.34074 37.7635 4.78692 39.6402 101.346 39.3297 6.87019 3.05651 405.557 174.757 63.7576 0.000439692 112.908
44.612 2.36142 1.16067 0.8233 15.2857 7.50551 37.7635 4.78692 37.3136 103.592 45.366 6.87019 19.1592 382.112 174.757 28.1686 0.000737785 114.392
41.2613 2.12053 1.16067 0.8233 11.8822 10.2984 37.7635 3.22636 38.7982 103.097 35.5437 8.66786 29.8621 382.112 174.757 28.0076 0.00121225 111.863
41.2613 1.87172 1.16067 0.8233 11.8822 10.2984 37.7635 8.19306 38.7982 99.7039 35.5437 9.63442 29.8621 382.112 174.757 21.8511 0.00121225 111.994
38.3066 1.83879 3.18821 4.30517 14.1213 2.89737 37.7635 8.19306 38.7982 98.0969 32.0807 15.4971 16.4112 382.112 141.195 23.0547 0.000162075 111.476
56.1223 2.2918 4.65081 2.39325 3.04349 6.68428 37.7635 8.19306 38.7982 93.6928 43.3127 19.1701 13.1681 382.112 141.195 24.3473 0.000162075 112.799
56.1223 2.15326 3.38611 2.39325 9.8073 7.76486 36.0315 1.51591 38.7982 119.043 14.121 24.4412 8.33555 382.112 227.954 29.6764 0.000173847 113.115
56.9656 2.1819 3.38611 2.39325 6.97654 10.9018 36.0315 1.51591 41.1986 114.912 14.121 17.4752 7.37464 382.112 227.954 30.2891 0.000173847 113.521
66.5165 1.43935 1.61984 3.28882 6.97654 10.9018 34.3281 1.51591 41.1986 116.428 14.121 28.3678 7.71427 382.112 183.662 38.7623 0.000135851 112.522
14.1107 3.68802 1.71363 1.95665 7.28462 11.368 34.3281 1.51591 44.3963 116.358 15.4387 24.2756 1.47492 382.112 25.4855 44.5032 0.000135851 117.678
56.0839 3.55643 1.60386 2.64775 10.2343 14.306 25.4454 3.5398 43.843 119.146 16.5465 17.1244 0.60785 382.112 16.2271 72.4793 0.00263641 123.885
56.0839 3.00339 1.87413 2.64775 15.4654 2.18639 32.1345 3.5398 44.1935 110.86 26.8174 17.1244 9.37641 382.112 30.7421 102.997 0.0023672 119.113
43.856 3.31512 2.77709 2.52118 21.4367 4.17787 18.7284 3.5398 46.2354 108.465 38.5679 11.4265 12.3873 382.112 33.941 48.3587 0.00118332 115.505
43.856 2.33308 0.80553 2.52118 21.4367 9.23088 26.1443 3.5398 46.2354 100.092 36.9252 11.4265 8.35206 382.112 1.0902 31.7892 0.0026718 116.33
6.73821 10.5239 1.70422 1.9703 4.55852 12.5853 26.1443 3.5398 43.2036 110.01 36.9252 10.1965 5.8072 382.112 17.3256 21.7423 0.00446319 117.603
11.2341 9.84624 0.449545 2.56689 7.67072 12.5853 29.5006 3.5398 34.9251 111.67 36.9252 14.8229 2.49075 382.112 26.2484 22.291 0.00567618 118.139
11.2341 9.23051 1.92222 8.29872 6.47343 14.6165 25.6712 4.01186 28.3642 108.976 36.9252 20.1494 10.1158 369.287 81.7878 23.4077 0.00259105 120.756
14.1142 9.15925 0.129441 8.29872 3.71606 9.32149 34.4472 10.3236 27.1789 108.976 36.9252 9.1244 0.638995 389.576 87.6397 23.4077 0.00319338 121.723
-73.7403 10.8904 0.129441 7.2284 3.71606 6.53064 34.4472 24.4941 9.89295 118.664 36.9252 18.0578 5.58716 389.576 15.7428 14.2975 0.0126844 119.74
-73.7403 12.1011 6.65491 1.03113 7.0088 10.9766 34.4472 26.9477 1.5033 118.664 26.7495 18.0642 16.8829 389.576 19.1209 42.5771 0.00872675 123.012
-73.7403 19.2237 6.14711 1.94459 4.02635 11.697 34.4472 17.9662 1.5033 122.731 34.0271 18.0642 8.70847 389.576 16.087 7.13612 0.00719425 120.467
-73.7403 11.3478 5.19679 1.71205 6.80307 11.697 34.4472 25.6069 4.00076 122.731 31.2985 14.582 8.70847 389.576 10.5495 17.8333 0.0128556 117.71
-30.8301 7.80428 1.4916 2.98134 6.80307 13.8829 34.4472 19.8037 0.122182 122.731 31.2985 21.9848 19.695 389.576 12.7806 26.7725 0.00691913 122.196
-59.1785 12.7149 1.63975 2.49452 6.20298 10.2393 42.7606 16.1146 5.10562 120.383 36.4425 10.5885 7.39105 389.576 19.6074 26.9289 0.00708713 118.765
-59.1785 11.08 3.77291 0.577193 5.77847 15.1325 37.9071 13.6144 7.33222 119.429 45.8074 7.90449 7.39105 388.004 20.6546 32.0522 0.00243792 116.324
-59.1785 11.08 3.77291 0.577193 5.77847 15.1325 37.9071 15.2449 7.33222 119.429 45.8074 10.6117 7.39105 388.004 20.6546 28.0052 0.00243792 116.379
-59.1785 9.98078 2.73797 0.577193 8.11242 17.8855 26.1542 27.6591 12.7079 102.046 49.0718 10.6117 21.4961 388.004 16.44 23.5114 0.000786053 116.745
-59.1785 9.98078 2.73797 0.577193 8.11242 15.7259 26.1542 27.6591 12.7079 107.653 49.0718 10.6117 21.1964 353.038 11.4629 25.1159 0.000786053 115.657
-13.5126 10.045 2.01549 0.577193 9.98584 14.7608 11.9274 31.0924 2.37227 114.011 43.4775 18.6449 21.1964 375.704 10.2872 31.3504 0.000786053 118.548
65.8214 6.24088 7.82955 0.577193 9.31387 13.1684 8.65935 31.0924 2.37227 114.011 43.4775 18.6449 8.25818 375.704 10.2872 27.5773 0.000786053 115.133
66.7684 3.5583 7.82955 1.52978 10.2466 13.1684 10.0785 32.6148 2.37227 114.011 43.4775 18.6449 8.25818 375.704 0.13462 32.2566 0.000786053 116.091
71.8222 2.44028 7.90987 6.05169 9.67194 5.22401 16.7866 28.9788 2.37227 109.384 50.9618 2.7028 19.9532 375.704 18.4277 20.6806 0.0041589 115.437
72.1261 3.91531 4.79808 4.25721 9.49538 5.22401 18.9401 29.6523 2.37227 109.384 53.6784 2.7028 26.674 375.704 24.9561 12.5279 0.00423125 113.649
13.9111 3.91531 4.79808 13.1333 11.5955 5.22401 18.9401 29.6523 2.37227 109.384 17.3717 2.7028 26.674 423.064 43.3448 12.5279 0.00631709 116.347
13.1853 3.91531 4.79808 13.1333 11.5955 5.22401 18.9401 29.6523 2.37227 109.384 17.3717 2.7028 26.674 423.064 122.161 10.8912 0.00481195 115.232
13.1853 3.91531 4.79808 12.1944 11.5955 4.86229 18.9401 29.6523 3.8636 109.384 17.3717 2.7028 26.674 423.064 122.161 10.8912 0.00435446 114.767
36.323 3.91531 4.78766 12.1944 11.5955 7.25603 18.9401 27.3656 3.8636 109.384 17.3717 2.76933 15.8144 423.064 122.161 5.94107 0.00751506 116.625
32.7839 6.02561 6.52455 12.1944 11.5955 7.33627 16.7819 27.3656 3.8636 105.079 17.3717 4.93182 15.8144 429.883 181.474 9.8676 0.00751506 116.024
37.2799 5.41103 3.02188 10.3125 11.5955 2.48406 16.7819 36.5613 3.8636 105.079 17.3717 4.93182 15.8144 429.883 181.474 9.8676 0.00622061 111.393
42.0215 5.41103 3.02188 10.3125 13.386 2.48406 16.7819 36.5613 3.8636 105.079 17.3717 4.93182 15.8144 429.883 181.474 9.8676 0.00526509 112.705
41.8299 6.60441 4.11544 10.8226 13.386 2.04058 16.7819 36.5613 3.8636 105.079 17.3717 3.50437 15.8144 429.883 181.474 14.1288 0.00416116 113.617
42.9083 1.99645 4.30696 11.1805 20.3249 2.04058 16.5686 27.077 3.8636 110.885 15.0562 3.73917 15.8144 431.488 149.825 14.1288 0.00685403 115.334
41.11 1.30625 5.66209 12.1333 16.6918 2.04058 16.5686 27.077 3.8636 110.885 15.0562 5.7795 15.8144 437.543 149.825 10.6794 0.00637798 114.734
43.6677 1.24313 5.66209 12.1333 16.6918 2.04058 16.5686 27.077 5.68876 110.885 15.0562 5.03468 15.8144 437.543 149.825 4.16904 0.00550409 112.667
43.6677 3.82044 8.84336 12.1333 11.591 2.04058 16.5686 29.7934 5.68876 110.885 15.079 1.6319 15.8144 437.543 149.825 5.68783 0.00550409 110.824
46.2405 3.82044 8.84336 12.1333 11.591 2.04058 16.7739 29.7934 5.68876 110.885 15.079 1.6319 15.8144 437.543 149.825 1.35014 0.00550409 110.595
46.2405 3.82044 8.84336 12.1333 11.591 2.04058 16.7739 29.7934 5.68876 110.885 15.079 1.6319 15.8144 437.543 149.825 1.12112 0.00550409 110.671
40.4364 3.21004 8.81176 12.4967 11.3229 2.04058 16.7739 31.7574 4.5574 110.885 15.079 1.6319 15.8144 437.543 149.825 1.12112 0.00436856 111.412
58.4423 4.2005 6.61024 11.811 8.06836 3.21659 18.6382 31.7574 4.5574 110.885 11.4656 1.6319 15.8144 437.543 149.825 2.575 0.00150093 111.362
57.3834 4.767 9.34955 10.4738 9.14373 0.0602424 12.6095 30.6049 4.5574 110.885 11.4656 1.6319 21.8148 437.543 152.635 4.89349 0.000976549 116.081
52.3116 9.87403 5.64778 10.4738 9.14373 1.99856 18.1234 30.6049 4.5574 110.885 11.4656 1.6319 29.5627 437.543 172.799 15.4615 0.000768735 113.309
55.8818 7.04341 5.07245 8.25298 9.10906 3.17068 18.1234 30.6049 5.92094 110.885 15.647 1.6319 29.5627 407.025 102.658 8.75726 0.00138417 112.172
72.1569 7.41255 5.59965 2.58034 7.6204 2.86722 18.1234 28.1519 45.4518 83.217 8.54909 1.6319 29.5627 407.025 174.456 16.2847 0.00189495 112.185
68.3099 7.41255 5.48717 4.13542 8.14405 2.86252 18.1234 27.9417 45.4518 83.217 8.54909 1.6319 29.5627 407.025 78.0274 16.2847 0.00147653 110.403
68.3099 7.41255 5.48717 4.13542 8.14405 2.9525 18.1234 27.9417 45.4518 83.217 8.54909 1.6319 29.5627 407.025 78.0274 16.2847 0.00299146 111.163
68.3099 7.41255 4.95211 4.13542 8.14405 2.45704 18.1234 27.9417 45.4518 83.217 8.54909 1.6319 30.5164 407.025 45.0858 14.4114 0.00257569 111.234
68.3099 7.41255 4.95211 4.73142 8.14405 2.45704 18.1234 27.9417 45.4518 83.217 8.54909 1.6319 30.5164 407.025 65.1072 14.2996 0.00282223 111.115
68.3099 7.41255 6.86753 4.73142 8.14443 2.54424 18.1234 17.0342 35.7868 83.559 25.5719 1.6319 30.5164 407.025 99.5888 34.8202 0.00155541 113.898
63.4362 7.33681 6.86753 2.1307 7.70241 2.55909 18.1234 14.2234 42.7588 83.559 25.5719 1.6319 30.5164 416.408 181.475 34.8202 0.00231257 112.062
58.3984 7.33681 6.86753 2.1307 7.70241 2.55909 18.1234 14.2234 42.7588 83.559 25.5719 1.6319 30.5164 416.408 164.623 34.8202 0.00231257 113.183
58.3984 5.38844 6.86753 2.1307 11.4438 2.55337 21.1474 20.4987 43.1224 76.9927 25.5719 1.6319 30.5164 416.408 164.623 34.7579 0.00292778 112.308
63.5037 3.46551 7.57688 3.61676 12.0242 2.558 21.1474 15.3945 41.7386 81.5601 20.7978 1.6319 30.5164 416.408 163.824 8.19124 0.00412858 112.223
63.5037 3.46131 7.34385 3.61676 12.0242 2.558 21.1474 15.649 41.7386 81.5601 25.4022 1.6319 30.5164 416.408 175.507 9.25706 0.00238988 111.1
62.6626 3.71271 7.34385 5.73158 12.0242 0.1653 22.997 19.1223 41.3143 83.4841 10.9115 1.6319 40.0807 416.408 175.507 11.2413 0.000810655 110.878
63.9637 3.58341 5.27266 5.73158 7.01163 0.1653 29.9183 19.076 41.3143 83.4841 12.9181 1.6319 36.6393 416.408 175.507 23.4233 0.00226441 111.628
65.3727 3.46761 8.24488 5.73158 7.01163 0.1653 26.9395 19.076 41.3143 83.4841 12.9181 1.6319 36.6393 416.408 175.507 42.8411 0.00226441 111.997
41.227 3.52264 12.8957 5.73158 1.95523 4.6113 28.1045 26.4314 41.3143 76.2936 12.9181 1.6319 36.6393 416.408 175.507 42.1552 0.00316893 117.856
40.0894 3.52446 12.8957 7.43603 2.32793 3.06873 28.1045 14.1624 41.3143 76.2936 18.1968 9.20609 32.3366 416.408 176.904 31.3297 0.00316893 113.097
53.3476 3.50524 10.8582 6.96599 3.68687 3.76361 27.2723 14.1624 41.3143 76.2936 18.1968 6.31826 32.3366 416.408 168.028 61.4368 0.00237288 112.153
52.2775 3.50524 10.8582 6.96599 3.68687 3.76361 27.2723 15.7519 41.3143 76.2936 18.1968 8.37523 26.233 416.408 168.028 44.513 0.00166176 111.328
52.8667 3.02515 10.8582 6.96599 3.49315 2.59323 19.6373 20.6504 47.5637 75.5566 18.1968 5.64463 26.233 416.408 168.028 10.4025 0.00223168 109.679
51.9087 2.23368 10.8582 6.96599 3.40549 2.59323 23.1003 30.4372 47.5637 75.5566 3.99789 6.97129 27.4685 416.408 181.992 31.2869 0.00388273 113.716
52.9489 2.23368 10.8582 10.7387 3.36946 2.92873 19.3225 30.4372 9.75392 117.285 3.99789 8.95604 27.4685 416.408 144.666 36.0752 0.000549048 113.109
52.0591 2.79527 10.7722 10.0168 2.84497 2.92873 16.5927 28.7228 9.75392 117.285 3.99789 8.95604 31.3732 416.408 169.308 34.4818 0.000549048 109.178
53.0287 5.33691 10.7722 6.39801 2.84497 3.32508 14.77 27.616 9.75392 117.285 3.99789 10.7974 33.2244 416.408 169.308 34.4818 0.000549048 109.08
51.0865 5.26657 10.7722 3.13938 2.92644 4.74724 17.5768 27.616 9.75392 117.285 3.99789 13.1114 30.9774 416.408 163.484 40.0511 0.000549048 112.733
38.4975 7.16071 10.7722 3.13938 3.99778 4.86319 17.3146 27.616 9.75392 117.285 3.99789 12.7489 27.019 416.408 163.484 16.7257 0.000549048 112.662
38.4975 8.40927 9.13051 3.13938 3.90582 4.04576 26.0677 27.616 9.75392 108.865 3.99789 12.7489 27.019 416.408 163.484 17.4393 0.00105662 111.679
33.4411 9.60483 11.2386 3.13938 4.47831 4.04576 23.7925 27.616 9.75392 108.865 3.99789 7.52218 37.6552 423.351 163.484 9.73692 0.00105662 111.559
13.4153 9.7116 5.70297 4.76046 6.73513 12.0088 19.6345 16.0582 24.2933 108.865 3.99789 7.52218 37.4865 423.351 163.484 11.5495 0.00104876 115.999
-43.0426 6.72807 4.1602 3.29124 17.2115 9.18133 15.0786 20.1467 24.2933 109.701 3.99789 11.5637 24.1604 423.351 187.266 6.83613 0.00105415 113.245
-14.4864 6.6466 4.92408 5.58018 17.2115 5.77656 17.6925 23.5572 24.2933 109.701 3.99789 7.29478 24.1604 423.351 156.587 11.2577 0.00106857 113.671
30.3403 4.80942 4.27303 4.48901 13.6022 0.982785 27.2383 23.5572 24.2933 109.701 3.99789 2.42574 15.1639 427.723 159.914 11.2577 0.00108072 111.229
24.6989 4.31971 2.22056 4.48901 13.6022 2.69721 27.2383 16.6766 24.2933 109.701 13.93 1.42546 15.1639 427.723 191.119 8.51425 0.00120354 109.329
14.0788 4.58261 2.22056 4.48901 13.6022 2.69721 27.2383 16.6766 24.2933 109.701 16.164 1.74332 16.9266 420.403 200.012 11.5552 0.00117033 111.547
18.9299 4.58261 2.22056 3.30324 9.6592 2.69721 27.2383 18.4234 24.2933 109.701 16.164 2.3436 16.9266 420.403 198.885 14.4037 0.00117033 112.001
44.6526 7.99541 2.22056 0.551315 9.6592 4.42317 27.9812 18.4234 24.2933 109.701 12.9276 1.5367 16.9266 420.403 206.555 8.47714 0.00119324 109.994
44.6526 7.99541 0.748719 0.551315 9.6592 6.27782 24.748 20.4745 24.2933 109.701 12.9276 1.5367 16.9266 420.403 206.555 8.47714 0.00119373 109.354
46.3268 6.84959 0.748719 0.551315 9.13186 6.61992 24.748 20.4745 24.2933 109.701 12.9276 0.825722 16.9266 420.403 206.555 13.3713 0.00117245 109.231
49.0276 0.0736621 18.796 0.551315 1.33399 7.10926 23.0206 20.4745 24.2933 109.701 12.9276 0.825722 16.9266 420.403 202.511 13.3713 0.00126826 109.25
40.2373 0.0736621 18.7574 2.70025 2.0177 6.83082 21.7267 20.4745 24.2933 109.701 12.9276 0.825722 16.9266 420.403 168.066 13.089 0.00126826 110.016
35.3105 0.478978 18.7574 2.70025 1.32549 8.45452 21.7267 20.4745 24.2933 109.701 12.9276 0.825722 16.9266 420.403 180.17 4.43837 0.00115669 109.823
44.2165 0.478978 18.7574 2.70025 1.72868 6.91378 21.7267 20.4745 24.2933 109.701 12.9276 0.476564 14.0876 420.403 185.168 27.735 0.0017899 108.739
51.6399 0.714976 19.3867 3.9638 1.72868 7.21288 18.3878 20.4745 46.5336 90.6657 12.9276 0.816455 14.0876 420.403 203.397 13.2569 2.23081e-05 111.065
23.5943 0.714976 19.3867 3.9638 1.72868 7.45194 19.0683 20.4745 46.5336 90.6657 12.9276 0.939078 14.0876 420.403 185.707 14.0713 2.23081e-05 108.376
20.3408 0.714976 19.3867 1.75342 1.72868 7.45194 19.0683 20.4745 46.5336 90.6657 12.9276 0.939078 14.0876 420.403 204.128 3.69414 2.23081e-05 107.934
5.17361 0.714976 19.3867 1.75342 1.72868 7.45194 19.0683 20.4745 46.5336 90.6657 12.9276 0.939078 14.0876 420.403 204.128 3.69414 2.23081e-05 111.815
5.17361 1.8818 19.3867 1.75342 1.67029 5.48311 19.0683 19.7652 46.5336 90.6657 15.983 0.939078 14.0876 420.403 206.561 3.69414 6.77245e-05 109.2
56.3824 3.01585 0.294167 18.8662 2.07474 5.48311 19.0683 16.7592 46.5336 90.6657 15.983 0.888864 14.0876 420.403 197.504 22.2722 6.77245e-05 106.446
56.3824 2.16975 0.294167 19.2633 2.26595 3.0291 19.0683 23.2007 46.5336 90.6657 12.2295 2.06477 14.0876 420.403 179.269 15.3784 6.77245e-05 108.066
71.2585 2.83801 0.294167 19.2633 2.80084 3.0291 19.0683 18.4428 46.5336 90.6657 12.2295 2.06477 14.0876 420.403 182.824 20.5332 6.77245e-05 105.29
71.2585 2.20765 0.294167 19.2633 2.80084 3.69655 19.0683 18.4428 46.5336 90.6657 12.2295 2.06477 14.0876 420.403 194.543 19.936 0.000274639 106.487
71.2585 6.36407 0.294167 18.3473 5.02568 2.23543 8.82346 18.4428 46.5336 84.0844 21.1034 2.06477 18.6747 420.403 194.543 19.3621 0.000274639 109.958
68.125 6.36407 0.294167 17.2987 5.02568 2.23543 8.82346 18.4428 46.5336 84.0844 21.1034 4.98174 18.6747 420.403 194.543 2.42615 0.000274639 108.791
63.7255 6.36407 0.294167 15.4523 5.02568 2.23543 11.7163 21.8118 46.5336 84.0844 21.1034 4.98174 18.6747 420.403 194.543 27.9233 0.000274639 111.03
66.2968 6.36407 0.294167 15.4523 5.04937 2.23543 19.7224 21.8118 46.5336 84.0844 6.63823 4.98174 18.6747 420.403 198.034 21.8475 0.000113847 109.025
66.2968 4.54226 0.294167 15.4523 6.40328 7.43522 19.7224 18.9719 46.5336 83.6899 6.63823 4.98174 19.8184 420.403 207.339 24.5399 1.75718e-05 109.673
68.6098 9.38099 0.294167 13.9941 6.14416 7.41785 9.63061 18.5182 46.5336 92.0863 6.63823 4.98174 19.8184 420.403 205.606 23.7744 1.75718e-05 107.94
45.6107 9.56913 0.294167 12.0448 7.44681 4.35214 11.2918 22.4385 46.5336 92.0863 6.63823 4.98174 19.8184 420.403 174.258 29.4929 1.75718e-05 103.842
45.6107 9.56913 2.77938 12.0448 7.88785 0.889334 10.3859 24.3379 46.5336 92.0863 6.36473 4.98174 19.8184 420.403 174.258 29.4929 1.75718e-05 103.717
43.1352 9.42006 2.77938 12.0448 7.21024 0.889334 10.3859 24.3379 46.5336 92.0863 6.36473 4.98174 19.8184 420.403 174.258 27.3938 0.000265266 107.03
46.5982 8.5375 5.0737 12.0448 9.0192 0.504798 10.1114 24.3379 46.5336 90.5895 10.1151 1.55243 19.8184 420.403 174.258 34.4576 0.00133013 108.266
48.8803 6.83202 4.18877 12.0448 11.5816 2.76715 9.40174 20.3224 46.5336 90.5895 10.1151 1.55243 19.8184 420.403 174.258 72.6489 0.00396308 112.026
48.7649 7.36328 7.00277 12.0448 1.97706 1.24747 18.1106 20.3224 46.5336 90.5895 10.1151 1.55243 19.8184 420.403 174.258 72.6489 0.00376486 111.889
47.2402 3.64187 9.70578 12.0448 9.23811 0.732921 11.3124 20.0826 46.5336 90.5895 10.1151 1.55243 19.8184 420.403 201.9 42.167 0.0013803 110.207
28.5764 3.64187 10.3517 8.44307 9.55506 2.28926 8.02114 24.4656 46.5336 90.5895 10.1151 5.54373 17.661 420.403 201.9 44.6022 0.00140041 111.134
30.1084 2.49442 14.0039 7.92845 7.34486 3.79113 8.02114 24.8994 46.5336 90.5895 10.1151 5.54373 17.661 420.403 190.964 35.2193 0.00140041 109.648
27.5951 2.65073 15.5963 7.28715 7.50022 2.70193 9.85509 20.6779 46.5336 90.5895 10.1151 5.54373 17.661 420.403 180.33 40.4694 0.00362693 111.647
27.5951 2.65073 15.5963 7.28715 8.93432 2.70193 9.12062 20.6779 46.5336 90.5895 10.4236 6.45547 17.661 420.403 189.16 47.8736 0.000307362 110.174
11.4967 2.65073 15.5963 7.28715 10.8035 2.70193 7.85863 20.6779 46.5336 90.5895 10.4236 6.45547 17.661 420.403 189.16 32.2349 0.000307362 109.255
12.2372 2.65073 15.6581 7.35677 15.3005 4.9865 2.43877 20.6779 46.5336 90.5895 10.4236 6.45547 17.661 420.403 189.16 32.3677 0.000307362 112.204
-12.2248 2.65073 15.6581 9.02373 15.3005 4.9865 2.43877 20.6779 46.5336 90.5895 10.4236 6.45547 17.661 420.403 189.16 32.3677 0.000307362 112.434
-12.2248 2.65073 15.6581 9.02373 15.3005 4.9865 2.43877 20.6779 46.5336 90.5895 10.4236 6.45547 17.661 420.403 189.16 32.3677 0.000307362 112.434
-12.2248 2.65073 15.9139 9.02373 15.3005 4.37078 2.43877 20.8088 46.5336 90.5895 10.4236 6.45547 17.661 420.403 189.16 5.05995 0.000307362 111.125
-35.999 0.759229 15.9139 13.4412 15.3005 4.37078 2.43877 20.8088 46.5336 90.5895 10.4236 6.45547 17.661 420.403 189.16 2.41441 0.000307362 111.978
-10.9326 0.759229 13.5715 11.6067 15.3005 4.37078 2.43877 20.8088 46.5336 90.5895 10.4236 6.45547 17.661 420.403 187.42 2.41441 0.000307362 113.929
-10.9326 3.19788 13.5715 11.6067 15.3005 4.37078 4.92381 20.8088 46.5336 84.0342 10.4236 6.45547 17.661 420.403 187.42 2.41441 0.000307362 114.143
-10.9326 3.19788 17.5551 9.29114 15.3005 4.37078 4.92381 20.8088 46.5336 84.0342 10.4236 6.45547 17.661 420.403 187.42 2.41441 0.000307362 115.506
-10.9326 9.58003 11.6308 4.60418 13.0325 6.4633 4.92381 23.3849 54.6797 84.0342 10.4236 0.590286 28.9227 420.403 187.42 31.3323 0.000307362 114.237
-10.9326 9.58003 12.856 4.63437 13.0325 1.91495 4.92381 23.3849 54.6797 84.0342 10.4236 0.590286 28.9227 420.403 187.42 31.9473 0.000307362 111.062
-10.9326 9.58003 13.6402 4.63437 13.0325 1.91495 4.92381 23.3849 54.6797 84.0342 10.4236 0.590286 28.9227 420.403 187.42 31.9473 0.000307362 110.908
-17.4222 9.58003 13.6402 6.85534 9.73112 1.91495 1.98311 28.0465 54.6797 84.0342 11.6153 0.590286 28.9227 420.403 169.602 31.9473 0.000307362 110.373
-32.6064 9.58003 13.6402 6.85534 9.73112 1.91495 1.98311 28.3697 54.6797 84.0342 11.6153 0.590286 28.9227 420.403 169.602 32.1656 0.000307362 110.572
-32.6064 9.6731 13.6402 7.67022 9.73112 3.67416 1.98311 28.3697 54.6797 84.0342 11.6153 0.590286 28.9227 420.403 169.602 28.1335 0.000307362 111.514
-42.7213 11.1277 13.5696 3.40617 13.3744 2.08746 1.98311 28.3697 54.6797 84.0342 11.6153 0.590286 28.9227 420.403 169.602 28.1335 0.000307362 109.865
-42.7213 11.1277 13.5696 3.80056 11.9717 2.08746 1.98311 28.3697 54.6797 84.0342 11.6153 0.590286 28.9227 420.403 169.602 29.6943 0.000307362 111.128
-42.7213 11.1277 13.5696 0.108318 11.9717 0.720812 7.24745 28.3697 54.6797 84.0342 11.6153 0.590286 28.9227 420.403 169.602 35.6817 0.000307362 114.876
-7.46476 11.1277 13.5696 0.108318 11.9717 0.720812 7.24745 28.3697 54.6797 84.0342 11.6153 0.590286 28.9227 420.403 169.602 35.6817 0.000307362 114.835
-7.46476 13.3963 13.5696 0.108318 11.9717 0.720812 6.45853 28.3697 50.397 84.0342 11.6153 0.590286 28.9227 420.403 169.602 82.0756 0.000307362 114.736
-7.46476 10.6015 13.5696 1.26574 11.9717 0.720812 6.11555 28.3697 50.397 84.0342 11.6153 0.590286 28.9227 420.403 169.602 82.0756 0.00149737 116.219
-8.41669 10.6015 13.5696 1.26574 11.3997 0.720812 6.11555 28.3697 50.397 84.0342 11.6153 0.590286 28.9227 420.403 169.602 86.5192 0.00149737 116.984
-8.41669 10.6015 13.5696 1.26574 13.0039 0.720812 6.11555 28.3697 50.397 84.0342 11.6153 0.590286 28.9227 420.403 169.602 50.3658 0.00149737 113.478
-8.41669 10.6015 13.5696 1.26574 13.0039 0.720812 6.11555 28.3697 50.397 84.0342 11.6153 0.590286 28.9227 420.403 169.602 50.3658 0.00149737 113.478
-8.41669 13.482 13.5696 0.370974 9.46214 0.720812 6.37443 28.3697 50.397 84.0342 11.6153 0.590286 28.9227 420.403 169.602 50.3658 0.00149737 115.342
-8.41669 13.482 13.1586 0.370974 9.46214 1.39469 5.41123 28.3697 50.397 84.0342 11.6153 0.590286 28.9227 420.403 169.602 50.3658 0.00149737 115.885
-8.41669 13.482 14.6438 0.370974 9.46214 1.39469 5.41123 32.5661 50.397 84.0342 11.6153 0.590286 28.9227 420.403 169.602 63.6189 0.00149737 117.75
-46.9023 13.482 13.6173 0.370974 14.2319 1.39469 9.99793 32.5661 26.2261 91.0599 17.5055 0.590286 28.9227 420.403 162.054 59.329 0.00149737 118.809
-46.9023 13.482 13.6173 0.370974 12.5786 1.39469 9.99793 32.5661 33.1775 91.0599 17.5055 0.590286 28.9227 420.403 162.054 59.329 0.00149737 116.981
-46.9023 13.482 13.6173 0.370974 12.5786 1.39469 9.99793 32.5661 33.1775 91.0599 17.5055 0.590286 28.9227 420.403 162.054 41.1551 0.00149737 115.809
-46.9023 0.969489 13.6173 3.92769 9.38875 14.6137 7.12044 27.5806 40.5173 91.0599 17.5055 0.590286 20.9688 420.403 162.054 38.6721 0.00149737 114.354
-46.9023 3.04748 13.6173 3.92769 9.38875 14.6137 6.79206 30.3745 40.5173 86.0183 17.5055 0.590286 20.9688 420.403 188.089 36.3952 0.00104764 112.742
-46.9023 2.45757 13.6173 1.46044 14.2062 13.9399 3.7172 30.3745 40.5173 86.0183 17.5055 0.590286 20.9688 420.403 188.089 50.7361 0.00104764 115.652
-46.9023 2.45757 13.6173 1.46044 14.2062 13.2963 3.7172 30.3745 40.5173 86.0183 17.5055 0.590286 20.9688 420.403 188.089 50.7361 0.00104764 115.533
-46.9023 4.97142 11.4614 1.46044 14.2062 13.2963 4.88943 30.3745 40.5173 86.0183 17.5055 0.590286 20.9688 420.403 188.089 38.051 0.00104764 113.548
-46.9023 4.97142 11.4614 1.27648 14.4671 13.2963 4.88943 30.3745 40.5173 86.0183 17.5055 0.590286 20.9688 420.403 188.089 38.051 0.00233014 114.221
-46.9023 0.0988174 16.5319 1.27648 17.1941 13.2963 3.53085 30.3745 40.5173 84.102 19.6209 0.590286 20.9688 420.403 197.718 25.0767 0.000845225 115.997
-46.9023 0.0988174 18.7904 1.27648 11.8424 11.5368 9.57187 28.8012 40.5173 84.102 19.6209 0.590286 20.9688 420.403 197.718 21.8099 0.000845225 115.084
-46.9023 0.0988174 18.7904 1.27648 12.2465 11.5368 9.57187 28.8012 40.5173 84.102 19.6209 0.590286 20.9688 420.403 197.718 21.8099 0.000845225 114.965
-46.9023 6.74154 18.7904 1.27648 5.72997 11.5368 9.57187 28.8012 40.5173 84.102 19.6209 0.590286 20.9688 420.403 197.718 44.6776 0.000845225 114.187
-46.9023 7.10226 18.7904 1.27648 6.14359 11.5368 9.57187 28.8012 40.5173 84.102 23.2561 0.590286 20.9688 420.403 197.718 44.6776 0.000845225 119.244
-43.8277 3.47136 18.8491 1.27648 5.67291 13.3343 9.57187 28.8012 40.5173 80.6154 23.2561 0.590286 20.9688 420.403 197.718 63.9756 0.000845225 115.534
-43.8277 6.0629 18.8491 1.27648 3.59387 13.3343 10.4507 28.8012 40.5173 80.6154 23.2561 0.590286 20.9688 420.403 173.772 59.2024 0.000845225 114.572
-61.2487 6.82339 18.8491 1.27648 3.59387 13.3343 7.60219 29.1089 16.9821 111.369 23.2561 0.590286 20.9688 426.512 173.772 30.804 0.000845225 116.974
-61.2487 6.82339 20.1066 1.98707 3.59387 13.3343 0.911653 29.1089 16.9821 110.812 23.2561 0.590286 20.9688 426.512 173.772 39.9685 0.000845225 114.596
-61.2487 6.82339 20.1066 1.98707 3.59387 13.3343 0.911653 29.1089 16.9821 110.812 23.2561 0.590286 20.9688 426.512 173.772 39.9685 0.000845225 114.596
-61.2487 6.82339 20.1066 1.98707 3.59387 13.3343 0.911653 29.2469 16.9821 110.812 23.2561 0.590286 20.9688 426.512 173.772 39.9685 0.000845225 114.418
-61.2487 6.82339 22.2864 1.98707 1.88109 13.3343 0.911653 29.2469 16.9821 110.812 23.2561 0.590286 20.9688 426.512 173.772 39.9685 0.000845225 114.582
-61.2487 6.82339 22.2864 1.98707 1.88109 13.3343 0.911653 29.2469 16.9821 110.812 23.2561 0.590286 20.9688 426.512 173.772 39.9685 0.000845225 114.582
-61.2487 6.82339 22.2864 1.98707 1.88109 13.3343 0.911653 29.2469 16.9821 110.812 23.2561 0.590286 20.9688 426.512 173.772 39.9685 0.000845225 114.582
-61.2487 6.82339 22.2864 1.58372 1.88109 13.3343 0.911653 29.2469 16.9821 110.812 23.2561 0.590286 20.9688 426.512 170.995 39.9685 0.000845225 114.485
-61.2487 6.82339 22.2864 1.58372 1.88109 13.3343 0.911653 29.2469 16.9821 110.812 23.2561 0.590286 20.9688 426.512 170.995 39.9685 0.000845225 114.485
-60.3487 6.82339 22.2864 1.58372 1.88109 13.3343 0.911653 29.2469 16.9821 110.812 23.2561 0.590286 20.9688 426.512 170.995 28.3364 0.000845225 113.674
-60.3487 6.82339 22.2864 1.58372 1.88109 13.3343 0.911653 29.2469 16.9821 110.812 23.2561 0.590286 20.9688 426.512 190.871 24.995 0.000845225 114.836
-60.3487 6.82339 22.2864 1.58372 1.88109 13.3343 0.911653 29.2469 16.9821 110.812 23.2561 0.590286 20.9688 426.512 190.871 24.995 0.000845225 114.836
-60.3487 6.82339 22.2864 1.58372 1.88109 13.3343 0.911653 29.2469 18.7543 110.812 23.2561 0.590286 15.354 426.512 190.871 24.995 0.000845225 115.386
-36.3391 6.82339 22.2864 1.58372 1.88109 11.5762 0.911653 29.2469 18.7543 110.812 23.2561 0.590286 15.354 426.512 176.327 1.67608 0.000845225 114.424
-36.3391 6.82339 22.2864 1.58372 1.88109 11.5762 2.24773 29.2469 18.7543 110.812 23.2561 0.590286 15.354 426.512 176.327 1.67608 0.000845225 114.692
-36.3391 12.1037 12.6322 5.17299 1.75781 11.5762 2.24773 29.2469 18.7543 110.812 23.2561 0.590286 15.354 426.512 197.183 29.7805 0.000845225 115.3
-32.2237 12.1037 12.6322 5.17299 1.75781 11.5762 0.557913 29.3482 18.7543 110.812 23.2561 0.590286 15.354 426.512 166.081 29.7805 0.000845225 115.428
-22.7371 12.1037 11.4552 5.17299 1.75781 11.5762 0.557913 29.3482 40.4518 87.7441 23.2561 0.590286 15.354 426.512 197.163 18.5131 0.00438365 114.689
-22.7371 12.1037 15.2208 5.17299 0.0361868 11.5762 0.557913 29.3482 40.4518 87.7441 23.2561 0.590286 15.354 426.512 156.51 18.5131 0.00254091 118.602
-22.7371 6.12974 13.0866 5.17299 0.0361868 19.2377 0.557913 28.71 42.9934 87.7441 23.2561 0.590286 15.354 426.512 156.51 18.5131 0.00254091 118.291
-22.7371 6.12974 13.0866 5.17299 2.60362 19.2377 0.557913 22.5283 43.7032 87.7441 23.2561 0.590286 15.354 426.512 156.51 12.9656 0.00254091 116.824
39.115 6.12974 9.53494 8.80837 2.93048 9.3207 1.05919 22.5283 43.7032 87.7441 42.2832 0.590286 15.354 426.512 156.51 12.8377 0.00254091 116.147
2.23237 3.83682 4.91125 9.2823 2.28406 17.4069 5.7825 24.5567 39.3255 87.7441 44.8288 0.590286 5.40276 426.512 134.772 12.963 0.000667681 118.179
0.859566 2.94835 4.91125 10.5739 2.28406 7.27652 6.94215 27.9767 47.3767 87.6954 20.3628 0.590286 29.4013 426.512 71.2898 15.3745 0.000667681 116.416
82.362 1.68176 5.85516 11.3434 5.3068 8.4778 26.2647 21.3441 47.035 68.7531 18.4479 0.590286 12.6126 426.512 56.24 18.3092 0.000221633 116.055
91.7067 1.68176 6.11694 7.46361 5.3068 7.31011 26.2647 21.3441 47.035 89.3867 1.70434 0.590286 12.6126 426.512 56.24 19.7429 0.000221633 114.709
94.1049 1.2126 6.11895 7.44847 5.23027 3.62165 25.5757 21.517 0.167283 138.022 1.70434 0.590286 25.7073 418.915 89.9069 19.2939 0.000221633 112.545
94.1049 1.12681 6.38519 7.45077 2.28092 3.62165 25.5757 23.7938 0.167283 138.022 1.70434 0.590286 25.7073 418.915 152.984 19.3435 0.000221633 113.361
-53.0869 1.47005 6.64014 6.42043 1.97785 21.3307 25.5757 21.5364 0.167283 138.022 1.70434 2.91596 22.8716 418.915 53.9332 19.9556 0.000221633 115.397
-53.0869 1.38897 8.10358 4.79912 2.6805 24.852 25.5757 22.1845 2.45471 123.942 8.00543 9.79368 14.6458 418.915 9.36915 14.9791 0.000221633 115.982
-53.0869 1.38897 8.10358 1.4595 4.82464 23.1529 25.5757 22.1845 2.45471 123.942 8.00543 9.79368 14.6458 418.915 36.8916 15.5564 0.000221633 115.164
-25.8632 1.07503 5.54703 1.4595 4.82464 23.1529 25.5757 17.9841 3.70372 123.942 8.00543 9.79368 14.6458 431.018 47.426 12.9535 0.000221633 115.692
-31.4172 1.23399 5.01594 5.18386 6.72314 21.0914 25.5757 20.1555 3.70372 123.942 8.00543 7.85463 14.6458 431.018 56.6652 13.9093 0.00019372 113.529
-38.7449 2.28888 7.83584 7.99127 7.2131 17.3625 21.021 18.4293 3.70372 123.942 8.00543 11.2616 14.6458 431.018 56.6652 12.427 0.000381772 116.398
24.3685 3.13031 6.3673 1.15769 8.40727 16.3062 23.0996 17.3679 3.70372 122.477 8.00543 11.924 14.6458 431.018 62.4931 17.4915 0.000381772 114.631
47.4256 3.99914 4.40428 0.773815 2.01035 16.3062 23.3924 18.2827 24.6432 124.401 23.925 10.8658 22.3584 368.974 29.1684 87.6433 0.000381772 115.185
47.4256 2.89279 3.60004 1.19665 2.01035 16.3062 23.3924 17.379 24.6432 124.401 25.7688 13.1753 22.3584 368.974 45.8767 37.5852 0.000381772 112.218
46.4466 1.83513 3.33498 4.82628 2.9589 16.3062 23.3924 17.6168 19.4574 124.401 27.3326 13.1753 22.3584 368.974 70.8542 37.5852 0.000381772 110.885
48.8992 2.16858 0.763551 4.82628 6.70327 15.0395 23.3924 17.4754 19.4574 124.401 17.5112 19.73 37.2223 368.974 46.0366 33.1257 0.000381772 113.601
48.8992 2.23833 2.47565 6.78044 5.00177 15.0395 23.3924 18.4388 19.4574 124.401 17.5112 29.8849 38.1833 286.807 49.7377 22.5047 0.017412 120.399
48.8992 1.02154 4.85439 3.41339 8.90851 15.3615 17.1752 21.7578 11.2025 132.842 20.9253 13.4493 38.1833 354.51 8.05534 15.4703 0.0154837 113.853
48.8992 1.67641 4.85439 3.41339 8.90851 15.3615 10.9808 20.8657 11.2025 136.084 20.9253 13.4493 38.1833 354.51 2.37254 14.0088 0.0154837 113.15
48.8992 1.55185 0.710597 3.41339 7.96297 16.8654 15.7583 25.5663 11.2025 136.084 16.8362 12.6143 45.6521 334.506 97.9938 8.47348 0.00253564 113.969
52.7411 1.56687 0.710597 5.39158 8.52214 16.8654 15.7583 25.5663 11.2025 136.084 16.8362 12.3487 42.0253 308.001 89.8253 15.7598 0.000670447 117.945
50.7201 1.13031 0.710597 3.72469 8.52214 14.2427 16.3022 26.4025 18.5238 128.843 16.8362 3.58909 42.0253 414.092 113.078 13.7749 0.000670447 116.883
47.7953 1.56645 7.62311 3.72469 7.18327 13.2173 14.2009 17.372 18.5238 110.608 16.8362 2.13201 30.4804 67.7186 15.3808 4.81475 0.00024502 114.178
40.4986 1.22508 9.07289 3.72469 7.10633 9.56519 12.9013 26.4112 31.6151 95.6239 16.8362 2.13201 25.3774 45.6426 37.5893 19.829 0.00024502 113.135
10.0128 1.06606 9.83887 2.3526 11.8553 9.17765 10.9339 26.4112 27.6281 95.6239 16.8362 2.13201 42.1567 45.6426 35.4047 2.67761 0.000785831 116.59
119.762 1.08375 11.9557 2.3526 4.70417 7.21722 10.3473 26.4112 27.6281 95.6239 16.8362 2.13201 33.1518 45.6426 31.8296 66.9692 0.000393925 115.382
119.762 1.08398 3.37018 3.37096 12.0032 6.24917 10.1934 26.6885 27.6281 95.6239 16.8362 2.13201 36.6579 45.6426 10.8314 50.5088 0.000543248 113.935
45.6463 1.07764 0.884963 4.70911 11.1953 11.4634 11.4361 25.3046 27.6281 95.6239 16.8362 2.29867 4.16503 25.0835 2.96151 50.5088 0.000298641 114.801
47.9194 1.07224 0.884963 4.7709 14.0008 16.4927 10.4485 25.3046 27.6281 95.6239 16.8362 8.54875 6.93921 25.0835 3.54047 89.1206 0.000131418 113.664
47.9194 1.08558 4.74698 5.34106 12.1587 16.1146 9.64638 24.941 27.6281 95.6239 16.8362 8.54875 4.09229 67.377 3.61476 69.9989 0.000209807 114.746
57.2401 1.1779 3.94742 5.46805 12.1587 16.082 7.29258 24.941 27.7068 95.6239 16.2613 8.54875 9.66315 75.0328 3.58081 71.1205 0.000210198 116.063
57.1934 1.76916 3.11511 1.80024 4.0687 18.3791 6.19448 34.0442 48.1093 95.6239 3.0618 2.46891 11.5736 81.7773 3.84434 80.3775 0.000191382 115.226
46.5832 1.76916 1.51963 2.09702 3.73052 21.1781 6.37395 34.0442 48.1093 95.6239 3.0618 2.46891 16.1165 81.7773 2.80417 68.6915 0.000415594 114.944
50.2714 1.61871 1.06846 2.09702 3.67124 21.1781 8.03846 34.0442 48.1093 95.6239 1.62622 2.46891 18.2072 15.6337 1.46441 72.6172 0.000416796 115.253
44.6608 1.5063 1.06846 0.6385 0.696557 21.1781 8.74904 32.6196 48.1093 95.6239 1.62622 6.71237 19.3634 15.6337 0.949485 40.0272 3.0443e-06 109.662
47.1917 0.980188 1.06846 0.6385 5.62676 21.1781 8.74904 32.6196 43.0749 95.6239 1.62622 6.71237 10.3001 15.6337 0.412503 36.9684 3.0443e-06 109.65
46.713 0.980188 2.79898 5.90365 2.12058 21.1781 9.31159 32.6196 43.0749 95.6239 1.62622 4.84303 11.0744 15.6337 0.412503 34.4009 3.0443e-06 107.72
46.713 2.7643 2.79898 5.90365 2.12058 21.1781 9.6132 26.9152 43.0749 95.6239 1.62622 9.39735 14.7159 15.6337 1.66697 39.1268 3.0443e-06 107.662
47.0115 2.7643 2.23754 5.90365 2.12058 21.1781 9.35017 26.9152 43.0749 100.693 1.62622 6.82685 0.986946 15.6337 3.04056 39.1268 3.0443e-06 106.168
50.1836 3.46335 1.91915 5.41719 2.12058 21.1781 10.3644 26.9152 42.6835 100.693 1.90375 6.82685 3.63308 15.6337 3.04056 41.6639 3.0443e-06 107.01
49.2961 1.95577 1.52109 7.74384 1.82809 21.1781 9.58271 26.7058 42.6835 100.693 1.90375 7.81498 6.93266 9.03299 1.82362 29.2162 3.0443e-06 107.68
43.8116 1.41996 2.33063 6.88648 1.82809 20.2644 9.39827 26.7058 42.6835 100.693 1.90375 5.36016 16.8629 9.03299 22.6538 11.5481 3.0443e-06 105.366
43.9847 1.41996 2.33063 6.88648 1.58494 20.2644 9.39827 26.7058 42.6835 100.693 1.90375 5.36016 16.8629 9.03299 8.245 11.5481 3.0443e-06 104.849
47.1137 3.70978 2.33063 3.04362 0.925219 20.2644 9.39827 26.7058 42.6835 100.693 1.90375 6.92302 16.5013 9.03299 9.00942 11.5481 3.0443e-06 104.507
47.1137 3.70978 2.33063 3.04362 0.925219 20.2644 9.39827 26.7058 42.6835 100.693 1.90375 6.92302 18.3733 9.03299 9.00942 11.5481 3.0443e-06 104.796
46.821 4.516 1.09895 3.04362 0.925219 20.2644 12.2014 26.7058 42.6835 100.693 1.90375 5.38278 15.2099 9.03299 8.10654 3.53757 3.0443e-06 104.554
46.821 4.516 0.329643 2.46412 1.35546 20.2644 12.2014 24.1613 42.6835 100.693 1.90375 5.38278 25.3532 9.03299 8.10654 3.53757 3.0443e-06 106.675
51.5102 4.516 0.672515 2.46412 1.35546 20.2644 12.2014 24.1613 42.6835 100.693 1.90375 5.38278 25.3532 9.03299 16.55 3.38572 3.0443e-06 106.12
52.719 3.21253 0.672515 2.81099 2.48279 20.2644 16.9042 25.3754 38.7956 100.693 1.90375 5.17787 21.9017 133.486 19.4979 2.39945 3.0443e-06 109.894
39.7249 2.63216 0.109775 4.46952 2.48279 19.2924 16.9042 25.3754 38.7956 100.693 1.90375 5.17787 25.6049 133.486 19.4979 2.39945 3.0443e-06 111.206
39.7249 5.0327 0.109775 5.10016 2.56383 22.5486 15.0781 25.3754 38.7956 100.693 1.90375 5.04849 7.46393 51.5955 17.0642 9.30105 3.0443e-06 108.974
42.2636 3.12303 0.109775 5.10016 2.56383 21.6278 16.4367 20.702 42.1935 100.693 1.90375 7.01137 8.6951 51.5955 21.076 10.2251 3.0443e-06 106.896
42.2589 0.616354 0.932964 6.44642 2.34158 21.6278 16.4367 20.702 42.1935 100.693 1.90375 6.58122 8.70288 51.5955 19.8397 9.9001 3.0443e-06 107.338
46.258 0.616354 0.932964 8.38035 2.04002 24.042 12.7077 20.702 42.1935 100.693 1.90375 6.42893 8.71835 108.229 18.7642 11.0551 3.0443e-06 108.932
51.9604 2.66545 0.64114 7.96672 5.14338 24.042 7.48107 21.0094 42.1935 100.693 1.90375 6.42893 5.07613 108.229 18.012 12.3169 3.0443e-06 110.321
46.249 2.16189 0.64114 7.98541 4.47563 17.5935 13.0443 21.0094 27.9549 116.468 1.90375 11.7122 5.07613 177.142 11.7831 13.4477 3.0443e-06 111.981
49.4023 1.25296 0.912323 7.98541 4.47563 17.5935 13.116 21.0094 27.9549 116.468 1.90375 13.8781 5.87877 177.142 6.16477 8.28903 3.0443e-06 112.938
34.7826 0.277335 1.84585 7.90603 9.40301 13.2081 16.3164 23.0771 0.972541 140.195 24.0082 16.1048 30.4814 108.825 14.3456 6.71426 3.0443e-06 114.469
42.2133 0.277335 4.52648 7.91825 9.26525 11.6371 16.3164 26.287 0.972541 139.194 22.3552 16.4662 5.14699 108.825 8.82897 7.87468 3.0443e-06 113.438
42.2133 0.757439 0.762941 7.7898 13.0798 9.92493 16.3164 29.4449 0.972541 139.194 22.3552 15.1611 38.9856 29.5744 24.8193 9.97965 3.0443e-06 113.333
49.4017 2.88553 0.762941 7.30129 14.6769 3.99418 16.3164 29.4449 1.09349 139.194 17.7538 12.7477 26.201 29.5744 10.6387 12.8018 3.60466e-05 111.789
37.4553 0.992633 2.01664 4.43479 14.5074 3.99418 16.3164 28.2486 2.94597 139.194 4.04759 8.08355 7.62754 29.5744 8.6065 11.6133 3.24793e-06 112.852
49.2264 0.923008 1.11877 7.42157 15.0717 6.43461 14.7785 22.0249 2.94597 139.194 3.69123 6.77951 9.7159 38.4263 26.0644 9.68005 3.24793e-06 107.561
48.0625 0.923008 1.92353 9.94887 15.2225 5.7107 12.0604 28.1811 2.94597 139.194 3.69123 0.240775 12.9588 38.4263 23.8363 15.1173 0.0001518 111.558
44.8768 0.194969 2.35753 7.79416 16.6961 5.72824 8.7967 29.7568 2.94597 142.953 3.69123 0.240775 8.35154 38.4263 25.5958 20.4206 1.51541e-05 112.923
43.7109 5.16439 2.027 8.8571 12.3096 6.0363 8.7967 29.7568 2.94597 142.953 3.69123 0.240775 4.05189 35.6694 49.5251 37.704 1.51541e-05 113.666
49.0604 4.96815 2.027 10.0821 9.88921 6.00478 8.7967 29.7568 2.94597 142.953 3.69123 0.240775 9.04069 30.6388 44.2623 39.511 1.93524e-05 112.358
46.0481 3.95204 5.52858 12.1946 9.10366 5.79748 9.41109 24.7749 2.94597 135.635 3.47812 1.12572 6.06428 16.406 35.8576 15.2793 3.52142e-05 112.035
46.6809 8.41911 4.57038 7.79042 6.41688 4.87828 18.3041 24.7749 2.94597 135.635 5.15557 0.48114 12.6773 457.208 26.3489 35.5159 9.12575e-06 107.554
47.1613 6.65056 6.64118 7.79042 7.56461 4.87828 20.4557 24.7749 2.94597 133.155 5.15557 0.48114 11.5619 457.208 26.3489 20.7122 9.12575e-06 108.57
75.7103 5.52905 5.88217 0.913382 12.5673 2.31828 19.3206 24.7749 2.94597 133.155 5.15557 2.72518 18.5355 434.513 14.1364 25.1802 9.12575e-06 107.89
90.4366 5.11494 2.73379 0.913382 12.5673 2.31828 26.0557 22.7616 2.94597 133.812 5.15557 3.3911 3.90293 463.805 21.2547 25.1802 9.12575e-06 110.323
90.4366 5.11494 2.31411 0.913382 12.5673 4.22904 26.0557 20.651 2.94597 133.812 5.15557 3.3911 3.90293 463.805 3.03341 25.1802 9.12575e-06 110.348
90.4366 6.19842 2.1119 2.51289 12.5673 5.11559 24.456 19.9985 2.94597 133.812 5.15557 1.09072 5.63671 460.427 129.662 25.1802 9.12575e-06 109.1
66.3122 6.79664 1.51483 6.15168 8.05569 6.82513 24.456 19.9985 2.94597 133.812 5.79825 3.66009 6.67901 460.427 129.662 17.7556 9.12575e-06 104.808
66.3122 8.46764 2.19926 6.15168 8.05569 3.35034 24.5639 19.9985 2.94597 133.812 5.79825 3.66009 7.18893 460.427 129.662 5.86769 9.12575e-06 103.642
66.3122 8.41481 2.35254 5.3517 8.05569 3.66255 24.5639 19.9985 2.94597 133.812 5.79825 3.66009 8.98659 460.427 122.616 25.1691 9.12575e-06 104.243
66.3122 8.41481 2.64487 5.3517 8.05569 3.66255 24.5639 19.9985 2.94597 133.812 5.79825 3.66009 8.98659 460.427 122.616 25.1691 9.12575e-06 104.192
66.3122 8.41481 2.64487 5.3517 8.05569 3.66255 24.5639 19.9985 2.94597 133.812 5.79825 3.66009 8.98659 460.427 122.616 25.1691 9.12575e-06 104.192
66.3122 8.41481 2.64487 5.3517 8.05569 3.66255 24.5639 19.9985 2.94597 133.812 5.79825 3.66009 9.33007 460.427 122.616 15.6394 9.12575e-06 103.832
66.3122 7.0158 2.85838 6.49889 8.3126 3.66255 24.5639 32.6032 2.94597 120.796 5.79825 3.66009 9.33007 457.548 145.419 16.1096 9.12575e-06 105.825
66.3122 7.0158 3.70979 6.49889 8.3126 3.18946 24.5639 29.6042 2.94597 120.796 5.79825 2.04581 16.1098 457.548 130.795 10.3894 9.12575e-06 104.798
66.3122 8.98661 4.42726 6.49889 8.90652 3.18946 15.2295 22.1525 2.94597 120.796 5.79825 2.04581 16.2983 457.548 154.3 10.3894 9.12575e-06 108.292
59.5352 8.98661 3.58873 3.8413 11.959 3.07077 14.1512 22.9275 2.94597 120.796 9.0435 1.19166 17.2908 450.278 154.3 22.7507 9.12575e-06 108.431
93.4901 9.16198 3.58873 2.25964 11.959 3.07077 14.1512 35.7994 2.94597 120.796 9.0435 1.19166 17.2908 450.278 95.7308 22.7507 9.12575e-06 108.042
93.4901 9.16198 3.99004 2.25964 11.959 2.77133 14.1512 35.7994 2.94597 120.796 9.72308 1.19166 17.2908 437.635 49.8396 15.6197 9.12575e-06 108.576
93.4901 9.16198 3.99004 2.25964 9.52343 2.44748 12.6563 35.7994 2.94597 120.796 12.1386 1.19166 17.2908 437.635 96.5279 15.6197 9.12575e-06 106.998
84.962 11.3353 3.99009 2.25964 9.52343 2.44748 12.1311 35.7994 2.94597 120.796 12.1386 1.19166 17.2908 430.184 60.4159 20.5851 9.12575e-06 107.121
84.962 4.89706 7.36766 2.25964 9.52343 4.35197 12.0768 35.7994 2.94597 120.796 12.1386 1.99977 17.2908 420.111 45.4145 20.5851 9.12575e-06 106.838
92.2572 4.76232 8.00317 2.58985 10.2984 4.35197 8.49254 35.7994 2.94597 122.269 13.5613 1.99977 17.2908 420.656 49.1524 1.03149 9.12575e-06 106.741
107.201 4.76232 8.00317 2.58985 8.4331 4.35197 8.49254 35.7994 2.94597 122.269 13.6992 1.99977 15.2641 430.119 70.3777 15.1791 9.12575e-06 106.36
98.9921 5.07948 10.6182 3.01225 7.19395 1.26133 7.85921 35.7994 2.94597 122.269 13.2825 1.99977 23.8927 428.764 51.1223 12.5056 9.12575e-06 108.218
108.446 5.14703 10.7753 3.07383 6.79278 1.26133 7.85921 42.3958 2.94597 115.631 13.2825 1.99977 23.8927 429.667 51.1223 12.5056 9.12575e-06 110.053
55.2874 4.43958 10.7753 3.07383 0.81507 12.2746 7.85921 42.3958 2.94597 115.631 12.1682 3.51177 23.8927 429.667 51.1223 16.7155 4.41702e-05 107.976
33.5893 3.79296 14.1799 3.07383 3.04005 15.8041 3.27722 42.3958 2.94597 115.631 13.5729 1.23035 9.27476 429.667 26.5104 50.995 1.82085e-05 111.726
48.0353 5.56833 11.6771 3.07383 4.57976 16.1833 3.27722 44.1545 2.94597 115.631 13.7537 2.49516 4.41925 439.426 37.9456 30.4533 2.49629e-07 107.716
45.1386 6.14631 10.3125 3.07383 3.83098 14.4867 3.12667 44.1545 2.94597 115.631 15.5412 2.49516 4.41925 463.919 38.8524 18.767 2.49629e-07 105.051
46.1148 6.14631 10.3125 3.07383 4.00687 14.4867 4.33886 44.1545 2.94597 115.631 15.5412 2.49516 4.41925 437.594 83.1895 6.94475 2.49629e-07 104.618
46.3138 4.91289 11.1645 3.07383 3.21825 16.2384 2.14622 44.1545 2.94597 115.631 12.8485 2.68887 15.8197 436.084 142.968 4.42116 2.49629e-07 101.259
45.8326 9.08183 9.99064 3.07383 2.1371 15.4801 1.6528 40.1478 2.94597 115.631 15.7659 2.68887 17.4625 436.084 142.968 4.42116 1.99211e-06 103.55
35.2838 9.08183 7.95571 4.56561 0.677949 18.3344 1.6528 40.1478 2.94597 115.631 15.7659 3.76999 17.4625 436.084 142.968 4.42116 1.99211e-06 106.095
35.2838 8.26789 7.95571 4.5654 0.609048 20.6526 3.41323 40.1478 2.94597 115.631 19.7155 1.10714 0.451883 436.084 211.256 4.72794 1.99211e-06 109.707
46.5675 3.03878 7.38891 3.60242 7.2118 12.1867 5.90661 37.5016 2.94597 119.492 18.949 2.92834 0.451883 436.084 211.256 4.72794 1.99211e-06 108.963
44.3129 2.77232 11.0765 3.60242 6.11712 12.1867 6.89496 36.5322 2.94597 119.492 16.2484 6.44956 0.451883 449.407 171.284 6.2458 1.99211e-06 103.816
45.4024 2.06991 12.0333 3.60242 6.09414 9.93033 8.62451 36.5322 2.94597 119.492 16.2484 5.03657 0.451883 449.407 171.284 8.5583 1.99211e-06 103.88
47.7714 0.965163 12.0333 3.60242 6.09414 11.6036 8.61472 36.5322 2.94597 119.492 16.2484 5.74518 0.451883 449.407 154.128 7.57489 1.99211e-06 101.983
47.7714 0.965163 5.69625 10.7546 4.55345 11.6036 7.9222 38.3682 2.94597 118.948 12.537 9.93563 0.451883 449.407 154.128 7.57489 1.99211e-06 102.92
50.32 0.965163 5.69625 10.7546 4.55345 11.0011 9.3878 39.178 2.94597 118.948 12.537 7.70753 0.451883 449.407 154.128 7.57489 1.99211e-06 102.02
47.0094 4.92844 8.15037 4.73192 3.54824 12.6112 8.73393 34.9294 2.94597 122.932 13.1073 7.81951 0.606401 449.407 156.942 11.4113 1.99211e-06 101.843
47.8175 4.92844 5.6867 4.73192 3.54824 15.7929 8.73393 34.9294 2.94597 122.932 12.2623 7.81951 0.606401 449.407 160.861 15.319 1.99211e-06 102.371
47.8175 3.01836 2.11608 4.73192 3.47618 15.7929 15.4932 34.9294 2.94597 122.932 6.46875 10.5221 0.606401 449.407 160.861 29.394 1.06228e-05 104.464
49.6075 2.50373 2.10399 7.16918 3.47618 12.881 28.2516 20.1484 5.04792 125.966 5.33017 10.5221 0.606401 445.878 162.486 30.4171 2.14942e-05 104.286
70.9989 5.26449 2.34157 6.55483 1.52888 12.4381 28.2516 20.1484 5.04792 123.615 0.960253 13.8682 0.606401 448.853 149.793 17.0825 4.23176e-05 109.884
62.4389 5.26449 2.05399 5.51143 2.64767 13.0994 28.2516 20.1484 5.04792 123.615 1.3047 13.2642 3.43212 448.853 121.637 10.279 4.23176e-05 110.324
31.1603 3.76447 1.61512 5.16155 4.34439 13.0994 28.2516 20.6217 5.04792 123.615 7.54578 12.3816 6.69966 448.853 141.934 10.279 0.000126023 111.228
23.0253 3.39729 0.909258 4.52377 4.53191 11.3216 28.2516 17.261 10.8299 128.377 4.50359 12.0346 7.37268 432.412 109.524 14.7175 7.63145e-05 114.919
58.3019 10.3167 0.256104 5.66686 5.57931 8.16366 20.5887 15.7992 10.8299 128.377 4.50359 8.10752 13.9421 435.904 144.042 73.2246 5.43449e-05 111.992
51.0148 10.2048 1.8818 2.87197 5.66215 11.0529 24.02 12.8711 10.8299 128.377 4.50359 8.10752 11.4143 422.22 212.338 38.1951 0.000277196 110.887
44.6216 10.4167 2.47931 2.87197 5.48163 7.56468 30.0773 11.7076 10.8299 127.035 4.50359 8.24468 8.56539 458.614 141.022 25.1 0.000174499 107.16
43.3323 10.4167 1.99341 2.87197 5.20952 7.92592 30.0773 12.6038 10.8299 127.035 4.50359 6.95845 9.95738 455.486 141.022 20.2231 9.95416e-05 105.934
39.8301 10.1471 1.84693 4.44277 5.65335 6.47416 32.4377 12.7421 10.8299 125.436 1.22485 11.9227 7.14586 462.623 149.134 1.67393 0.000605921 111.906
36.4654 9.54163 6.75804 4.05808 3.34286 3.06713 32.4377 13.016 10.8299 121.669 38.7849 15.6489 11.1687 343.338 258.398 21.4516 0.00202786 115.435
47.7108 7.7822 6.34782 6.43483 2.95655 3.04783 39.5317 13.1047 23.7327 104.511 27.6218 26.372 14.1262 364.255 210.913 23.139 0.00282958 111.934
47.1795 7.05989 4.43522 7.34076 3.63915 2.28637 33.7259 10.1894 23.7327 104.511 40.7691 18.3207 14.8343 372.35 234.833 25.646 0.00895563 114.597
47.1154 4.99204 4.39263 12.669 3.63915 2.28637 30.4937 1.80748 28.9871 104.511 42.0254 26.3116 14.8343 355.43 222.233 16.4483 0.00895563 114.474
47.6857 4.99204 4.25257 12.669 3.63915 2.28637 30.4937 1.80748 28.9871 104.511 41.9986 22.9331 14.8343 355.43 222.233 12.7581 0.00895563 116.44
50.0384 4.13826 4.25257 13.0139 3.63915 1.16326 35.4277 8.08214 28.9871 104.611 34.2792 25.0634 14.8343 365.624 222.233 16.1601 0.0088946 114.432
54.6726 2.90503 4.61087 13.0139 3.63915 1.3808 35.4277 12.2567 27.4113 103.213 51.0032 38.8906 6.19015 342.501 188.397 23.7751 0.0088946 117.733
56.4598 9.81008 4.47103 9.05068 0.947992 0.720071 35.4277 12.2567 27.4113 103.213 51.0032 26.5787 6.19015 355.844 188.397 20.0992 0.0088946 116.163
56.4224 11.9875 4.49922 9.05068 0.947992 1.37548 34.607 15.208 5.14616 103.213 51.0032 23.5383 13.6145 376.446 188.397 18.2315 0.00751274 116.067
52.0361 10.0478 4.6146 9.05068 1.83892 0.795832 34.607 15.9883 5.14616 103.213 72.8274 15.1928 21.6929 328.613 188.397 17.273 0.0148465 119.608
48.773 8.80314 4.38424 6.74139 1.83892 5.84473 34.1547 18.298 5.14616 98.9858 69.7809 17.9877 22.9815 354.068 198.653 30.3848 0.0224563 117.503
48.8535 6.80302 3.03016 6.84077 0.700987 5.62007 36.0443 14.6799 5.14616 98.9858 77.785 21.086 13.6909 354.068 198.653 35.49 0.0149529 116.952
53.2206 8.57985 3.03016 6.84077 0.700987 5.64173 36.0443 14.6799 5.14616 98.9858 77.785 19.3669 12.6859 347.59 229.865 3.1805 0.00587464 115.417
60.2371 10.4825 3.87293 6.84077 3.20696 5.04828 29.2508 15.9365 13.2449 98.9858 77.785 21.8647 15.3743 347.59 199.533 15.6596 0.0183068 118.467
44.1683 9.88083 0.834839 6.42493 3.20696 5.62679 35.9741 23.9809 4.67346 107.954 46.2048 33.3777 12.1313 347.59 180.657 13.9539 0.00647536 119.663
31.5798 8.84382 2.31762 6.42493 5.52264 4.85644 28.3161 23.6806 4.67346 109.452 41.9599 38.9459 12.1101 363.712 180.657 16.9396 0.00532868 118.85
49.9005 7.87528 6.74284 6.42493 6.816 4.71863 22.7984 15.4932 4.67346 109.452 53.1217 38.9459 7.77766 375.017 171.565 17.9417 0.0093635 117.878
49.1541 5.67727 8.24442 6.42493 8.9407 4.71415 22.0093 17.9371 4.67346 109.452 51.7908 40.6597 3.67194 378.116 171.565 17.782 0.0127233 118.13
47.8566 7.10163 2.97937 5.80904 8.85585 4.81823 22.5766 22.6524 4.67346 109.452 49.9041 24.6491 3.67194 402.353 91.8559 8.59664 0.00757285 116.263
53.4384 8.36679 2.7844 8.1712 3.34559 4.83297 23.9672 22.6524 4.67346 109.452 49.9041 24.6491 3.67194 402.353 154.867 2.22166 0.0032453 112.16
53.4384 8.36679 5.62318 8.1712 3.2307 4.70312 23.9672 21.8329 4.67346 109.452 49.8241 13.6296 3.67194 402.353 184.169 3.15624 0.0032453 110.521
53.462 9.33923 1.88093 10.323 2.95043 4.79597 25.5225 18.4469 4.67346 110.89 49.8241 9.24697 31.5532 360.086 149.653 3.16686 0.00360549 115.538
46.7787 9.33923 2.42988 9.07292 6.42534 4.70898 24.2473 18.6547 4.67346 110.89 54.2528 8.53202 28.8795 358.667 22.5012 3.16686 0.0068437 112.019
46.7787 9.97402 2.42988 7.85506 8.47186 5.11894 24.2473 18.4826 4.67346 110.89 54.2528 12.7167 28.8795 348.592 11.1577 3.16686 0.00734875 115.116
46.7787 5.03843 9.0413 7.85506 8.47186 2.61728 21.2099 22.6398 4.67346 117.675 60.7644 14.0925 20.5396 343.752 11.1577 6.80779 0.0116267 114.733
50.404 4.74584 13.7576 2.97064 7.72825 2.37089 19.5776 22.6398 4.67346 117.675 60.7644 16.8242 76.4427 272.659 11.1577 2.69754 0.0181745 116.452
52.5168 5.90884 12.3127 2.22213 6.7037 1.43217 19.5776 22.6398 18.4725 117.675 44.7691 16.8242 76.4427 272.659 11.1577 14.0272 0.0204859 115.67
52.7963 7.02959 11.0641 2.22213 6.13063 6.02962 11.9968 20.4489 18.4725 117.675 51.1008 16.4485 76.4427 264.585 6.60028 8.44323 0.0196518 115.729
52.7963 5.74841 9.08465 3.09176 6.35331 5.91992 14.0263 24.0553 15.2546 117.504 44.413 17.4884 76.4427 264.585 97.4262 8.44323 0.0196518 117.25
53.4872 6.64938 8.61699 3.7531 5.287 3.91711 14.7377 23.0107 49.1796 72.1631 50.6493 27.4337 76.4427 264.585 40.0461 51.1871 0.00231176 115.432
50.9535 4.55184 12.4055 6.82432 5.48131 5.63547 7.86342 23.0107 47.3072 67.2598 72.5428 7.83289 54.4223 264.585 88.3645 5.57843 0.00106477 116.013
47.3393 3.77919 11.8088 6.17351 4.70738 6.08798 2.12906 29.3843 46.0832 65.588 81.3575 10.5177 45.7188 308.251 15.2898 40.1845 0.00106477 112.999
50.6198 4.93815 13.2943 5.12653 3.35278 6.01485 2.12906 32.5672 38.6007 69.9631 84.3025 17.7077 38.3819 308.117 15.2898 40.1845 0.000807231 114.109
46.1007 4.57383 13.5 3.14384 6.67758 6.75656 2.11804 22.3611 57.2595 80.7815 77.3132 31.513 34.6896 287.322 15.2898 38.0798 0.000807231 115.112
46.7576 4.57383 13.7071 2.67413 3.794 7.97959 4.14584 13.3388 57.2595 82.5247 68.6569 53.9875 31.7083 278.283 15.2898 12.5008 0.000807231 117.156
46.7576 6.17763 13.0152 0.346079 13.8893 8.78501 2.76774 12.3697 57.2595 70.5863 53.1237 62.9171 26.4244 303.107 15.2898 46.3806 1.91442e-05 116.538
46.7576 6.17763 11.8205 1.73108 13.4275 5.04362 6.94354 17.4782 55.5833 78.5191 53.1237 55.1107 16.1626 306.907 230.391 46.3806 1.91442e-05 113.349
46.7576 6.81445 9.68562 3.96793 12.0802 6.99813 2.31258 20.2895 55.5833 73.1531 56.0223 55.1107 19.5689 306.907 230.391 46.3806 1.91442e-05 113.649
56.2314 5.79556 10.1191 3.96793 12.0802 10.4334 1.96984 19.2654 66.6764 64.9994 56.9986 63.1258 4.84735 304.688 235.076 11.5589 0.000160013 115.616
43.8213 4.34843 6.84865 7.95072 8.03541 8.64207 5.86157 18.9908 66.6764 64.9994 79.3164 33.7401 11.9576 304.688 260.756 5.67804 0.000163358 113.38
110.562 5.55547 1.13028 7.10182 5.55998 2.48136 7.97853 20.9211 66.9144 46.2328 103.445 21.6192 7.37522 320.309 16.8195 32.1912 0.000224491 116.986
110.562 9.20969 0.908537 8.64042 6.23524 1.80566 12.4411 18.0477 70.7114 48.1126 95.2405 39.8654 7.54156 321.411 27.9696 18.7718 0.00025166 117.251
110.562 4.79245 2.15101 6.74362 12.6976 1.80566 12.568 15.8787 76.8391 41.4515 95.2405 35.5623 0.847772 321.411 120.297 13.0127 0.000270957 119.235
110.562 3.46882 6.40931 1.54979 11.1453 5.05377 12.1706 18.5935 73.8885 33.637 100.305 14.5424 7.65004 344.868 217.795 11.3271 0.000266734 113.376
99.3905 4.14658 3.48073 1.54979 14.3593 4.66952 12.3681 18.1575 64.498 33.637 100.305 14.5424 12.3288 344.868 217.795 6.31901 0.000266734 113.645
99.3905 6.71806 5.50332 1.56502 14.3593 2.89677 11.9037 13.8967 52.9364 54.9339 106.759 17.4022 5.76526 325.987 154.783 4.99025 3.36584e-05 117.381
26.8242 13.9338 2.95168 4.00578 12.2559 6.57901 11.4205 11.3508 54.8897 64.1729 79.6001 19.6229 9.66794 373.579 154.783 3.67634 0.000375519 115.839
60.32 13.9484 2.95168 5.49626 13.1641 6.80198 11.4205 4.0969 59.9148 63.3505 65.1663 13.3089 17.2012 378.907 165.65 11.0469 4.97491e-05 117.17
33.3895 13.9484 2.95168 4.11679 13.1641 6.80198 10.1915 8.33749 63.8277 86.8016 33.1096 12.1373 17.2012 395.625 167.102 15.1748 4.97491e-05 110.896
46.9416 12.3021 3.64694 2.44997 7.17865 7.34958 13.0955 16.7706 62.3831 85.2035 29.8371 18.7676 15.3381 393.702 165.387 41.0351 0.000192949 107.861
46.9416 12.1383 3.64694 3.72415 2.0017 7.34844 12.7756 16.7706 63.9771 86.1767 29.8371 13.3457 13.93 408.157 169.236 24.9218 0.00105825 110.581
46.9416 11.9002 3.52685 3.72415 2.0017 12.2065 13.0333 14.6675 60.88 87.2507 28.1996 13.9412 13.93 404.326 169.236 9.58168 0.00542905 109.73
61.2606 10.9691 3.52685 3.50974 2.0017 12.2065 11.0802 14.6675 65.7766 87.2507 28.1996 12.8122 13.93 404.326 164.523 9.58168 0.00542905 112.584
61.2606 13.9916 2.71605 3.50974 2.0017 12.2065 7.46504 17.4153 69.556 77.3012 29.2265 12.5876 13.93 406.664 151.879 27.5242 0.00800082 115.219
48.284 13.9916 2.71605 3.50022 2.0017 13.9742 7.46504 7.53502 69.556 88.3966 29.2265 12.5876 13.93 409.84 163.437 30.5276 0.00771331 115.651
48.284 13.9916 3.18138 3.64079 11.8965 1.07072 6.77353 16.3489 69.1683 80.9475 41.2483 9.19649 6.12988 412 145.704 44.2681 0.000958027 110.951
48.284 13.9916 3.18138 3.64079 11.8965 2.37903 5.45488 15.0463 64.354 83.9708 41.2483 14.7255 6.12988 412 147.698 66.8142 0.000958027 114.799
24.1647 16.6204 2.61578 1.81668 19.6253 1.41011 5.35766 15.0463 64.354 82.7076 29.7782 10.7224 6.12988 404.917 177.901 32.9249 0.000958027 115.749
73.8998 10.8015 0.616112 2.65212 18.8649 4.6241 7.34632 17.4181 69.6844 82.7076 20.7811 9.72559 6.98641 404.917 176.247 26.3467 0.000958027 115.958
73.8998 10.2107 1.6673 2.90706 18.8649 3.18783 3.65474 15.0719 69.6844 83.8435 20.7811 25.5416 6.98641 402.783 179.226 33.6533 0.000519766 116.601
35.4662 7.37615 1.70835 2.34996 18.1963 1.08263 4.16393 20.2819 68.1944 85.9822 25.6649 26.1864 6.21299 389.538 196.848 40.2338 2.19152e-05 112.541
35.4662 7.37496 1.70835 7.24835 19.9155 1.08263 2.7533 20.2819 69.1999 80.7944 25.6649 16.4475 9.31876 386.787 204.427 31.1291 2.19152e-05 110.546
35.4662 7.37496 2.19304 14.0276 13.2039 1.08263 1.6811 22.5052 68.8394 75.219 30.9538 22.5181 10.0741 379.418 205.902 41.4302 2.19152e-05 109.373
35.4662 11.4259 1.47133 8.05506 13.49 3.2097 1.61855 25.417 63.1973 73.2107 32.0472 19.8453 16.9657 384.148 203.179 26.7095 2.96507e-05 112.734
47.2916 12.8899 1.47133 7.23277 13.3901 1.04173 2.48919 15.2528 69.3906 80.6288 35.9145 15.2677 13.1027 375.234 202.15 2.97114 0.000436764 109.333
56.1022 2.90741 2.76121 9.02602 13.3903 1.50593 11.0112 15.5994 73.8743 77.2228 42.3966 7.79522 20.0921 373.626 200.887 1.07305 0.000237439 108.635
56.1022 2.90741 2.76121 9.03284 13.3803 3.01801 13.6461 11.4299 69.8769 75.3828 52.1364 10.0186 9.01352 373.273 200.984 7.21736 0.000291241 108.47
51.5293 3.65377 8.57329 10.9387 13.1916 2.1204 7.19621 12.1054 75.0463 58.2838 47.7799 5.63471 5.17882 393.391 200.739 13.3965 0.000203472 111.96
37.3198 1.62029 8.57329 10.9387 12.5544 2.15848 8.34164 11.8131 71.9932 65.8737 47.7799 6.6321 9.93421 399.865 200.745 6.14588 0.000203472 111.124
34.8848 1.8277 13.0917 7.61574 13.9496 2.75794 6.4821 14.9576 69.7541 59.5745 48.9266 7.18498 12.844 388.137 199.184 48.5513 0.000263866 113.051
100.955 2.36204 8.39668 7.61574 14.5851 1.17138 1.48584 20.0999 64.9688 71.0837 41.3285 14.0237 8.75412 384.623 211.287 4.57755 0.000256854 112.391
111.784 4.01958 5.80568 2.42847 8.42657 1.17138 7.37007 30.242 66.7524 76.8724 33.1297 16.6473 11.0223 376.775 191.792 28.3135 3.49617e-06 108.949
114.97 4.9858 6.18815 2.15304 10.2824 1.25607 4.7752 26.016 63.7533 68.8807 47.7783 16.7993 11.0223 382.448 187.462 28.3135 3.49617e-06 107.951
89.7371 4.3787 7.79696 4.11287 9.30356 8.59424 8.38881 21.2583 65.2598 75.7287 36.2412 11.9533 16.1772 383.1 199.998 11.8535 3.49617e-06 108.237
56.7795 5.18071 7.79696 3.68269 10.8157 5.97087 10.4775 21.2583 60.5159 79.1239 44.2302 8.67426 23.8337 378.042 193.092 17.5541 3.49617e-06 106.856
54.6355 9.96377 3.64612 5.11375 11.034 5.24667 3.69638 13.3329 62.9053 73.4462 57.3231 9.59809 17.8089 379.468 194.849 9.64576 3.49617e-06 105.15
54.1625 6.41758 8.03118 3.85488 5.16452 9.15251 10.0218 0.284726 75.0172 76.8229 50.1066 14.3388 17.036 378.339 189.329 6.8849 7.47606e-05 111.758
70.5948 5.34203 8.03118 3.42938 9.18671 10.4703 4.10221 30.3874 46.7439 82.8318 37.8259 2.51277 34.0475 393.884 181.057 6.57624 0.000318809 113.766
70.6091 4.25165 10.7183 3.24565 4.49539 11.3301 6.84378 3.23558 75.8744 82.7482 42.5224 8.05789 20.6184 372.051 190.443 18.2756 0.000232345 111.219
70.6091 4.25165 8.58342 4.09335 4.49539 11.1902 10.0461 5.07727 75.8744 74.7498 49.9469 7.9824 11.6363 397.182 184.101 16.899 0.000286305 110.751
51.6709 3.22876 8.7271 6.51287 3.80119 11.1988 10.0461 9.66272 73.1377 74.7498 51.0053 3.30095 11.6363 386.124 169.393 23.4598 0.000286305 108.789
51.6709 0.140757 9.56762 9.41115 3.48834 11.148 10.0778 12.9505 77.7554 70.441 47.1009 3.9196 11.6363 381.603 192.361 25.023 6.71499e-05 107.023
40.1219 0.675538 11.2941 7.58402 3.48834 11.6172 9.27167 15.9013 77.7554 69.0711 49.3136 3.27956 11.6363 381.603 192.951 25.023 6.71499e-05 108.058
34.3591 1.67345 11.2941 11.3243 0.45545 9.38686 9.27167 14.8279 77.7554 69.0711 4.97049 1.11262 46.4883 400.164 173.572 21.6827 6.71499e-05 109.234
34.3591 0.651695 11.2941 12.2836 1.26988 8.38044 9.27167 9.4309 79.0188 69.0711 4.97049 1.77396 53.404 392.021 199.851 26.35 3.16449e-05 109.579
34.3591 0.120428 11.2941 12.2836 1.10081 10.5273 8.10816 9.4309 79.0188 70.5373 4.97049 1.77396 53.404 392.021 209.367 15.6835 3.16449e-05 109.983
34.3591 0.631806 11.2941 12.2836 0.509643 11.0516 8.10816 9.4309 79.0188 70.5373 4.97049 0.259504 53.404 392.021 184.771 15.6835 3.16449e-05 109.453
19.2279 1.80292 13.9438 9.70202 0.509643 10.9557 8.10816 8.18771 79.0188 70.5373 4.97049 3.94238 45.5682 392.021 100.145 18.8889 3.16449e-05 114.501
25.2168 1.88683 19.2561 3.90769 0.357913 11.3915 8.16398 8.18771 79.0188 79.0972 1.89721 3.17726 43.9686 415.547 123.459 18.4495 3.16449e-05 113.023
12.6136 1.88283 19.2561 3.8372 0.637829 12.0335 2.25193 6.11503 80.4291 79.5511 3.78587 3.57146 43.9686 413.251 162.664 13.0966 3.16449e-05 114.066
45.8393 0.962024 19.2561 3.99928 2.10335 13.6392 4.31499 2.34157 88.6908 72.3451 3.78587 3.87573 30.0374 421.497 162.664 13.0966 3.16449e-05 107.775
45.8393 1.01642 14.9155 3.99928 2.5037 18.582 4.31499 2.34157 88.6908 72.3451 3.78587 3.87573 26.9581 421.497 162.664 13.0966 3.16449e-05 107.688
41.3613 1.07442 14.262 7.36483 3.89828 14.4263 4.44341 3.50255 90.4515 70.5873 3.78587 5.08577 21.4166 421.497 162.664 11.3544 3.16449e-05 107.49
41.3613 1.9424 14.262 4.29364 4.27542 14.4263 3.03832 3.50255 90.4515 70.5873 3.78587 4.97942 19.7209 421.497 162.664 15.9924 3.16449e-05 111.468
48.8433 1.22428 14.262 5.83113 4.27542 14.4263 3.03832 4.37349 90.4515 70.5873 3.78587 5.91348 19.7209 421.497 162.664 15.9924 3.16449e-05 105.922
53.5515 1.22428 16.3813 4.54789 4.79444 14.4263 3.03832 3.98983 90.4515 70.5873 3.78587 5.87766 15.7018 421.497 202.438 15.9924 0.000848404 110.531
51.7442 1.22428 16.3813 2.8878 3.9496 10.7832 3.15792 7.90068 90.5566 69.4263 0.671449 5.40698 18.7928 421.497 177.325 26.0995 0.00234393 114.18
67.4663 1.22428 16.3813 2.8878 5.90506 8.48907 10.6929 7.90068 86.0459 69.4263 0.671449 6.28891 16.6351 450.354 109.563 30.6742 0.00253896 114.139
61.3602 0.116767 16.3813 2.8878 5.38989 8.54595 10.6929 7.51545 86.0459 69.4263 0.671449 7.99733 16.6898 450.354 52.4203 30.6742 0.00124224 115.45
132.322 0.116767 9.24104 2.8872 5.26498 8.25885 7.79042 10.2361 87.071 63.7095 0.671449 15.7452 1.45483 444.296 176.169 22.2179 0.00121986 113.736
122.027 3.30397 6.16124 3.45762 4.77012 7.86292 8.79311 11.7618 92.7727 63.7095 0.671449 12.6362 1.1538 444.296 174.16 54.8058 0.00190214 109.407
122.027 2.49204 4.78211 4.1031 5.83434 6.71273 7.75539 13.6391 91.3895 63.7095 0.671449 12.6362 9.36555 436.025 172.709 27.166 0.00778913 110.814
122.027 2.1256 6.19375 4.1031 7.04322 5.65523 7.75539 13.6391 91.3895 57.0015 0.671449 16.0694 6.66139 456.412 171.201 17.9027 0.0105918 114.329
100.009 2.1256 7.92424 4.89605 7.92037 3.98325 7.75539 12.0734 97.5653 57.0015 0.671449 11.9189 11.6253 434.397 162.624 35.2521 0.0108197 113.313
120.954 2.59977 7.20784 4.91121 10.163 2.47784 7.75539 12.7018 92.9406 48.4663 9.99906 11.9287 11.6253 434.397 162.624 82.7248 0.0108197 113.653
120.954 2.71451 7.20784 4.91121 10.163 2.47784 7.75539 12.7018 92.9406 48.4663 9.99906 11.9287 11.6253 434.397 162.624 79.5114 0.00449046 112.925
112.723 2.72033 6.77426 1.11457 9.9892 7.31828 10.4336 12.8415 93.3901 52.8539 9.99906 9.29574 8.02253 432.718 168.139 43.1871 0.00386127 112.54
109.475 2.7132 7.81666 3.01568 10.3832 5.81241 1.04032 10.6721 103.161 54.4352 9.99906 6.39253 4.5761 426.701 188.757 16.5903 0.0048834 110.976
109.475 2.72747 3.58464 4.45452 10.1989 6.9752 6.3406 9.73708 101.112 54.4352 9.99906 0.670355 19.9887 426.701 165.704 20.1278 0.00584437 110.239
133.188 2.43078 1.23396 7.42676 10.0362 3.37075 8.62906 11.9367 98.5655 54.4352 9.99906 1.51161 23.9929 423.896 165.678 14.6427 0.00748832 109.963
127.554 1.322 2.47665 9.70759 6.44218 5.20882 11.5529 13.3836 96.3689 48.8313 9.99906 1.49848 23.9929 423.896 170.942 10.303 0.00433789 108.082
134.915 0.938933 2.47665 9.70759 2.07825 5.20882 11.5236 13.9666 97.5794 48.8313 9.99906 1.49848 23.9929 426.303 170.942 15.2754 0.00132361 110.778
134.915 2.15376 1.6387 7.95768 2.07825 7.29416 13.6785 13.9666 96.8513 48.8313 9.99906 1.99179 27.9092 426.021 157.782 18.052 0.000374034 105.784
134.915 3.27031 2.95648 4.95332 5.86774 7.29416 13.6785 10.3523 98.1175 48.8313 9.99906 2.1801 24.8377 426.021 169.547 15.4692 0.000324076 103.879
133.608 5.42889 5.68292 3.353 5.59323 7.20109 12.5562 10.0059 93.1921 53.0385 9.99906 0.879227 24.4812 426.021 169.547 25.327 0.000317054 106.418
132.934 5.42889 5.68292 2.39535 5.18537 6.3614 14.9931 10.0059 93.1921 53.0385 9.99906 1.98183 25.0312 426.021 169.547 7.71338 0.000175238 103.772
122.349 4.99908 5.7367 2.39535 5.18537 6.3614 15.2494 10.0059 93.1921 53.0385 8.67797 2.15878 25.0312 426.021 169.547 6.22045 0.000175238 103.834
122.349 1.98137 5.7367 2.96653 5.41965 6.54133 15.2494 11.0134 94.4322 53.0385 8.67797 4.79069 22.7754 426.021 191.593 3.65207 0.00173261 108.111
81.9732 3.8509 5.55835 2.96653 5.41965 6.54133 16.5988 11.4998 94.4322 53.0385 8.67797 6.66106 15.5947 426.021 191.593 26.4693 0.00345699 111.634
81.9732 2.43768 9.64397 2.96653 5.41965 4.57375 16.5988 11.4998 94.4322 53.0385 8.67797 6.29727 15.5947 426.021 181.409 23.183 0.0029905 109.003
101.95 2.43768 12.7593 1.01489 0.449345 6.89366 18.4498 7.77216 105.891 41.992 8.67797 6.70425 14.5071 435.47 181.409 27.253 0.00240987 111.634
128.193 2.39194 10.3814 1.01489 3.27314 6.95373 15.9301 4.36365 105.891 43.1347 8.67797 8.3358 14.5071 435.47 161.835 21.2738 0.00590696 110.625
141.75 1.28648 10.586 1.01489 4.30369 5.73358 15.9301 4.10482 105.891 43.1347 11.94 7.28984 14.5071 433.241 161.835 24.5795 0.00662126 113.881
141.75 1.07981 8.72051 1.01489 4.33826 7.95781 15.9301 4.08467 105.891 43.1347 11.94 8.57606 4.05551 443.045 161.835 14.0788 0.00359303 110.314
137.257 0.803436 9.26906 1.01489 4.33826 9.46454 15.4346 3.95598 105.891 43.1347 11.94 7.43528 4.05551 443.045 161.835 14.0788 0.00333522 109.21
118.041 1.42562 9.85648 4.68504 1.72641 7.22347 15.5881 2.31208 105.891 42.0343 11.357 7.43528 21.9968 439.329 147.377 13.3804 0.00406981 110.478
117.39 1.2218 5.55691 3.06518 4.77883 7.00771 11.0085 9.89988 105.891 36.7765 11.357 11.9697 20.0222 450.744 142.003 12.9471 0.00453819 112.898
140.5 1.40703 5.54315 4.81447 7.03342 7.3313 10.1723 10.3244 105.891 37.2382 11.357 11.9697 10.9589 455.298 140.591 26.5727 0.00068566 113.505
140.5 0.501889 5.5786 5.76869 1.29954 14.6879 7.83408 12.2979 105.891 40.0995 11.357 7.24184 2.0382 455.298 144.992 33.1512 0.00140614 112.903
140.5 0.319583 4.19262 4.10294 4.42976 12.1862 5.13332 12.4911 105.958 40.0995 10.1565 14.3401 1.00167 455.298 129.651 35.5239 0.00140614 114.447
140.5 0.319583 7.85532 1.62395 3.99248 12.3297 5.13332 13.0322 105.958 40.0995 8.06429 14.3401 1.00167 455.298 163.813 35.5239 0.00140614 113.524
99.9386 1.23969 0.598434 1.62395 3.83864 23.1087 5.13332 9.2062 132.758 22.7528 8.06429 0.848185 1.00167 455.298 163.813 40.6626 0.00082378 115.189
90.2473 0.808701 2.12 0.927067 3.83864 23.1087 5.13332 2.77089 132.758 22.7528 8.06429 0.848185 1.00167 455.298 176.676 23.5563 0.00082378 115.022
111.371 0.481807 2.12 0.927067 2.78518 23.1087 5.13332 9.03938 132.758 22.7528 8.34437 0.848185 5.73968 455.298 165.44 5.89761 0.000404309 113.859
133.087 0.481807 3.07873 1.02272 2.78518 23.1087 0.49247 9.03938 132.758 22.7528 8.34437 0.848185 5.73968 455.298 165.44 5.33449 0.000404309 115.039
97.4708 0.481807 0.843501 2.59949 2.78518 16.4705 8.59681 9.03938 118.498 22.7528 15.3713 4.90775 7.13823 455.157 155.179 5.33449 0.000761585 115.848
96.9953 2.67052 10.269 1.75857 4.33084 1.72886 14.8103 8.63841 119.336 27.3843 20.2581 3.68681 12.8535 451.948 149.811 7.91399 0.000246419 109.153
46.2669 3.53074 9.6021 1.97438 6.23853 1.72395 17.4002 8.80869 119.336 27.3843 20.2581 1.64567 14.6206 451.948 133.068 4.03238 0.000246419 107.471
55.413 0.401928 9.93662 2.26758 7.75681 1.70123 17.4002 8.80869 119.336 27.3843 20.2581 1.64567 15.4776 451.948 133.068 3.75505 0.000246419 108.679
3.82003 0.401928 9.90591 2.26758 10.7203 1.79792 17.9195 7.92502 119.336 27.3843 23.0038 2.23928 3.24815 451.948 164.294 7.06403 0.00015649 111.561
28.1089 0.847647 7.18618 1.0391 10.5142 1.5516 21.0303 7.31828 119.336 27.3843 23.9947 2.23928 3.24815 456.434 164.294 6.54643 0.00015649 112.62
15.1963 1.37024 4.36177 1.99126 11.7682 1.5516 21.3046 14.5127 119.336 31.3112 10.4376 2.23928 5.07156 456.434 141.692 5.26479 5.77126e-05 110.999
13.364 1.37024 5.16456 3.18356 11.7682 1.5516 17.6212 13.5837 121.169 31.3112 10.4376 7.90727 5.07156 456.434 141.692 10.5765 5.77126e-05 108.095
32.2835 2.41708 5.206 1.47366 10.9172 2.37722 16.2127 13.5837 121.169 31.3112 12.7866 7.98181 2.46159 444.466 141.692 5.97076 5.77126e-05 107.304
32.2835 1.13538 5.45345 2.50438 10.9172 2.63304 14.3389 13.5837 121.243 31.3112 12.7866 8.19594 2.46159 444.466 141.692 37.1693 5.77126e-05 108.492
40.7863 1.1428 4.53577 2.15021 10.0456 12.7149 16.0873 3.4419 121.243 31.3112 12.7866 6.247 11.848 444.466 116.514 11.6059 5.77126e-05 109.067
23.5999 1.99039 5.54636 2.07633 9.32693 14.4364 16.2595 3.4419 121.243 31.3112 12.7866 4.41058 7.31371 444.466 97.9658 23.6941 5.77126e-05 110.254
11.7478 3.65825 6.93183 1.55186 9.07814 4.00938 16.4104 3.25945 118.413 37.2052 12.7866 11.8227 7.31371 428.817 4.69904 25.1859 1.60821e-05 110.132
56.327 6.28181 7.60674 1.82844 9.07814 7.27342 16.4723 1.37418 112.651 37.2052 12.7866 11.8924 7.31371 428.817 13.6862 34.4686 1.60821e-05 111.213
56.327 7.75325 5.74482 1.57228 8.94022 6.75208 16.3472 1.57052 113.032 27.0402 14.9413 11.77 19.454 428.817 12.4207 25.8706 1.60821e-05 109.78
56.327 7.75325 3.95888 2.03345 8.94022 6.44826 16.218 4.29219 121.207 28.0788 14.9413 5.09667 15.302 428.817 11.8168 15.7389 2.4154e-05 106.257
56.327 7.94211 3.54487 1.91526 8.34636 8.39862 16.6539 0.978714 119.246 34.7054 14.9413 6.25364 14.4684 428.817 16.3979 15.3877 2.4154e-05 109.621
53.9166 9.67526 4.20948 2.24445 5.90406 9.08347 12.9884 5.88544 119.246 28.6386 12.4948 6.34289 16.6073 436.35 13.2508 20.2217 2.4154e-05 108.162
50.7955 9.66089 6.64333 2.32147 5.17466 8.79944 11.4877 7.23342 119.246 28.6386 10.4034 7.71771 15.9143 436.35 13.2508 31.0098 2.4154e-05 107.549
50.7955 12.2796 4.58194 2.38356 6.33361 8.97342 11.4929 7.02337 110.648 28.6386 4.02007 7.71771 17.3225 436.35 10.4646 11.9539 2.4154e-05 110.264
50.7955 10.4848 2.34773 2.38356 6.99616 7.39241 8.44114 7.02337 126.391 34.632 4.02007 7.71771 17.3225 436.35 10.4646 7.39369 2.4154e-05 106.573
49.0702 10.3724 5.18492 2.38356 7.46086 8.34135 5.62358 7.07738 130.408 34.632 2.68521 5.40024 9.22026 439.729 39.355 18.7521 2.4154e-05 104.617
49.0702 10.3724 6.71345 2.75218 7.46086 8.34135 3.67335 7.07738 130.408 34.632 2.68521 6.51233 9.22026 505.769 39.355 18.8524 2.4154e-05 108.152
125.251 10.3724 6.71345 0.522109 6.12398 5.23536 2.90014 7.07738 130.408 34.632 2.68521 6.51233 9.22026 505.769 39.355 24.444 5.30055e-08 110.731
109.496 10.206 5.9752 0.522109 4.64359 3.31988 2.25675 7.07738 130.408 34.632 2.68521 8.28678 21.6302 87.4951 39.355 29.2443 5.30055e-08 112.409
100.881 9.7458 4.35114 1.84353 3.87176 0.714597 4.78727 7.07738 130.408 34.632 2.68521 11.25 21.6302 82.4526 26.1761 18.7941 5.30055e-08 109.931
86.6319 10.5769 2.56806 3.4293 2.79371 0.714597 4.78727 10.6365 130.408 34.632 2.68521 8.62202 18.0146 82.4526 26.1761 5.49002 5.30055e-08 110.874
91.6504 11.2793 3.51187 1.26905 3.24753 1.63345 7.08172 10.6365 131.383 32.6958 41.6072 8.59267 21.2094 82.4526 26.1761 6.29373 5.30055e-08 110.022
59.2244 11.2793 3.37744 3.04228 2.21173 1.76551 9.98225 7.5653 131.383 32.6958 46.498 3.40762 22.8582 100.666 11.2281 5.13431 5.30055e-08 108.366
59.2244 12.274 3.91791 3.98274 2.11273 1.50946 9.43803 7.5653 131.383 26.9754 44.0713 3.88144 48.6367 276.761 10.4086 4.56193 5.30055e-08 110.483
44.861 12.274 5.87157 4.59713 1.76809 2.6141 2.27713 10.1405 126.182 26.9754 51.3786 3.25676 99.6937 291.696 21.4816 3.6482 5.30055e-08 109.761
51.1504 12.274 6.48617 5.22359 1.4347 0.0970057 2.27713 4.46659 126.182 39.8322 54.9994 3.0187 61.134 310.809 18.7234 3.6482 5.30055e-08 109.414
52.4611 5.51638 11.6581 4.86717 0.974047 8.91819 2.27713 6.44418 126.182 38.8298 40.1155 0.0955878 61.134 276.132 14.6218 4.02588 5.30055e-08 107.764
41.9276 5.23792 11.6581 2.04279 0.455797 13.2119 7.8673 0.838423 126.182 36.3252 40.1155 1.77901 61.134 290.918 4.45145 5.51052 5.30055e-08 107.674
49.5207 3.43906 14.4548 2.04279 0.455797 13.6316 7.67662 0.838423 126.182 36.3252 38.4295 1.52137 61.134 344.362 8.13308 47.2618 5.30055e-08 108.831
40.6792 3.32647 14.7519 3.64204 1.85783 9.29995 9.78722 0.838423 126.135 36.3252 38.7476 5.33992 52.1893 325.708 20.9189 53.0305 5.30055e-08 107.263
53.9712 2.69394 9.06878 2.34816 2.47991 12.8287 7.65017 0.838423 108.138 57.358 41.2715 4.27825 49.7977 328.635 14.1195 15.8291 5.30055e-08 107.324
66.5576 3.12174 9.06878 0.706914 0.317845 12.8287 7.65017 5.73958 110.429 52.1296 41.2715 4.27825 42.7941 338.206 14.7297 17.651 5.30055e-08 107.973
81.5864 3.58731 9.06878 2.44339 1.83938 12.8287 9.33458 4.17166 110.429 52.1296 39.979 4.27825 42.7941 340.303 16.7092 17.651 5.30055e-08 104.666
80.1606 1.94621 7.95502 1.20197 4.62204 12.8287 13.8683 4.17166 110.429 48.9611 39.979 4.27825 34.3538 345.136 25.6668 45.0141 5.30055e-08 107.401
56.1234 1.94621 7.95502 1.20197 4.62204 12.8287 13.8683 4.17166 112.34 48.9611 39.979 4.27825 34.3538 345.136 25.6668 44.8619 5.30055e-08 107.541
55.7687 1.94621 3.96325 1.38858 8.00341 13.2386 13.8683 4.17166 113.106 48.9611 39.979 4.27825 29.9484 351.951 15.3589 44.8619 5.30055e-08 104.469
62.743 4.08806 2.11253 2.0834 7.24982 11.9913 9.90677 2.42373 113.106 48.9611 39.979 4.27825 27.6909 367.606 13.8242 44.1582 5.30055e-08 107.366
62.743 4.71838 2.11253 2.50149 7.59106 16.7057 9.50947 2.42373 113.106 47.0077 39.979 6.22956 27.6909 367.606 18.5219 44.3917 5.30055e-08 107.999
42.9208 4.19044 1.23727 3.26028 7.78297 6.44407 17.7269 5.83618 113.106 38.5232 45.603 7.46257 34.1244 355.303 20.9026 42.3599 5.30055e-08 106.026
42.9208 4.25533 2.13717 3.94677 8.53211 9.74761 13.3203 2.96741 113.106 38.5232 47.8588 8.41027 32.4746 354.522 28.5115 25.9773 5.30055e-08 105.245
42.9208 3.67908 1.59246 3.22874 7.54919 11.6158 13.3203 1.51984 113.106 33.3461 47.8588 13.0859 43.1074 352.421 41.1277 13.9414 5.30055e-08 106.244
74.5475 3.7216 1.05535 2.54273 14.3641 10.5088 9.75005 7.91212 112.131 33.3461 39.2591 9.64795 43.1074 371.395 85.4169 16.3095 5.30055e-08 108.309
74.5475 0.550681 3.45605 3.36508 9.90549 9.625 18.3709 6.59822 112.131 33.3461 44.4972 11.0692 20.7752 391.982 167.517 16.6055 5.30055e-08 106.184
103.586 5.36001 3.45605 3.02002 6.42063 7.68898 3.81212 7.12801 122.659 33.3461 46.724 14.1301 25.6265 375.972 179.19 48.5654 5.30055e-08 109.51
77.8131 0.668283 3.48254 9.11242 2.00329 7.07959 9.91628 1.74695 123.716 33.3461 44.0507 12.4208 32.2761 382.545 166.039 87.1412 5.30055e-08 113.686
31.7919 0.668283 2.97571 9.11242 3.55943 5.69278 19.7806 0.561663 123.56 37.5777 40.6606 7.28895 33.2821 371.495 166.039 28.4838 5.30055e-08 109.27
132.942 2.93973 2.97571 9.11242 3.74677 4.15966 11.3942 0.561663 123.56 37.5777 40.6606 7.28895 33.1167 363.161 179.471 14.1124 5.30055e-08 104.674
124.003 3.36716 3.35158 9.26482 6.87792 1.72244 10.4237 2.45968 123.56 36.8168 38.1589 8.24798 32.9766 362.97 194.283 5.79347 5.30055e-08 102.179
124.003 1.2606 0.565154 12.1494 6.54831 1.72244 20.0264 2.45968 123.56 36.8168 38.1589 2.43414 33.3179 355.072 209.604 13.2594 5.30055e-08 106.598
101.762 1.2606 0.565154 12.1494 6.54831 1.72244 20.2198 2.45968 120.436 36.8168 42.8057 2.43414 33.357 357.585 209.604 13.2594 5.30055e-08 106.037
74.7561 6.25617 2.19182 8.81628 6.31231 1.72244 19.189 2.45968 120.436 36.8168 40.5683 2.78232 32.0231 355.858 209.604 24.7523 5.30055e-08 106.27
74.7561 10.1928 2.84575 9.76202 4.49769 1.72244 20.276 2.45968 120.436 36.8168 40.5683 2.78232 32.0231 353.083 209.604 24.7523 5.30055e-08 108.246
48.5146 9.79976 3.13112 5.72435 6.01601 3.44672 20.276 1.90591 120.436 36.8168 43.0572 3.76524 32.4341 353.996 176.512 16.472 5.30055e-08 104.921
56.6999 9.85605 3.0444 5.558 6.29742 3.44672 19.4188 1.90591 120.436 36.8168 41.8263 3.38618 31.6396 351.597 228.185 16.2602 5.30055e-08 103.045
56.6999 9.8154 5.09172 7.28454 5.32271 0.818425 19.4188 1.90591 120.436 28.8147 49.2339 0.515103 37.8258 347.372 228.185 16.7894 5.30055e-08 105.024
56.6999 1.92115 5.96366 7.12223 5.11695 3.93413 23.6618 1.90591 120.436 28.8147 49.2339 2.60595 30.8523 348.336 228.185 16.7894 5.30055e-08 107.436
56.6999 1.92115 9.69805 6.81427 9.96158 0.934839 23.6618 1.90591 120.436 28.8147 40.6048 11.6379 30.8523 344.488 228.185 13.2839 5.30055e-08 108.152
56.6999 4.72186 6.58846 9.2979 9.10791 0.934839 23.9447 1.90591 108.703 28.8147 40.9473 12.5237 46.3236 344.488 228.185 13.2839 5.30055e-08 106.693
65.2129 1.36636 5.51632 11.7668 6.62832 2.26692 26.5098 1.90591 108.703 28.8147 40.7809 14.0517 38.5858 343.705 228.185 23.1215 5.30055e-08 106.925
56.7205 1.36636 3.6326 8.03102 9.20226 3.55465 26.5098 1.90591 108.703 28.8147 42.2963 14.8968 34.5645 343.939 228.185 23.0531 5.30055e-08 111.593
99.234 3.35767 3.29033 7.67165 6.20608 3.55465 26.4778 1.90591 108.703 28.8147 40.3647 14.4118 40.8417 349.529 230.637 18.7235 1.1045e-06 108.761
108.324 3.25227 2.7242 6.47803 2.74201 3.95048 20.8782 7.53233 108.703 28.8147 43.8471 14.3998 41.1129 349.529 206.752 3.03121 1.36092e-06 108.01
96.961 6.51383 0.579744 10.977 3.14851 5.65536 13.4641 8.30814 108.703 28.8147 44.6967 14.1506 36.7038 349.251 83.7671 16.8393 2.74591e-07 107.984
96.961 9.04155 0.322734 8.1549 4.08516 5.68017 13.4216 12.2824 109.332 28.8147 41.9103 15.2489 35.3292 346.662 172.816 42.3271 5.30513e-07 111.515
96.961 1.47189 5.22016 8.1549 4.75203 5.68017 13.9733 12.2824 109.332 28.8147 41.9103 13.2785 27.0193 372.087 117.303 0.472123 5.30513e-07 113.073
90.9379 1.81523 0.341129 3.63804 5.26585 15.4628 10.8809 0.696446 117.718 28.8147 49.7973 12.932 13.4382 391.682 168.664 4.1465 5.30513e-07 107.791
80.2711 1.81523 0.341129 9.78751 5.04968 11.6309 14.4248 0.696446 117.718 28.8147 49.7973 13.0083 13.4382 400.458 167.143 7.73086 5.30513e-07 109.502
100.854 1.81523 0.341129 10.3995 5.02635 4.89402 14.4248 2.21191 117.656 28.8147 51.9021 13.0083 13.4382 401.184 180.276 20.6955 5.30513e-07 109.646
10.6074 15.7511 1.01252 10.3995 2.48824 6.55094 7.5037 5.0263 117.656 28.8147 46.9443 9.18426 13.4382 401.184 151.475 20.6955 2.81256e-06 110.416
24.6532 17.7142 2.03319 5.57609 2.36466 6.55094 7.5037 8.76008 117.656 30.5408 49.492 3.66344 12.3897 405.798 151.475 11.1663 2.85708e-06 112.047
65.9245 13.9229 0.837205 5.45949 2.70812 5.06724 3.98001 7.87686 117.656 30.5408 48.7001 10.4748 9.97146 415.198 187.295 27.247 3.89533e-06 111.736
67.5768 13.9229 0.888166 5.45949 3.17041 5.06724 3.98001 9.85536 117.656 30.5408 47.7753 9.62697 12.3386 415.198 145.658 37.5199 3.52363e-06 109.818
69.8559 12.6414 2.17682 5.45949 6.52522 9.22489 3.54681 10.4583 114.904 30.5408 47.5431 16.4012 1.99333 391.934 209.757 40.2545 5.59385e-06 111.696
48.6071 14.0256 2.17682 4.42474 8.00494 3.69207 3.54681 9.81595 114.904 47.3855 38.766 15.4335 15.3507 388.747 191.777 22.9806 7.51563e-06 108.693
48.6071 14.0256 2.17682 1.57888 3.05047 5.7503 9.02462 15.1098 114.904 30.031 48.0137 19.2559 4.89881 388.747 187.476 23.2874 7.20986e-06 107.965
48.6071 13.2454 3.32513 2.1055 1.78007 3.87714 7.37295 20.1491 114.904 25.5785 48.0137 19.2559 5.7845 387.138 187.476 1.52345 1.20205e-05 105.581
48.6071 13.2454 4.69682 4.11627 0.986846 5.21792 10.2442 16.6099 116.459 25.5785 44.1047 19.2559 5.7845 393.383 187.476 1.52345 1.33565e-05 108.356
48.6071 7.42718 4.22342 5.57144 1.69244 3.59671 10.2314 20.2199 116.459 29.419 54.4457 4.73399 5.7845 393.383 187.476 5.18495 1.39587e-05 106.546
34.4656 11.6839 4.50293 3.58337 1.69244 1.7454 8.41401 21.3632 121.48 29.419 54.4457 1.31021 5.7845 393.383 187.322 8.40038 2.62273e-05 109.523
34.4656 10.2566 4.00679 6.68872 3.96051 1.7454 3.36677 20.1899 121.48 31.0474 54.4457 4.69701 6.64603 389.745 187.322 9.23303 6.81888e-05 107.289
47.2856 8.95037 4.00679 7.03992 2.25791 1.63017 8.08783 17.3772 120.741 31.0474 54.3906 4.69701 6.64603 389.745 194.58 13.33 4.23678e-05 105.332
47.2856 8.95037 7.51828 4.88385 1.34181 1.39914 8.00998 17.3772 120.741 31.0474 49.6964 8.44774 6.38193 388.456 186.277 34.6035 3.18099e-05 106.14
47.2856 6.3415 8.89 4.88385 1.93943 2.57083 8.33407 17.3772 120.741 21.7584 49.6964 9.54431 6.38193 388.456 186.277 34.6035 2.90911e-05 109.822
47.2856 6.3415 9.29002 3.65901 1.93943 2.7503 9.84344 27.71 120.741 18.0253 50.8201 0.12805 6.38193 400.637 186.277 27.6913 2.0694e-05 112.798
41.1 4.05872 13.4082 2.19039 2.92895 2.7503 7.19847 21.0332 120.741 18.0253 53.7832 0.12805 6.38193 400.637 186.277 15.8484 3.081e-05 112.681
41.1 3.5253 13.4082 4.01642 2.92895 2.7503 6.89668 16.3805 120.741 18.0253 54.3892 4.19815 6.38193 400.637 186.277 15.8484 5.22975e-05 109.784
41.1 3.67676 11.3761 6.29662 4.42569 1.30109 5.84329 16.3805 120.741 17.3125 57.2781 5.74256 7.11862 400.637 186.277 19.6686 3.66091e-05 110.439
41.1 8.02587 8.19032 4.72094 4.26473 4.53052 5.97998 13.8887 120.741 17.0479 56.0433 7.49607 36.69 349.164 70.2806 11.1787 7.47474e-05 111.321
22.0671 9.91106 11.1863 4.67951 2.44258 7.55306 4.21742 12.2665 120.741 23.8328 43.658 5.20793 59.2554 325.087 37.3913 8.95647 0.000841868 113.358
52.6386 9.91106 6.6247 5.5186 1.8572 7.55306 3.77582 12.2665 120.741 22.6491 54.0812 6.19537 59.2554 325.087 46.6768 5.8514 0.00235945 113.761
48.5147 9.41489 6.6247 8.8308 1.98383 4.29435 3.60742 10.3869 128.514 22.6491 55.8128 17.2028 59.2554 246.977 46.9611 5.8514 0.00159092 116.883
48.5147 11.8697 2.31231 8.8308 1.98383 0.288839 1.46968 1.61689 136.912 19.0791 68.6204 44.8815 59.2554 245.77 46.9611 5.8514 0.00159092 118.009
44.6596 12.6777 4.34286 5.0825 0.876301 0.561824 10.0206 9.32894 111.282 34.6356 70.7348 44.9031 38.7988 269.471 68.2638 9.11585 0.000162133 115.362
44.6596 11.3616 3.73911 4.27976 0.876301 1.08949 16.1899 16.6796 111.282 34.6356 65.8701 52.4402 26.3065 270.872 13.1253 10.9977 0.0001004 113.485
35.4607 11.3616 7.98562 3.32952 0.685099 0.820057 16.2279 6.80443 120.286 35.3589 56.8096 52.1513 30.5633 279.955 43.119 8.82178 1.7697e-05 113.663
2.07999 6.6508 13.2623 3.47373 3.82887 3.2898 17.6757 7.61279 113.297 35.3589 53.6236 41.863 37.0082 283.946 61.035 4.29502 2.23508e-05 115.226
2.07999 6.6508 13.1572 3.37171 2.2242 13.2386 10.0943 7.05722 92.3447 35.3589 56.9043 39.3021 32.3973 320.862 60.6552 5.5236 1.65874e-05 117.719
-42.7229 3.51432 10.5403 3.71988 6.85406 19.1555 11.5315 7.72548 107.063 22.2011 50.9957 20.5926 27.6851 353.224 28.6093 5.36314 4.38292e-05 116.345
-42.7229 3.15877 10.5403 2.2618 3.06278 24.3611 4.18554 7.72548 111.854 48.1225 29.8309 20.301 27.6851 353.224 22.9537 7.58492 3.1486e-05 112.269
-32.1976 4.94871 10.5403 2.2618 3.14248 24.3611 4.18554 6.14296 111.854 47.7392 29.8309 20.301 27.6851 353.224 22.9537 7.58492 4.177e-05 113.586
20.4085 3.14403 11.4627 2.2618 3.14248 22.9052 4.18554 4.73419 111.854 44.9365 29.8309 20.4098 31.5692 353.224 34.0743 7.58492 2.52356e-05 115.098
-39.1129 4.75839 5.35354 3.23056 2.3105 26.4743 5.35331 9.00655 111.854 49.3931 30.6388 12.3348 31.5692 351.377 25.215 11.8966 7.50091e-05 112.215
-51.4017 3.54228 6.46059 3.23056 0.675468 30.253 5.53996 9.97399 112.501 54.6816 30.6388 7.31316 31.5692 351.377 18.0542 12.8052 7.50091e-05 115.562
-51.4017 3.57471 5.04832 0.0568775 0.675468 30.253 5.53996 9.97399 112.501 54.6816 35.3312 7.31316 31.5692 351.377 20.9317 12.8052 7.50091e-05 116.994
-51.4017 10.8717 5.04832 0.0568775 2.20592 27.2183 5.53996 1.14375 112.501 46.9226 35.3312 9.26689 36.2099 351.377 20.9317 12.8052 0.00109102 118.314
-20.6539 7.8085 5.48191 2.8234 3.63064 27.2183 8.98992 1.14375 112.501 39.4909 43.7186 7.82936 36.2099 351.377 13.6572 25.7174 0.00079872 117.894
-47.0225 9.29404 6.6213 2.8234 0.24737 24.236 9.21807 2.75613 112.501 39.7003 42.7321 7.95505 45.369 351.377 7.21767 24.009 0.00098729 116.5
6.66745 4.14111 5.87142 2.2016 0.855236 24.236 9.21807 2.75613 112.501 39.7003 41.5136 9.12078 45.369 351.377 7.21767 22.2518 0.000805675 115.217
6.66745 5.95842 4.49466 2.2016 1.63758 24.5167 8.06546 2.75613 112.501 56.6863 19.1452 9.12078 50.2311 351.377 12.3359 28.8747 0.000705791 115.097
18.9334 5.95842 3.60065 2.2016 1.63758 24.5167 8.06546 3.58256 112.501 58.8278 19.1452 9.12078 50.2311 351.377 8.13381 17.5234 0.000133268 113.212
34.9671 5.40608 1.62641 2.16305 6.18236 24.5167 9.79871 3.58256 112.501 54.5858 12.8396 14.5578 45.0824 351.377 3.92975 19.1948 0.000133268 113.495
34.9671 4.85556 3.76186 1.38124 6.18236 20.6726 10.9674 1.14365 112.501 54.5858 24.08 9.95946 45.0824 350.955 22.8002 13.8723 0.000124858 111.309
46.765 4.85556 3.76186 1.38124 4.65251 20.6726 10.9674 1.14365 112.501 54.5858 24.08 9.95946 45.0824 350.955 15.6792 16.3215 0.000124858 110.007
46.765 2.8816 3.76186 1.38124 4.65251 24.365 9.22017 1.14365 112.501 54.5858 24.08 10.5791 45.0824 350.955 8.74845 16.3215 0.000406251 111.406
46.765 2.33275 3.76186 3.87915 4.65251 19.274 4.45039 6.29675 112.501 54.5858 24.08 1.84693 45.0824 369.147 29.5393 14.5972 0.000190514 109.985
46.765 1.80135 3.76186 4.0472 4.65251 19.274 4.45039 6.29675 112.501 54.5858 24.08 5.24158 42.7879 369.147 38.2601 14.5972 0.000190514 110.248
46.765 1.03459 9.12709 4.0472 13.6059 15.42 3.57 3.55264 112.501 55.6979 24.08 4.88701 42.7879 369.147 29.0924 7.17778 8.04896e-05 115.185
-16.6259 1.03459 9.12709 5.30599 11.0056 15.649 3.57 3.55264 112.501 55.6979 24.08 7.67384 119.252 248.738 29.0924 8.21084 9.74372e-05 114.602
36.2762 11.5469 0.120388 8.60288 11.0056 12.0139 3.57 12.4091 94.6634 54.9645 27.73 7.67384 119.252 248.738 49.2894 8.21084 9.74372e-05 115.971
36.2762 12.7178 0.830224 9.26135 7.3497 8.05273 2.95077 14.3448 94.6634 54.9645 40.1702 0.200289 119.252 248.738 237.836 2.98311 9.74372e-05 117.191
-43.6656 16.9673 0.830224 9.26135 6.03908 7.68549 3.24271 20.6521 94.6634 54.9645 40.1702 0.200289 50.598 353.226 203.982 2.38344 0.000136122 117.419
-43.6656 11.7522 2.38451 5.55696 7.50393 5.84676 6.5773 23.784 94.6634 55.03 40.1702 0.474685 50.598 353.226 203.982 2.38344 5.42272e-05 112.596
-43.6656 10.8519 0.303035 6.79338 6.20013 8.80582 6.5773 23.784 94.6634 45.8128 40.1702 1.96595 52.9533 353.226 177.117 4.03438 1.62647e-05 116.082
-43.6656 21.4006 0.303035 6.79338 7.92978 4.03976 6.00262 19.4139 94.6634 40.4683 50.916 1.17164 39.8753 353.226 177.117 17.0057 5.23503e-06 114.985
-43.6656 21.4006 2.23672 6.62716 8.70605 4.03976 6.00262 19.4139 94.6634 40.4683 50.916 1.91996 39.8753 353.226 196.129 8.86533 2.04584e-06 111.34
-43.6656 21.4006 2.0567 5.21147 7.73497 1.80924 6.00262 17.3927 94.6634 43.8085 50.1584 6.5825 45.9642 353.226 196.129 10.0635 4.425e-06 110.313
32.5192 21.4006 0.624089 1.54331 6.30863 1.66595 6.00262 16.1599 94.6634 59.1545 37.4918 4.97024 45.9642 353.226 196.129 5.91294 5.36747e-06 108.475
45.6338 16.0653 0.414777 1.54331 6.30863 2.22984 6.00262 16.1599 94.6634 50.6143 52.6502 0.891893 45.9642 354.691 196.129 5.91294 1.71928e-06 107.281
52.7106 16.0653 0.674215 1.54331 6.30863 1.65385 6.0761 16.1599 94.6634 50.6143 52.6502 0.891893 45.9642 354.691 196.129 8.87734 2.45542e-06 107.441
52.7106 16.0653 0.972421 4.4207 6.30863 0.952969 6.0761 16.1599 94.6634 50.6143 48.4467 0.891893 45.9642 354.691 196.129 9.45339 2.45542e-06 107.018
53.1182 19.6008 0.0903069 4.4207 9.2384 2.30251 3.89297 6.23774 94.6634 50.6143 46.1406 0.891893 45.9642 354.691 181.18 9.45339 2.45542e-06 111.673
35.9474 19.6008 0.0903069 4.4207 9.2384 2.8654 1.67212 6.23774 94.6634 70.9478 38.4745 0.891893 45.9642 354.691 174.562 9.45339 2.03406e-06 111.701
35.9474 19.6008 0.0903069 4.4207 6.35487 11.7398 0.189124 6.23774 94.6634 70.9478 39.0642 0.891893 45.9642 354.691 174.562 9.46967 2.03406e-06 115.254
-34.9814 19.6008 0.671722 7.8134 7.75515 11.7398 2.23799 6.23774 90.056 72.5248 36.003 0.891893 45.9642 354.691 208.653 9.47836 2.03406e-06 111.617
-34.9814 19.6008 0.671722 7.8134 7.75515 11.7398 2.23799 6.23774 90.056 72.5248 36.202 0.891893 45.9642 354.691 208.653 9.2127 2.03406e-06 111.568
-38.9631 19.6008 1.32758 8.84359 5.77279 9.09591 1.16784 1.99903 90.056 73.1385 35.5981 1.14446 54.0023 354.691 208.653 12.6638 1.48963e-06 115.375
-10.2757 19.6008 1.56708 8.84359 3.1617 7.55496 0.868597 6.1883 90.056 73.1385 32.248 0.629458 54.0023 354.691 216.279 8.21508 1.48963e-06 113.914
-10.2757 19.6008 1.10552 4.43876 1.87341 7.55496 6.17082 17.8599 90.056 73.4241 17.2985 0.629458 52.0534 354.691 174.265 24.527 1.48963e-06 116.226
-10.2757 19.6008 1.10552 5.61953 4.2603 8.76015 6.17082 17.0748 90.056 70.6219 17.2985 1.61404 52.0534 354.691 236.14 24.527 1.48963e-06 113.068
-10.2757 19.6008 1.10552 5.61953 4.2603 9.07008 13.4337 2.16985 90.056 66.6106 11.0717 6.35466 58.2398 354.691 236.14 24.527 2.24286e-06 115.166
-22.9716 19.6008 0.6998 5.61953 5.82936 5.24987 12.9957 14.2725 90.056 68.8216 11.0717 6.35466 58.2398 354.691 236.14 24.527 2.80202e-06 118.638
-55.4813 16.2415 7.40615 5.61953 9.26924 4.6203 3.39463 16.9389 81.5181 51.9607 11.0717 3.12213 92.6636 354.691 151.979 40.786 3.62625e-06 120.137
-55.4813 17.9866 6.84093 3.5007 11.3275 5.06651 6.5256 18.2406 86.3443 56.8796 11.0717 3.12213 72.2991 354.691 208.899 34.4025 6.71434e-06 116.407
-23.0231 17.9866 6.72203 2.44305 11.3275 3.40318 7.45946 14.9135 87.0474 54.9249 12.4173 3.12213 70.7058 354.691 208.899 41.3948 6.22966e-06 116.571
-31.5478 17.9866 6.72396 5.60006 9.49293 2.59821 1.57278 11.1482 78.0658 60.442 8.96383 10.3083 76.132 354.691 214.489 11.9965 1.18303e-06 117.292
-31.5478 10.7953 8.99807 6.14786 16.3233 2.59821 1.83056 15.0642 87.6021 66.6002 3.51289 8.1241 84.4929 354.691 163.569 12.5242 5.73406e-06 117.816
-6.22392 10.7953 11.3605 6.14786 16.3233 2.59821 2.83777 12.8604 87.6021 68.4516 3.51289 8.3117 75.8585 354.691 163.569 0.932024 5.73406e-06 119.08
-6.22392 0.447497 10.6932 2.26438 13.842 3.0656 3.6601 12.8604 95.0327 68.4516 8.98115 3.98804 75.8585 354.691 217.358 30.8374 5.73406e-06 118.252
113.643 2.55901 9.24517 2.26438 16.3488 3.11399 3.8458 12.8604 95.0327 54.3046 8.98115 3.98804 72.2073 354.691 217.358 36.6795 2.0714e-06 113.42
113.643 2.55901 9.24517 2.26438 16.3488 2.17678 4.60883 12.8604 95.0327 39.7336 12.2236 3.98804 72.2073 354.691 217.358 36.6795 2.0714e-06 113.396
113.643 3.86836 9.24517 0.260457 16.3488 3.387 7.43226 12.2545 78.8469 64.4605 12.2236 3.98804 73.6958 354.691 202.171 28.5613 2.0714e-06 112.906
64.1951 4.19376 9.51427 2.85181 19.2883 2.13244 8.0721 13.4789 80.3111 67.9186 12.2236 3.98804 67.4576 354.691 185.116 36.1649 2.0714e-06 115.424
62.1741 3.61735 6.37932 9.20373 18.9804 1.49711 10.1931 12.0373 75.5782 67.9186 30.6508 10.3452 55.4349 329.099 227.994 48.3742 2.0714e-06 110.982
126.907 3.75852 3.02321 2.51642 18.9804 1.37651 9.37927 10.9431 74.9664 67.9186 35.8754 17.4659 48.5115 339.375 173.71 34.5275 2.0714e-06 113.067
119.208 3.70106 4.90342 1.19249 19.1851 1.64777 9.37927 10.9431 73.8676 66.7962 35.8754 17.4659 42.7387 353.243 194.747 22.297 2.0714e-06 108.56
119.208 1.82423 5.56194 4.96639 15.5713 1.64777 11.3418 10.9431 66.816 73.0041 56.8141 5.30591 34.3605 353.243 194.815 12.001 0.000110848 110.962
130.158 5.07764 5.04473 3.16844 5.79614 2.05174 11.3418 36.5802 48.9312 74.205 56.7589 8.89138 21.1162 353.243 194.815 6.94409 0.00117955 116.048
130.158 1.93494 6.81802 1.07411 8.41505 1.85062 15.0945 14.5433 48.1117 74.4605 50.0178 25.1859 21.1162 370.951 194.815 8.22627 0.00105595 116.909
152.006 1.01735 5.40699 3.56066 8.41505 5.94578 16.2455 16.8697 47.5268 74.4605 49.9485 22.0621 17.9084 370.951 194.815 12.8525 0.000867008 114.396
51.3414 5.31408 10.6848 3.56066 8.75375 2.55343 17.0244 18.0553 40.2465 70.7883 59.0037 19.4249 16.5413 370.951 208.376 1.95804 0.000126908 109.585
50.5736 5.70567 9.75901 4.83759 8.45903 2.21127 23.3299 16.1383 38.2802 69.7488 59.0037 21.6561 16.5413 370.951 199.185 1.95804 0.000126908 108.407
50.5736 4.90074 9.75901 3.77431 0.353148 7.75904 26.9186 17.3143 38.2802 69.7488 59.0037 21.6561 16.5413 359.261 230.515 4.56579 0.000126908 109.665
53.0797 4.90074 8.13256 3.47944 1.92424 7.25242 26.9186 21.6045 38.2802 69.7017 53.9066 21.6561 16.5413 364.028 230.515 2.28982 0.000126908 111.492
64.4912 5.66883 11.2694 3.33209 1.92424 4.79358 21.4281 24.8393 53.4085 65.7205 47.4929 16.3715 21.1516 364.028 230.515 2.28982 0.000126908 112.518
69.9781 2.51939 12.8755 2.01983 2.2328 0.955886 32.3323 26.0376 48.0054 63.9667 55.8095 16.2219 5.60518 375.963 201.947 2.28982 0.000126908 115.019
69.9781 2.32464 12.8755 2.22946 2.22499 3.01655 32.3323 26.5365 52.7103 53.6676 55.8095 16.2219 5.60518 381.993 201.947 2.28982 0.00049613 113.245
69.9781 4.26283 12.8755 2.22946 2.22499 3.01655 32.5923 26.5365 48.5509 53.6676 55.8095 16.2219 5.11113 381.993 201.947 10.4548 0.00049613 112.548
64.3701 2.43722 12.8755 4.28168 1.57281 3.01655 26.7035 26.4778 54.2674 53.6676 58.3982 14.4988 5.11113 381.993 201.947 17.6237 0.00049613 113.958
54.8819 2.39083 12.1825 3.82944 1.1036 9.87357 26.7035 27.2302 17.6068 96.3777 55.1302 7.6518 5.74126 381.993 192.849 7.88272 0.00049613 110.183
53.6921 3.73198 12.1825 3.82944 1.1036 10.2383 26.7035 27.2302 17.6068 96.3777 55.1302 6.51355 5.74126 381.993 192.849 7.88272 0.00049613 110.667
51.4136 3.75787 12.1825 4.32808 2.90712 10.2383 16.3809 26.8021 17.6068 96.3777 60.2021 6.51355 11.6712 381.993 192.849 42.3304 0.00289651 110.712
52.2709 3.29669 15.4391 1.14438 2.90712 10.2383 17.1336 27.0544 23.5462 96.3777 66.8313 9.63842 11.6712 363.256 192.849 57.1096 0.00289651 114.703
56.9579 3.09839 15.4391 0.145907 2.90712 10.4315 13.5444 27.0544 14.1946 96.3777 68.1863 6.78157 11.6712 363.256 213.19 57.1096 0.0124286 115.698
54.1358 3.00253 10.5621 3.63168 2.90712 11.9102 14.9161 16.4075 13.9704 118.078 67.9669 7.77344 11.6712 351.385 211.804 60.0425 0.036496 120.389
48.2851 2.94615 12.1582 4.16888 2.90712 11.5969 14.9161 16.4075 12.6826 109.17 73.0083 6.58547 11.6712 351.385 211.804 60.0425 0.0415653 121.891
48.2851 1.9297 13.9039 2.6284 2.90712 9.52067 20.0719 16.4028 2.40995 114.254 69.8342 6.3493 32.8394 351.692 221.066 60.0425 0.0124743 120.306
48.2851 5.56888 13.9039 2.6284 1.49534 9.52067 20.0719 9.83026 2.40995 114.254 68.6191 2.1767 32.8394 351.692 221.066 60.0425 0.0160543 120.608
48.2851 3.6209 13.9039 0.412852 1.49534 12.0339 20.1163 17.6719 2.40995 114.254 55.623 0.947811 39.6955 351.692 221.066 24.4219 0.0087573 115.417
51.4371 3.6209 13.7799 0.412852 1.49534 12.0339 20.1163 17.6719 2.40995 114.254 55.623 0.947811 39.6955 351.692 221.066 24.4219 0.0087573 115.732
43.6552 0.400511 12.8446 1.44857 2.47734 12.0339 28.1698 17.6719 6.1258 114.254 62.3328 0.947811 38.1436 351.692 200.485 10.4149 0.00240915 115.868
49.9225 0.89906 12.1023 1.1695 0.723223 12.0339 30.0302 16.347 4.1319 113.734 62.3328 0.947811 38.1436 351.692 200.485 2.38791 0.00444286 113.548
32.0587 1.70941 10.5497 2.37946 0.752848 10.5742 30.0302 18.0772 5.03417 111.09 59.9716 0.947811 38.1436 351.692 200.485 2.38791 0.00320597 116.818
33.8776 6.05318 7.46714 3.43236 0.587918 6.5303 30.0302 34.8834 4.8297 94.4496 59.9716 3.28118 35.0171 351.692 236.47 8.03568 0.00144652 116.599
72.1033 6.60692 9.3926 6.77827 0.440414 1.31628 20.0726 31.6368 7.28108 98.146 67.6483 5.65676 30.637 351.692 204.942 9.94667 0.0225803 117.142
83.3545 2.85012 9.40223 6.26473 0.829287 3.25363 23.1815 33.8575 7.34257 100.493 69.0188 9.54869 30.637 328.306 258.377 9.62763 0.0186977 119.794
16.9432 2.719 15.363 6.48078 2.45683 5.90818 15.8312 32.606 7.23163 96.9039 69.0188 7.5843 38.5467 333.087 258.377 9.6117 0.0163934 120.622
10.0241 2.64258 11.8869 7.98664 3.31001 5.90818 15.1942 40.8927 9.84259 95.1567 66.5186 7.5843 16.3571 357.573 216.407 9.91327 0.0128098 118.015
56.6923 2.52597 8.64395 8.25066 4.78142 6.29127 13.2595 37.213 15.952 94.5864 58.1266 8.48738 11.7698 369.044 216.407 12.1497 0.0128098 111.915
53.4295 6.81752 5.57778 10.3871 5.32415 4.24107 11.9393 34.6231 10.6334 88.9635 72.9602 9.05598 11.7698 357.556 250.009 12.4109 0.0164015 114.414
53.4295 3.14064 7.34165 9.7425 5.32415 4.11414 11.9393 36.0413 10.6334 88.9635 72.9602 8.22357 11.7698 359.435 250.009 10.2353 0.0162582 115.877
90.8276 5.34179 1.9271 9.01193 5.32415 8.72699 15.7546 32.2743 10.6334 89.7088 59.8846 18.3534 11.7698 356.791 240.65 5.37623 0.0160461 117.129
81.6921 7.00668 1.9271 8.63226 5.32415 4.395 15.7546 27.1076 23.4506 86.7337 66.7978 26.6949 11.7698 356.55 214.108 28.8258 0.00479941 116.282
87.6971 5.5077 1.9271 2.12692 5.07397 15.108 15.581 29.0816 12.4327 85.0517 63.2712 12.3866 15.2883 383.834 214.108 30.9982 0.00411409 118.481
135.723 5.5077 1.9271 2.12692 5.07397 7.83739 13.5123 32.5352 12.4327 94.4213 63.2712 12.3866 15.2883 393.943 188.97 24.0082 0.00411409 114.759
103.937 6.21585 5.94452 2.05876 5.22802 8.34804 7.75801 33.9222 15.4339 90.1835 68.2032 11.7278 13.6823 393.943 168.434 24.5221 0.0065493 113.127
126.639 6.99874 3.90922 3.45462 5.27639 7.8771 5.21912 34.2798 22.526 84.6847 62.7548 8.49481 3.4771 392.385 75.6172 27.9377 0.00373251 115.035
126.639 6.88705 1.98501 4.03297 5.84127 13.3349 0.157903 38.9523 28.1068 91.5357 53.5134 7.85428 5.37415 386.121 63.4108 35.237 0.00892769 118.059
123.261 6.33054 6.99754 2.12899 4.60428 5.93354 1.81697 40.8337 31.1985 95.3884 50.4587 6.54838 8.72747 380.692 39.6717 12.9109 0.00321627 112.525
123.261 7.68528 4.35453 3.1414 5.83597 7.61038 1.81697 30.0178 34.2804 97.3351 50.4587 13.0882 7.25708 340.498 39.6717 6.86286 0.00625054 114.695
127.994 7.58422 0.391481 2.90988 10.6208 7.59489 1.81697 33.7184 47.268 90.3092 25.9865 14.4499 9.97356 355.643 4.7705 16.7957 0.00207318 115.729
127.994 7.8541 1.56774 2.52681 10.3294 4.55435 8.29543 26.2421 56.4354 85.7224 33.601 17.4447 9.77253 364.132 43.8728 9.75428 0.000479372 110.377
121.771 8.742 1.9181 2.65582 11.265 6.60556 1.48928 9.78722 68.2437 75.1156 48.0873 21.3065 5.19516 368.135 9.70805 21.7652 0.000479372 113.727
121.771 8.43843 3.16599 2.56238 11.2536 4.87679 6.21595 9.14975 70.9577 74.4326 43.6345 16.0819 8.20312 389.072 1.26003 12.7266 0.000320237 111.09
79.4944 13.7024 2.52674 3.39373 10.5397 4.1412 10.8447 8.81911 75.5772 57.0263 48.2664 2.76952 10.6523 399.958 1.26003 34.4052 0.000320237 114.767
-9.28609 13.7024 3.32272 3.39373 10.4637 5.12409 10.8447 18.9052 79.0946 46.1268 63.6159 2.76952 10.9535 399.958 177.266 34.4052 0.000320237 114.867
-18.5843 10.9409 2.06012 3.39373 8.13347 5.51835 23.0128 10.242 79.0946 46.1268 63.6159 9.87385 12.8239 397.848 170.251 44.1663 0.000320237 116.778
0.579841 6.47225 1.65971 7.33569 7.99347 1.43206 16.663 10.259 93.2702 46.5542 49.2875 7.01335 11.0012 397.848 187.55 40.9803 0.000537922 116.149
-43.4978 11.0744 2.14322 6.43936 10.882 3.30919 10.9758 16.0849 100.483 37.5674 63.1476 10.61 8.71538 383.515 180.588 43.4637 0.000103772 113.675
-43.4978 11.0744 2.65576 5.24513 10.882 3.36409 10.9758 20.979 94.9413 37.5674 54.4675 16.2676 5.5439 382.714 82.3916 22.4793 0.000103772 115.384
-64.939 6.51164 9.06221 6.15656 6.93966 3.69476 19.0202 23.3543 85.1072 14.1143 53.2193 4.84383 11.0862 444.959 23.2376 27.5294 0.000103772 119.818
-59.6854 6.51164 9.06221 6.15656 6.57381 3.94902 19.0202 23.3543 85.1072 14.1143 53.2193 5.05366 9.0936 444.959 17.0183 25.0575 0.000103772 118.305
-59.6854 6.49628 9.06221 6.15656 6.57381 2.67728 19.0202 23.3543 80.379 54.7422 49.5007 8.41822 18.5863 444.959 53.6368 31.8102 0.000103772 121.303
22.4329 6.40554 12.6117 5.48823 2.05606 3.67205 19.0202 13.8753 79.4235 54.7422 56.1491 24.5462 33.1446 255.931 53.6368 19.1517 0.000103772 119.193
46.528 7.09331 10.5638 7.52673 3.77907 2.56819 15.9979 4.85898 93.2197 35.8576 77.0512 24.5462 36.1236 311.832 83.0439 15.508 0.000103772 113.019
48.3345 10.6493 1.81352 7.45378 10.2146 7.85898 5.11652 11.942 101.731 22.7926 74.367 12.6924 38.0948 335.104 3.77938 5.46503 0.000103772 110.042
53.5762 11.2753 1.02728 10.1402 10.2957 1.79695 6.57909 9.13548 105.586 22.7926 71.5547 7.37625 30.7944 344.483 10.2227 12.437 0.000103772 109.243
56.2209 12.2573 6.26063 5.71525 9.9745 1.79695 6.57909 9.2864 110.397 19.2877 71.5547 1.1612 30.8962 347.031 12.1355 3.66659 0.000103772 110.167
47.6454 5.69595 6.84188 6.20403 11.3887 2.65062 6.42513 22.653 94.3183 16.5964 71.5547 3.58256 34.6379 359.344 13.2033 22.1968 0.000103772 111.787
47.6454 5.69595 6.84188 6.32855 13.1646 3.0357 4.50095 22.653 94.3183 16.5964 71.5547 9.6315 36.3994 342.406 13.2033 18.7488 0.000103772 110.378
47.6454 5.69595 8.2535 6.16626 11.8934 2.46911 4.50095 18.9377 94.3183 16.5964 71.5547 9.6315 46.78 342.406 73.5891 31.5294 0.000103772 111.842
39.7496 6.24456 13.7837 4.7378 11.0376 7.18547 2.08176 15.7427 94.3183 31.8841 57.9754 13.1737 35.5617 303.987 105.304 49.3096 0.000103772 123.224
56.042 1.40715 0.544639 5.77735 7.18303 8.39079 9.78139 23.9842 90.5413 56.9334 48.9628 33.8008 26.3402 335.08 201.979 75.5449 1.29662e-05 114.356
50.7328 1.40715 1.22636 8.29329 4.51835 7.68696 9.42716 21.285 73.3487 62.7627 71.3574 18.423 27.4838 335.08 201.979 67.0224 1.29662e-05 111.86
50.7328 0.213124 5.76505 2.89078 14.705 6.90399 9.75208 13.7625 66.694 74.4343 71.3574 8.88256 27.6184 335.08 40.1705 43.3182 1.29662e-05 113.037
53.8884 0.95283 6.36232 1.90357 12.6083 8.30911 13.5985 7.9489 81.787 68.5942 42.1796 9.71378 16.9119 366.264 38.9858 46.6349 0.00222396 113.732
46.7369 1.26632 2.34044 4.42882 15.7855 8.30911 17.3181 7.53635 81.787 68.5942 42.1796 9.52848 25.2931 348.3 39.1041 7.24563 0.00296386 110.403
46.4284 1.09271 2.05815 3.77672 15.7855 8.30911 18.9316 7.53635 81.787 68.5942 42.1796 8.89575 24.9068 348.3 40.0228 23.0737 0.00167264 110.277
48.7439 2.15914 2.50934 5.51132 13.0755 8.30911 18.9316 9.34577 81.787 68.5942 42.1796 5.61454 26.4857 355.172 21.8173 23.0737 0.00167264 110.725
47.4497 2.07133 0.84921 4.7082 17.512 1.77406 21.9074 3.19984 82.561 62.6183 52.881 8.79424 20.1939 355.172 21.8173 16.5426 0.00167264 111.009
48.5016 1.66846 3.10199 7.31353 15.3741 1.77406 22.7195 6.04688 82.561 62.6183 46.7215 7.40294 29.0357 355.172 21.8173 27.3032 0.00167264 111.179
48.7579 1.55494 2.15103 7.56195 14.9519 1.77406 22.7195 5.11045 82.909 51.5498 59.1268 3.30428 41.1074 361.488 52.0223 26.5309 0.00167264 115.015
48.5039 1.55494 0.658501 8.42365 14.9519 1.77406 22.7195 14.2337 75.0066 60.6243 37.9601 14.5982 41.1074 361.488 52.0223 26.5309 0.00167264 115.001
49.3787 1.34474 0.658501 8.42365 15.7231 1.77406 21.2324 9.26817 75.0066 67.3751 44.9678 9.35612 28.0506 368.994 2.91008 26.5309 0.00391934 113.423
47.341 1.02906 2.3215 8.42365 15.7049 1.77406 21.3783 9.26817 75.0066 77.1907 30.8233 5.44585 28.0506 368.994 46.3186 28.2276 0.020343 115.243
47.9299 1.58706 2.3215 8.59376 15.7049 1.77406 17.6556 3.53535 75.0066 84.7889 30.7507 5.26432 29.5408 368.994 62.8265 2.10348 0.0129697 116.125
51.2085 2.52394 5.64221 9.98802 12.2215 4.33006 18.8003 3.44816 75.0066 86.5789 19.6216 9.53703 28.805 376.383 33.0778 2.95859 0.00993135 117.06
51.0706 3.41193 5.57937 6.51075 12.2215 2.93663 20.2672 6.7816 75.0066 87.7079 17.8533 7.00653 27.0851 367.276 11.7909 30.9381 0.0069046 114.193
50.639 3.41193 4.12331 7.20341 12.8142 2.93663 18.8498 6.7816 73.4135 87.1689 18.5403 11.0364 27.1462 367.276 76.6603 15.5451 0.0275868 116.244
50.639 3.41193 3.42749 8.33738 10.9654 2.93663 21.0617 6.7816 74.7967 86.3951 18.95 13.3584 35.4134 352.2 66.1148 4.42432 0.0213578 115.92
47.444 2.68348 6.11216 8.32137 10.2806 2.93663 21.7702 6.7816 76.9209 80.5112 18.95 13.0047 34.8505 352.2 34.4184 4.42432 0.0247292 113.177
48.5055 4.26751 6.11216 6.52879 10.4246 2.93663 21.7702 5.88247 76.9209 80.5112 24.0435 7.92686 34.8505 352.2 25.6409 14.0438 0.0149847 112.634
46.7263 4.42237 6.11216 6.52879 8.61521 2.93663 22.0111 5.88247 76.9209 79.599 21.7478 13.9187 34.8505 352.2 6.26419 29.0118 0.00732634 112.188
46.7263 4.42237 6.05451 6.52879 8.61521 2.87465 22.0111 5.88247 76.9209 79.599 21.7478 16.1839 34.8505 352.2 6.26419 35.4338 0.0100452 112.885
47.7955 3.64876 6.05451 5.38056 8.61521 2.87465 25.9759 5.84262 76.9209 78.8775 25.5221 13.5269 19.1087 379.785 15.7642 30.6986 0.012184 114.191
53.1348 4.45976 4.41387 5.38056 9.5996 2.76846 33.8775 5.84262 79.0323 65.7424 21.9967 13.7292 23.4936 379.785 22.3246 3.0238 0.000666213 112.59
56.3138 6.45454 4.09967 3.15656 9.79295 2.76846 33.8775 9.95217 79.0323 65.2134 20.128 12.0456 23.4936 379.785 22.3246 3.0238 6.59766e-05 112.613
51.5095 9.73563 4.20244 4.00382 5.96356 5.8293 20.6155 4.78975 89.3865 61.6672 40.5473 2.53525 36.3145 349.512 48.1143 26.0108 6.59766e-05 108.42
45.3561 13.6947 4.00586 4.39033 2.59213 5.83747 20.6983 4.16597 88.2615 69.7291 19.753 21.0702 34.6151 349.512 42.3216 14.8859 6.59766e-05 108.647
45.3561 13.6947 2.75332 3.68809 3.69798 6.94926 20.6983 4.16597 88.2615 69.7291 19.753 21.0702 34.6151 349.512 42.3216 13.2929 6.59766e-05 108.545
46.3106 13.0251 4.10131 3.68809 6.00369 8.43376 18.3255 4.16597 88.2615 71.7516 17.1862 21.0702 34.6151 352.984 13.2642 14.5625 6.59766e-05 109.224
48.1218 13.0251 1.78487 3.18674 6.00369 8.43376 18.3255 4.16597 88.2615 71.7516 17.1862 21.7447 34.6151 352.984 8.15689 0.810764 6.59766e-05 109.289
64.5184 13.0251 0.616939 3.02922 4.94774 8.43376 18.3255 4.16597 88.2615 71.7516 17.1862 24.1762 18.0389 394.483 34.2953 0.810764 6.59766e-05 113.665
69.344 10.3819 2.03983 3.50718 2.51463 10.6282 18.3255 4.16597 88.2615 71.7516 22.2733 24.1762 8.96968 394.483 34.2953 0.810764 6.59766e-05 112.804
57.9366 7.65605 7.02878 3.42445 2.51463 9.08445 22.1563 4.16597 88.2615 71.7516 21.1771 21.0532 8.96968 373.5 34.2953 14.6938 6.59766e-05 109.002
55.668 7.69198 7.02878 3.09463 2.51463 9.08445 21.988 4.16597 88.2615 71.7516 22.383 19.1329 8.96968 373.5 34.2953 15.6929 6.59766e-05 108.343
56.4191 10.5593 7.02878 3.55977 2.51463 5.60748 21.988 1.20867 55.1198 66.9952 64.457 23.0207 7.05378 321.087 12.7606 2.40072 0.000568457 116.423
52.5969 10.5593 4.93438 1.07193 2.51463 9.26542 23.4459 8.01985 55.1198 75.1299 64.457 3.89371 11.302 353.895 42.342 18.4684 0.000500926 114.38
55.1792 10.5593 4.37051 1.0623 4.72908 3.50675 23.4459 7.08591 81.3695 62.8441 38.3423 19.1204 9.63675 380.913 81.153 3.97817 0.000114329 112.087
32.5685 12.7359 7.13665 1.58255 11.6729 4.77509 18.3492 9.36353 74.4403 62.8441 37.6139 21.5834 6.83214 372.682 54.3664 3.13471 5.86331e-05 112.544
35.6861 11.0052 3.75454 1.77701 6.90433 8.02567 20.1617 9.36353 72.344 77.9561 39.1543 14.744 8.07761 372.682 25.779 25.5964 3.08112e-05 109.613
18.8317 10.5963 3.75454 3.24211 6.90433 8.02567 20.1617 9.36353 63.2519 85.4361 39.1543 14.744 5.46499 372.682 230.174 38.8956 3.08112e-05 112.832
24.3888 10.5963 4.24564 2.4462 6.90433 8.02567 20.1617 9.36353 63.2519 85.4361 39.1543 19.5659 5.46499 372.682 35.0248 30.7853 3.08112e-05 113
44.6475 12.2156 5.33767 2.72907 6.90433 4.87067 14.6437 1.76432 75.6554 85.4361 32.0502 18.6062 6.22271 376.916 22.8906 67.4367 3.08112e-05 112.344
39.2517 8.03753 10.3826 2.67945 2.78299 5.20092 17.6557 1.76432 75.6554 86.8874 28.1448 14.795 9.063 376.916 38.8326 43.7619 3.08112e-05 113.617
49.3763 7.97552 11.8659 3.33014 2.95967 5.20092 19.5318 1.76432 75.3513 86.8874 28.1448 10.4686 9.13366 378.479 9.69347 43.7619 3.08112e-05 110.082
49.3763 7.97552 11.8659 3.33014 2.95967 5.20092 19.5318 1.76432 75.3513 86.8874 28.1448 10.1017 9.13366 378.479 9.69347 43.7619 3.08112e-05 109.781
49.3763 7.9766 9.00678 3.80975 4.55192 5.20092 19.5318 1.76432 75.3513 88.178 30.1232 10.1017 9.13366 378.479 45.0156 48.7462 3.08112e-05 110.884
49.9931 7.9766 5.83055 6.34268 5.62201 5.20092 19.5318 1.76432 75.3513 88.178 24.6144 17.5341 9.13366 378.479 75.7209 39.1171 3.08112e-05 109.984
53.1912 2.21912 7.27595 7.39732 9.0225 9.40774 15.5004 1.76432 73.9211 84.6696 24.337 19.3555 30.8413 378.479 168.38 54.5005 0.000117091 112.409
53.1912 4.82011 6.09004 4.20205 9.21583 9.20389 15.5004 1.76432 73.9283 84.6696 24.337 19.3555 30.8413 378.479 186.777 48.4044 0.000117091 112.466
53.1912 6.53155 6.09004 5.21697 9.21583 9.151 12.8093 4.41321 73.9283 88.1028 20.5825 17.5608 26.7982 378.479 186.777 48.4044 0.000117091 112.141
51.3962 6.53155 6.09004 5.21697 8.43333 8.28873 22.6742 4.41321 73.9283 81.0148 20.5825 15.2636 32.4512 378.479 175.687 48.9824 0.00294469 114.542
9.95102 5.30684 8.72853 10.2395 10.5042 8.36907 6.06513 17.4324 59.7826 97.5725 19.1066 10.2948 18.1254 406.376 160.678 26.5976 0.00108138 115.292
10.2709 4.23961 7.32864 9.21141 9.87256 8.36907 7.8969 4.64423 74.2238 91.205 20.0104 10.2699 12.6432 406.376 157.372 6.76254 0.00108138 114.813
10.2709 4.23961 7.32864 9.00529 10.1452 8.41449 5.21893 6.5012 74.2238 96.8296 18.6901 18.9292 24.7339 389.942 159.685 5.90177 0.000384294 114.291
42.826 6.51809 5.41724 9.02814 14.4196 8.39853 6.64812 13.0981 74.2238 68.0886 30.7482 17.0608 29.3249 376.872 157.681 4.2704 0.000384294 114.196
35.0292 2.58947 6.80031 9.02814 14.4196 7.98609 2.67435 17.5897 74.2238 78.5837 27.4478 11.6486 27.7447 384.182 167.74 2.94117 0.000384294 111.5
35.0292 4.60509 6.14539 12.0557 7.34169 4.21765 2.67435 17.5897 100.277 62.2397 22.4633 11.6486 27.7447 384.182 171.217 3.27637 0.000384294 111.098
24.9858 4.40596 7.0469 16.9759 2.68472 1.63558 2.67435 17.5897 100.277 62.2397 22.4633 14.8384 31.0305 383.915 174.834 4.45198 0.000239036 111.97
24.9858 5.56725 7.0469 14.7415 2.99629 2.38728 2.67435 15.8639 100.277 62.2397 23.8426 14.8384 31.0305 383.915 180.507 7.39462 0.000239036 111.936
5.52296 4.31523 7.0469 19.0409 2.99629 2.38728 2.67435 15.8639 100.277 62.2397 23.8426 14.8384 31.0305 383.915 180.507 7.39462 0.000239036 113.142
5.52296 4.31523 7.0469 19.0409 3.91473 2.38728 2.67435 15.8639 100.277 62.2397 23.8426 14.8384 31.0305 383.915 180.507 8.56107 0.000239036 112.723
5.52296 1.35357 7.0469 13.341 3.89067 2.57488 4.61714 19.156 100.277 61.3013 27.0198 16.2381 50.084 335.48 215.876 8.56107 0.000239036 114.682
57.2501 1.35357 8.13145 13.341 3.54744 2.00756 10.4195 17.9701 93.771 61.3013 25.5588 14.7682 50.084 335.48 215.876 10.2281 0.000239036 111.689
69.7783 1.35357 8.13145 12.7802 1.84134 4.30782 8.87769 17.9701 93.771 61.3013 22.407 5.83919 52.5957 351.653 199.871 14.1408 0.000239036 109.093
67.9251 0.482288 6.64221 18.4881 1.61931 2.66585 10.1407 15.1105 93.771 61.3013 22.4199 5.83919 52.5957 351.653 199.871 16.6135 0.000239036 110.085
47.9711 0.482288 6.87638 15.6939 9.3646 3.33507 7.05853 17.21 93.771 61.3013 22.4199 2.89623 62.7436 321.064 253.314 21.0664 0.000239036 112.563
47.9711 0.216153 9.00914 13.9901 9.77574 4.18552 4.30563 16.857 93.771 61.3013 22.4555 8.24325 62.7436 304.986 253.314 20.9742 0.000239036 115.318
47.9711 2.343 6.50818 13.9901 9.16483 3.65482 4.30563 16.857 93.771 61.3013 22.4555 8.16876 62.7436 332.449 253.314 15.8561 0.000239036 112.3
36.7831 4.50949 6.12165 11.9322 14.4732 3.33174 4.30563 14.3542 93.771 61.3013 22.4555 11.5643 59.4359 316.011 239.827 15.8561 0.000792867 111.799
45.7178 3.94138 5.19771 12.764 10.0564 3.79669 4.30563 17.5429 93.771 61.3013 20.933 18.6014 59.4359 344.5 185.685 15.7431 0.000792867 112.052
40.6185 4.03635 4.86839 12.764 10.9574 0.577376 2.06065 19.4173 93.771 61.3013 24.8946 18.0685 44.0747 349.112 187.84 12.6144 0.000792867 112.779
62.2112 2.03782 6.9354 9.21056 3.26851 8.75055 2.06065 24.8029 93.771 61.3013 22.3348 26.8051 27.4531 349.112 196.028 11.1053 0.0019227 116.705
42.9688 12.0174 5.86603 2.57362 2.68585 13.1632 3.15907 21.8466 93.771 61.7853 16.6465 12.4368 55.0183 364.241 182.862 4.71833 0.000479995 116.089
31.7268 12.0174 7.70451 2.57362 3.21036 8.46262 3.15907 22.1738 62.5797 61.7853 16.1958 8.29495 56.9757 396.365 179.487 2.53967 0.00429734 114.895
37.5488 11.0474 7.70451 2.39346 2.39069 8.20542 3.15907 23.4519 62.5797 61.7853 16.1958 8.29495 56.9757 396.365 177.06 2.53967 0.00420838 114.486
37.5488 11.0474 7.70451 2.39346 2.39069 7.93649 3.15907 23.1909 62.5797 61.7853 16.1958 8.29495 56.9757 396.365 177.265 2.53967 0.00306654 114.698
32.1587 10.9335 7.4203 4.45702 4.28641 7.94201 9.96769 13.9071 62.5797 61.7853 16.1958 8.29495 56.1273 395.959 200.113 23.446 0.00203895 113.92
46.4201 6.70106 7.56973 2.99315 9.54646 7.94548 9.96769 17.5111 62.5797 65.993 14.0612 3.18279 53.5684 400.982 167.91 14.372 0.00223089 109.914
46.2872 6.71167 6.37633 7.34201 9.37332 7.94836 9.96769 18.6897 62.5797 61.4973 21.7138 6.91622 13.14 439.514 176.266 7.30828 0.00614706 110.077
54.3183 9.19526 6.44005 3.68163 8.5742 7.9622 13.9572 14.236 62.5797 61.4973 26.0114 3.81688 10.5734 445.741 149.456 68.8919 0.00672371 114.06
52.6221 9.78234 6.43041 2.50993 7.55988 7.9593 13.9572 16.856 63.8229 61.4973 23.9394 3.00944 14.4029 455.276 126.288 9.35706 0.0110857 110.201
52.5088 10.7133 6.40287 2.20463 8.67729 9.2275 8.89959 15.0553 63.8719 69.5382 15.4359 3.83682 26.619 436.928 139.711 30.036 0.00820881 112.044
52.5805 10.6692 6.45856 6.01427 5.68601 6.44585 10.1189 14.9493 88.5953 46.4165 15.6278 6.31084 17.7835 448.129 159.912 32.9324 0.00358584 111.754
54.1991 10.7283 6.42143 5.04067 2.49323 6.46892 14.4708 8.38731 88.5953 66.773 4.24858 4.97441 16.213 441.446 147.867 14.1821 0.00622306 109.005
48.0159 10.6474 6.42356 7.12634 0.936801 6.97781 13.6926 6.80045 88.5953 66.773 10.1579 4.79483 2.25738 449.798 164.958 21.1235 0.00177783 106.334
47.4323 10.6374 5.51861 7.12634 0.936801 6.97781 13.6926 6.80045 88.5953 66.773 9.88542 5.56183 2.25738 450.706 164.958 24.0236 0.000311343 104.427
44.8686 10.6374 6.10985 6.99303 0.977816 8.21328 15.1614 8.10492 88.5953 66.773 3.42817 7.48981 6.29759 441.939 159.236 50.4775 2.99125e-05 104.999
44.8686 10.6624 6.07264 6.99303 0.977816 8.21328 15.1614 8.68047 88.5953 66.773 3.42817 7.48981 6.29759 439.243 159.236 16.6542 2.57988e-05 103.799
51.1427 5.64676 5.74235 10.4881 0.64725 4.70866 14.1322 8.79169 94.409 66.773 3.42817 5.90977 6.72542 458.565 145.252 14.2558 2.57988e-05 104.227
50.9523 1.81323 5.51976 7.89641 1.52558 4.19122 17.2464 10.0147 94.409 66.773 4.25454 8.36891 6.32208 435.089 157.068 11.4541 2.57988e-05 104.524
41.5748 1.49041 8.99389 5.59829 0.602675 4.64081 15.8719 1.8335 119.605 51.3236 6.09403 6.15807 5.65221 433.519 176.056 12.212 2.57988e-05 106.119
42.9758 0.703804 6.99883 8.28059 2.03599 4.12726 13.9807 1.8335 119.605 51.3236 6.50059 5.72154 5.97019 431.332 180.321 10.7814 2.57988e-05 106.731
42.9758 1.95476 7.16419 8.28059 1.99535 3.66696 14.1591 1.8335 119.605 51.3236 5.7754 5.72154 6.52942 427.826 139.682 11.695 2.57988e-05 108.129
53.8987 1.67869 7.45387 10.8665 1.99535 3.15229 12.078 1.8335 119.605 46.4422 6.69491 6.47089 10.3805 430.689 10.5529 11.695 2.57988e-05 108.191
101.638 2.74959 3.78772 15.2078 3.59599 4.53883 10.291 1.8335 119.605 44.7462 0.911797 10.2847 8.75572 429.434 46.0642 40.4902 2.57988e-05 113.553
54.4712 1.75737 7.88013 10.5357 1.82085 5.27782 17.1325 1.8335 119.605 44.7462 4.63952 0.885705 10.7401 428.998 55.4725 19.8098 2.57988e-05 109.528
59.4347 2.20386 12.8079 7.20103 3.55519 4.22824 12.2766 7.92672 81.0867 71.0573 17.0149 3.42118 8.17295 425.765 6.62173 11.0086 2.57988e-05 107.955
53.4194 2.42829 12.8079 9.38842 2.90775 5.07581 6.70746 7.92672 83.2618 67.9867 19.363 2.32044 10.5768 428.374 13.5494 11.9554 2.57988e-05 106.628
26.3529 5.26755 9.52962 11.4335 2.23124 6.63175 13.1461 1.86828 78.3862 76.1122 14.4246 4.1401 9.28315 429.199 24.6413 5.44625 2.57988e-05 107.399
24.7044 5.26755 7.46393 10.6698 2.20139 10.2186 15.058 10.0626 78.3862 67.4547 14.4246 0.834428 16.2639 433.198 24.6413 11.7523 2.57988e-05 107.367
31.5473 6.07769 7.46393 10.4294 2.21308 7.47636 14.485 14.1584 78.3862 67.4547 14.4152 2.3546 1.39429 433.198 24.6413 6.91236 2.57988e-05 106.415
21.7428 8.19026 7.46393 11.0215 2.21308 7.47636 13.7725 14.1584 78.3862 67.4547 13.1232 2.09819 1.39429 433.198 58.0166 10.6858 2.57988e-05 108.9
-54.4735 6.4355 11.3919 11.2323 3.12912 6.92718 14.385 16.1793 78.3862 68.2211 9.32141 4.15331 13.6262 433.801 55.7706 19.7292 2.57988e-05 110.597
-29.1873 6.4355 14.4519 11.6275 1.6305 6.92786 17.3688 5.8626 87.7126 63.5676 11.975 5.04205 8.03421 448.947 126.097 30.8213 2.57988e-05 113.335
-33.0291 2.60096 13.4663 15.0398 3.26116 7.14777 19.7921 2.06063 87.7126 63.5676 6.41072 7.02696 8.86087 448.595 183.353 31.9187 2.57988e-05 112.936
-33.0291 2.60096 16.0367 11.3491 0.672735 7.14777 16.4187 2.06063 90.2966 66.4086 7.58544 3.91546 8.86087 445.255 183.353 31.9187 2.57988e-05 112.383
-15.5006 2.60096 15.693 12.6746 0.672735 7.14777 15.5338 3.14346 90.2966 66.4086 7.51212 6.85238 4.7034 442.028 183.353 25.071 2.57988e-05 108.286
-15.5006 4.08655 8.54854 19.2266 0.526654 7.68715 14.0619 3.14346 90.2966 66.4086 6.16901 7.43402 2.38868 440.288 183.353 16.0776 2.57988e-05 109.535
-15.5006 0.362018 7.28324 19.2266 0.526654 9.82286 14.0619 9.94105 90.2966 66.4086 10.4492 1.74061 2.38868 440.288 183.353 11.2762 2.57988e-05 111.208
-1.74821 0.711334 9.22687 17.964 0.753567 1.80371 7.55269 4.39396 94.2026 66.4086 22.7327 1.61963 2.38868 437.636 187.832 33.6232 2.57988e-05 115.476
-8.84688 0.711334 13.2082 18.8122 6.01252 0.724725 7.55269 4.39396 107.63 48.794 19.5395 1.71696 2.38868 437.636 187.832 39.7386 2.57988e-05 111.917
-8.84688 0.711334 10.417 20.3196 6.01252 0.724725 7.30615 4.39396 107.63 48.794 19.5395 1.71696 2.38868 437.636 187.832 38.0748 2.57988e-05 110.998
-8.84688 0.711334 10.417 19.9585 6.47698 3.24896 5.74794 7.69389 107.63 33.738 12.1486 5.05132 4.88067 463.32 154.623 10.5563 2.57988e-05 111.404
-8.84688 0.711334 8.50975 22.5743 6.47698 3.24896 5.74794 7.69389 108.292 33.738 11.5994 7.92916 4.88067 463.32 159.777 13.3127 2.57988e-05 112.426
-8.84688 0.711334 8.50975 22.5743 6.47698 3.24896 5.74794 7.69389 108.292 33.738 10.836 7.92916 4.88067 463.32 159.777 13.3127 5.37982e-05 113.559
24.3993 1.02055 6.06814 23.2381 2.96544 3.24896 5.0478 7.69389 113.393 33.738 11.0823 6.96331 4.88067 463.32 139.614 23.586 5.37982e-05 113.245
32.9167 0.557387 6.06814 23.2381 2.96544 3.24896 2.58998 7.69389 113.393 33.738 8.1391 10.8215 4.88067 463.32 127.465 21.7297 5.37982e-05 113.9
41.5843 0.782089 6.06814 20.8101 3.4546 10.9005 3.56177 7.37725 113.393 33.738 10.0778 10.8215 4.88067 463.32 127.465 19.8741 0.000137275 110.281
38.693 0.782089 6.06814 17.7415 3.41585 10.9005 6.13969 7.37725 113.393 33.738 10.0778 10.8215 4.88067 463.32 119.627 19.9195 0.000434991 112.802
44.6194 0.782089 6.06814 17.7415 3.41585 10.0759 9.35769 7.37725 113.393 33.738 10.0778 10.2236 4.88067 460.425 119.627 27.9517 0.000434991 111.851
37.0982 0.782089 8.26438 18.6932 2.53899 0.228771 13.2092 7.37725 114.029 39.1301 10.5166 6.92728 4.88067 446.472 171.334 27.8516 0.00238662 112.042
42.1909 0.782089 10.1649 18.6932 3.34266 0.228771 13.3588 7.37725 108.204 39.1301 10.9378 9.38597 4.88067 460.284 124.541 43.3992 0.00399263 115.366
47.1355 0.398383 10.1649 15.9886 1.61757 4.99987 13.3588 7.37725 108.204 39.1301 10.9378 11.7744 1.1486 460.284 124.541 50.5067 0.00640059 115.223
47.1355 0.398383 8.98566 15.9886 1.19659 4.99987 13.5349 7.37725 108.204 39.1301 10.6706 11.7744 1.1486 460.284 104.862 30.0817 0.00376633 114.321
47.1355 0.398383 8.18703 15.9886 3.08082 4.99987 8.12089 7.78989 108.204 39.1301 11.6931 9.15307 4.59197 466.097 104.862 27.0564 0.00233267 116.767
53.9985 5.4544 9.27954 8.68233 6.61749 7.17808 8.12089 3.94716 112.686 39.1301 11.6931 9.15307 4.59197 466.097 104.875 22.0668 0.0014536 112.532
72.1557 5.4544 9.6161 2.77423 6.29972 2.56187 12.8042 2.33946 112.686 39.1301 19.4697 9.02227 2.75347 456.686 120.844 30.2375 0.000708425 113.105
79.8341 2.04251 8.93519 5.87404 9.46548 7.36876 2.04993 3.87509 111.5 39.1301 28.7374 12.7625 4.66038 446.884 128.976 30.2121 0.0006625 117.613
104.593 2.04251 8.93519 5.06024 6.22523 7.62835 0.812821 3.87509 111.5 39.1301 17.9405 11.3002 13.204 435.759 130.521 38.6179 0.000409646 114.144
67.5122 2.04251 8.69972 8.94526 12.1305 1.79679 2.62682 3.87509 123.711 39.1301 8.05492 10.1505 19.313 426.984 128.81 37.2806 0.000170838 112.847
47.3689 2.04251 8.69972 9.06377 12.1305 1.79679 2.52677 1.43194 123.711 39.1301 5.71669 10.1505 25.9677 435.898 125.145 13.1168 6.74742e-06 108.645
38.1555 0.894674 9.16448 9.06377 12.1305 1.79679 2.35288 1.43194 123.711 39.1301 4.53286 9.18434 33.9908 432.071 126.205 10.7222 3.79455e-05 113.714
38.1555 5.65955 8.0621 9.82176 12.1305 0.692262 1.57597 1.43194 123.711 39.1301 2.9226 6.43463 38.846 431.326 124.518 11.287 3.79455e-05 111.409
35.2383 5.65955 8.52875 9.62767 11.8602 0.692262 1.63794 4.5976 123.711 39.1301 2.79527 5.54559 36.843 428.866 125.29 7.74713 3.79455e-05 109.461
32.8358 7.57507 6.83777 10.7576 11.8602 1.91994 2.37102 4.5976 123.711 39.1301 2.30904 5.34351 35.3863 430.417 124.199 8.00749 3.79455e-05 110.554
22.7791 8.83741 6.99684 10.7576 1.97026 11.6669 1.3571 4.5976 123.245 39.1301 2.30904 5.36683 35.3437 430.417 113.615 39.9751 3.79455e-05 112.642
22.7791 8.83741 5.65597 10.7576 1.97026 13.0312 1.3571 4.5976 123.245 39.1301 2.30904 5.36683 35.3437 430.417 113.615 39.9751 3.79455e-05 112.722
88.668 8.83741 4.80159 2.86508 1.98213 13.0312 1.3571 4.5976 123.245 39.1301 7.40657 4.09918 35.3437 430.417 110.855 63.0763 3.79455e-05 114.219
17.8923 8.98415 7.56758 4.68468 2.10786 12.5388 6.87829 5.41645 123.245 39.1301 6.80002 2.55758 26.8654 420.209 178.525 2.98389 3.79455e-05 107.572
61.6578 7.99787 8.16441 0.202805 1.86425 14.5326 4.6089 5.41645 123.245 36.7493 6.85345 3.60318 26.8654 422.528 178.525 8.58782 3.79455e-05 107
56.1388 7.79479 7.64944 0.202805 1.96361 17.2676 3.61547 5.41645 123.245 36.7493 6.85345 3.81049 26.8654 422.528 179.222 8.58782 3.79455e-05 105.472
57.6984 7.77964 8.06192 3.13747 2.29882 16.5848 3.19872 3.75706 123.245 36.7493 8.16201 2.41201 21.0428 430.825 163.894 8.58782 0.00112176 107.916
42.7944 8.24508 10.8041 3.13747 2.07573 11.1014 3.4122 3.75706 123.245 36.7493 7.83238 7.27737 20.9063 431.652 163.894 44.0768 0.00112176 109.801
50.3995 7.50103 5.13753 2.80278 4.7986 9.4415 2.01998 11.0385 123.245 36.7493 8.37798 6.4249 18.2754 417.741 165.726 28.6745 0.00112176 111.619
40.6759 4.5281 2.90197 2.80278 4.32898 9.4415 2.01998 11.0385 123.245 36.7493 12.6941 7.73626 24.7268 424.719 171.687 24.5926 0.00112176 111.97
42.3298 4.47918 3.93193 2.80278 5.16112 9.4415 2.01998 10.4816 123.245 36.7493 12.6941 5.32182 24.7268 424.719 162.317 25.0789 0.00463369 110.931
47.6133 4.47918 2.15225 5.28025 5.30051 7.06194 5.35084 10.4816 123.245 36.7493 16.0306 4.16451 15.8249 436.97 153.627 3.48978 0.000901037 107.129
45.4907 3.58334 2.26136 5.28025 6.99358 5.94441 10.0284 13.3334 123.245 36.7493 9.20731 4.35852 10.5554 431.834 156.401 18.4064 0.000713113 106.582
48.0452 3.58334 2.22009 5.28025 6.99358 5.97657 8.48358 9.67984 127.869 38.6941 9.34845 3.59527 10.8404 423.84 180.645 10.5749 0.000713113 106.002
48.4505 3.95161 2.12858 5.28025 7.4056 5.98491 8.48358 9.23848 127.869 38.6941 7.2995 4.03346 9.37343 425.47 186.679 39.9925 0.000713113 107.347
44.1378 6.50699 4.33881 11.0155 7.33028 1.15169 5.2702 9.23848 128.094 38.6941 6.2363 5.39759 9.37343 425.88 182.575 39.7904 0.000713113 110.849
49.0035 0.481252 4.53146 13.4436 6.34836 1.15169 7.35326 16.7123 121.643 38.6941 6.7951 3.36575 9.37343 425.552 186.187 15.2736 0.000713113 107.694
53.076 0.481252 3.47421 17.9001 4.50851 5.11796 5.20887 14.6765 116.21 38.6941 5.39419 4.44894 12.4006 432.247 190.984 17.6018 0.000713113 109.73
65.0959 2.04745 3.56688 15.6714 7.9296 3.96859 3.18635 13.8663 114.111 38.6941 7.5363 4.47883 10.0264 430.314 191.013 6.06808 0.000713113 108.772
70.5217 2.04745 3.56688 15.6714 7.9296 3.96859 3.18635 8.32694 114.111 38.6941 17.0807 4.00546 8.97899 430.314 190.74 1.60949 0.000713113 107.928
69.9612 2.26233 3.56688 12.6729 8.21595 6.03265 3.18635 7.24118 122.507 35.099 12.9563 4.54884 3.40894 446.037 191.315 23.4637 0.000713113 110.609
72.4297 2.68779 3.56688 12.6729 8.21595 4.69789 3.18635 7.24118 122.507 35.099 14.9026 5.49352 4.74834 441.89 191.315 31.5389 0.000713113 110.476
66.4993 2.81263 5.6071 12.0341 2.67452 9.77388 2.08382 9.18003 122.507 35.099 4.85265 7.13119 8.35107 435.75 188.399 15.3006 0.00470207 112.768
106.741 3.1547 3.11668 12.182 3.68249 8.07247 1.78278 5.1623 122.507 42.9331 1.97963 13.8756 6.10056 428.968 188.13 7.0902 0.00141498 111.933
100.293 4.2185 2.46196 12.5816 5.00529 5.60124 6.51799 2.98144 124.544 40.1491 1.76599 8.58611 11.0283 434.669 187.65 18.9558 0.000177511 106.718
104.959 4.2185 2.69224 7.36235 4.29265 5.77846 2.98492 8.0361 125.91 42.3234 2.57226 8.91026 9.54302 432.802 191.542 24.2941 0.000177511 108.222
114.342 4.2185 3.07029 10.2935 4.64081 6.10309 6.25253 7.3524 125.91 36.4796 1.65022 8.33936 7.30464 432.257 206.841 32.2854 8.00637e-05 109.042
114.725 5.27932 1.82463 9.13325 5.04502 5.38076 4.3887 7.19754 125.91 36.4796 3.41476 9.71734 8.68825 433.124 186.595 29.8759 8.00637e-05 107.592
117.945 2.33762 3.35646 9.13325 5.06035 6.8279 6.2478 9.94381 125.91 35.4519 3.41476 3.18786 10.5873 432.095 177.207 12.6668 8.00637e-05 106.059
109.595 1.50024 3.68059 9.13325 4.94556 2.62141 10.4662 9.77035 125.91 38.8748 3.41476 2.43836 17.1414 430.091 181.551 21.653 0.00235989 111.147
106.987 1.36998 4.39101 11.1265 4.78043 2.59722 16.5962 5.33057 118.522 38.9973 6.10944 3.95742 15.5475 416.784 184.083 6.869 0.0147313 114.583
103.856 2.02303 3.64189 13.5634 5.68504 1.64459 14.911 0.306068 118.522 38.331 7.59262 1.28848 23.817 413.653 186.226 21.5598 0.0147406 113.045
103.856 2.02303 3.64189 14.1932 4.66719 1.64459 14.911 0.306068 118.522 38.331 7.59262 1.28848 23.817 413.653 194.979 18.2687 0.0147406 114.087
103.856 3.05908 4.94776 6.66978 4.66719 1.64459 15.4667 0.306068 118.522 43.0837 9.1242 1.28848 23.817 426.597 193.061 25.06 0.0138159 114.84
91.2161 3.22412 4.51398 9.26481 4.09832 0.867682 15.4667 0.306068 118.522 43.0837 8.61788 1.92464 23.817 425.084 192.299 32.2616 0.00990047 115.641
91.2161 3.22412 4.95007 10.448 5.70876 0.867682 13.0745 4.9496 113.236 44.8525 8.23995 2.90012 23.3148 425.438 133.328 51.5934 0.00644072 114.971
101.417 5.69182 4.95007 8.72391 5.55401 0.867682 14.8811 4.3589 108.148 44.8525 10.6055 2.61853 19.347 425.121 192.315 70.2948 0.0112536 114.754
80.1281 5.69182 5.21037 8.35152 3.30917 0.867682 18.3937 8.25546 108.073 42.5329 10.6055 2.61853 17.4998 425.259 204.417 33.8933 0.019388 117.193
72.6679 7.10809 6.9906 7.65955 1.60789 3.39767 20.5059 3.94733 108.073 36.9074 18.195 2.94871 14.0177 424.999 176.705 31.7291 0.00636187 111.863
49.5861 4.84595 6.9906 7.50413 1.783 3.39767 12.7115 4.61836 112.825 46.0967 16.1764 2.83801 7.50025 425.072 193.571 6.92723 0.0115456 110.003
66.7808 2.66037 9.10382 10.5165 1.32053 6.09713 9.49682 4.61836 112.825 47.8618 9.56015 4.3128 7.53269 423.345 204.377 5.35125 0.00277987 110.855
51.2126 2.43936 9.10382 11.5381 1.50824 7.23398 12.1659 1.63618 115.087 43.011 13.0987 3.11783 13.2801 420.55 184.936 22.3777 0.000905323 106.451
51.2126 6.67484 9.06825 4.80592 1.58667 7.07994 15.6388 2.97613 131.097 28.3168 7.45708 3.56154 14.6445 426.686 175.439 51.7456 0.000905323 108.152
51.2126 5.75061 11.2977 3.46155 2.47106 3.85638 15.8721 2.97613 131.097 28.3168 7.45708 6.54185 16.6283 426.686 173.642 51.7456 0.000905323 108.682
53.1054 12.0506 6.18294 3.27612 4.44107 5.44827 14.9606 3.40754 131.37 31.1475 1.7285 4.65022 16.2552 416.732 177.284 20.7218 0.000905323 109.407
53.1054 9.50664 6.18294 3.27612 4.44107 9.82358 14.9606 2.22754 131.37 25.8716 1.7285 4.85729 16.2552 422.914 189.74 22.0834 0.000905323 111.59
64.8541 10.6131 5.50788 3.56853 4.45501 8.77985 9.00013 3.31319 131.37 24.8179 10.4445 3.82933 20.5235 422.914 184.836 12.7426 0.00288531 108.39
52.471 13.9693 2.35421 4.37953 1.44837 8.71657 5.85473 8.19381 131.37 27.0637 7.07488 5.33484 27.988 424.701 184.836 18.3553 0.000948839 110.133
41.347 14.2535 3.44845 5.70166 2.15977 10.7172 4.09384 10.8059 123.225 33.0319 7.07488 4.09256 18.5577 432.955 147.275 5.2173 0.000948839 106.749
41.347 13.2381 2.59503 5.70166 2.09857 10.7172 2.99029 8.55829 123.225 35.3062 7.07488 6.2598 18.5577 439.226 147.275 5.2173 0.000948839 109.454
55.8714 10.0851 3.77466 3.60194 2.13763 11.0822 2.99029 10.8715 134.419 26.4762 7.99456 6.2598 10.5388 437.374 143.556 7.10915 0.000500703 107
53.9314 6.90996 8.68158 2.59558 2.49906 8.19949 1.66286 12.1939 134.419 24.5303 17.6269 1.18367 9.13329 438.298 196.743 55.5711 0.0008207 113.354
49.2937 5.88844 12.7588 1.5259 2.58507 10.1478 2.96074 8.04919 130.958 35.2422 9.0242 0.572862 11.9198 435.629 181.616 51.8637 0.000255762 109.315
52.594 8.05042 12.0329 0.22844 4.22998 11.9514 2.69615 6.337 130.958 32.7783 8.64922 0.578417 7.57945 439.124 174.817 46.3215 0.000255762 109.328
46.2254 7.82096 8.40783 0.57132 2.85103 7.04485 4.51687 8.8259 130.958 37.1762 12.0628 0.54582 7.58552 439.208 173.161 28.4359 4.41634e-05 106.72
56.0295 9.419 4.40885 6.92778 1.88801 1.25738 5.06427 8.8259 130.958 31.1832 16.6875 0.929943 7.58552 429.331 169.723 14.5452 0.00451915 110.356
55.8956 8.71052 5.25735 8.15765 3.26042 4.00713 0.347428 19.7779 130.958 28.6576 12.332 0.778791 7.38652 433.509 170.464 57.8207 0.00656817 117.13
52.3775 7.46938 6.24703 7.50354 3.11827 4.00713 0.347428 17.0243 130.958 27.7635 8.21916 2.61681 13.9394 450.554 180.277 41.0737 0.00650275 117.77
49.9416 3.98727 6.78841 10.5161 2.43117 2.47628 0.572091 15.4723 130.958 34.5261 6.72952 3.37721 15.7725 435.036 174.542 5.40913 0.00415251 106.899
57.3937 2.62888 8.00155 11.4482 1.74415 2.412 5.50435 7.68925 134.934 32.9333 7.34724 3.29151 16.9761 451.678 15.1394 30.775 0.000167979 110.953
59.23 2.03469 5.30208 9.10465 2.41986 1.83545 6.24863 10.82 134.934 33.0503 5.50458 5.21943 18.2341 427.788 15.1394 30.3791 0.00140871 112.6
62.8381 2.8427 6.98516 9.10465 2.41986 1.83545 6.04998 11.3255 134.934 28.0429 7.01861 5.41314 20.5276 420.693 15.1394 22.4023 0.00157931 110.171
67.6374 2.95015 6.98516 9.10465 1.95926 1.83545 9.8643 7.31332 134.934 28.0429 7.21041 3.97931 20.5276 389.777 40.1401 38.4229 0.00294964 114.64
88.9778 2.57475 6.98516 7.20257 1.95926 2.69532 9.8643 7.31527 134.934 28.0429 7.21041 3.97931 17.0146 489.802 75.8658 39.8678 0.00202463 118.261
97.6508 0.824874 8.83049 4.65535 1.95926 7.6707 9.8643 9.26491 131.879 28.0429 8.0332 1.99303 8.24334 459.408 103.815 14.1493 1.66136e-05 110.097
97.6508 0.910308 8.83049 4.35188 3.10023 5.15296 10.6311 9.50752 131.879 29.738 8.0332 3.62428 8.24334 459.408 109.52 14.1493 1.66136e-05 106.902
125.376 2.15981 4.82626 4.2364 2.64371 0.280754 14.3574 8.87096 126.309 22.2329 7.24259 2.58376 13.968 473.294 130.989 7.91907 0.00136297 111.336
45.9878 2.03063 4.14476 4.14588 9.21783 3.77372 19.4693 0.68287 126.739 48.1509 4.79369 1.03683 1.10803 459.379 140.52 11.8122 0.00145955 112.42
62.5981 8.4552 4.1387 4.49295 6.99606 0.635657 16.7707 4.8251 128.804 35.1814 1.50174 2.55075 9.60824 464.943 123.658 17.8449 0.00217464 112.189
110.669 6.12083 3.12448 1.84523 13.4193 1.91283 12.9859 4.83282 113.495 34.134 19.3346 7.85105 5.08594 426.78 95.1885 11.5897 0.00844048 116.768
119.954 2.88674 3.51688 5.85585 11.057 1.97218 16.4631 3.31595 112.041 35.4111 19.3346 1.93997 5.08594 446.545 38.8942 28.1986 0.00749391 111.028
118.681 1.65147 4.13109 7.49524 10.7753 2.43224 17.2968 0.37889 114.623 34.599 17.7609 1.93997 7.21655 438.559 37.4678 4.57969 0.0105736 112.848
101.433 6.65532 4.41019 4.77921 10.516 0.346221 10.638 8.23311 116.127 31.8261 15.097 10.8169 25.6399 395.027 4.45298 10.8602 5.14748e-06 113.644
70.3172 7.70683 3.62997 5.15176 10.6093 4.96161 10.1696 10.1044 119.099 26.9177 3.30527 8.64974 34.4953 402.134 5.88586 8.34906 5.14748e-06 107.639
70.3172 7.42834 3.71076 4.9053 10.6093 5.38673 10.1696 10.1044 118.81 27.7848 3.30527 8.64974 34.4953 419.378 5.88586 8.34906 5.14748e-06 107.848
1.15649 0.961157 3.94789 3.21901 26.0885 3.63277 13.5466 5.52318 118.293 29.9097 3.30527 9.51693 38.7753 399.569 79.9894 6.01432 5.14748e-06 113.772
1.15649 0.961157 3.93422 2.03683 26.0885 4.54191 13.5098 5.52318 116.702 30.9895 6.56873 7.72809 39.6818 400.813 62.4331 4.3034 5.14748e-06 113.251
26.9356 1.77215 4.24998 1.10473 24.2031 3.14552 11.0761 7.12987 116.899 32.8821 6.56873 7.80302 39.6818 400.507 41.5382 3.29317 5.14748e-06 111.939
26.9356 1.03187 4.43132 4.34987 22.0146 2.61128 8.54938 9.89344 116.986 26.1085 6.56873 9.87617 45.1789 401.6 14.2643 2.99675 5.14748e-06 108.879
26.9356 1.03187 5.32797 4.34987 22.0146 2.53342 7.60765 10.6711 117.182 26.1 6.56873 10.3871 41.3527 400.287 14.2643 1.77946 0.000275108 112.417
38.0334 1.03187 4.77589 4.34987 22.0146 2.53342 7.60765 10.6711 117.459 26.1 6.56873 9.39758 41.3527 333.678 33.7811 2.72631 0.000680853 118.502
44.536 1.03187 6.70336 2.18996 14.3151 0.291219 7.28398 19.5605 118.409 39.8954 20.3176 14.1074 73.5385 320.712 70.4106 4.58397 0.00123277 118.328
52.6686 1.03187 6.70336 1.97799 10.2019 5.74682 19.7023 3.23535 118.404 44.3196 23.7369 4.0636 69.7848 319.095 11.7387 37.8344 0.00445106 113.545
51.0679 5.38081 5.70743 3.77394 8.80447 3.09232 19.0283 1.67216 119.199 49.6733 28.1551 0.41668 56.1884 351.381 175.2 37.6878 0.00262612 117.197
52.4147 6.39457 9.54754 3.77394 9.79758 2.70876 16.098 0.480866 119.56 49.6563 17.7121 6.08381 60.2132 351.381 189.102 33.2972 0.00595528 113.647
52.4147 6.39457 9.54754 3.77394 9.79758 2.74181 16.098 0.480866 119.56 49.6563 17.7121 8.32705 60.2132 351.381 186.534 11.4762 0.00595528 112.924
52.4418 5.04272 9.7215 3.77394 9.55614 2.80843 16.098 2.71902 119.558 48.7656 15.4313 5.79592 60.2132 351.381 190.456 6.8745 0.00310216 111.448
73.7538 6.05442 10.1598 3.41207 9.34002 2.4173 16.1369 1.6242 119.772 47.0895 13.8432 8.83606 52.3664 351.113 190.23 35.8811 0.00551704 119.239
70.4018 6.7934 8.01112 1.61468 7.575 4.21482 14.1086 6.22077 120.124 43.2082 24.039 4.57045 42.4966 361.766 195.084 40.2017 0.00382855 113.086
66.5853 4.57545 7.60766 3.95628 6.37497 8.90081 12.8397 5.15427 120.127 40.6251 26.8725 7.70009 78.6524 324.353 196.21 27.4484 8.06228e-06 110.989
91.0799 5.90592 10.0211 0.735595 6.25526 12.4284 1.20345 2.30782 124.08 42.6387 26.8725 2.8782 70.6703 327.39 194.997 12.1577 0.000399843 114.244
47.0109 5.55058 7.1106 3.74386 4.77458 12.7702 11.7297 4.39106 116.887 48.6303 26.8725 6.18836 70.6703 327.39 195.058 10.7268 0.0115882 116.744
70.0424 6.51064 6.10815 6.02938 2.90427 10.6196 9.81522 0.46367 117.953 50.1076 21.1599 13.6309 45.245 338.947 190.366 79.2282 0.0112814 120.043
55.7381 5.68141 6.29004 7.19332 3.2279 10.3758 10.192 1.75359 105.641 59.0358 26.1042 9.78391 44.7611 328.941 167.953 25.3789 0.0398136 118.529
41.2421 3.41277 9.71396 7.19332 2.69697 13.2213 7.89772 5.45828 111.866 49.4102 25.1424 5.68983 65.996 336.185 188.153 25.4952 0.0408958 118.722
49.1891 8.74144 2.36502 4.14843 3.32689 15.364 9.20685 5.76765 112.079 51.565 19.7341 2.8846 56.3665 342.649 216.626 25.9145 0.0306975 116.2
56.3648 5.36798 8.57088 7.88813 0.574902 15.1322 7.45823 3.33624 114.472 48.872 19.7341 8.56432 59.7522 346.014 208.52 29.241 0.0255814 118.215
80.0424 6.06296 7.7219 4.96839 0.993277 13.6157 7.51866 5.72639 114.205 49.4217 19.7341 1.44915 59.7522 346.772 195.427 20.7475 0.059144 121.342
73.1112 6.06296 4.33462 2.26953 3.27518 15.7532 8.43932 1.7345 108.252 52.1378 14.8657 1.44915 70.2086 346.002 206.38 36.0168 0.0201092 121.819
51.3286 7.57371 4.03442 4.85804 3.57414 12.3095 11.1331 2.01262 109.736 66.3316 3.40027 1.44915 76.7526 346.002 190.911 6.34839 0.0139426 120.232
51.3286 9.30707 2.58838 1.07677 2.55054 13.1203 14.5858 3.93481 110.25 66.3316 3.40027 3.96647 76.7526 346.002 182.336 6.34839 0.0139426 120.901
42.2337 9.30707 1.82159 1.07677 10.3099 13.1203 3.36446 5.24707 120.154 63.6757 3.40027 2.72846 68.3981 346.047 182.336 15.8639 0.0107278 122.355
49.9949 4.83946 1.03273 1.07677 24.9848 3.14748 1.57566 6.91278 114.085 60.5138 2.75958 3.21478 61.9454 348.097 71.8582 36.7085 0.00403417 120.403
67.837 4.21774 2.47194 7.5846 6.10577 6.998 7.41979 2.63822 117.332 60.5138 19.3994 9.74209 58.1114 326.686 34.7414 55.6767 0.00547039 116.899
41.4444 11.1694 2.91521 3.19358 6.4123 6.52872 11.7734 4.49218 110.542 45.3939 2.09874 14.2145 67.5237 344.533 69.7979 27.3028 0.00526049 123.358
20.7145 4.96745 5.9444 12.724 13.5213 3.69075 10.9174 4.54641 120.276 36.918 25.2954 8.76857 63.167 316.004 66.26 26.7305 0.00678388 119.619
26.6461 5.29496 9.04699 11.5622 16.542 0.913228 9.9697 1.67234 120.276 36.918 40.7036 10.1719 58.009 294.666 98.3271 20.4036 0.0147029 124.93
52.0656 5.44491 1.6469 6.96879 14.4964 3.02048 9.92035 11.9453 92.9577 48.0941 47.6042 13.1741 23.8808 385.415 177.687 15.2175 0.0129639 114.366
49.5572 5.41734 1.75871 7.1958 14.7807 2.44738 9.90474 9.66845 92.9577 48.2383 44.9514 10.0808 17.1727 385.415 177.687 15.2175 0.0200458 113.616
49.5572 5.4218 1.94182 9.23131 9.75083 4.63776 9.45149 22.4259 100.015 44.0513 43.058 3.80736 24.1595 385.415 177.687 22.9634 0.0196054 116.86
116.993 5.48158 4.04754 6.85237 5.71962 2.8775 7.84603 16.3911 100.566 39.8057 38.7564 4.56143 15.7703 381.859 189.484 57.4991 0.0182841 119.214
130.75 5.51669 3.80976 6.85237 15.0601 2.40761 1.82663 17.8609 64.0699 63.9214 52.4591 5.03574 15.7703 387.816 189.484 84.4939 0.0182841 120.912
107.099 5.58099 2.92283 5.59943 15.0601 0.716654 9.49379 12.3605 64.0699 62.7543 73.4565 4.30959 3.57553 387.816 171.785 84.4939 0.00936681 119.023
99.4293 5.87987 3.88329 7.255 11.9706 0.716654 8.42925 9.2199 64.0699 62.7543 73.4565 4.58415 7.31096 394.05 171.785 49.654 0.000927995 114.105
136.615 7.90301 2.00016 3.54789 8.78379 6.79945 5.14932 8.6217 80.3532 48.1453 73.4565 5.25299 7.31096 406.712 171.785 49.654 0.000927995 113.33
118.997 8.90973 2.08284 7.08772 4.62415 6.79945 7.69953 8.6217 86.0474 43.098 73.4565 3.60991 12.7808 400.426 152.352 18.6749 0.00171694 111.879
9.37487 15.5263 3.69629 5.98562 12.0212 2.53848 2.49704 13.8096 89.5242 61.7972 44.368 2.45856 4.88309 400.559 180.027 11.792 0.00242172 113.439
9.37487 15.5263 4.10752 7.88404 7.65623 0.157196 2.18253 18.5825 96.2056 48.6227 55.0343 2.62519 2.69912 400.559 165.95 5.1047 0.00124819 114.944
34.4361 15.8156 4.15001 1.73104 3.47474 1.49652 5.33678 15.0849 81.2536 57.0672 58.2925 1.82264 2.69912 414.723 169.38 21.4736 0.00203907 115.552
69.9995 12.9011 3.86579 3.90969 8.55448 2.69842 5.33678 14.4211 100.534 66.0063 12.2253 2.96234 3.02333 418.277 201.786 19.5956 2.1557e-05 109.636
68.5887 14.7653 4.2987 1.1189 4.72098 2.4794 11.8608 6.81055 93.3363 76.5793 12.2253 3.78582 3.02333 418.277 201.786 21.8928 2.1557e-05 112.79
68.5887 14.7653 2.7247 3.00048 7.13646 2.59049 13.187 6.81055 92.0775 75.5298 13.8749 1.95492 3.02333 415.399 201.786 21.8928 2.1557e-05 109.357
53.8123 10.9778 4.33906 1.35225 9.47327 3.0699 4.26474 6.81055 97.2991 67.4843 13.8749 0.146252 15.7788 415.399 201.786 20.0289 0.000289186 112.156
44.0097 12.9598 3.86738 3.70828 9.39809 4.62165 4.26474 9.87687 97.2991 59.02 13.8749 3.4029 15.7788 415.399 201.786 19.9251 0.00017929 107.503
49.0662 9.17213 7.38036 5.10645 7.03601 4.53311 9.97342 3.66683 99.9023 66.5353 5.05601 2.35273 15.7788 415.399 201.786 22.6239 0.00017929 106.819
45.8227 9.17213 7.38036 5.45819 9.76771 4.31592 20.8125 3.66683 83.4707 67.3171 5.05601 2.35273 15.7788 415.399 201.786 24.3925 0.00017929 108.945
47.1555 8.60244 6.76125 7.13462 9.76771 0.510816 18.7172 3.66683 84.8508 66.526 5.05601 2.35273 32.7997 415.399 194.277 21.8683 0.00017929 106.569
46.6174 8.60244 6.76125 7.13462 9.76771 0.510816 19.3692 3.66683 84.2972 66.526 5.05601 2.35273 32.7997 415.399 194.277 22.4203 0.00017929 106.743
46.6174 8.60244 6.76125 8.16976 5.82023 0.510816 19.3692 3.66683 84.2972 66.526 5.05601 2.35273 32.7997 415.399 194.277 27.0047 0.00017929 108.854
46.2104 8.60244 8.83175 3.41411 9.92767 0.510816 20.5974 2.86638 84.2972 65.5354 7.98077 2.35273 32.7997 415.399 176.985 16.2041 0.000337564 105.866
50.1256 8.60244 8.743 6.52019 9.62153 0.510816 16.5134 1.5292 97.2676 53.7791 7.98077 2.35273 32.7997 415.399 181.41 21.6634 0.000337564 108.47
49.6916 5.5738 6.38361 4.38507 9.90477 0.510816 15.7095 3.4066 98.6636 54.0935 12.1049 2.35273 32.7997 415.399 181.41 18.9154 0.000337564 109.078
51.4304 7.30978 6.38361 5.81966 10.3167 0.510816 13.8005 3.4066 98.6636 54.0935 10.6771 2.35273 32.7997 415.399 181.41 13.4159 0.000448123 107.098
47.7593 7.30978 8.31801 5.16813 11.7227 0.510816 13.8005 3.4066 99.0282 54.2346 5.77719 2.35273 32.7997 415.399 162.417 0.669457 0.000649627 109.314
47.8535 7.83091 6.08538 8.55867 9.43227 0.210286 8.65344 3.347 103.26 54.2346 5.77719 2.35273 41.7156 415.399 168.256 8.76127 0.0006945 109.342
46.8966 7.83091 6.19631 16.3274 3.89111 3.18648 8.65344 3.347 98.0288 54.2346 5.77719 2.35273 41.7156 415.399 168.256 9.3645 0.00107266 113.982
46.8966 6.51939 6.88159 11.8958 0.749134 4.09456 4.32647 11.5294 98.0288 58.8822 5.77719 0.876872 41.7156 415.399 168.256 7.22445 0.00105633 109.885
46.8966 6.51939 6.88159 11.8958 0.749134 1.53609 5.9509 11.5294 98.0288 58.8822 5.77719 0.876872 41.7156 415.399 168.256 6.62874 0.000936218 112.059
46.0089 8.73161 6.0352 3.86343 0.749134 3.71235 9.32912 11.5294 98.0288 51.8034 16.5107 0.876872 41.7156 415.399 168.256 8.20557 0.000749328 110.721
46.4835 6.63498 9.54542 8.392 4.01903 3.26305 7.39333 18.7334 90.5344 54.8845 9.21779 0.876872 41.7156 415.399 168.256 11.3995 0.000772255 110.508
49.4138 9.02737 4.70367 6.63709 5.2654 9.04308 7.39333 12.2033 93.0693 54.8845 6.73639 0.876872 41.7156 415.399 168.256 7.44538 0.000772255 107.204
49.5931 9.02737 4.70367 6.63709 5.2654 9.04308 7.62242 12.2033 93.0693 54.8845 6.73639 0.876872 41.7156 415.399 198.556 9.36877 0.000772255 109.83
50.7705 3.89097 4.70367 6.23876 5.56997 9.38614 7.55449 7.23477 99.134 52.6648 5.92114 7.91522 41.7156 401.8 104.409 13.5661 0.000997309 114.637
50.9741 3.52182 5.07344 4.98052 3.7163 15.2801 7.65992 8.90857 99.134 47.7575 4.86109 7.91522 41.8784 401.8 167.485 12.8046 0.000997309 112.735
52.0905 3.44306 4.28458 2.97526 2.78992 12.873 11.6113 7.8997 105.665 47.0983 4.86109 3.62914 41.8784 401.8 200.127 16.798 0.00178733 113.519
53.0618 3.74147 8.22498 5.05453 4.26753 19.7313 9.96976 10.386 93.98 47.6437 2.26088 3.24075 41.8784 401.8 200.127 19.857 0.00179645 116.11
53.0618 2.78 5.88661 1.43206 5.10227 19.7313 8.24213 8.81312 98.757 51.931 2.26088 3.24075 41.8784 401.8 193.47 12.253 0.00168288 112.171
43.1885 2.22756 4.53157 1.43206 4.96408 15.0346 11.9967 8.7552 106.382 40.6479 15.6208 0.79022 41.8784 401.8 193.47 11.2168 0.00243002 111.916
43.2237 7.32087 5.65832 1.43206 2.00111 15.0346 14.0876 6.03808 104.209 38.0989 15.6208 0.79022 41.8784 401.8 193.47 49.22 0.00404637 114.578
22.7192 14.4252 5.65832 0.256321 0.605108 14.5881 12.5335 2.65975 105.706 39.8114 15.6208 0.79022 47.7208 401.8 187.29 19.3793 0.00239941 115.224
20.9239 15.8064 5.65832 2.91825 0.605108 11.9102 12.5335 2.65975 105.51 38.5888 15.6208 0.79022 47.7208 401.8 5.07957 9.53718 0.00239941 116.037
46.3097 11.8573 4.41237 4.12163 0.605108 11.7058 16.3387 5.46266 104.955 35.9692 18.4789 0.79022 47.7208 390.472 193.421 9.53718 0.00239941 112.584
47.2271 8.69445 8.96261 2.49177 2.23808 10.0338 17.527 6.43324 104.664 31.3132 15.9118 1.74156 47.7208 390.472 197.258 19.5873 0.00282427 112.471
47.2271 8.69445 6.47869 2.00686 2.53082 6.46489 17.527 6.43324 106.688 34.3599 11.8724 4.91457 47.7208 390.472 160.257 19.5873 0.00195716 114.576
47.2271 13.1636 6.12129 2.00686 2.53082 6.97794 14.2573 6.61158 106.699 34.3599 10.6465 8.39155 47.7208 390.472 148.883 22.3235 0.0024098 115.017
47.2271 10.0938 5.95218 3.44901 1.52077 8.63316 12.734 6.22675 108.616 34.3599 10.6465 7.0029 47.7208 390.472 227.992 22.3235 0.0022664 113.27
72.8994 9.5999 5.33726 5.16262 1.53631 8.9147 12.734 5.97276 107.628 34.3599 10.6465 4.84526 47.7208 390.472 104.174 18.8931 0.000825668 114.992
64.0589 9.5999 5.26433 4.95572 4.78216 8.70986 10.3767 7.04524 107.628 32.4013 10.6465 5.24414 47.7208 390.472 80.8424 31.0454 1.92775e-05 110.733
64.0589 6.71915 7.01542 4.95572 4.78216 8.75829 10.3767 7.04524 107.628 32.4013 11.6128 3.7093 47.7208 390.472 60.6824 31.7503 1.92775e-05 110.526
121.595 6.71915 6.50113 2.91504 2.67826 4.95402 10.0139 7.53596 107.628 40.958 11.3725 1.65413 43.3588 390.472 65.3459 19.6512 3.3858e-05 109.645
39.9119 4.05574 8.29475 4.00564 4.54851 12.276 10.0139 6.36892 107.628 40.958 11.3725 1.65413 43.9934 390.472 76.2028 22.5798 3.3858e-05 109.317
39.9119 4.05574 10.9802 2.97593 4.54851 12.276 10.0139 6.36892 107.628 41.6345 11.3725 0.8155 43.9934 390.472 76.2028 9.0439 3.3858e-05 111.364
39.9119 4.8078 10.9802 3.3598 3.9135 11.3185 11.4123 5.16472 107.628 40.551 11.3725 0.8155 43.9934 390.472 5.55868 55.1134 3.3858e-05 109.595
47.8075 4.8078 12.2635 3.02498 1.28315 11.756 9.6448 4.98278 105.949 39.9187 10.5562 2.11892 56.102 390.472 24.4946 36.9821 3.3858e-05 109.069
47.8075 3.22758 15.0608 2.63311 2.68662 11.756 0.96605 3.86241 110.382 40.0141 11.7928 3.99509 56.102 390.472 24.4946 16.0612 3.3858e-05 109.802
57.9461 3.22758 15.0608 2.63311 2.68662 11.756 6.81717 3.86241 110.26 35.4821 10.7254 3.99509 56.102 390.472 24.4441 10.8821 3.3858e-05 109.768
46.1322 2.30867 15.0608 2.56797 3.02305 6.83368 10.5968 16.9789 108.216 35.4821 7.8273 2.95454 56.102 390.472 12.629 10.8821 3.3858e-05 112.255
49.86 6.56361 10.5581 3.10672 5.5948 6.79666 2.48438 15.206 108.741 35.4821 9.87143 2.63074 50.2159 392.443 17.053 4.01513 3.3858e-05 108.803
74.173 4.50428 4.76922 5.5715 2.80716 3.98375 10.7017 12.9665 115.594 40.235 8.82993 1.53213 34.197 392.443 23.9866 3.06754 0.000133227 113.553
49.1876 1.05874 3.7329 15.0574 7.94221 4.40545 10.7017 7.94178 127.223 27.8054 9.69603 5.61332 34.197 392.443 24.0767 21.5822 0.000586684 116.391
49.1075 4.85781 6.0829 13.7112 4.86618 3.04767 9.99394 11.2412 140.001 12.773 1.51797 2.37961 32.9486 405.356 17.1722 27.6416 0.000935618 115.047
49.9328 4.93368 6.0829 13.7112 3.93642 2.81099 2.62003 13.7356 94.0741 65.264 3.6372 2.37961 33.2373 405.356 15.9372 30.6783 0.000935618 108.848
48.9432 4.28065 10.387 9.88257 3.64203 3.88733 4.56079 13.6275 94.0741 65.264 2.16992 0.968551 33.2373 405.971 18.722 13.1953 0.00305429 108.471
42.4633 3.20842 10.387 9.45063 3.80932 3.88733 4.56079 16.5658 94.0741 65.264 2.83942 0.968551 33.2373 399.318 27.3286 18.6672 0.00341588 111.083
55.6666 3.42154 10.0414 9.45063 4.31264 6.55734 4.56079 18.9828 87.1625 63.4384 2.83942 2.9705 33.2373 367.188 29.5419 14.6456 0.00547381 113.205
43.9856 1.68867 16.2842 6.224 4.31264 6.63175 4.56079 18.4383 87.1625 62.0078 2.83942 3.62957 33.2373 375.173 28.3449 11.6444 0.00643235 113.62
32.1973 2.02287 18.3294 2.38419 9.18461 0.772233 4.56079 18.4383 93.4333 62.0078 32.9027 1.99517 33.2373 375.173 52.3092 36.9853 2.59599e-05 113.266
36.812 1.94651 18.3294 1.50865 9.41518 2.05953 6.57313 17.8972 93.876 62.0078 37.96 1.40018 11.3918 375.173 57.1897 60.3596 2.59599e-05 115.956
36.812 1.92517 17.2574 2.33756 9.41518 0.433052 6.57313 19.0062 95.0117 62.0078 37.96 1.25659 14.0305 386.04 64.318 38.2139 2.59599e-05 113.577
15.8112 0.867808 17.2574 3.58401 3.99463 0.861464 11.0388 19.0733 86.6988 62.0078 48.3523 2.22981 12.6941 404.647 72.9452 12.4446 2.59599e-05 113.507
43.2996 7.92266 7.59706 3.53172 3.99463 1.58412 5.40963 19.0733 84.6954 62.1956 48.3523 2.65683 10.4245 404.647 205.69 24.2473 2.59599e-05 111.063
40.7832 8.75722 9.12888 3.5005 4.78884 0.867288 5.40963 19.0733 84.1205 62.3035 61.8502 1.76538 13.4272 395.404 145.516 26.0243 2.59599e-05 109.833
47.6974 6.8082 10.9201 3.51117 0.543226 0.98542 11.6638 11.6958 84.8803 64.5447 61.8502 0.557747 12.292 385.119 167.993 2.37204 2.59599e-05 108.86
63.6066 3.31459 9.22894 4.11287 2.41899 3.58384 12.4994 13.4628 85.9031 64.0513 60.2004 1.01243 12.2157 395.394 164.862 34.3767 2.59599e-05 110.207
65.2066 2.6681 5.11825 10.1502 8.34393 2.88249 11.9956 14.4426 85.4474 45.3307 66.8502 11.1863 4.79311 393.488 164.862 2.96796 2.59599e-05 110.061
74.5824 2.42017 3.47651 13.6121 8.05163 2.71245 10.7054 15.0762 88.4845 33.2244 76.0738 11.1863 6.31336 370.938 199.988 13.3777 0.00275045 112.546
46.3552 1.61496 3.47651 14.9212 8.05163 2.9864 10.7054 17.1625 89.5207 33.2244 76.0738 3.63178 11.0877 381.631 199.988 14.8291 0.00189644 110.68
48.022 0.817779 3.47651 15.799 7.14555 2.9864 6.66073 22.8332 88.3539 31.5069 76.0738 4.82722 6.87974 383.396 84.1288 20.9298 4.74624e-05 110.884
93.584 0.660816 3.61008 7.21702 7.51349 8.80438 2.2287 19.3203 93.5465 24.8482 69.5799 17.5274 6.87974 380.138 30.9562 12.1282 4.74624e-05 112.926
60.0101 0.47937 8.64162 2.03604 16.9035 4.78421 3.2333 25.2801 90.4394 26.5708 69.5799 14.564 4.56133 379.378 82.4553 18.1386 4.74624e-05 116.385
70.4319 0.491738 8.23807 3.10033 14.5138 3.76081 3.27466 39.5622 98.5078 38.5259 32.9562 14.564 4.56133 388.095 75.393 1.14608 4.74624e-05 118.129
131.346 0.489704 8.96717 5.28359 12.3239 5.10311 3.10723 28.7629 50.8024 78.1077 41.1144 13.7632 24.7827 366.761 66.9388 3.8561 4.74624e-05 112.976
131.346 0.602061 8.55662 3.82348 6.78398 5.2108 3.83275 20.1137 62.4258 76.284 43.8439 14.0825 24.7827 384.519 167.041 15.672 0.00639528 113.108
87.487 0.213354 8.51103 6.9952 8.4559 4.5594 2.87077 33.3434 56.6453 67.4584 54.2097 7.57381 17.6477 371.712 188.623 16.0179 0.0115264 115.356
91.892 0.223486 8.88392 8.67873 8.4559 2.1681 1.01829 33.3434 59.2884 66.946 42.5991 11.9604 27.7332 371.21 212.885 31.6278 0.00952292 117.392
109.846 0.199714 8.52048 6.58079 9.19018 6.54579 5.8329 30.2797 37.8358 98.6681 40.1458 7.32385 23.4013 360.46 92.3541 12.8695 0.00737903 116.472
66.3713 0.202735 6.96593 7.19391 9.19018 8.1681 8.46189 23.8373 48.0987 83.5493 50.2332 8.12999 27.5472 366.045 68.4264 14.6171 0.00713949 115.189
74.6901 0.201335 11.0302 6.95609 8.3028 6.53508 6.38397 25.8516 48.2634 79.8199 52.4128 5.90526 41.9577 362.34 1.50527 21.7295 0.000147042 114.326
39.598 0.14362 7.16608 16.791 5.7801 6.438 4.80648 21.5668 55.4012 90.1924 42.2398 2.75357 12.2366 392.616 115.515 6.72989 0.000147042 111.332
30.8711 0.269703 11.9851 9.96797 4.4941 6.35919 7.56491 18.9691 49.8008 73.5219 56.692 3.68816 9.75108 392.907 103.079 7.88473 0.000147042 117.909
40.2794 0.294575 13.4667 5.18802 0.602062 19.3929 5.59836 15.5467 52.4048 73.8863 66.4251 3.10735 23.4072 362.841 10.1823 2.42705 0.00865084 115.348
45.9941 0.23873 0.852323 2.71992 18.2928 15.3386 5.36697 23.5643 56.358 79.5107 42.8187 9.52393 33.6714 345.028 110.204 16.4885 0.00243984 115.62
39.3058 1.57129 2.78214 1.44233 15.1819 10.1244 12.1485 22.7935 56.1615 72.352 42.8187 6.36338 48.0223 345.028 217.729 16.1226 0.015148 114.184
33.5517 2.95824 2.3819 5.74072 14.8698 10.8706 12.1485 22.7935 56.7426 68.6738 41.3061 2.90073 62.6541 345.028 196.934 20.0498 0.0106539 115.954
18.3535 3.61537 2.73741 5.5601 17.1823 9.70445 3.29156 21.6262 56.7426 86.0564 39.3449 2.55361 62.6541 345.028 187.766 20.9751 0.00743392 115.764
18.3535 4.42027 2.3911 6.10943 12.2111 9.25626 3.29156 21.6262 59.9689 86.0564 30.7166 2.55361 66.3601 350.71 188.399 20.9751 0.00743392 118.857
31.8255 11.9622 4.37119 6.24515 7.85438 7.67572 9.1097 22.6327 59.9689 83.5267 40.3685 4.76334 29.7428 350.71 200.573 27.561 0.00334305 114.912
11.9489 13.4274 2.68534 6.47262 12.1601 4.34266 6.0698 23.9552 59.8182 85.2054 23.6968 4.74705 20.5652 404.153 186.266 19.0914 0.00261773 115.203
44.89 12.7631 3.0257 4.64845 9.51391 4.35987 6.0698 23.9552 50.107 81.4728 18.5864 1.34221 38.5141 408.711 184.896 3.7177 0.00189733 110.882
20.1409 10.2949 3.0257 9.07065 10.9811 11.179 2.87905 27.1045 27.0768 85.8131 23.6063 0.671861 43.6615 399.174 194.128 2.78799 0.000508809 116.993
35.8544 10.2949 2.69698 10.3814 1.29335 12.4071 2.87905 31.2474 27.0768 85.8131 20.7125 7.5188 45.6633 383.582 229.865 14.8947 0.00167794 116.979
35.8544 10.2949 0.22697 10.0638 1.08755 12.8152 6.79895 31.2474 58.6087 81.8829 23.6254 5.15072 40.2071 366.267 198.113 8.56343 0.00260833 115.195
35.8544 10.8439 0.22697 10.0638 1.08755 14.2061 6.79895 31.2474 58.6087 75.5185 32.3301 2.79668 40.2071 366.267 207.696 5.62869 0.00101959 114.646
67.1643 8.16805 2.0345 11.4555 1.2248 10.6912 0.520099 31.2474 54.3172 83.0976 37.0419 1.87912 40.2071 364.455 208.92 45.9305 0.00023099 111.977
67.1643 9.3269 0.811903 11.4555 0.250819 11.3922 0.520099 31.2474 59.0121 84.5525 38.8691 7.39503 29.6924 364.455 210.056 23.2158 0.00023099 112.161
67.1643 17.2072 0.207734 3.25678 0.250819 9.13187 2.76041 32.0369 55.8986 75.6138 36.3299 6.22139 34.1674 368.772 210.377 14.1935 0.000266349 113.673
50.0221 17.2072 0.691067 3.29993 0.330924 13.8609 2.92694 32.0369 54.6706 75.6138 11.5996 6.22139 20.1819 406.436 205.44 9.52434 0.00155628 112.443
44.1985 17.9888 0.691067 2.28287 1.12534 13.8609 1.44396 25.3294 55.8382 75.5645 15.4014 6.22139 28.5889 403.846 214.853 23.5097 0.00676049 114.282
44.1985 17.9888 0.691067 2.44271 1.12534 13.8609 1.88934 25.5008 54.7536 75.5645 15.4014 5.35091 34.2559 393.429 214.853 21.1284 0.00676049 116.618
44.1985 18.8768 0.328917 2.44271 0.441825 8.53919 11.4363 17.7134 62.5946 76.3348 11.5928 5.33253 34.2559 394.837 188.564 17.8814 0.0206395 117.902
44.1985 18.8768 0.927979 2.44271 0.441825 12.5346 4.19345 14.1009 62.5946 80.4866 15.1809 2.91744 34.2559 401.986 194.914 19.4137 0.0206395 117.054
29.1491 18.8768 3.84901 3.02555 5.76416 12.1433 4.19345 17.947 62.5946 91.1668 15.4263 3.12318 11.4735 406.826 194.914 3.99013 0.0228883 119.343
25.6738 7.98387 1.1769 8.04379 5.76416 10.7856 2.65389 18.2834 62.5946 79.8926 13.4096 4.62736 11.4735 418.647 182.655 25.3555 0.0440727 120.345
48.1806 7.74055 3.53445 15.5613 2.7696 7.25106 0.915348 29.0164 62.5946 73.2255 13.0568 3.6965 10.592 422.414 182.655 42.8968 0.0322238 114.431
119.639 4.37825 2.67839 12.2969 1.37794 6.0753 0.915348 33.5714 62.5946 70.0536 13.9327 2.86313 4.29263 427.885 182.655 26.1378 0.0592567 119.62
119.639 3.14092 2.39817 11.9005 1.37794 3.89076 0.915348 33.5714 59.6942 70.0536 15.7185 5.08286 10.6985 437.661 191.459 36.2067 0.031303 117.15
107.826 2.86006 1.10178 11.9005 2.84871 7.47062 0.915348 33.5714 59.6942 70.0536 15.7185 5.58972 10.6985 438.302 178.462 29.8973 0.015254 113.703
107.826 1.63587 2.54526 13.3492 4.9943 7.33581 0.915348 33.5714 56.6703 70.0536 13.2448 2.80897 10.6985 438.302 168.916 29.8973 0.0405225 115.764
94.8132 1.63587 1.06104 13.3492 8.39656 7.33581 0.915348 33.5714 56.6703 70.0536 13.2448 1.61351 10.6985 438.302 168.916 12.8896 0.0423809 115.944
94.8132 1.71675 1.06104 13.3492 8.39656 7.26258 0.915348 33.5714 54.6895 70.0536 12.4874 1.61351 10.6985 438.302 168.916 48.3471 0.0423809 119.882
86.4266 1.71675 2.3835 7.80207 8.39656 7.26258 10.6618 33.5714 54.6895 70.0536 13.3307 1.61351 10.6985 438.302 168.916 48.3471 0.0423809 122.184
104.337 1.71675 2.93995 10.6834 8.39656 5.37816 3.10583 25.7277 53.7626 84.2979 11.127 1.61351 10.6985 433 168.916 62.9179 0.0423809 114.931
121.943 5.06056 3.80858 10.6834 3.7284 7.10005 4.00957 25.7277 53.7626 84.2979 10.0871 1.74249 10.6985 433 184.554 62.9179 0.0243812 114.959
121.943 4.1616 3.0111 6.20672 7.84167 6.44558 4.00957 30.9078 53.7626 84.2979 1.79756 1.74249 10.6985 433 184.554 66.3568 0.0243812 116.13
121.943 2.44295 3.0111 5.34836 6.17032 9.52341 7.07377 31.5217 53.7626 84.2979 1.71185 2.33611 10.6985 433 174.124 70.3001 0.0301945 114.302
121.943 2.44295 2.71575 5.34836 6.17032 12.2227 7.07377 31.5217 39.876 95.8712 1.71185 2.33611 10.6985 439.945 174.124 70.3001 0.0301945 116.341
92.9917 2.44295 2.86277 5.4291 6.17032 12.9721 3.05744 27.6475 40.0431 100.983 9.65977 3.4556 7.54774 439.945 174.124 50.7814 0.0280422 115.489
119.505 2.44295 4.78768 5.4291 12.4163 7.22378 2.60029 27.6475 36.7134 95.6435 9.65977 1.91437 6.32108 439.945 174.124 39.1526 0.0280422 114.996
119.505 2.44295 4.78768 4.40043 8.9428 7.56839 14.4892 26.2175 34.8407 93.3033 9.65977 5.47284 9.12184 437.657 174.124 39.1526 0.0280422 115.165
119.505 3.90267 2.48758 4.38024 6.31192 3.99192 8.86062 29.0914 43.1192 96.5004 9.61421 7.44136 4.63054 440.457 174.124 25.7655 0.00586421 110.874
119.505 3.72191 3.39634 6.51759 5.10112 3.63862 8.76444 29.6786 43.1192 93.1275 9.61421 7.46943 4.63054 434.634 174.124 8.67361 0.00894452 108.316
123.219 3.72191 5.07194 7.68906 2.432 3.63862 8.76444 29.6786 43.1192 91.1068 9.61421 7.42332 8.43024 431.215 174.124 1.66227 0.0138097 109.669
123.219 2.33341 7.64363 6.12614 6.27075 3.649 9.85029 29.5017 42.5737 87.3569 9.61421 6.68844 14.8211 431.215 174.124 1.66227 0.00882551 109.131
119.949 2.64897 4.8235 5.53104 6.18661 4.72958 7.1781 30.6421 44.3925 85.6864 9.61421 7.53552 23.6399 431.215 174.124 4.83789 0.00168205 108.438
119.949 1.49579 7.04397 1.27601 6.34937 8.54206 7.1781 25.122 42.883 93.2475 8.63702 9.30456 20.777 431.215 147.014 6.40174 0.00174544 110.335
120.327 2.12565 7.04397 1.27601 6.33167 8.42776 11.5648 30.5425 40.3974 82.0002 8.63702 9.40861 27.1113 431.215 147.014 3.06638 0.00161338 111.577
120.327 2.12565 7.40771 1.27601 5.83662 8.42776 11.5648 30.5425 40.3974 83.6375 8.63702 5.57539 48.7914 410.578 143.22 4.5576 8.98777e-05 109.893
120.327 3.04551 7.40771 1.27601 4.4611 5.6034 11.5648 30.5425 39.6087 83.6375 9.31269 5.57539 48.7914 410.578 138.254 1.85867 8.98777e-05 113.105
125.458 3.04551 9.03394 1.27601 6.51052 10.6652 10.266 19.6447 36.0745 88.8212 9.31269 5.57539 40.8428 434.624 138.254 4.65137 8.98777e-05 110.316
130.03 3.19816 8.88764 1.27601 7.00721 10.6652 10.266 16.6505 38.3617 88.8212 9.31269 5.57539 40.8428 407.204 138.254 4.65137 8.98777e-05 112.814
130.03 0.849598 10.9309 1.27601 7.00721 8.42357 20.5898 12.8482 31.5017 97.6017 21.9844 5.27782 40.8428 374.619 218.493 4.65855 2.90804e-05 114.308
130.03 0.849598 7.64974 5.64045 10.0737 8.42357 7.2554 18.8565 29.6169 97.6017 64.6138 5.4259 8.9314 374.619 28.6637 5.38134 0.000102091 110.92
55.6778 5.41777 6.89174 3.31359 11.3385 3.8363 6.70156 27.916 28.0619 91.8036 73.9846 5.12594 5.69598 372.819 47.6696 4.14526 0.000112805 110.837
66.2024 2.64372 10.0932 6.709 10.9093 2.21385 6.96395 26.6159 31.7729 80.3415 76.4364 4.90164 25.2364 302.912 34.8831 4.13692 0.000240352 114.305
86.0743 1.61061 8.64327 6.98526 10.9093 4.3745 5.00934 29.096 24.9356 83.9785 81.7683 6.08146 4.91051 316.243 86.8178 3.17342 0.000382691 118.816
79.0398 7.65596 5.63481 3.23667 7.18497 3.28899 10.3844 30.923 38.4698 77.322 89.8695 12.9582 26.943 316.243 60.1106 12.5674 0.000378085 115.587
100.392 6.72972 7.57781 2.22837 2.91965 3.70227 10.8945 38.8566 26.7893 74.4539 79.9876 15.2305 40.919 267.492 24.1208 22.3008 0.00255165 116.818
52.77 3.34372 1.65038 10.9271 5.15144 7.89486 6.44994 38.8566 23.1116 70.3347 98.9472 21.5896 63.8457 261.163 4.34002 8.76361 0.00274712 114.57
51.3402 0.722863 3.05937 19.0911 5.5051 6.15644 7.00418 38.8566 24.7198 57.3372 97.0077 33.37 54.6896 279.331 3.76877 77.4788 0.0028941 121.748
41.3092 1.85669 3.02379 19.0911 4.93845 6.01111 5.42009 38.8566 24.7198 59.2575 105.875 33.37 54.6896 247.483 45.7289 53.9457 0.00574717 119.472
41.3092 1.85669 3.02379 19.0911 4.79441 6.1947 5.42009 38.8566 24.7198 59.2575 105.875 56.8064 42.1843 247.483 11.336 12.3673 0.0066938 118.107
41.3092 1.85669 2.35427 19.0911 4.79441 6.42578 5.42009 38.8566 24.7198 58.4416 105.875 56.8064 42.1843 247.483 28.9613 12.3673 0.0066938 118.658
71.3728 1.19216 3.47881 14.4953 3.41786 10.5243 12.0102 32.1154 24.7198 50.5027 105.875 54.7776 45.932 247.483 54.5712 15.0787 0.00381145 119.946
64.5553 2.00028 3.80326 14.5097 4.09918 10.9551 12.0102 22.8413 24.7198 61.1386 105.875 25.1361 59.3533 256.012 269.307 10.1367 0.00676215 120.016
54.4943 7.1783 3.74323 9.73335 5.70149 9.7596 11.9014 15.7144 55.7791 67.6734 61.2158 32.402 74.2964 256.012 25.9486 8.43971 0.0162424 116.908
83.512 9.38043 0.879412 6.14377 5.70149 2.21232 12.7351 31.7249 55.7791 63.7833 68.5859 23.8507 74.2964 256.012 133.402 47.4143 0.0194823 124.921
52.3756 8.33184 1.80034 8.31635 7.93974 1.36846 12.9541 25.3959 46.4599 69.8177 68.5859 34.3817 72.4879 256.012 137.735 39.3322 0.0211612 121.562
52.3756 12.1972 2.20461 7.09688 10.0712 0.481514 12.558 25.3959 40.5978 69.8177 68.5859 27.7489 68.2796 277.075 37.6217 9.30483 0.00853407 115.189
52.3756 11.6983 2.50458 9.37925 9.00991 0.93646 12.3055 25.3959 38.9303 67.3048 68.5859 33.4884 58.1055 277.075 22.2558 3.86162 0.00164184 114.595
52.3756 11.1351 1.70349 9.37925 9.00991 1.05245 6.0117 26.3868 38.9303 67.3048 81.5174 23.3582 58.1055 277.075 22.2558 13.3885 0.00155113 114.176
52.3756 11.2182 1.70349 9.74084 9.18233 1.27065 6.0117 26.3868 38.9303 67.3048 94.4609 23.3582 53.366 277.075 43.8165 13.3885 0.00197159 113.455
52.3756 10.5724 2.12331 9.74084 8.99017 1.29956 6.0117 26.3868 38.9303 69.3985 94.4609 24.0602 53.366 259.093 58.6035 13.3885 0.00197159 113.457
52.3756 8.86742 2.01208 9.74084 9.57264 0.672127 11.019 26.3868 43.0812 69.5147 94.4609 17.3059 61.3226 259.093 252.487 11.5217 0.00176843 114.154
52.3756 9.71535 2.05192 9.74084 9.57264 0.727384 14.3658 16.974 43.0812 59.87 94.4609 17.3059 88.6546 259.093 252.723 7.48198 0.00169635 117.206
52.3756 12.6845 1.87797 4.65448 11.0965 0.929349 8.27309 27.4053 43.0812 55.9952 94.4609 13.054 80.438 259.093 242.135 10.7441 0.001363 116.657
50.5639 12.1097 1.87797 6.59453 9.99464 0.94544 8.27309 29.745 43.0812 55.9952 87.8325 22.8893 80.438 259.093 242.135 10.7441 0.000724433 115.305
46.7822 8.62785 5.80364 7.5518 9.99464 1.12537 11.1267 28.8885 43.0812 55.9952 87.8325 11.2792 80.438 259.093 242.135 14.1682 0.00084243 114.473
49.2136 3.68826 6.61001 4.49301 15.4973 0.575402 11.1267 28.8885 50.4845 65.6928 87.8325 11.2792 80.438 259.093 232.602 3.19332 0.0016184 115.918
-35.057 5.27735 4.47023 6.70247 15.4973 1.11577 11.1267 28.8885 48.7434 59.0319 87.8325 17.631 80.438 259.093 248.341 10.731 0.00155157 119.22
72.7555 5.27735 4.47023 5.25206 15.4973 0.229347 11.1267 28.8885 38.8076 65.1984 60.7007 17.631 83.2999 286.031 234.738 12.1822 0.00254698 117.944
102.8 4.93186 7.0167 1.10637 15.9085 3.40404 11.1267 28.8885 38.8076 60.2491 60.7007 17.631 83.2999 286.031 234.738 10.7332 0.000987654 118.794
102.8 4.93186 7.0167 1.10637 15.9085 3.40404 11.1267 28.8885 38.8076 60.2491 60.7007 17.631 83.2999 286.031 234.738 10.7332 0.000987654 118.794
102.8 4.93186 7.0167 1.10637 15.9085 3.40404 11.1267 28.8885 38.8076 60.2491 60.7007 17.631 83.2999 286.031 234.738 0.772787 0.00111104 119.464
61.61 0.578487 4.04307 1.77579 16.6376 6.18271 11.1267 33.0513 47.5074 56.2593 70.1904 6.58731 83.2999 286.031 228.332 15.7696 0.000884706 119.353
68.0356 0.51197 4.04307 0.573269 23.866 4.14675 4.98386 28.2308 61.952 60.841 68.465 3.29968 73.3134 286.031 241.711 28.0454 0.000299965 114.927
43.7232 0.502632 1.1966 5.62159 23.866 5.30412 4.50175 23.4178 52.8231 73.404 65.3402 4.42768 68.9129 286.031 241.711 25.6593 0.000230453 115.628
45.9678 0.714115 2.93475 6.5003 23.866 5.30412 4.50175 23.4178 42.9344 82.6762 65.3402 4.42768 68.9129 286.031 21.2036 35.6236 0.000409559 114.03
45.9678 0.501648 1.65365 6.5003 17.716 6.8027 5.97353 35.1725 38.5331 85.2891 65.3402 10.6264 64.5112 286.031 21.2036 4.65864 0.000161404 111.334
49.9022 0.314126 1.35884 6.5003 18.0904 8.9894 5.97353 35.1725 38.5331 78.9323 65.3402 4.92058 48.57 323.858 25.6183 4.65864 0.000159699 111.065
49.882 1.6305 0.331342 2.40854 9.37855 11.1947 26.5877 20.5874 38.5331 80.6781 63.4361 7.27548 52.1052 323.858 26.1918 6.82717 6.17262e-05 110.649
47.9927 1.19254 0.331342 2.40854 13.8321 14.2089 16.2706 20.5874 22.9766 101.637 71.771 8.99317 52.1052 307.046 36.6043 14.2895 0.000122047 111.296
47.9927 3.13129 0.856309 2.40854 14.244 10.3906 11.2921 20.5874 22.9766 103.485 71.771 10.6532 52.6325 307.046 2.00001 14.2895 0.000116318 112.322
49.7293 3.71267 2.50027 2.99769 14.7008 12.7067 8.09629 26.2281 22.9766 93.0766 47.7541 6.75564 75.9434 307.046 20.1438 18.5046 0.000171125 111.153
55.7612 3.28231 3.38206 1.89098 10.414 12.7067 13.184 24.3371 22.9766 114.174 47.7541 5.37833 75.9434 284.317 35.0369 15.5662 5.11038e-05 109.67
55.7612 3.28231 3.78846 1.89098 9.3265 12.7067 13.184 21.4716 22.9766 114.174 47.7541 5.62082 75.9434 284.317 35.0369 3.05091 5.11038e-05 109.976
45.1629 3.86159 3.12087 1.89098 13.8697 5.66722 12.1536 21.4716 55.6119 73.4712 47.7541 0.619723 75.9434 253.848 35.0369 33.4003 0.00010986 114.838
30.5124 6.34839 2.00018 4.54261 1.30544 11.043 1.57479 27.386 93.1374 58.926 47.7541 2.00538 75.9434 253.848 35.0369 1.50172 1.18879e-06 114.919
46.7003 2.50181 3.52638 11.9585 3.76857 11.043 1.57479 27.386 45.7455 89.0925 77.6947 2.08604 75.9434 253.848 35.0369 4.26656 0.000172225 113.114
42.4678 8.33097 2.09814 11.222 11.4956 0.836186 3.15534 35.4625 48.6177 78.3873 56.5801 2.52798 79.3857 277.835 7.19174 4.26656 0.000290986 112.018
45.2114 8.02666 2.09814 12.3431 1.43483 10.8344 2.13468 33.4637 55.2529 78.3873 47.6285 3.21837 79.3857 277.835 7.19174 9.93162 0.000153871 110.379
66.4445 6.19061 2.53619 14.4383 1.43483 8.29719 5.03224 33.4637 55.2529 81.3569 25.7936 3.21837 64.1752 285.105 32.8202 27.8608 9.96866e-05 113.863
123.018 5.30454 0.704666 9.93584 0.330465 9.35998 4.37044 33.4637 63.7095 81.2273 20.8823 4.11639 64.1752 340.182 25.434 4.33491 9.96866e-05 112.771
62.1462 4.79399 2.94037 10.2813 2.83379 6.94813 3.35122 22.255 43.7647 121.158 16.9939 4.10515 66.025 340.182 25.434 4.33491 9.96866e-05 118.591
67.9951 9.91029 3.35254 10.2813 2.83379 9.73673 3.35122 22.255 59.4342 96.285 18.9375 1.54686 45.7195 359.542 75.8159 6.18497 9.96866e-05 113.985
72.533 9.1371 4.06817 5.96938 4.00777 9.67062 5.33561 23.4106 59.4342 91.7832 13.6842 3.77004 25.2849 385.353 16.1223 5.67044 0.00301918 114.467
52.1135 8.77461 3.18912 4.85431 5.05648 11.6983 7.29798 19.58 67.8635 92.4674 13.0622 7.15967 17.6071 394.159 16.1223 39.9091 0.00213348 113.833
52.1135 13.463 2.34482 4.6067 5.05648 8.09672 6.15749 19.2903 67.8635 92.4674 13.4943 7.01082 17.6071 404.092 16.1223 54.4932 0.00213348 113.488
52.0002 13.463 1.38768 7.7288 3.64324 7.77226 8.04816 13.7466 63.8683 94.8057 17.6325 7.07545 16.9671 387.816 72.7317 54.278 0.00096068 114.395
52.178 6.01868 1.18778 12.7706 4.58236 9.36727 9.17452 22.2387 47.1153 91.9783 40.6722 7.20995 12.4173 408.832 187.386 50.4138 0.000586696 113.274
48.2931 6.93788 2.41752 12.7706 11.308 9.07519 1.54914 19.3194 45.3383 82.9647 55.1504 12.5198 7.15679 407.602 156.285 53.231 0.00182635 114.876
46.9971 7.11186 3.75727 10.8417 10.2931 8.92512 1.54914 18.66 40.0406 88.4505 55.1504 11.5746 9.54348 398.993 156.285 29.9866 0.00396941 115.739
46.5285 7.12143 2.38627 15.2193 7.07709 7.28149 1.54914 18.66 37.9954 93.9311 55.1504 13.1199 12.1874 398.993 147.221 20.333 0.00396941 114.285
48.8672 10.1818 2.51014 12.9035 2.04054 10.1206 6.80085 18.6024 36.6736 94.1336 55.1504 14.7443 9.46086 383.171 180.089 21.2632 0.00396941 113.659
52.0131 9.4966 0.295395 10.9374 4.81714 13.4787 6.80085 30.0196 33.7158 82.0036 54.4179 14.286 8.32753 400.24 201.685 19.9098 0.00351829 118.083
45.7231 13.3113 0.478456 6.30891 4.81714 11.3099 3.14817 30.0196 34.5578 85.6838 54.4179 13.8019 8.32753 401.933 159.031 20.0218 0.0109551 111.689
50.9015 13.3113 0.478456 7.57353 5.86284 9.59952 3.14817 27.671 34.5578 85.6838 54.4179 5.78168 4.04408 407.93 159.031 12.7103 0.0109551 114.247
52.9775 13.3113 1.96686 5.66729 7.86438 8.37153 4.53444 30.0515 36.122 85.6838 56.731 5.53472 10.1382 385.121 107.734 6.96993 0.0173651 115.542
68.5605 11.6755 4.40636 5.3176 3.5814 3.69245 14.1528 23.6228 30.8374 85.7548 56.731 9.47355 9.14117 374.826 65.2584 16.6468 0.0301009 116.992
72.6228 9.72574 4.70378 5.3176 7.176 3.16024 12.4166 25.7164 23.0793 85.7548 66.5727 7.63 11.7227 366.608 3.37561 17.3988 0.0521231 115.415
27.6473 9.16787 3.55925 5.93491 6.62482 9.932 20.1009 25.7164 10.6613 99.1739 61.6486 7.86608 19.9003 368.366 51.574 50.6542 0.0337652 122.552
26.6217 9.16787 3.55925 5.66073 3.27517 8.99019 17.0136 25.7164 10.0928 106.771 49.644 5.90802 15.8161 354.702 21.3665 36.1314 0.0344916 121.647
68.2279 6.04688 2.5235 5.51136 4.45624 6.79464 22.6634 26.8103 9.4378 118.6 30.7217 14.4422 17.253 365.3 211.831 38.9504 0.0394192 116.287
79.762 8.05131 5.31894 6.70499 3.72064 3.00482 19.9598 26.8103 9.4378 118.252 33.6478 18.1851 27.1275 365.3 210.592 21.0699 0.00897934 115.05
68.851 8.05131 5.08573 9.25412 3.72064 2.13789 19.9598 28.1837 9.4378 114.5 37.0079 10.3875 22.1394 368.461 214.215 11.6555 0.00631814 113.821
118.772 5.6613 1.10114 9.07125 4.0863 2.57419 14.1296 21.4716 31.5242 104.664 38.2457 16.2904 26.5892 348.734 213.501 22.938 0.0151777 116.554
134.719 2.533 1.10114 1.58064 5.13019 2.7203 14.1296 29.6779 31.5242 98.5557 39.3765 13.111 29.6715 348.734 249.596 26.474 0.0297939 117.878
134.719 2.01421 1.10114 2.197 5.13019 7.14653 14.1296 24.1488 31.5242 100.02 39.3765 13.111 27.6245 349.64 241.182 21.482 0.0297939 117.823
122.643 1.26853 6.71718 9.63337 2.71474 2.4325 13.0496 20.1194 29.6556 115.212 37.2962 8.17871 26.5197 349.387 222.521 28.5371 0.0500909 117.417
122.643 1.28415 6.60389 9.63337 5.21584 2.66104 13.0496 20.1194 29.6556 111.368 39.1483 8.88731 23.2824 349.387 231.282 13.1396 0.0231992 114.121
122.643 2.25623 2.73707 7.46301 6.3582 6.05604 3.60132 27.0773 27.0629 106.121 39.7721 7.86451 19.3248 377.624 215.12 11.0767 0.0177442 114.97
109.004 2.18499 7.33658 5.83602 6.60169 4.47315 2.40476 37.8563 30.8065 106.788 39.306 4.90169 22.0777 376.9 205.715 23.2908 0.00265662 112.117
94.7433 2.20499 8.13998 9.87926 8.95862 3.23148 4.03583 24.4586 24.6921 108.093 39.8252 11.0677 33.6687 366.377 192.564 54.7405 0.000202133 113.991
98.7554 2.26807 6.18266 9.87926 7.26858 4.64984 4.03583 24.4586 24.6921 108.093 39.7208 17.0215 27.7688 366.377 198.558 11.6906 0.000697098 110.231
24.6655 2.33234 6.64221 10.215 10.892 4.42266 10.1816 28.186 24.5794 103.864 47.4647 15.1475 25.3982 348.434 241.481 13.5025 0.000576061 115.847
48.5397 2.32874 0.749027 19.8857 8.36599 4.49369 11.0237 13.3216 88.1144 64.2692 20.7271 24.5915 25.9751 351.605 32.49 3.45129 0.00116363 112.704
49.093 2.45174 1.94894 19.8857 5.39617 4.79428 9.39029 13.2688 88.1144 64.2692 26.263 15.7017 25.9751 367.909 32.49 2.55832 0.00158984 109.916
49.093 2.61356 3.26056 19.8857 5.39617 4.85237 9.04527 13.2813 93.1708 56.3736 26.263 20.6096 25.3799 362.157 21.8693 3.44993 0.00235625 111.115
49.093 2.96932 3.26056 19.8857 6.9449 2.65909 9.04527 12.974 93.1708 56.3736 26.263 17.475 32.0625 362.157 21.8693 3.96981 0.00235625 111.637
49.7303 5.18709 3.34277 17.992 6.95201 6.59745 3.25757 11.9525 98.0818 56.2395 26.263 16.164 31.4547 348.281 21.8693 8.18405 0.00209055 110.771
46.4024 5.47187 2.82634 17.992 4.03486 5.80229 2.83526 14.8081 98.0818 59.4715 22.7419 15.3299 37.1003 345.606 15.8934 1.48618 0.0032932 110.609
34.8984 5.47187 2.78471 17.992 4.03486 5.80229 1.6429 19.4368 98.0818 58.8571 22.7419 15.3299 37.1003 345.606 81.2241 1.48618 0.0032932 113.881
52.7255 5.00819 4.52561 15.0501 1.663 6.92098 6.7757 17.9746 98.0818 61.2962 18.7817 15.2101 37.1003 347.069 19.9149 22.2964 0.0016185 111.324
48.813 9.50978 4.52009 6.66293 2.00713 6.54199 7.87652 17.9746 98.0818 59.305 28.5301 14.1983 33.2707 357.64 89.8876 23.9768 0.000916212 113.04
68.9043 3.68597 2.84875 13.8159 1.00193 7.52202 2.95958 21.9619 100.061 56.1758 29.334 11.1571 33.5495 355.401 77.8401 26.752 2.09942e-05 110.931
97.547 4.83828 3.22636 10.1892 1.00193 6.09788 2.95958 22.4268 101.327 62.1248 17.776 25.8949 53.4522 331.273 44.7299 9.57864 2.09942e-05 115.332
94.9347 4.12117 1.21169 9.36751 1.00193 8.53677 4.93031 22.4268 95.5443 62.1248 17.776 31.6814 53.4522 331.273 211.7 9.57864 2.09942e-05 116.667
74.1533 5.06018 0.993081 14.2733 1.00193 7.30861 5.79502 17.8447 95.6826 58.8917 17.776 18.302 53.4522 335.015 212.463 29.5846 7.52025e-06 115.108
66.4226 7.36266 0.247768 14.2733 2.54403 6.52605 5.79502 15.3689 81.0194 71.6449 37.676 20.5362 53.1542 301.314 246.853 40.8918 7.52025e-06 112.909
68.0785 7.36266 1.51105 15.2676 1.53249 7.2281 3.85741 21.6617 85.1904 68.6185 32.7311 20.5362 42.2572 312.763 246.853 26.8072 7.52025e-06 112.694
57.952 3.98646 1.5655 14.706 11.4413 2.67285 0.811907 27.3822 87.4448 58.3111 32.7311 31.1555 36.8847 332.018 187.497 21.1632 5.78937e-05 116.313
29.7132 6.61024 2.75903 14.706 3.49046 4.18769 3.50388 25.3859 91.6172 58.9418 39.4078 21.0612 31.0587 331.59 221.909 30.0635 5.78937e-05 112.649
36.3461 1.47221 2.92273 13.925 3.49046 5.05211 5.48593 18.2572 86.4884 64.0485 38.82 20.3554 28.1497 345.031 234.604 11.4979 5.78937e-05 113.073
48.8445 1.47221 8.29483 11.6913 1.5921 6.84243 10.9752 22.3891 89.654 48.7762 39.6692 19.3987 60.4365 297.415 234.604 14.4548 0.00543658 117.823
55.2231 2.7408 12.9056 5.97935 2.25876 8.23494 12.0133 22.3109 74.3952 51.1396 40.9605 19.36 39.7724 332.847 234.604 14.1963 0.0113508 116.132
37.7372 2.45108 16.064 5.83896 2.25876 8.23494 9.47905 14.4204 91.2158 51.0255 39.8833 19.7202 52.3243 332.847 202.013 9.85728 0.0294078 119.008
54.3546 2.80812 12.7277 3.29916 9.04983 8.30438 2.39155 14.4204 86.886 55.1889 42.9238 32.8417 52.3243 319.864 202.013 33.0214 0.0072779 117.578
56.643 2.80812 10.2205 6.31328 8.14372 7.40161 2.39155 19.4188 82.6333 56.7313 17.2815 27.3089 52.3243 339.06 230.818 46.4974 0.0072779 120.108
39.7216 3.39548 4.08229 5.58739 14.947 8.4249 1.92704 14.5776 87.0698 64.7355 10.6168 30.4009 41.8339 342.114 230.818 10.8776 0.0155057 119.595
37.7673 4.41951 7.07461 6.34432 14.947 4.72916 11.0436 8.32111 87.3494 57.699 14.0497 30.4009 41.8339 339.887 99.9402 2.25162 0.015147 122.826
49.6843 3.99252 8.341 7.09699 15.2096 1.64248 4.25855 10.6453 106.972 61.2758 14.0497 30.4009 48.5036 336.479 215.243 1.17808 0.015147 118.274
40.5563 4.26959 6.75016 5.55336 11.3737 2.37814 5.1827 10.9219 96.1836 61.2758 14.0497 28.2192 48.9863 343.338 215.243 9.18177 0.011089 118.008
55.4036 4.30701 5.27012 5.33055 12.2616 5.00666 4.62564 20.0802 85.1936 61.8278 14.0497 24.5126 48.9863 342.452 215.243 9.7888 0.0140829 116.197
62.0633 4.30701 2.0092 10.0599 12.2616 6.11403 3.29042 20.0802 82.6505 61.9235 14.0497 24.9813 48.9863 342.452 219.908 37.9315 0.0144746 118.88
71.6616 3.43365 4.24828 10.0599 12.9767 3.56082 3.29042 20.0802 83.1805 64.5914 14.0497 26.6466 48.9863 344.76 205.361 63.2591 0.00552822 119.969
71.6616 2.68902 7.50715 4.9744 14.6241 0.203388 11.9191 19.7891 83.1805 64.5914 5.72664 31.9307 44.5852 341.824 201.961 51.3929 0.0048257 123.131
69.4971 2.33101 8.08372 7.44469 9.60816 2.36591 4.64135 25.6471 81.235 64.5914 5.72664 50.4999 56.121 320.224 215.016 29.6729 0.0105458 122.996
81.3348 2.2024 8.08372 7.44469 9.60816 2.36591 4.2005 20.8116 82.726 64.5914 5.72664 33.7091 62.9787 335.982 227.443 54.6992 0.0096062 125.671
81.3348 3.67113 8.08372 7.44469 7.31236 3.00171 3.14162 24.5646 82.726 64.5914 5.72664 33.7091 46.1256 351.314 212.281 3.56371 0.011003 118.214
81.3348 4.00531 8.08372 7.44469 7.31236 3.00171 3.14162 24.5646 82.9786 64.5914 5.72664 33.7091 39.0781 355.818 212.281 7.51863 0.011003 117.301
81.3348 4.00531 8.08372 7.44469 4.60652 3.00171 3.14162 24.5646 82.9786 64.5914 5.72664 37.453 39.0781 357.272 181.595 7.51863 0.011003 119.779
116.264 3.75678 8.08372 4.74743 5.84272 3.22534 0.71511 23.9699 89.0331 54.8181 39.7477 21.5816 61.2808 364.154 111.152 7.51863 0.00594147 124.36
116.264 3.59739 8.44725 0.665266 3.2534 2.98156 0.71511 27.5974 89.0331 69.9268 35.5071 25.3283 20.6001 363.337 135.88 7.51863 0.00379256 118.324
116.264 3.3136 6.98119 1.74516 2.90414 2.98156 0.71511 30.8945 78.9778 69.9268 41.5688 27.9575 20.6001 362.98 174.418 7.51863 0.000383304 113.401
116.264 8.01131 2.73973 1.557 2.62577 2.76466 1.90938 30.8945 82.1312 66.566 32.4646 22.0798 23.3899 383.825 161.295 13.1416 0.000391135 112.036
54.519 15.0323 2.73973 4.34805 2.8885 3.03926 3.57663 30.8945 77.1686 73.1362 19.9342 22.1688 24.9294 383.825 164.632 13.308 0.000459922 111.811
54.519 15.0323 2.73973 4.34805 2.61722 3.03926 3.57663 30.8945 77.1686 73.1362 19.9342 22.1688 24.9294 383.825 164.632 13.8045 0.000459922 112.198
22.1821 15.0323 2.73973 3.22092 2.61244 4.59631 2.10387 30.8945 72.4502 65.9231 19.9342 25.4956 22.9575 383.825 33.4854 12.0295 0.000395707 118.581
53.3515 15.8244 4.33715 4.89691 2.26118 5.45727 2.10387 29.025 72.4502 79.3359 30.2341 6.80806 24.9493 382.008 152.621 11.8763 0.000368411 117.538
52.3783 11.6266 8.2656 3.83336 3.3116 3.94329 7.08696 30.4154 54.4594 79.3359 30.573 7.94044 36.2762 372.003 173.228 37.0562 2.57271e-05 112.167
51.8464 11.6266 1.22248 3.65629 5.4847 8.57473 6.91766 30.4154 54.4594 74.0041 41.2046 7.35966 31.1895 379.994 178.551 51.0264 2.57271e-05 110.604
51.8464 10.5835 7.45966 2.97494 5.62894 11.68 4.42497 23.0205 59.7207 74.0041 41.2046 6.40795 26.5037 379.994 183.497 21.9109 2.57271e-05 106.973
44.7621 10.5835 7.54833 2.15145 5.24504 10.6372 5.80641 23.0205 41.7001 98.1149 40.8675 2.56104 26.5037 372.036 200.489 34.4158 0.000379249 109.211
48.6936 10.5835 8.20766 2.15145 4.33476 10.0134 5.37411 23.0205 41.7001 106.599 33.8892 1.81491 34.1441 372.036 201.239 27.7582 0.000436255 109.944
46.6249 10.5835 8.97301 2.4908 4.44759 9.50401 4.0276 23.0205 41.7001 106.599 26.3327 4.90584 33.0203 372.036 197.522 11.0968 0.000449298 107.992
50.9687 10.5835 10.1715 1.63425 6.46339 6.20919 5.93801 23.0205 41.7001 106.599 27.0382 5.92893 36.943 368.066 189.775 3.36967 0.000457342 108.545
44.9078 8.50507 8.85864 1.90833 3.85766 9.33192 5.53997 23.0205 50.849 106.599 16.8525 7.27374 37.8934 362.995 199.513 19.2183 0.000161424 109.472
46.3504 7.29047 6.86142 7.28466 1.66955 9.14048 9.64501 23.0205 50.849 92.5113 29.7112 6.38574 37.8934 362.995 190.691 18.1213 0.000226359 108.458
48.378 9.90808 7.99651 1.95509 2.01937 8.92046 10.059 20.0343 50.849 92.5113 29.28 5.78859 39.7566 354.624 151.705 1.68094 0.00296538 116.218
39.4506 10.0325 7.77003 4.45237 1.90764 8.89207 7.96297 20.0343 50.849 92.5113 43.7012 10.5258 20.5191 354.586 100.327 3.57571 0.00234091 113.952
40.0293 12.5705 2.86931 8.40639 1.54735 8.06099 7.96297 27.1799 45.9015 92.5113 40.6473 9.16197 8.81034 379.244 206.18 2.4118 0.00352079 111.312
49.9828 12.3002 2.86931 7.46439 2.5904 9.5499 7.13725 24.2461 45.9015 92.5113 38.6033 9.16197 21.6206 361.701 225.351 15.8802 0.0266635 111.831
49.9828 12.3002 2.86931 7.46439 5.46711 9.63149 6.33045 24.2461 45.9015 92.5113 31.196 9.16197 21.6206 382.086 80.5057 15.8802 0.0196532 115.057
50.3003 12.3002 0.598593 4.87082 5.78932 9.29776 12.9823 21.4395 44.208 92.5113 31.196 14.9416 12.1445 391.983 47.1834 18.9625 0.0196532 114.893
50.3003 12.3002 3.81262 4.87082 5.71913 9.29776 18.5241 16.1662 19.0388 118.017 31.196 16.0271 12.1445 374.341 26.5717 16.6172 0.0335332 115.063
48.9378 12.3002 2.21813 8.87219 4.59036 10.3809 11.717 26.9962 19.0388 116.401 21.8043 19.2669 13.4793 374.341 26.5717 9.49705 0.012833 113.908
48.9378 12.3002 2.21813 6.9979 4.72809 5.70237 13.7035 26.9962 17.0721 116.401 30.8731 19.2669 14.0083 374.341 33.7162 3.55823 0.00940279 110.893
48.9378 8.67807 3.66224 7.39394 4.99399 4.38614 13.7035 26.9962 17.0721 123.099 26.7866 16.1608 23.7468 374.341 27.897 7.41133 0.00783135 111.099
48.9378 1.81973 11.4913 6.3237 8.43614 6.23861 15.2781 28.0057 15.6555 123.099 17.9094 7.28488 19.8877 380.954 44.9888 13.0816 0.00765459 113.392
36.5256 7.03029 9.3605 7.59325 4.22553 7.1641 13.2228 28.0057 14.014 123.076 24.3998 18.2366 15.5406 395.977 48.3693 19.6768 0.00830684 115.476
37.1665 7.03029 6.37272 9.1823 1.18372 8.95346 17.3937 28.0057 14.014 123.076 24.2373 23.0556 7.91531 376.784 180.986 16.9513 0.0144924 115.203
43.5639 14.5 3.10537 4.77522 2.98337 7.81329 16.1228 19.1208 12.4365 130.507 24.2373 18.5414 18.7494 390.544 164.157 8.52535 0.0270276 114.399
46.5323 1.34206 3.10537 11.5909 2.98337 12.8012 24.4118 13.4942 12.4365 130.507 24.2373 18.5414 18.7494 390.544 164.157 8.22341 0.0191879 115.128
46.5323 0.0738615 3.22438 7.83854 3.68834 6.35763 30.9982 18.4861 12.4365 130.507 22.9583 17.303 18.7494 389.768 170.483 1.55065 0.0191317 115.306
49.6699 0.362995 4.6794 10.8514 0.197128 6.57183 30.9982 20.5747 12.4365 130.507 16.4966 12.7111 21.6784 392.532 176.685 1.55065 0.019643 116.565
48.8267 0.362995 4.6794 12.9181 1.87698 6.8996 30.9982 16.8153 14.4518 130.507 16.4966 11.2612 21.6784 392.532 171.792 7.7568 0.0115051 113.828
47.6818 5.72567 2.93425 10.225 5.78128 6.8996 30.9982 10.9764 41.6579 89.071 14.9216 14.3185 28.9941 394.066 185.453 7.7568 0.0121116 116.096
48.2349 2.13358 9.78169 7.37689 4.94569 8.67724 26.8537 11.5163 32.6444 99.7194 31.9382 19.8847 15.9595 394.641 1.39768 5.45416 0.0215187 116.785
44.6482 4.88494 9.82484 3.8695 3.17295 8.2489 29.3899 3.80086 32.6444 108.291 44.3254 6.67164 21.2921 394.891 23.9686 11.8217 0.00571619 116.857
49.067 5.83475 8.0477 5.15777 7.75776 8.07078 28.2128 12.6314 21.1722 74.3889 90.7117 0.999291 9.27177 394.311 183.472 12.9769 0.000896321 112.782
49.6361 6.25422 9.75414 7.43876 3.13112 7.77737 13.1175 30.4651 25.7685 73.2056 75.5201 0.999291 11.4601 393.719 213.679 2.8637 0.00102834 112.166
50.1915 5.42657 10.033 7.43876 3.13631 3.87076 10.6976 30.4651 25.7685 98.6068 60.757 0.999291 14.7559 367.713 213.679 3.31338 0.00168894 108.706
55.6685 4.86859 5.38463 8.59228 3.6105 5.14968 12.6312 30.4651 25.7685 98.6068 60.757 7.08958 4.50795 377.177 198.699 9.71553 0.00318997 110.45
67.6402 4.29807 5.85543 9.9032 3.18612 5.09696 11.0748 30.4651 25.7685 98.6068 55.0938 8.17927 5.33107 384.539 198.699 9.71553 0.00378845 109.799
37.0887 10.3381 7.05165 3.05315 5.38738 5.54352 22.0758 25.2971 26.7221 101.875 44.7972 12.1414 6.50708 388.394 190.541 8.40521 0.000802289 108.658
44.2468 11.9438 4.09475 8.09627 0.281257 4.74539 26.2984 20.8962 27.4832 110.264 39.1456 10.9157 0.878833 398.187 163.687 3.25133 0.000802289 115.462
51.2821 14.1637 0.363822 7.03475 4.11767 3.83441 28.5493 17.3705 17.9584 114.69 31.6673 10.2103 10.5667 394.181 186.937 19.6333 0.000802289 110.683
57.3443 11.9499 2.17246 8.71561 2.68795 1.58523 24.2014 22.8114 19.0084 114.69 32.2992 10.5717 10.9675 394.181 188.354 26.5772 0.000422112 109.907
75.3622 11.4218 1.30588 7.16817 2.68795 3.22037 20.683 19.6777 38.4918 83.0053 27.2415 18.6822 18.4046 397.024 195.052 36.5047 0.000102489 115.063
56.8343 11.4218 0.304797 2.15744 7.01959 9.35831 20.8635 17.2688 35.6102 95.4424 19.0131 9.645 25.0369 397.024 195.052 36.5047 0.000102489 113.156
51.7222 8.40505 5.10517 1.84979 2.88291 13.6666 15.6641 18.889 37.9076 95.4424 15.496 12.6106 22.782 396.003 195.052 12.9574 0.000215628 111.626
63.556 8.0831 5.10517 2.48405 2.88291 13.1265 12.419 32.7538 21.7095 97.8652 20.0761 12.6106 23.4005 404.012 201.459 8.32475 0.000186669 113.78
74.7242 8.61883 5.47068 1.23646 2.88291 11.9061 11.6411 23.2195 27.8148 97.8652 43.1031 3.21039 14.0759 417.515 77.9897 6.74821 0.000149236 113.465
46.3438 8.36476 3.75712 5.66997 3.44303 21.3475 6.66785 23.2195 15.1694 99.9003 52.7775 1.22917 1.40834 417.924 178.013 7.72824 9.13975e-05 111.857
46.3438 9.63359 3.75712 5.19868 3.09537 18.9759 7.03195 22.3331 33.0867 84.8318 49.7066 3.06926 1.40834 429.458 166.425 5.64628 0.000131106 110.195
46.3438 6.41439 5.5452 7.76533 3.35132 19.7597 10.2303 16.874 33.2723 89.9069 49.7066 4.27839 4.40253 406.583 176.349 5.64628 0.000131106 111.921
63.4248 3.66837 3.28724 8.48767 5.92231 3.91437 5.06323 34.7912 69.888 75.7402 34.2545 3.6088 1.47648 410.824 190.429 1.43178 7.02292e-06 111.687
57.7031 0.788241 11.2192 10.9604 7.90968 5.74412 5.06323 31.2355 64.9657 60.9128 19.5831 3.77581 0.992969 452.712 156.55 1.88772 4.53206e-05 108.027
50.1509 0.38812 13.1462 7.50548 9.35467 3.3328 9.85605 31.3878 64.0648 61.0155 19.7434 3.41217 0.673753 446.504 159.799 37.7703 2.88191e-05 107.323
50.1509 0.316021 13.1462 7.50548 9.64572 3.72177 0.777314 27.8682 69.027 67.2099 13.7608 6.63643 7.07916 448.871 153.009 27.2958 2.50761e-05 105.586
50.1509 0.316021 13.5754 6.91487 9.64572 3.72177 7.70939 27.8682 69.027 67.2099 8.64266 6.63643 5.43592 446.212 153.009 33.9901 9.77972e-06 102.981
50.1509 0.316021 13.5754 6.91487 9.64572 3.72177 7.70939 27.9351 69.027 67.7293 8.64266 7.56316 5.43592 446.212 153.009 17.32 9.77972e-06 102.968
50.1509 3.52747 8.46442 10.2569 9.64572 2.01868 4.52181 29.7452 69.027 67.2184 8.64266 5.43658 11.1323 446.212 153.009 32.2661 2.20838e-05 104.673
50.1509 5.34558 8.46442 10.2569 7.04427 1.20974 6.14387 32.2933 66.2625 67.1469 8.64266 7.40944 12.1178 439.197 158.662 32.7227 3.76932e-05 104.957
50.1509 5.34558 8.92 10.2569 0.0538022 1.20974 8.55392 32.2933 66.7695 71.6779 8.64266 7.58587 12.2958 442.393 160.549 46.1834 7.84495e-05 111.448
38.9716 6.39633 9.14287 7.89207 1.42915 0.657409 6.22293 24.8431 67.4763 74.3574 8.64266 6.62204 17.0766 437.518 163.036 52.0181 0.000139931 111.883
-2.02755 11.1635 9.1324 4.44518 2.93324 1.29238 5.26964 18.9274 67.4763 79.8695 14.4939 7.47757 23.8682 431.316 153.494 27.1204 0.000119441 113.73
41.6226 6.98715 8.72119 4.62613 2.15131 3.82822 19.4841 14.8765 66.5941 68.1516 18.5383 9.79863 2.10231 436.645 173.926 15.4704 0.00121929 108.037
41.6226 11.5344 7.84752 2.66356 9.51641 8.53716 15.8571 10.2532 64.6028 68.1516 18.5383 4.22301 7.75195 446.13 171.87 15.4704 0.00118532 109.303
52.3811 7.76479 5.79706 3.65802 11.9246 10.0113 15.6924 9.82581 64.2406 63.178 22.0323 3.07917 17.316 418.396 170.397 98.2416 0.00273002 117.375
52.3811 9.6239 4.84109 2.27388 8.92785 10.0113 9.40163 13.9039 65.8048 60.7666 27.352 3.07917 14.2107 426.487 192.033 68.7433 0.00310051 113.983
52.3811 6.91653 9.84978 2.27388 8.45507 8.75504 11.8904 11.3322 70.6048 62.7212 27.352 3.07917 17.2564 426.487 133.364 49.8445 0.000113674 112.645
52.3811 5.47009 10.5977 1.93746 11.7506 3.14356 14.1823 13.5037 69.446 62.9827 22.9291 3.07917 13.9378 422.327 180.638 50.6999 0.000464124 107.001
52.3811 5.49721 10.5977 2.31291 11.7506 2.27677 14.1823 13.8476 69.446 62.9827 22.9291 3.07917 13.9378 428.861 161.021 50.6999 0.000815576 107.542
52.3811 5.74071 7.86673 3.18707 16.2072 3.96465 14.1823 15.3062 62.9311 64.3174 6.57866 19.4481 12.8584 439.831 135.88 21.9826 0.00271579 112.71
52.3811 4.15514 8.12596 0.560313 15.8244 2.00959 14.1823 19.7591 62.79 64.3174 4.23502 22.5667 11.0145 437.429 163.069 16.2811 0.00188383 113.022
49.0559 8.48276 5.56512 1.32833 11.4343 4.41561 17.2012 19.5784 60.7255 66.4135 4.23502 21.2943 5.6984 437.429 163.069 23.9968 0.00142449 111.071
55.1164 4.51746 9.3277 3.87353 14.036 4.77005 5.5453 26.9167 55.8622 68.0217 5.23236 21.2943 7.96823 437.429 162.528 31.5247 0.000697425 110.865
44.3704 2.81645 12.0358 2.69473 10.0259 4.77005 8.13684 26.9167 58.8789 71.9591 2.29309 20.3459 4.77624 437.429 182.409 23.975 0.00218928 113.506
49.1067 4.20329 11.1195 4.90359 10.0259 4.77005 8.42729 25.3074 58.0341 71.9591 2.29309 19.3818 4.81135 437.429 176.953 23.975 0.00648667 110.946
49.2412 6.19783 11.1353 3.2274 4.24656 8.19599 3.85357 25.3074 65.073 78.0817 9.07265 18.5034 1.935 430.938 144.972 144.311 0.0107069 124.373
57.0374 5.07001 11.5988 3.79686 12.6542 0.519443 1.32536 22.333 67.2759 84.2158 11.1825 18.0334 1.935 430.938 151.561 144.311 0.00464 127.306
71.5217 4.68996 11.7787 3.12506 12.6542 0.519443 1.36822 29.4898 53.6654 84.2158 7.38201 11.7636 1.935 430.938 180.864 78.953 0.00688515 115.593
46.1425 6.50557 11.7229 1.73033 12.5407 2.756 3.51115 31.4739 47.388 75.1343 17.0248 7.62313 9.25317 424.3 192.606 40.0799 0.0112309 114.471
49.9852 6.50557 12.4129 1.73033 12.5407 2.756 3.51115 31.4739 49.5913 75.1343 17.0248 7.62313 12.9365 410.771 198.761 18.1086 0.0281415 113.658
49.9852 6.50557 10.878 1.73033 12.5407 2.756 3.51115 31.4739 49.5913 75.1343 17.0248 7.62313 12.9365 410.771 234.967 12.3658 0.0281415 116.388
47.1055 12.1482 3.99008 6.82229 10.074 2.80052 3.51115 19.4459 49.5913 75.162 27.1337 4.00073 12.9752 410.885 234.967 10.8749 0.0422461 117.24
48.3896 13.3569 4.28575 2.82043 10.4863 5.68692 12.0127 23.6125 20.3799 100.856 17.1429 4.00073 12.9283 423.761 152.023 14.2635 0.0347347 115.338
48.3896 8.98468 3.37719 8.71287 7.92804 1.65337 7.05106 27.2506 20.3799 100.856 22.4661 5.50516 12.9269 430.814 178.171 7.04881 0.0362832 113.787
48.3896 9.9861 3.33786 12.2403 5.0421 1.61881 7.97038 29.5443 20.3799 107.056 19.4587 1.96308 12.8105 430.814 166.233 11.4413 0.0165479 110.374
56.8221 8.45418 3.28804 10.8435 2.65822 1.36402 4.78465 33.1049 20.3799 111.092 20.0234 0.584606 13.2462 431.174 158.417 17.5746 0.0150929 114.507
92.2521 7.81447 2.70622 5.69417 10.299 2.108 4.38749 33.1049 29.8265 111.092 2.15266 0.399487 20.0637 422.754 197.696 16.5216 0.0160508 112.409
88.9447 7.81447 2.70622 4.13201 15.0192 1.23652 4.38749 33.1049 29.8265 111.092 2.15266 0.399487 20.0637 422.754 45.9061 13.7373 0.00851457 113.587
66.5583 7.80508 2.48907 4.13201 16.8528 1.22148 4.38749 33.1049 29.8265 111.092 2.15266 0.783653 29.8422 405.376 34.6748 11.082 0.00431699 113.501
66.5583 7.80887 3.15876 5.57702 16.2047 1.30579 3.78412 33.1049 23.2201 113.277 2.37726 2.71642 29.8422 405.376 34.6748 1.02556 0.00500087 110.922
63.2893 7.80383 4.0081 5.57702 16.2047 2.15287 3.78412 33.1049 23.2201 113.277 2.37726 1.94155 29.8422 422.46 7.1977 1.02556 0.00228377 111.59
63.2893 7.81812 5.71702 4.1163 16.2047 1.53948 6.37592 33.1049 23.2201 113.277 0.324087 1.80188 25.4128 417.506 35.606 20.8833 0.00545739 113.02
63.2893 7.79188 4.69163 7.35872 12.3881 0.944989 6.37592 34.7391 23.2201 113.277 1.70317 1.80188 25.6917 429.909 19.6326 4.4381 0.000887113 109.447
64.0691 7.00531 4.42235 7.35872 11.7041 1.80357 6.37592 34.7391 23.2201 113.277 1.70317 4.25081 25.6917 440.267 93.3208 6.3963 0.005698 113.694
64.0691 7.35639 4.42235 8.64363 10.8486 1.92244 6.37592 26.829 23.2201 113.277 10.3975 1.06572 25.6917 440.267 93.3208 4.17899 0.000670943 108.753
65.2217 9.0303 3.10991 8.36221 11.1399 1.22166 6.37592 26.829 23.2201 113.277 10.3975 1.33249 25.6917 444.757 70.7882 4.17899 0.000132685 108.695
65.2217 7.33526 3.94055 9.92122 11.1399 3.05792 8.28246 26.829 23.2201 119.465 23.9848 2.32019 29.9209 402.262 136.608 4.17899 0.000132685 112.744
65.2217 7.33526 3.19393 9.21569 11.1399 5.41946 9.15277 22.2863 23.2201 119.465 32.9283 2.32019 23.7813 400.984 157.738 3.50307 0.000132685 110.475
65.2217 8.46235 1.7579 8.46037 11.1399 4.62981 9.15277 22.2863 23.2201 119.465 31.8036 2.32019 26.2864 400.984 157.738 3.38375 0.000132685 110.277
68.748 9.15431 1.7579 9.81555 11.1399 4.03751 9.15277 22.2863 4.97753 119.465 22.1415 0.83874 35.616 400.984 174.676 4.85449 0.000132685 112.339
68.748 9.15431 1.7579 9.81555 11.1399 6.25012 9.40592 22.2863 17.7603 119.465 26.5678 0.83874 20.8196 395.389 174.676 4.50317 0.000132685 111.239
51.4168 9.15431 1.39975 9.91831 11.1238 6.13366 7.57787 15.5731 28.711 119.465 30.4286 1.00982 20.8196 391.237 197.881 3.41942 0.000132685 110.644
52.9073 9.98847 1.80309 7.47622 8.01727 8.2888 7.18889 26.4246 27.671 119.465 31.2173 1.00982 18.7072 391.237 183.187 1.56156 0.000132685 110.156
52.9073 9.98847 2.65646 7.47622 10.2882 0.668967 9.2279 26.4246 27.671 119.465 19.5025 1.00982 18.7072 405.227 183.187 4.84231 0.00338574 110.859
35.2232 5.51061 2.65646 13.6932 10.2882 6.37602 10.6046 18.7862 27.671 119.465 21.2173 1.00982 19.1088 405.227 183.72 21.8403 0.00252147 113.041
29.882 5.8426 5.63306 17.3291 9.20898 0.366503 7.74615 21.2929 26.6867 123.995 23.5429 1.00982 26.3407 389.28 183.134 24.7901 0.00252147 116.441
50.5196 7.2928 5.63306 10.244 9.20898 1.76792 6.15114 30.8145 28.6493 115.659 23.5429 1.00982 26.3407 402.502 183.134 44.5781 0.000564041 112.622
45.3448 7.05358 5.08632 9.67596 11.5835 1.76792 7.09998 23.2334 23.5311 102.853 23.5429 0.0538432 33.7449 407.049 192.51 43.7552 0.000564041 112.799
49.9448 1.34026 5.91887 9.68487 9.29654 1.76792 15.4638 23.2334 23.5311 96.7417 19.0903 3.09227 44.2157 405.262 167.48 34.5756 0.000564041 113.12
49.9448 3.7208 5.14455 12.2348 7.18679 1.05827 20.0502 25.863 23.5311 108.247 3.55804 1.95477 48.8328 387.161 82.9211 20.2382 0.000106588 110.58
49.9448 5.67358 4.38118 11.0541 6.97599 1.70878 18.885 25.863 23.5311 108.247 3.55804 2.03408 51.8433 381.003 16.8647 20.2382 0.000106588 108.899
45.4283 5.99951 4.9534 12.3265 7.61099 2.04249 17.3543 29.7922 23.5311 108.247 2.37473 13.4657 38.4603 386.698 29.8329 20.7164 0.000291757 113.402
53.6731 6.73611 0.468341 8.65147 9.2587 0.143724 7.35026 37.236 23.5311 108.247 2.37473 10.9477 42.6709 403.154 29.8329 19.1235 0.000414626 117.256
37.0339 2.11832 4.09902 5.52161 10.2184 2.20496 8.55977 35.6179 27.2833 111.974 3.2119 4.81117 25.7187 409.471 29.8329 31.7587 0.000362432 110.409
48.0349 2.00295 16.7082 5.52161 8.43306 5.79607 8.45412 31.392 27.2833 100.866 3.46591 7.09509 24.5144 413.67 17.4688 8.29596 8.77911e-05 107.939
44.1204 1.36438 12.0345 3.24902 6.7468 4.6678 8.82122 35.5955 42.0024 90.8342 3.46591 8.06038 26.3291 410.366 195.724 10.0463 2.64956e-05 107.969
44.1204 1.52338 15.3049 1.90283 8.5616 4.10952 8.78059 35.5955 42.0024 88.9381 3.46591 6.00722 25.7866 413.643 195.724 8.97481 2.64956e-05 105.817
66.7603 2.25606 13.9442 4.44104 9.05262 0.913156 7.40751 34.5335 42.0024 90.5755 3.46591 6.00722 26.9243 415.746 195.724 8.16503 2.64956e-05 105.745
69.2455 1.32531 14.0242 4.44104 7.77396 0.913156 9.38039 34.5335 42.0024 90.5755 5.13043 4.02007 23.0556 412.141 195.048 9.35728 2.64956e-05 104.501
69.2455 1.32531 14.0242 4.44104 7.77396 0.913156 8.80255 34.5335 42.0024 90.5755 5.13043 4.02007 23.0556 412.141 195.048 10.3758 0.000327229 106.53
73.8554 1.32531 14.0242 4.44104 7.80342 1.65128 8.72862 35.3115 42.0024 88.5273 5.13043 2.65376 27.1031 407.863 195.048 11.8635 0.000139676 108.842
62.704 3.15968 14.0804 6.22527 7.80342 1.65128 8.7383 35.3115 40.6399 88.5273 5.13043 2.2073 27.7226 415.899 212.58 11.56 0.000139676 109.698
62.704 3.06576 14.0804 6.11876 7.80342 1.65128 8.7383 35.3115 40.6399 88.5273 5.13043 2.2073 22.2536 415.899 212.58 11.56 4.43963e-05 109.541
46.0518 3.06576 14.0804 6.11876 7.504 1.65128 10.2311 35.2285 40.6399 88.5273 5.13043 2.2073 22.2536 415.899 212.58 11.3908 4.43963e-05 107.364
51.0783 6.37066 9.19551 7.94035 5.38823 2.67766 10.3866 31.3745 41.3105 94.3891 5.13043 2.2073 22.548 413.745 212.58 11.3908 4.43963e-05 104.031
51.0783 6.37066 9.19551 7.94035 5.38823 3.54976 10.7704 31.3745 39.8455 94.3891 5.13043 2.2073 22.548 413.745 212.58 11.3908 4.43963e-05 104.022
35.0961 8.8746 9.19551 4.972 5.38823 3.54976 8.24886 33.2703 43.0647 94.3891 5.13043 2.2073 22.548 422.218 159.229 17.7572 4.43963e-05 104.422
57.5843 8.8746 8.40446 4.79574 7.38119 4.09415 3.35605 25.2382 48.3543 94.3891 5.13043 3.8887 28.1089 422.218 108.834 19.7215 4.80486e-05 107.588
52.8336 8.05168 4.47721 4.40932 10.6607 4.09415 10.3264 24.1014 45.1401 94.3891 5.13043 3.99261 25.4457 411.394 224.618 14.9451 9.83503e-05 106.678
53.4961 10.0996 4.47721 3.27965 10.6607 4.09415 12.6363 23.1436 44.4031 94.3891 5.13043 3.99261 27.4044 411.394 188.443 8.17121 4.81085e-05 103.784
53.4961 10.0996 4.47721 4.25586 0.941403 13.7624 12.6363 23.1436 44.4031 94.3891 5.13043 2.68697 25.3289 411.394 188.443 8.17121 4.81085e-05 103.278
53.4961 10.0996 4.47721 4.25586 1.62666 13.7624 11.5063 23.1436 44.7705 93.8321 5.13043 2.68697 25.3289 411.394 188.443 6.69353 4.81085e-05 103.851
53.4961 10.0996 6.02003 4.33898 3.72136 15.4552 15.2954 17.274 44.7705 89.6341 5.13043 2.86356 25.3289 411.045 188.443 3.5131 4.81085e-05 106.211
56.5612 7.30581 5.22008 6.89878 1.69713 14.4525 11.9893 14.1982 47.2307 86.5298 11.1171 6.86957 32.4716 413.685 174.202 9.04713 4.81085e-05 106.015
44.3291 7.30581 7.1751 6.89878 2.05588 14.4525 12.1017 10.1593 54.2675 83.9469 11.1171 6.86957 23.5174 412.143 196.157 9.04713 3.60946e-05 106.113
47.1374 13.7355 0.969315 6.61871 2.65546 7.14082 15.9736 16.7588 45.7747 82.8359 23.8392 0.0475473 28.8207 405.457 180.307 7.65722 1.85616e-06 105.097
43.4572 13.4759 0.969315 5.86125 2.24588 12.9818 15.9736 16.7588 41.0915 82.2457 23.8392 4.3105 30.4073 405.457 180.307 6.6785 1.85616e-06 106.899
43.4572 13.4759 0.969315 5.86125 2.28707 10.71 15.9736 16.7588 43.2711 81.6495 23.8392 1.98171 29.5797 405.457 170.014 6.98569 1.85616e-06 106.018
43.4572 15.1203 0.445724 5.86125 1.26989 7.4306 15.9736 16.7588 54.5961 74.0047 23.8392 1.98171 26.7978 405.457 201.251 7.06709 1.85616e-06 104.878
62.7921 13.5612 0.445724 12.1504 1.26989 9.89973 9.93212 18.4369 54.5961 73.3517 17.9107 1.98171 26.7978 413.329 201.251 2.70689 1.85616e-06 109.516
57.0327 10.085 0.605191 11.9535 0.389736 10.7637 13.6008 18.4369 54.5961 73.3517 17.9107 1.61079 32.9882 398.914 212.397 2.07577 1.85616e-06 107.105
52.3884 9.32526 1.31348 11.9219 0.389736 10.4328 8.56656 4.42518 93.3377 73.3517 15.5658 4.63663 21.2785 394.857 202.269 0.84026 1.85616e-06 109.349
-36.0773 17.1806 1.31348 11.9219 2.98306 13.1057 8.56656 4.42518 93.3377 73.3517 15.5658 4.63663 21.2785 394.776 202.269 28.1194 1.85616e-06 112.568
-36.0773 17.1806 0.585369 11.933 2.98306 14.8866 8.56656 4.42518 93.3377 73.3517 15.5658 4.63663 12.2433 394.776 202.269 35.9242 9.57127e-06 113.961
-36.0773 17.0817 2.50245 11.8551 2.95459 12.6705 8.56656 4.42518 93.3377 73.3517 15.5658 7.99246 12.2433 394.776 202.269 34.812 9.57127e-06 113.702
-36.0773 17.0817 2.50245 11.7991 2.84357 12.5055 8.56656 4.42518 93.3377 73.3517 15.5658 7.99246 12.2433 394.776 202.269 40.3751 9.57127e-06 114.053
-36.0773 17.0817 2.50245 11.7948 2.82596 12.5055 6.37829 4.42518 93.3377 73.3517 23.909 7.99246 12.2433 394.776 202.269 40.3751 1.01351e-05 114.527
-36.0773 17.8067 4.39029 11.6539 2.98561 12.1949 6.49338 4.42518 93.3377 68.6632 36.6399 5.22507 2.20774 394.776 202.269 40.3751 1.01351e-05 115.716
-29.7482 8.16536 4.7105 11.7172 2.98561 19.1605 7.99007 4.42518 93.3377 68.6632 36.6399 5.22507 2.20774 394.776 188.853 24.4977 1.01351e-05 114.056
-59.4581 8.86221 7.24615 11.1353 1.82005 18.7199 7.99007 17.2831 78.5844 68.6632 36.6399 4.0829 7.62133 394.776 188.853 22.418 1.01351e-05 113.119
-36.9741 12.6674 5.50572 10.5665 2.00753 10.9917 5.12432 17.2831 82.222 68.6632 36.6399 4.0829 7.62133 394.776 188.853 32.6817 2.51894e-05 113.262
-20.4243 8.62103 5.93265 9.55138 0.561256 15.5372 8.47106 17.2831 82.222 68.6632 36.6399 0.615861 7.62133 394.776 188.853 13.4805 2.51894e-05 113.24
-20.4243 8.62103 5.93265 9.55138 2.29458 15.5372 8.47106 17.2831 82.222 68.6632 36.6399 5.1169 7.62133 394.776 188.853 13.4805 2.51894e-05 110.425
-34.3707 12.4794 6.36905 9.85416 0.910223 11.1938 9.87365 17.2831 82.222 68.6632 36.6399 2.6268 7.62133 394.776 188.853 34.2486 2.51894e-05 112.367
-33.6127 12.4794 6.36905 9.85416 2.49568 11.1938 9.87365 17.2831 82.222 68.6632 36.6399 2.6268 7.62133 394.776 188.853 34.2958 2.51894e-05 111.518
-50.4527 11.2918 11.0704 8.04597 2.49568 12.2734 9.87365 26.6913 59.8589 69.5633 49.5662 2.6268 7.62133 394.776 200.119 8.67278 2.51894e-05 112.121
-12.168 6.9738 10.8143 8.73642 2.07285 10.3991 9.87365 27.1589 59.8589 69.5633 57.4943 0.689697 7.62133 394.776 189.448 8.67278 2.51894e-05 110.475
-53.4216 12.0429 10.3323 8.73642 2.07285 7.0321 10.6745 24.9137 60.6203 69.5633 65.4815 5.79765 7.62133 394.776 179.738 4.73337 2.51894e-05 113.455
-53.4216 19.299 8.08142 5.00319 1.35592 8.65213 6.43538 16.9001 60.6203 69.5633 65.4815 5.79765 7.62133 394.776 155.927 8.21559 2.51894e-05 112.862
-17.6549 19.299 6.72389 4.20303 0.432611 10.512 6.596 11.1117 67.1979 69.5633 59.3551 1.59863 7.62133 394.776 155.927 8.21559 2.51894e-05 116.603
-32.8309 19.299 3.2734 3.50454 0.655684 9.19469 13.713 11.1117 85.3662 60.3625 59.3551 1.59863 7.62133 394.776 171.418 3.67558 7.35639e-05 113.304
-47.1146 19.299 7.98323 3.1231 0.655684 10.2013 13.1915 11.1117 85.3662 66.7851 47.4111 3.4527 7.62133 394.776 146.731 12.3381 7.35639e-05 115.882
-47.1146 19.299 9.63219 3.36705 0.655684 10.2013 8.78329 10.744 85.3662 66.7851 47.4111 3.4527 7.62133 394.776 106.673 6.85948 7.35639e-05 115.335
-47.1146 19.299 9.67014 0.239892 0.655684 7.96048 22.5737 7.55899 85.3662 66.3149 39.9521 6.6623 7.62133 394.776 55.5421 6.1569 7.35639e-05 115.33
-47.1146 20.999 5.83638 0.545237 4.71281 7.43308 20.3396 7.55899 85.3662 66.3149 39.9521 4.08773 7.62133 394.776 45.8456 6.1569 7.35639e-05 113.532
16.1699 20.999 1.95983 1.04916 6.5112 7.43308 20.3396 4.50476 85.3662 66.3149 37.6033 4.94735 7.62133 394.776 43.6097 2.92914 7.35639e-05 114.094
16.1699 12.9319 7.07889 1.07807 7.757 5.82366 20.3396 4.50476 85.3662 66.3149 33.5302 13.9602 14.173 394.776 40.8193 2.92914 7.35639e-05 113.793
20.1406 11.3288 7.07889 1.14432 9.05477 7.50296 16.2023 9.90244 85.3662 66.3149 33.5302 13.9602 14.173 394.776 40.4096 7.26831 7.35639e-05 113.469
36.6207 11.3288 7.07889 1.14432 6.40747 9.56673 10.6277 9.90244 85.3662 66.3149 27.8099 13.9602 14.173 394.776 14.0061 7.36156 7.35639e-05 110.263
50.1522 8.30745 7.5422 0.786136 5.51422 7.7972 11.2634 13.0552 71.8916 61.0016 36.4988 13.2584 14.173 394.776 16.431 7.52769 0.00128692 115.583
49.4115 0.466555 15.5313 3.24449 2.51094 4.76961 4.54448 17.2224 82.4814 73.9171 52.1 24.7622 14.173 341.533 18.8578 6.19765 9.67955e-05 112.774
43.7926 0.541367 16.8532 0.865626 4.70113 10.5559 3.08901 14.2291 82.4814 63.7821 58.1847 18.1974 14.7394 341.533 17.762 6.04126 9.67955e-05 111.609
65.8356 0.818586 8.68395 0.865626 6.85962 17.5312 3.08901 14.0956 82.4814 50.9877 72.2711 18.1974 14.7394 344.631 24.2533 5.49989 9.67955e-05 114.229
67.4777 1.20076 0.290753 8.33466 6.85962 15.6496 3.08901 15.8625 89.2367 50.9877 47.8927 14.8147 14.7394 344.631 24.7062 5.55708 9.67955e-05 112.944
67.4777 0.89776 0.290753 8.33466 6.85962 18.1975 7.78772 16.0919 89.2367 50.9384 51.6503 17.2896 31.0382 344.631 7.30831 5.88883 9.67955e-05 112.161
67.4777 3.18593 6.18176 7.09455 10.8934 15.3181 7.78772 11.3444 89.2367 49.8006 51.6503 11.779 31.0382 344.631 214.307 10.0771 9.67955e-05 117.801
84.9914 3.38558 3.24927 5.27711 11.0575 10.4519 8.72913 2.34802 89.2367 63.1897 51.6503 5.39011 31.0382 344.631 218.558 5.8085 7.24272e-05 111.25
84.9914 3.38558 3.24927 5.06432 11.2236 9.04162 8.72913 2.34802 89.2367 63.1513 51.6503 4.88104 31.0382 345.162 218.558 5.8085 2.9659e-05 111.434
132.276 3.93792 1.61754 0.351898 12.4574 7.51166 8.40477 4.74914 89.2367 63.093 34.8953 8.16268 31.0382 364.835 49.657 6.22335 0.0001515 113.248
132.276 3.6506 1.61754 0.351898 12.4574 13.7973 8.42935 8.58841 89.2367 60.2519 34.8953 9.62681 31.0382 364.835 33.7873 20.4121 6.78641e-05 113.343
132.276 3.25576 2.33436 0.231801 10.0502 2.33794 23.9786 8.19284 96.619 47.8493 43.0367 7.29851 31.0382 359.818 33.7873 21.7532 1.83142e-07 107.493
132.276 3.25576 0.361946 0.656498 16.0814 2.33794 19.0246 8.19284 96.619 47.8493 43.0367 9.34771 31.0382 359.818 115.606 25.0665 1.83142e-07 110.546
133.412 3.18535 2.41895 2.64998 0.608221 2.33794 17.9528 10.613 89.5781 69.1172 43.0367 6.99436 31.0382 349.607 198.88 27.8482 1.83142e-07 107.327
133.412 3.18535 2.99589 0.472081 0.608221 5.46461 17.9528 10.613 89.5781 66.4731 43.0367 4.55333 31.0382 349.607 198.88 19.0604 1.83142e-07 107.582
136.62 2.34296 4.10724 0.871776 0.608221 5.22762 16.8663 14.0768 89.5781 63.4491 43.0367 4.55333 31.0382 349.607 198.88 28.616 1.83142e-07 108.677
136.62 4.06859 5.14033 0.871776 4.38226 5.22762 16.8663 14.0768 89.5781 58.3907 43.0367 4.67457 31.0382 349.607 202.961 21.8515 1.83142e-07 104.894
143.42 3.05361 5.14033 0.410673 4.05183 4.9518 17.3134 7.22699 89.5781 58.3907 43.0367 4.67457 31.0382 376.357 202.961 22.3293 1.83142e-07 109.173
96.4996 4.00312 11.7111 1.31346 3.3676 7.68157 18.0624 8.8591 91.6164 58.3907 43.0367 4.67457 12.7314 376.357 202.961 39.9057 1.32018e-05 109.801
69.9218 5.10206 10.1507 0.150112 4.01991 9.20119 20.8469 8.8591 91.6164 58.3907 43.0367 4.67457 12.7314 376.357 202.961 28.7415 1.32018e-05 109.275
42.2927 5.10206 8.73029 0.868856 3.79123 9.16145 23.0014 8.8591 91.6164 58.3907 34.6406 19.6821 12.7314 376.357 202.961 51.9413 2.08624e-06 109.877
47.5144 4.91401 7.97739 0.868856 3.68664 8.9701 23.0014 8.8591 91.6164 58.3907 34.6406 19.6821 12.7314 376.357 202.961 51.9413 2.08624e-06 108.908
47.5144 1.40382 7.53909 0.81599 4.4684 7.1719 21.9701 8.8591 91.6164 58.3907 34.6406 19.6821 21.8105 376.357 202.961 34.5114 2.66867e-05 109.348
42.9842 1.40382 5.59223 0.81599 4.41295 6.84723 21.9701 8.8591 91.6164 58.3907 34.6406 19.6821 21.8105 376.357 198.046 34.5114 3.00512e-05 110.121
42.9842 2.37919 5.59223 2.59391 2.94265 7.05364 22.6352 8.8591 91.6164 58.3907 34.6406 19.6821 21.8105 376.357 191.154 36.0984 3.00512e-05 108.087
50.301 1.91738 3.32249 3.77741 2.94265 7.05364 22.6352 8.8591 91.6164 58.5708 34.6406 19.6821 21.8105 376.357 191.154 37.7314 4.32258e-05 107.153
32.6913 1.88059 3.32249 4.55212 2.94265 8.39608 22.6352 7.97764 91.6164 58.5708 34.6406 19.6821 31.9918 376.357 101.374 41.7704 0.000245887 115.834
43.1882 4.4999 0.317627 4.2185 2.94265 8.7991 22.6352 11.6844 91.6164 59.5472 29.3704 19.6821 16.183 376.357 190.179 29.185 0.00021209 112.145
43.1882 4.56852 0.317627 5.81083 5.10561 4.61283 20.7302 11.6844 90.5856 67.5439 29.3704 19.6821 16.183 376.357 190.179 27.4701 8.45563e-06 106.721
43.1882 4.56852 0.317627 5.67293 5.10561 4.60676 20.7302 11.6844 107.998 50.378 29.3704 19.6821 16.183 376.357 190.179 33.9199 8.45563e-06 107.444
43.1882 4.08822 0.317627 5.05618 5.19879 4.60676 20.7302 11.6844 107.998 50.378 29.3704 19.6821 16.183 376.357 190.179 33.9199 8.45563e-06 108.193
85.2051 8.69593 0.317627 5.03767 3.03777 3.76937 20.7302 11.6844 98.6743 50.378 30.8371 19.6821 16.183 376.357 190.179 37.0468 5.82286e-06 111.202
66.8848 8.69593 0.317627 5.19199 1.71077 4.0515 20.7302 11.1418 98.6743 50.378 32.6908 19.6821 22.857 376.357 190.179 37.0468 5.82286e-06 109.549
66.8848 8.69593 0.317627 5.19199 1.71077 4.0515 20.7302 11.1418 98.6743 50.378 32.6908 18.6484 22.857 376.357 190.179 51.2531 5.82286e-06 110.306
42.3619 16.5509 0.726717 5.47605 1.92491 4.00818 17.9216 10.4814 98.6743 52.2379 40.8446 7.87274 17.6926 376.357 190.179 51.2531 5.82286e-06 107.812
42.3619 16.5509 0.726717 7.13335 2.06334 4.00818 17.9216 10.4814 98.0437 47.5863 45.1362 7.87274 17.6926 376.357 213.576 56.9238 5.82286e-06 110.59
42.3619 20.4181 1.5025 2.31283 2.06334 3.57611 11.7486 7.30916 92.2883 62.8411 45.1362 7.87274 17.6926 376.357 213.576 65.4484 9.62651e-05 114.032
52.8057 18.2533 1.08874 1.15554 2.06334 5.38708 12.8041 7.30916 92.1872 60.7185 44.8664 10.052 17.6926 376.357 213.576 54.6223 0.000610534 113.262
52.8057 18.2533 1.77843 1.15554 2.06334 5.38708 12.8041 9.42411 89.4388 60.7185 44.8664 10.052 17.6926 376.357 227.405 54.6223 0.00117007 114.928
52.8057 18.2533 1.06447 1.15554 3.88165 5.35178 12.3393 9.98821 98.6497 51.7234 44.8664 10.052 17.6926 376.357 203.119 48.7616 0.00117007 112.053
52.8057 15.1491 3.14014 2.1668 4.37851 3.24594 4.98127 15.8608 94.1514 50.2089 44.8664 10.052 17.6926 376.357 203.119 39.04 0.000840046 112.723
52.8057 1.26404 6.4229 1.07278 4.37851 10.9401 17.8047 15.9071 94.1514 56.336 44.8664 10.052 17.6926 378.571 171.289 21.5355 0.00176162 114.963
52.8057 1.13877 6.4229 2.91073 8.03494 3.85875 26.4363 9.18262 94.1514 52.8565 46.7848 8.83672 17.6926 378.571 202.601 28.488 0.000705181 114.389
52.8057 1.13877 6.41356 0.857075 5.17867 4.41327 25.9002 9.18262 94.1514 52.8565 54.0913 8.83672 5.70613 378.571 203.334 19.222 0.000652574 109.058
55.2 1.13877 6.41356 0.857075 3.48457 16.6712 25.9002 9.18262 87.0016 38.8782 54.0913 8.83672 21.9105 378.571 194.272 11.5871 0.0010071 110.677
55.2 1.13877 6.41356 0.857075 3.48457 16.6712 25.9002 9.18262 87.0016 38.8782 54.0913 8.83672 21.9105 378.571 194.272 11.5871 0.00072909 110.367
55.2 5.96822 5.05193 0.857075 6.02609 11.0142 13.7083 9.26008 87.0016 38.6876 62.5523 12.5335 21.9105 378.571 194.272 10.2563 0.00072909 112.023
55.2 12.7271 3.7805 2.36492 8.93646 11.0142 10.594 9.26008 92.2651 42.5499 53.1031 7.17695 21.9105 378.571 194.272 7.84874 0.00128333 111.58
44.1858 12.7271 3.7805 2.79084 8.93646 11.0142 10.594 9.26008 88.872 41.3357 53.1031 7.17695 21.9105 378.571 194.272 7.84874 0.00118458 109.941
44.1858 12.7271 3.7805 2.79084 8.93646 11.0142 10.594 9.26008 88.872 41.3357 53.1031 7.17695 21.9105 378.571 194.272 7.84874 0.00118458 109.941
51.5619 12.7271 3.7805 3.1844 8.93646 11.0142 10.594 9.26008 88.872 50.6427 41.9374 7.17695 23.2328 378.571 194.272 7.84874 0.00105213 110.971
45.7258 4.46714 3.7805 3.1844 10.3297 11.0142 15.8943 9.26008 91.204 49.7006 41.9374 7.04705 23.2328 378.571 194.272 14.9971 0.000832984 109.614
21.956 3.57141 4.16603 5.22219 11.7151 10.9102 13.8681 9.26008 91.204 54.2811 44.9167 14.6749 14.4081 378.571 164.852 11.5052 0.00142973 113.276
18.0033 4.29024 2.56706 3.20621 14.0604 10.9102 13.8681 9.26008 79.1795 82.935 16.5313 17.2808 10.647 378.571 172.546 11.5052 0.0043187 116.928
18.0033 3.89322 2.56706 3.20621 14.0604 12.6646 13.8681 9.26008 79.1795 78.4655 20.8893 17.2808 10.647 378.571 220.414 11.5052 0.00510134 114.377
4.58331 4.60884 2.56706 3.20621 13.0736 15.6589 10.5291 9.26008 79.1795 78.4655 20.8893 17.2808 10.647 378.571 206.048 11.5052 0.0037935 116.363
31.4541 4.39875 2.56706 3.52432 8.09054 15.6589 12.1638 9.26008 76.0067 83.0837 23.8146 18.3531 10.647 378.571 206.048 6.49022 0.00826311 113.252
18.6838 4.37687 2.56706 2.84517 8.09054 17.276 9.37498 9.26008 76.0067 83.0837 23.8146 20.7171 20.7902 378.571 206.048 6.49022 0.00826311 115.702
6.40009 5.50766 4.4822 3.02106 8.09054 17.276 9.37498 9.26008 76.0067 83.0837 29.7274 14.2252 20.7902 366.093 122.824 3.5234 0.00578185 117.078
11.4757 3.95822 3.83467 1.96595 10.1381 17.276 10.9148 9.26008 76.0067 75.3556 31.7726 10.8546 20.7902 366.093 63.9231 3.5234 0.0169474 116.27
13.3039 4.48613 6.28011 2.1066 10.1381 12.2209 10.9148 6.37958 76.0067 84.8762 31.7726 10.8546 20.7902 372.82 9.8103 18.5924 0.0266307 116.587
52.1107 4.90693 0.286102 11.1838 11.7178 9.70193 11.0773 13.9927 75.1654 75.1941 29.0597 6.73065 20.7902 372.82 9.8103 20.5654 0.0139181 117.221
46.4202 4.56197 0.286102 4.44609 12.0463 11.9557 13.9188 13.0368 62.1046 80.558 48.9923 6.85904 20.7902 372.82 9.8103 25.1671 0.00163172 110.53
44.5841 4.23464 1.46854 3.85703 12.0925 10.7173 9.24066 13.9556 62.9811 92.9227 37.2645 6.9584 20.7902 362.748 77.1923 30.3117 0.00246812 113.585
46.9814 4.26708 1.14551 5.8444 6.50483 11.4218 18.0128 12.2797 60.6238 55.5475 79.1502 6.73171 20.7902 362.748 196.609 38.7164 0.00165894 111.972
40.788 1.6414 3.678 5.81486 5.81471 22.8497 11.6473 15.2282 60.6238 55.9392 74.8901 6.95685 20.7902 362.748 196.609 27.9782 0.00180835 114.574
32.5306 3.1507 1.60764 7.9322 5.81471 14.1279 7.5186 32.176 51.428 51.6641 73.2525 8.67244 18.714 370.372 210.191 38.9886 0.0020312 113.729
30.8933 8.7086 2.94903 4.89522 5.42635 14.1279 7.4746 25.4717 58.7896 40.2893 75.9837 9.11308 18.714 370.372 206.565 17.3245 0.000537668 114.407
51.0213 0.256979 4.68082 4.06631 1.13715 14.1279 7.88559 25.4717 59.1388 56.9469 71.7424 12.932 18.714 370.372 194.166 1.22117 0.000147018 109.966
56.314 0.526381 4.00389 2.94511 3.2774 14.0929 8.11709 25.4642 59.1388 61.9112 65.6385 12.3562 18.714 370.372 208.791 24.7664 0.000765477 112.261
28.6403 0.526381 2.8587 2.94722 5.85502 9.97014 16.5421 24.892 58.8438 66.5069 65.6385 5.77023 18.714 370.372 180.419 3.64573 0.000825468 112.685
40.8375 1.3224 3.74338 2.95699 10.8656 9.8603 14.1993 24.706 57.397 68.0094 66.3798 4.84263 21.7825 373.186 167.274 5.38731 0.000991291 114.039
47.6268 1.6983 1.5205 2.96991 10.8656 11.4747 14.0625 24.9358 57.397 82.2708 39.157 4.18361 21.7825 373.186 189.149 53.4471 0.000862834 113.356
47.5102 2.0311 1.44346 2.96991 10.8656 11.3641 13.005 24.9358 57.397 86.713 39.157 4.18361 21.7825 373.186 189.149 47.1239 0.00100012 111.723
61.3517 1.18457 1.44346 2.96701 11.3389 12.4474 11.4226 19.5339 61.9387 80.9842 39.157 7.50323 21.7825 373.186 232.672 3.88793 0.00126881 114.058
75.1299 1.18457 0.266383 2.97246 9.41889 12.4474 1.43129 34.2407 60.9393 67.5587 48.0411 9.2453 21.7825 373.186 232.672 7.09328 0.00126881 117.873
77.4064 11.1561 0.266383 2.96481 5.5776 7.13087 11.7321 31.1129 48.3749 75.207 45.5054 3.95556 51.6434 347.454 170.222 5.17909 0.00402428 116.718
51.6428 6.78526 0.653853 2.98094 10.0123 5.80636 5.16061 31.1129 48.3749 75.207 54.8427 3.31993 58.3786 347.454 170.222 16.9868 0.0170517 116.965
48.124 6.02053 1.64101 2.89381 7.28817 7.03733 6.79896 31.1129 63.2861 59.3447 54.8427 3.31993 58.3786 347.454 170.222 18.286 0.0170517 116.269
23.2684 5.68206 3.16404 2.73699 7.28817 6.49516 6.79896 25.394 80.5727 50.2581 54.8427 3.31993 52.4755 337.111 117.627 13.1323 0.0144667 118.458
26.5253 3.99512 5.04912 1.19156 7.63974 6.78324 6.79896 25.394 80.9436 50.2581 54.0212 3.31993 53.6927 335.692 99.148 20.9101 0.0230786 118.885
52.5617 3.05745 4.72311 0.804906 4.64569 10.6889 7.68808 26.1633 85.3936 46.5687 52.3456 1.84375 53.6927 323.732 77.4937 18.2032 0.0244783 115.719
52.5617 0.880387 3.75342 0.384177 6.26136 10.6889 7.68808 26.1633 84.5367 49.6162 52.3456 1.10171 53.6927 323.732 77.4937 11.858 0.0244783 116.357
53.7545 7.37776 4.95518 0.706054 2.47903 10.117 4.93082 31.5116 88.6549 46.5146 57.6921 12.7544 53.6927 300.788 31.7581 11.1379 0.0165887 118.377
43.2118 1.37157 5.22322 1.04168 2.85871 10.117 9.30399 32.6352 75.4155 47.379 56.6999 30.0657 53.6927 300.788 6.28328 12.1461 0.0174859 119.548
49.6957 1.77993 4.60419 1.58149 3.67258 10.5417 11.4907 26.8618 67.6013 49.3662 82.3764 22.5883 53.6927 300.788 5.32863 11.8491 0.00996051 116.189
46.2987 1.66178 5.0513 3.32046 10.2166 7.1947 9.1833 31.7308 48.9939 54.7681 105.349 23.8627 21.889 300.788 11.2044 10.7059 0.00590129 115.198
45.4589 1.65633 3.94729 6.42367 8.6675 9.75027 20.8918 26.5221 31.044 54.9492 117.212 33.2578 21.889 289.831 63.8587 10.8928 0.00320773 116.636
44.2103 2.79273 5.76219 7.07522 12.072 6.04483 20.8918 22.5094 31.044 49.1845 121.271 30.1934 21.889 289.831 53.4471 11.1023 0.00304544 118.118
52.7111 0.386025 5.76219 8.95079 5.91943 6.04483 20.668 24.4573 34.0476 57.4513 112.434 30.1934 21.889 289.831 37.1004 17.1801 0.00590847 117.531
53.7554 0.409068 5.76219 10.7889 5.13011 7.4947 20.628 24.4573 35.601 54.6279 112.434 34.1045 21.889 289.831 30.6692 10.1022 0.00167488 114.742
80.2946 0.775253 1.81072 13.2201 7.53729 5.88103 16.2725 23.8459 31.6008 54.6279 94.4223 53.8143 33.9609 285.221 5.08568 10.5816 0.00125009 119.112
65.0094 6.42486 8.71717 0.588628 7.33268 8.70933 9.55234 25.406 53.0758 51.059 72.7627 7.57952 113.138 262.561 13.4454 9.34374 0.00390169 118.066
49.4801 6.59971 8.71717 0.703156 7.49633 7.47722 13.9778 22.3012 40.1901 64.8728 89.8246 25.749 54.1766 264.763 19.7918 10.1432 0.00792819 114.9
55.8782 8.43689 8.19906 0.699246 7.49633 2.92995 14.0545 20.103 40.6099 82.8712 89.8246 19.8174 56.1425 263.445 46.1247 50.2808 0.00275931 116.896
55.8782 2.67724 2.50225 3.8369 3.13772 9.45241 30.2704 10.7122 40.277 78.9605 84.0484 36.8419 45.8465 255.147 74.1163 6.71223 4.56364e-05 113.009
51.8426 13.8491 2.63614 3.77668 3.33706 9.03294 19.6955 10.7122 38.5928 78.9605 84.0484 36.8419 58.7542 255.147 20.2213 6.71223 4.56364e-05 111.04
43.4079 15.7607 2.87242 3.95878 2.33314 8.9591 29.1477 6.61781 39.6232 78.2964 83.3505 14.9724 61.8583 258.939 95.1179 13.4522 7.41066e-05 115.85
63.0407 13.4467 2.71948 3.1001 5.98993 8.35982 30.1192 7.93604 47.214 68.8813 63.4123 23.9532 57.1641 296.484 18.2554 9.46043 0.00191022 117.036
68.6663 9.70157 2.90999 7.16111 8.7877 6.45243 20.0336 16.6924 45.4498 74.9468 49.6596 9.63668 58.0981 337.107 16.5876 19.9714 0.00146363 118.695
2.70264 7.90812 3.12636 0.991408 8.5413 11.6729 10.4812 22.9397 38.7141 88.252 82.0124 14.4152 192.715 88.7704 40.9634 67.529 0.000391613 123.2
52.0207 8.46441 2.66006 4.17507 1.1056 18.7107 18.369 16.0023 41.0314 73.7045 67.633 3.63459 22.3955 63.7542 21.9515 60.2609 2.90705e-05 115.167
45.4857 7.31411 2.24043 0.578212 2.59264 18.6058 15.7199 29.803 22.3831 85.7967 67.633 3.63459 22.3955 356.89 23.0411 60.2609 7.80835e-05 110.994
44.8308 6.10946 2.06065 0.468033 9.93453 9.7166 12.6624 29.803 29.2029 84.4339 71.5528 3.63459 10.1336 386.437 18.7362 60.2609 2.76813e-05 111.029
52.7852 1.4511 2.10344 0.570496 13.1851 18.0207 12.0949 30.8251 16.1772 80.194 79.5435 3.63459 19.1602 365.414 31.4169 54.861 2.76813e-05 111.659
52.7852 3.35238 1.73874 0.991549 12.3689 11.8633 11.9922 40.2031 11.2654 78.7638 67.4959 3.63459 53.0537 333.906 0.211049 1.75332 0.000204566 112.072
133.713 3.35238 2.30642 0.336862 8.9669 6.06345 11.1621 38.4629 11.2654 89.5504 77.3155 3.63459 59.5137 301.445 3.21232 11.1403 0.000158058 112.13
133.713 1.77966 6.7247 0.895552 5.66814 6.61462 13.9814 39.5968 11.2654 93.1156 88.553 3.63459 49.7502 301.445 14.9322 11.3152 0.000150648 112.562
133.713 4.64489 6.77733 1.2105 4.75345 6.10636 14.7837 32.9874 11.2654 93.1156 64.4976 3.63459 24.6055 356.438 6.23626 7.79079 2.21329e-07 104.398
102.434 2.31097 6.77733 0.767398 3.54676 5.22457 13.3121 32.9874 11.2654 108.545 61.0378 3.63459 24.6055 357.423 2.3763 6.25957 2.21329e-07 107.977
102.434 2.31097 6.03487 0.427098 3.54676 5.25431 12.4054 42.6925 22.688 100.8 58.9561 3.63459 31.5223 331.77 21.789 16.2965 2.21329e-07 109.172
118.757 3.4385 4.30237 0.427098 1.93925 6.81829 10.9301 42.6925 22.688 91.53 55.9098 3.63459 25.7737 379.364 2.87514 16.2965 2.21329e-07 109.785
125.303 3.4385 4.30237 0.427098 1.93925 6.81829 9.52643 25.111 51.8863 91.53 55.9098 3.63459 12.2991 379.364 118.181 5.06613 2.21329e-07 109.512
128.051 3.53885 5.47137 4.29437 9.23194 5.47975 9.95845 20.3618 51.8863 84.9682 55.9098 3.31108 12.2991 379.364 213.628 5.59112 2.21329e-07 106.16
100.426 4.38552 4.93934 5.67139 9.36862 5.542 6.9566 14.4426 54.7305 91.7172 48.0368 3.31108 14.1068 379.364 220.445 7.94741 2.21329e-07 105.863
117.37 5.1997 4.93934 5.97418 2.25086 5.17223 11.5662 13.2785 53.1931 98.0306 45.8212 3.31108 14.1068 378.385 135.311 10.9642 2.21329e-07 107.317
117.37 5.62404 3.49341 6.14232 7.58262 5.17223 11.374 10.2207 53.1931 86.5531 60.7438 6.41975 10.1559 378.385 166.26 13.839 2.21329e-07 107.755
98.0607 2.42457 5.57109 8.06091 8.09102 5.70053 12.2231 11.1636 53.1931 74.7918 65.2651 6.41975 10.1559 378.385 230.536 13.839 2.21329e-07 107.113
58.9207 2.41136 5.57109 8.56464 8.66778 6.19074 12.7318 10.7039 67.0539 74.7918 55.5847 6.41975 10.1559 378.385 212.394 13.839 2.21329e-07 104.029
55.7541 2.41136 7.9089 11.4944 8.66778 1.74655 13.0445 18.3128 67.0539 68.5547 55.5847 6.41975 10.1559 378.385 212.394 23.5895 2.21329e-07 103.262
55.7541 2.41136 7.9089 11.4944 8.66778 1.74655 13.0445 18.3128 63.3115 68.5547 55.5847 6.41975 10.1559 378.385 212.394 32.3952 2.21329e-07 102.997
60.5603 2.41136 7.9089 11.4944 8.66778 1.74655 13.0445 18.3128 63.3115 68.5547 55.5847 4.23373 19.7574 378.385 188.619 35.5426 2.21329e-07 103.802
50.8224 2.41136 7.9089 11.4944 10.2973 0.606522 10.9143 22.5309 63.3115 65.9984 57.2945 4.23373 18.532 378.385 188.619 35.5426 2.21329e-07 102.626
43.9317 2.72406 7.9089 11.4944 12.7857 0.606522 10.9143 22.5309 53.1304 65.9984 57.2945 4.23373 16.5629 378.385 188.619 33.8864 2.21329e-07 106.907
19.992 2.72406 6.35472 8.77538 11.9554 3.47112 9.47447 22.5309 59.4945 65.9984 57.2945 4.23373 16.5629 375.987 224.267 34.0042 2.21329e-07 110.02
32.1222 0.454738 8.42606 13.8985 9.71368 3.84247 5.75894 24.1841 59.4945 71.2475 59.0395 4.23373 19.0961 375.987 206.286 14.884 2.21329e-07 105.333
32.1222 3.70123 8.90087 9.18895 9.71368 4.79079 5.75894 24.1841 59.4945 71.2475 59.0395 4.23373 12.5528 375.987 206.286 19.2353 2.21329e-07 103.518
32.1222 3.70123 8.35525 10.8485 1.96661 1.73328 4.61609 20.9336 60.6846 71.2475 71.3408 4.23373 11.8533 375.987 196.776 22.963 2.21329e-07 105.915
45.3398 1.52112 8.09483 10.8485 1.96661 1.73328 6.57134 20.9336 61.5278 71.2475 71.3408 4.23373 11.8533 375.987 196.776 22.3107 2.21329e-07 104.893
49.9656 2.85409 8.41506 3.46661 1.81883 5.76726 7.81507 26.2515 58.5748 73.1406 69.7302 3.24327 11.8533 375.987 172.813 2.99049 2.21329e-07 106.237
48.1021 4.52375 7.96363 3.46661 1.81883 6.31465 6.66122 36.422 60.022 61.6693 52.2935 16.5563 11.8533 375.987 172.813 2.99049 2.21329e-07 106.117
49.0811 4.52375 7.96363 3.46661 1.81883 5.41797 4.89799 39.9207 60.022 59.4867 52.2935 17.1614 15.1517 375.987 200.135 2.99049 2.21329e-07 103.575
52.9656 5.16486 7.96363 3.46661 3.50803 5.41797 4.29811 39.9207 59.8117 59.4867 52.2935 17.1614 15.1517 375.987 178.78 20.7206 2.21329e-07 106.593
52.9656 3.51477 8.13927 3.74747 3.66525 4.78401 3.63826 39.9207 61.8211 61.2534 52.2935 17.805 15.1517 375.987 191.331 15.7836 2.21329e-07 103.771
50.7185 4.9026 12.6096 1.21816 5.11817 7.76536 12.3684 39.9207 63.7688 63.3598 26.1721 5.28163 29.9237 375.987 206.503 13.5015 2.21329e-07 109.102
50.0724 3.94543 8.0856 1.51683 1.8476 4.7931 18.6762 40.2862 71.9536 63.3598 20.3717 6.07265 29.9237 385.629 173.017 15.2296 2.21329e-07 110.193
57.887 2.19427 4.17097 0.543078 2.90329 7.17362 29.3168 36.17 61.7394 56.5672 53.1051 0.44784 18.8517 370.866 195.165 13.7701 2.21329e-07 110.547
15.171 2.70195 3.65444 0.512353 2.01618 3.48385 18.9497 38.5296 54.9753 62.9858 70.6314 1.98562 3.52452 392.732 157.125 6.73119 2.21329e-07 112.751
-36.3008 2.65442 8.97178 5.43626 1.32866 3.48385 14.4413 32.5592 50.4383 66.7649 82.0716 1.5345 3.52452 392.732 197.542 10.9104 2.21329e-07 112.906
96.0124 2.65442 2.7862 2.37258 1.01469 8.70409 19.7754 35.1091 22.0176 66.7649 83.2884 2.26766 16.8885 392.732 172.919 22.6761 2.21329e-07 113.01
119.779 3.4566 4.87883 2.98373 0.789243 11.1241 25.4339 14.9146 26.6742 76.9954 80.4307 3.81194 10.4113 386.602 171.641 19.1059 2.21329e-07 104.916
44.3521 3.85952 2.59121 3.64184 5.88806 13.1378 25.9912 20.59 21.7112 111.933 29.3918 0.870598 10.4113 404.761 30.4418 18.2134 2.21329e-07 105.622
44.1518 4.78644 2.59121 3.56513 0.509974 16.6051 36.6821 16.4765 15.0054 109.702 57.7929 0.870598 70.2477 250.394 9.28185 20.9728 2.21329e-07 112.614
48.2661 5.74089 1.3225 1.25335 0.509974 12.7442 37.7777 15.4862 26.7368 95.0106 57.3632 30.6168 74.4601 273.677 73.3979 4.90234 2.21329e-07 110.784
46.6657 9.90837 3.7267 1.05884 9.46168 6.61685 25.3667 23.2789 24.9149 83.5074 50.8497 22.7678 60.2797 299.435 10.9512 23.2312 2.21329e-07 106.661
47 9.90837 3.58023 1.05884 5.25204 11.8589 22.9405 30.6843 17.1926 83.5074 50.8497 22.1924 61.3562 299.435 9.51552 14.4883 2.21329e-07 109.07
39.8399 6.83232 4.13876 3.40049 2.72196 16.886 20.9604 14.9158 35.1282 99.6454 50.8497 12.2634 55.0649 298.293 11.7407 43.8657 2.21329e-07 109.605
30.2889 8.08935 4.17691 4.80741 2.72196 16.886 19.2695 3.8102 19.4389 110.284 58.8274 5.20289 47.9676 335.09 12.9511 4.87446 2.21329e-07 112.206
36.2118 8.08935 7.23251 5.32652 5.88394 5.65571 20.4791 10.493 26.2644 104.506 47.283 1.46829 48.2829 345.806 17.0008 37.4578 2.21329e-07 106.825
46.8035 4.02763 12.3555 1.06382 9.66901 3.53898 20.8212 21.8695 24.2324 104.804 48.6536 0.743643 40.5708 336.875 32.0154 16.9542 2.21329e-07 103.281
58.5262 1.95437 14.1244 1.5229 7.13503 2.39461 25.0124 22.0039 11.358 116.386 42.9725 0.743643 40.5708 373.359 142.359 31.2345 2.21329e-07 110.112
54.8227 5.61782 16.3078 1.05204 3.61376 1.62338 19.8603 25.2968 11.358 116.386 48.725 0.743643 29.9143 373.359 164.358 30.758 2.21329e-07 108.576
33.5206 5.61782 16.3078 1.05204 9.59962 4.35672 13.5871 25.2968 11.358 114.956 51.2218 2.01401 14.03 373.359 215.785 29.5961 2.21329e-07 107.569
48.0695 5.82228 17.0717 1.97634 8.78336 3.88207 11.9967 20.6466 14.3217 111.061 52.7091 9.40419 28.3197 373.359 179.393 31.9397 2.21329e-07 110.619
55.0201 2.74797 13.9994 1.43967 9.65184 3.02432 12.1799 19.1867 17.3866 107.822 63.8099 6.69531 18.9662 374.493 195.153 24.698 2.21329e-07 106.323
55.0201 5.21888 13.668 1.43967 10.773 5.29114 14.0466 12.682 17.3866 103.091 63.8099 8.81751 18.9662 374.493 195.153 31.6664 2.21329e-07 107.406
48.9682 2.50626 6.05624 7.05472 10.6757 8.83748 19.2395 5.39323 24.2501 101.772 58.891 8.69818 18.9662 374.493 195.153 18.06 2.21329e-07 108.819
48.9682 2.50626 6.05624 8.28526 9.19649 11.5643 21.9747 5.39323 31.7214 87.8113 58.891 9.63513 18.9662 374.493 198.866 22.6866 2.21329e-07 106.312
81.9752 7.71539 2.87371 7.05427 9.19649 5.28564 22.241 9.56436 31.8805 102.231 47.8468 9.42082 18.9662 374.493 198.866 16.9125 2.21329e-07 105.789
132.018 4.1764 0.36606 4.61633 8.60497 0.41121 21.8313 16.9638 31.8805 107.266 38.4212 9.28357 17.5484 374.493 198.866 5.27146 2.21329e-07 107.564
121.8 6.58838 1.7166 5.64281 2.88682 10.7585 21.2486 16.7656 31.0454 107.266 25.185 8.87878 17.5484 394.961 198.866 10.0726 2.21329e-07 105.093
121.8 8.14032 0.666193 4.60892 0.587845 6.62853 15.5088 22.7469 42.1149 101.542 26.9865 6.94877 16.1283 394.961 157.595 7.19728 2.21329e-07 107.425
94.2765 6.37386 1.08559 12.4819 2.3277 5.16236 18.0911 26.0109 42.1149 57.8424 74.2985 9.85796 15.383 394.961 161.217 1.72866 2.21329e-07 107.362
94.2765 6.37386 0.498506 12.4819 2.3277 5.16236 18.0911 26.4457 38.4314 57.8424 74.2985 11.5781 15.383 394.961 161.217 5.77236 2.21329e-07 105.664
90.3405 6.37386 0.498506 12.4819 2.3277 5.14753 14.4617 26.4457 40.3592 57.8424 74.2985 9.10553 20.2828 394.961 161.217 5.77236 2.21329e-07 106.839
38.8828 7.25886 5.44741 9.70301 2.3277 4.87454 23.026 18.8442 52.5542 57.9094 74.2985 8.81181 18.6587 394.961 161.217 5.77236 2.21329e-07 109.18
40.0805 3.67906 8.65226 10.4317 2.3277 4.25641 23.026 18.6908 42.9333 53.4816 74.2985 8.71712 19.2109 394.961 161.217 3.93766 2.21329e-07 108.347
40.0805 2.71401 8.65226 12.8319 1.58612 4.25641 23.026 18.6908 40.0068 53.4816 82.3845 9.80718 15.9742 394.961 161.217 18.6259 2.21329e-07 105.641
42.8064 2.71401 8.65226 12.8319 1.58612 4.99421 23.026 17.0596 40.3243 53.4816 82.3845 9.80718 15.9742 394.961 161.217 18.6259 2.21329e-07 105.216
43.0883 2.71401 8.65226 12.8319 1.58612 4.62773 23.026 17.0596 40.3243 53.4816 82.3845 10.4432 16.8353 394.961 161.217 14.4732 2.21329e-07 104.245
37.1327 2.71401 8.61158 12.8319 1.58612 5.10904 23.026 17.0596 40.3243 53.4816 82.3845 10.4119 16.8353 394.961 161.217 10.8864 2.21329e-07 104.76
37.1327 3.72207 8.96905 12.8319 1.58612 5.10904 21.2679 17.0596 40.3243 53.4816 82.3845 10.9666 16.3827 394.961 161.217 15.049 2.21329e-07 104.929
49.2984 1.48622 8.96905 12.8319 1.58612 5.10904 21.2679 17.5128 40.3243 53.4816 82.3845 10.527 16.3827 394.961 161.217 37.486 2.21329e-07 106.352
57.3826 1.48622 8.96905 12.8319 1.58612 3.66162 22.0914 16.9101 40.3243 55.4751 82.3845 10.527 18.4611 394.961 177.192 41.4583 2.21329e-07 107.958
54.8304 2.28718 8.96905 12.8319 1.58612 6.74359 22.0914 16.9101 40.3243 55.4751 82.3845 10.9713 12.986 394.961 177.192 9.0173 2.21329e-07 107.42
51.6636 4.58008 3.4838 12.8319 1.58612 6.74359 25.2252 16.9101 40.3243 55.4751 82.3845 10.9713 12.986 394.961 177.192 9.0173 2.21329e-07 105.201
54.8249 6.67828 0.762072 1.43793 1.58612 9.95998 38.6874 15.7734 40.3243 55.4751 82.3845 7.4605 12.986 394.961 174.562 9.85039 2.21329e-07 107.471
50.9485 7.88515 0.762072 1.43793 2.34983 14.344 32.383 15.7734 31.7449 68.3869 82.6676 4.48125 12.986 394.961 174.562 12.7665 2.21329e-07 104.888
47.884 6.76946 0.762072 2.16048 4.08008 14.344 32.383 15.7734 32.5817 68.3869 81.0976 4.48125 13.3624 394.961 174.562 12.6871 2.21329e-07 104.567
46.8472 8.0677 0.762072 2.16048 5.99764 13.8843 27.7827 12.3618 32.5817 64.1969 81.0976 12.7288 4.37251 394.961 174.562 12.3258 2.21329e-07 106.546
46.8472 8.0677 0.762072 1.55043 6.3477 11.7098 27.7827 16.2952 34.9692 64.1969 81.0976 12.7288 4.37251 394.961 174.562 13.8728 2.21329e-07 106.427
46.8472 14.4355 0.652577 1.55043 5.13998 15.0663 27.7827 16.2952 32.3732 64.1969 70.7089 14.1325 13.2352 394.961 174.562 11.7455 2.21329e-07 112.091
46.8472 14.4355 0.652577 1.62966 3.61053 16.4212 23.2694 16.2952 32.3732 64.1969 70.7089 14.1325 13.0603 394.961 174.562 14.7258 2.21329e-07 108.891
46.8472 14.9308 0.652577 6.24628 6.10607 7.04479 9.82626 20.0431 36.9971 77.5494 67.6635 8.86306 8.60556 394.961 174.562 0.136925 2.21329e-07 105.342
52.5105 14.9308 0.652577 6.24628 9.35917 7.5666 9.10902 20.0431 38.9279 83.1326 73.2507 1.5135 8.60556 394.961 174.562 18.7385 2.21329e-07 107.254
64.7234 4.24819 4.48587 8.95712 7.8132 7.56135 14.1936 7.37514 46.4274 79.2557 73.2507 6.22955 8.54078 394.961 180.089 10.7055 2.21329e-07 106.816
50.801 8.84749 3.04447 9.44067 7.25055 5.1942 16.3019 12.0327 42.4198 76.431 73.2507 6.22955 2.82765 398.966 167.297 19.0367 2.21329e-07 103.171
50.801 3.23436 6.67273 10.7191 5.41067 5.47446 16.847 16.1703 54.2981 79.4229 55.916 7.78748 1.73144 398.966 167.297 5.75632 2.21329e-07 102.153
43.9945 3.23436 4.99075 9.74352 8.10349 4.3484 18.462 13.9695 54.2981 82.0384 41.1029 17.5171 4.11351 398.966 130.053 13.7834 2.21329e-07 106.525
43.9945 1.51744 4.78605 5.48131 11.7208 5.03191 22.3206 20.9931 55.885 77.8802 40.164 9.90279 4.11351 398.966 56.0018 45.5333 2.21329e-07 109.594
47.1329 1.51744 4.78605 4.13916 11.7208 8.92427 18.2805 19.738 55.885 77.8802 39.9142 10.4873 4.11351 389.868 56.0018 30.9082 2.21329e-07 105.542
47.1329 2.24789 1.80041 6.21778 11.7208 9.70655 20.3227 19.7817 60.4904 64.0205 41.6049 12.1686 36.9906 389.868 22.7204 14.0361 2.21329e-07 110.252
47.1329 2.24789 2.64031 6.21778 4.03127 15.1625 19.9985 19.7817 57.1652 58.4241 40.3223 17.266 36.9906 389.868 12.3211 15.8488 2.21329e-07 112.234
47.1329 2.24789 2.64031 6.08718 1.32326 16.805 19.9985 17.7429 57.1652 58.4241 32.7662 22.3417 36.9906 369.952 12.0231 3.79526 2.21329e-07 110.054
47.1329 2.17292 2.64031 6.08718 1.32326 9.37431 15.6982 24.9919 59.0322 69.1512 26.56 17.2785 36.9906 369.952 11.5224 12.6308 2.21329e-07 108.493
47.4275 7.96737 6.00691 5.8411 1.67602 13.3766 10.0354 37.347 55.38 75.4614 26.56 15.461 32.0692 369.952 19.7493 5.16143 2.21329e-07 108.427
56.7392 0.803653 5.80403 1.73014 0.837073 26.1393 10.6215 38.537 54.0075 59.2556 44.1566 16.2588 32.0692 369.952 31.4489 16.8153 2.21329e-07 114.924
56.7392 0.803653 5.59887 1.73014 1.31213 11.9791 3.76256 43.6592 54.0075 66.6645 44.1566 16.2588 32.0692 369.952 36.9804 8.27026 2.21329e-07 109.263
31.4362 1.28773 5.88862 6.02596 1.31213 12.4904 3.76256 43.6592 49.9309 70.2474 44.1566 13.6053 32.0692 288.729 31.9536 12.624 2.21329e-07 111.37
31.4362 1.7909 4.50249 6.32471 0.827616 12.4904 3.76256 43.6592 49.9309 75.2496 67.1417 10.7502 32.0692 288.729 19.3709 19.2668 2.21329e-07 111.491
31.4362 1.7909 4.32358 6.94791 0.827616 12.4904 3.76256 43.6592 49.9309 75.2496 67.1417 10.7502 50.653 288.729 13.0151 19.2668 2.21329e-07 108.62
45.8818 1.7909 3.10684 5.38583 2.96682 20.1316 9.08822 31.7171 51.6967 64.7747 67.1417 21.5246 88.6291 198.863 38.3136 8.05907 2.21329e-07 111.629
30.9266 1.7909 3.10716 2.54399 2.96682 28.7313 9.95489 34.8213 56.0112 53.6146 60.6798 52.0845 88.6291 198.863 18.2225 7.40479 2.21329e-07 114.095
66.7917 1.7909 0.139138 1.46055 4.55636 12.6286 12.0666 34.8213 68.867 68.0617 40.4074 35.4782 118.453 198.863 28.1046 3.50006 2.21329e-07 110.908
35.5547 1.85075 6.95225 1.46055 4.55636 12.6286 5.13258 28.1673 64.4481 68.0617 59.8373 35.1991 118.453 179.927 35.5242 31.9172 2.21329e-07 110.728
67.0242 1.08502 3.37247 1.84268 6.37531 15.5529 7.28246 24.4679 64.4481 68.0617 55.5751 35.1991 118.453 179.927 35.9453 45.0016 2.21329e-07 111.903
58.3919 3.15641 1.93056 1.84268 6.37531 9.09986 9.59483 13.1594 94.6523 39.665 68.1376 33.3322 118.453 201.006 0.919706 45.0016 2.21329e-07 111.363
57.2027 3.15641 5.61947 15.9792 7.03347 4.8373 4.55716 9.91153 94.6523 22.3424 74.7573 33.3322 118.453 191.515 0.919706 2.5524 2.21329e-07 112.114
48.4294 2.29028 6.60878 15.9792 7.03347 7.22684 6.59948 35.2853 39.6102 62.1963 72.884 22.5949 136.89 160.73 5.86317 23.5712 2.21329e-07 110.849
51.4054 0.983178 3.63324 18.1306 7.2852 8.70954 11.6241 12.9143 39.6102 66.2649 79.2021 21.6605 135.086 123.141 10.2814 12.6472 2.21329e-07 113.812
53.7655 10.8582 4.45383 3.63448 0.94117 8.93309 14.7034 28.6968 54.0411 57.1897 74.2765 14.6469 156.101 153.672 83.6871 28.5721 2.21329e-07 112.442
53.6911 9.87746 7.87299 3.63448 1.54433 8.90179 4.70562 23.0832 63.055 69.6145 62.1354 2.71642 115.528 221.698 49.1868 10.6799 2.21329e-07 108.05
53.1864 4.61879 12.0574 4.69649 1.16091 8.92731 17.0174 22.397 63.055 52.4934 55.4241 10.6154 115.528 242.818 18.5164 4.17068 2.21329e-07 107.778
63.1503 6.10852 6.91262 6.36192 4.46152 9.0862 11.0665 32.0829 60.4527 52.4934 51.1297 12.3471 24.9335 372.848 21.6216 4.17068 0.000122346 112.212
54.4043 7.36767 2.13715 8.49032 5.74543 6.5063 10.9694 25.8446 60.4527 63.2205 54.0336 11.0406 15.8513 376.992 24.1767 33.983 0.000194818 110.059
55.8424 7.25503 4.18936 8.49032 2.14353 6.08214 9.40687 30.9993 33.3694 63.2205 85.3521 11.0406 9.34487 371.563 11.7302 36.1095 0.00412101 114.938
57.0517 7.03609 6.6431 8.49032 0.826331 5.48266 12.596 13.316 62.0115 61.1568 80.1382 1.88936 8.1842 372.08 39.738 48.5779 0.00588338 114.696
52.4201 7.28853 5.24681 7.73881 0.826331 5.72864 20.5626 13.316 63.2462 80.8715 50.4739 9.46201 1.32621 372.189 78.6229 7.54476 0.0037189 113.384
50.4349 7.98721 6.88125 8.89328 0.826331 3.69686 12.7424 14.5337 65.5118 78.6755 51.2517 5.33049 18.3331 373.655 78.5872 20.2321 0.0182685 114.446
64.8896 9.86403 6.61419 1.24923 6.78081 4.44623 7.64232 23.4701 54.3501 78.8425 42.147 10.8209 32.9121 373.463 80.7659 30.4735 0.01468 119.575
71.4468 12.5911 5.95319 3.41601 3.5477 5.02501 7.65558 17.3335 60.7849 88.8789 42.147 10.9497 19.2319 370.198 51.0902 62.4038 0.0147832 119.048
99.2009 10.7867 1.81397 4.02094 2.02542 6.38537 13.2741 22.5567 46.5382 78.0867 48.3688 10.9413 19.2319 379.327 53.92 28.4307 0.00449406 114.18
74.9282 11.5382 5.20504 0.713536 6.95165 4.4456 10.2305 26.9318 31.953 79.4946 76.4471 1.71851 15.1612 379.733 26.4188 17.9505 0.0044404 112.823
72.1551 11.5382 8.11097 0.713536 6.00388 5.25117 9.01734 26.9318 31.953 76.4863 76.4471 1.71851 16.4621 381.799 75.1252 4.71751 0.00370864 114.107
122.084 5.96709 6.30553 2.5403 0.433369 10.6574 12.9264 27.1556 22.812 72.2888 77.5068 1.62503 27.8203 392.896 55.2684 27.6078 0.00304721 116.87
189.182 1.08093 5.73654 2.28991 0.8143 15.7276 3.99987 28.8516 32.2836 58.1205 91.9262 1.25913 26.6473 370.851 153.726 18.2262 0.00132151 121.599
119.009 1.08093 4.55886 4.86325 1.10836 17.1726 3.99987 32.9072 31.7355 50.8041 91.9262 8.52892 11.3652 388.193 153.726 23.3057 0.00218056 118.594
-19.9641 1.08093 4.55886 1.61706 7.51338 15.9619 3.99987 40.6625 51.5783 56.897 78.4611 8.41156 13.8257 388.193 165.618 17.3795 0.00180748 115.956
-6.76548 1.08093 5.16152 2.68774 11.3218 19.5493 2.61976 35.873 37.2865 65.5446 78.4611 8.41156 13.8257 388.193 180.594 28.7301 0.0023945 116.963
-73.9825 3.12503 7.42836 4.00128 19.7464 11.315 6.96178 32.9512 31.7108 62.4914 82.1265 10.7365 8.5059 388.193 180.594 12.3044 0.000429033 114.013
-73.9825 4.60524 8.92929 3.86011 15.3418 11.315 9.08856 35.7586 31.7108 61.4406 82.1265 12.2929 4.92307 389.448 180.594 12.3044 0.000769683 115.228
120.208 5.38074 6.44953 3.9132 15.3418 0.241023 12.6183 31.3999 32.5246 64.0165 76.4972 8.6979 2.7698 381.806 180.594 4.1664 0.0058745 118.055
126.143 0.692061 3.02424 7.02939 11.283 0.589489 8.39324 36.7997 32.5246 62.6605 77.5523 9.71481 10.3964 396.099 143.365 2.05214 0.020246 119.599
76.7507 2.64887 2.73362 9.71585 14.3534 2.73383 12.0291 29.2655 32.5246 62.0914 78.7136 13.5996 2.8522 389.601 151.471 1.26256 0.0124682 119.777
57.9534 2.57768 3.3515 11.1134 9.29089 2.65204 18.1586 27.3019 32.5246 62.0914 81.3834 13.5996 3.91673 384.617 193.522 4.99919 0.00579455 113.732
59.4784 2.29368 2.51357 14.3723 9.55803 2.65204 16.5128 24.0889 33.199 66.2042 79.1889 4.42899 6.99304 387.993 187.284 14.0256 0.0182009 115.515
36.8506 3.94117 3.3143 13.8243 10.0023 1.47902 16.612 17.7908 39.818 55.7678 95.5277 3.54241 11.0878 386 181.09 29.118 0.0458864 120.13
-8.68533 6.77704 2.7492 12.4448 8.56459 4.38696 17.5348 13.9268 51.9885 55.7678 77.0439 6.6817 10.2532 384.452 181.09 14.2952 0.0644504 122.96
16.6846 11.569 4.38858 12.4448 2.82429 2.49912 16.5928 15.0501 51.9885 55.3421 77.0439 3.08188 8.59606 392.593 181.09 6.32562 0.0695056 118.718
0.65415 8.1411 4.38858 13.9557 4.5207 2.51805 20.374 13.5271 51.9885 55.3421 77.0439 3.08188 13.4039 389.543 181.09 6.32562 0.0695056 120.464
0.65415 10.2969 5.44676 13.9557 4.5207 2.41361 20.374 12.7384 56.0088 54.662 77.0439 3.08188 13.4039 390.233 181.09 11.1617 0.0307976 117.163
-29.9337 9.00099 5.79609 13.9557 4.13693 2.21626 28.3231 12.5067 44.4634 55.2453 75.8446 3.24706 13.3438 391.092 177.057 11.5473 0.073495 121.656
36.0267 10.4224 3.54119 8.09021 3.02184 2.96775 27.5304 13.4482 51.1015 55.2694 69.4059 3.24706 12.1433 392.146 168.967 11.4105 0.0648199 119.147
34.868 1.27644 4.62352 8.09021 7.68301 2.37584 26.42 22.2775 40.2054 64.2877 69.4059 3.3277 20.0604 378.423 192.679 10.9734 0.0671721 120.556
121.238 1.98444 4.45692 8.94589 4.68175 2.11465 22.3027 24.8392 38.1918 58.8659 69.4059 13.0522 9.68107 381.193 197.533 10.5592 0.0286158 114.531
121.238 0.368673 5.13761 10.0312 1.59783 3.16773 22.3027 26.3835 38.1918 58.8659 69.4059 15.0901 9.68107 381.193 197.533 10.6246 0.0286158 116.239
120.97 0.79423 6.18709 8.98348 1.07106 3.97454 20.8318 22.599 38.1918 61.1707 68.7182 8.50754 14.4911 363.793 222.556 8.06343 0.0655913 115.246
101.299 3.52611 9.59829 0.848615 9.03229 4.50197 19.4792 20.7794 42.9587 57.5351 68.7182 12.397 13.2364 366.952 214.343 9.78294 0.0357982 117.096
133.343 3.82561 5.88914 0.547903 8.80807 5.69429 18.0723 20.7044 55.6582 63.8036 55.7694 11.7323 15.9084 375.886 186.392 13.6766 0.0197473 116.439
123.043 3.97925 6.67047 2.98159 4.30422 9.74929 18.12 20.6583 49.376 63.7571 55.8014 3.36826 4.84895 386.669 199.414 16.0734 0.0245499 118.025
123.043 4.0275 6.69791 3.21494 3.85291 7.8533 15.8854 20.7052 49.376 63.7571 60.1242 3.36826 12.9217 385.496 203.045 16.0734 0.0481082 115.414
91.287 2.06324 10.4462 1.19794 5.24195 6.28807 18.7339 21.013 35.4835 73.9286 60.1242 3.37322 9.93236 396.793 203.045 20.4089 0.0139847 115.551
118.447 0.0647095 9.46762 3.23814 5.24195 3.54104 18.7339 23.5129 35.4835 73.5055 62.2189 3.37322 15.2595 396.793 181.812 7.36187 0.0174901 117.038
85.2684 0.993293 13.3708 0.163984 0.922731 7.50428 29.7041 23.2065 29.4848 74.6972 62.2189 17.5379 10.2867 377.016 177.034 6.58333 0.00676253 118.26
18.5843 0.432572 13.3708 5.39136 0.922731 7.50428 30.8497 22.345 30.1563 77.7293 62.2189 9.60304 10.2867 383.46 177.034 3.25408 0.00568214 116.448
37.1073 0.433842 4.17477 3.13747 3.2518 0.505119 42.3085 22.3858 30.1563 77.6939 58.0303 5.6596 11.6449 386.69 181.254 3.25408 0.0280887 119.539
70.1183 0.271718 3.20179 1.86252 2.96979 1.29444 42.3085 22.9631 29.531 75.6377 58.0303 2.30167 11.6449 381.682 219.956 46.8685 0.0280887 121.385
42.4874 2.97274 3.22264 1.56608 2.96979 2.58895 31.9644 32.431 29.531 79.1233 58.0303 2.87771 11.6449 381.682 219.956 20.3785 0.0162288 118.357
40.6727 1.85589 3.86844 2.73551 6.07173 2.39607 28.0569 31.298 29.531 84.0949 53.2445 10.547 11.6449 377.879 79.3602 18.9191 0.00921255 116.586
51.6551 2.8309 3.59712 3.83559 6.45927 1.3077 28.0721 30.3543 25.5461 85.1262 55.3471 4.40838 11.6449 377.879 30.9508 28.6104 0.0130149 117.922
53.3151 3.13579 0.757617 3.1588 7.80046 1.59394 28.0721 29.7721 34.1306 84.689 48.3204 16.7252 11.6449 324.88 7.90928 24.1909 0.00957326 117.462
54.2321 10.1058 8.29764 1.64058 7.12091 1.38614 28.097 16.9086 34.1306 74.5811 71.7229 3.33972 27.0863 350.865 7.48561 52.5966 0.00198735 113.063
59.0536 4.87598 5.44612 4.30016 6.58982 3.41762 28.097 14.7923 35.5622 79.6267 71.7229 3.27935 25.3203 356.535 15.3449 45.0098 0.00153063 113.08
46.2543 9.39247 9.98457 0.767821 5.79016 3.81278 28.097 14.7923 35.5622 80.6051 65.2345 0.954523 25.3203 356.535 19.0798 45.0098 0.000746535 111.423
48.7429 12.0322 8.42067 0.767821 6.94196 2.50155 24.1106 23.5435 20.436 79.0491 60.4725 18.6353 25.3203 376.688 62.7696 7.70241 0.00208626 114.986
49.6527 9.61113 5.96943 2.22834 3.80617 6.5931 23.199 18.8045 29.9999 101.113 54.8561 2.81526 25.3203 354.6 95.9422 7.94745 0.00105267 110.985
51.7237 8.41271 3.23226 1.88018 10.4083 3.45874 26.8198 18.8045 29.9999 97.6722 51.5101 2.81526 25.3203 354.6 12.5007 7.47489 0.000751037 109.319
51.7237 8.77307 3.30454 1.88018 11.8993 3.083 23.586 21.7738 29.9999 95.438 52.2997 2.81526 25.3203 354.6 12.5007 7.52661 0.00103527 108.991
55.5919 7.72374 5.88117 1.11736 11.0518 5.48785 17.8646 24.8241 32.977 96.3822 46.452 3.9531 25.3203 354.6 21.6321 11.7221 0.000479319 108.754
48.4721 8.89647 10.837 1.41217 7.89255 4.0908 15.4227 20.8361 34.0628 103.196 31.4905 23.8131 25.3203 354.6 21.9566 37.2324 0.000358407 111.857
32.5282 6.32655 10.837 1.41217 8.88323 3.87829 17.9517 20.4921 34.0628 104.307 31.4905 18.1433 25.3203 354.6 6.96832 42.6738 0.000306393 112.092
64.4892 1.25298 8.29197 1.89602 8.37538 4.03411 24.4692 26.1957 34.3719 102.53 20.8676 19.4877 25.3203 354.6 6.75305 38.5198 0.000451875 113.072
87.2657 0.813832 11.6792 5.01167 3.96336 3.83002 22.4349 26.6896 33.4709 102.53 24.5808 15.9135 25.3203 354.6 5.04111 41.4172 0.0011949 114.971
116.875 3.45287 7.63446 1.80466 8.18628 4.99959 19.2469 26.0357 29.0394 102.53 24.5808 8.70465 27.6806 371.378 3.09239 3.13118 0.000314851 110.324
116.875 4.2144 4.79528 5.83534 1.88367 7.12799 21.3212 27.1023 23.9197 102.53 37.4118 8.30397 27.6806 371.378 3.06988 30.3482 0.000371064 109.442
103.871 0.703149 5.67554 12.7925 0.763649 5.33533 22.5164 26.7179 15.8592 74.4696 47.6899 3.9845 23.1799 19.3372 3.11992 19.9738 0.000290544 118.879
103.871 0.703149 4.9015 10.0484 5.55389 4.43729 27.8708 26.6637 13.5576 76.5952 79.1606 3.9845 23.1799 19.3372 3.13687 14.0526 0.00039443 115.822
103.871 2.87976 3.73254 10.7747 0.889257 5.77694 19.4567 26.316 16.7671 90.5045 32.2449 0.460034 28.6391 119.57 3.18533 10.9491 0.00214382 115.917
123.005 2.87976 2.46516 10.7747 0.889257 6.08709 19.4567 25.9016 16.7671 90.5045 31.9185 0.460034 28.6391 127.86 3.18949 11.4444 0.00280465 115.037
123.163 3.4115 0.0354722 10.7747 0.283556 6.32377 19.4567 25.7278 16.7671 92.0292 31.9185 0.460034 28.6391 132.648 3.17676 6.32079 0.00146655 118.413
123.163 0.357325 8.52173 3.29374 3.08475 4.90336 19.4567 30.8327 31.8162 73.754 31.9185 0.460034 28.6391 118.697 3.17672 16.6749 0.000979346 115.89
123.163 2.70306 6.48602 1.92334 4.26951 7.30444 16.4571 30.1143 32.3088 87.418 10.7707 0.460034 26.0923 46.8872 2.55399 27.482 0.000643238 115.353
104.727 0.701758 13.317 1.92334 5.91208 3.57086 19.4146 14.8766 32.3088 90.5698 27.5847 0.460034 21.3019 46.8872 2.2113 5.53983 0.000907327 113.256
104.727 1.10352 11.5338 0.559397 8.66674 2.92876 19.4146 14.8766 32.3088 90.5698 28.9619 0.0580726 21.3019 46.8872 2.70173 13.4716 0.00111985 114.877
104.727 0.373233 11.5338 0.559397 8.44436 2.92876 21.3342 14.8766 31.0571 90.5698 28.9619 0.83664 21.3019 46.8872 8.14324 31.142 0.00127156 114.868
102.524 3.47993 11.5338 0.559397 8.44436 2.51408 30.0674 7.52219 28.8772 85.4025 69.3863 2.73443 21.3019 356.559 1.73934 18.6186 0.00127156 113.891
94.4087 1.96429 11.5338 4.25772 8.44436 2.01959 30.0674 7.52219 30.3616 85.4025 69.3863 2.73443 21.3019 319.789 5.93482 18.6186 0.000965112 116.001
75.4864 1.43396 8.85444 6.46455 8.57772 2.23309 21.9415 21.6554 28.7245 68.0606 84.7458 0.992564 23.2734 359.556 5.69797 13.8748 0.000327543 111.516
56.9965 0.972954 12.145 3.68901 8.79383 1.55583 20.5265 21.6554 33.5804 68.0606 84.7458 3.69254 23.2734 359.556 5.66074 11.6346 0.00107059 112.71
78.4592 0.945043 13.3932 2.88451 8.288 7.16578 20.7406 21.6554 17.5896 75.988 72.426 3.38275 54.6484 294.013 40.891 11.1321 0.00320954 120.296
93.5471 1.80625 6.80874 8.10883 8.66599 2.52909 15.9358 16.0071 26.4176 85.5114 79.0966 12.4316 167.846 161.676 3.37459 12.7161 0.0102036 118.35
122.796 0.612108 6.74581 10.3175 7.02829 2.94086 21.7629 19.8919 30.6935 67.3858 81.495 35.7405 43.089 274.698 3.37459 2.00077 0.0140512 118.778
133.166 0.0626663 8.3527 3.35698 1.98871 8.16024 26.321 14.9811 27.0609 89.1525 78.2863 8.45752 143.593 174.501 23.8404 25.1119 0.0198846 119.752
133.166 0.787456 8.3527 4.93024 3.3897 3.2864 24.7748 20.9133 22.0851 87.5976 67.6467 13.5761 146.863 172.734 23.8404 26.572 0.0124968 115.424
133.166 1.91978 8.3527 3.45518 3.03584 3.31835 24.6094 23.691 25.0172 95.0998 63.0166 13.5761 137.475 172.734 81.2196 33.2582 0.0200836 118.943
112.061 2.98002 8.79769 7.75273 0.934589 2.30422 20.8285 21.7093 25.2404 91.861 77.7035 6.48104 145.273 151.928 63.0136 33.4648 0.020576 123.322
125.786 4.78353 1.22461 3.65635 2.8433 4.40032 34.9213 10.5354 17.8592 87.5845 102.254 7.34517 147.655 146.204 21.1898 34.4841 0.0104258 118.305
125.786 5.64928 1.22461 3.65635 3.37528 4.40032 34.9213 10.3278 12.1813 91.0752 102.254 5.35013 156.721 137.052 21.1898 33.5163 0.0104258 117.289
135.579 6.25399 1.22461 3.65635 2.64146 6.29921 37.3926 8.76568 12.1813 104.405 76.4501 7.9832 193.974 93.9554 21.1898 35.4744 0.00240664 117.708
135.579 6.57708 1.75912 5.30965 2.64146 9.39793 35.5229 7.02919 12.1813 97.6567 79.4618 7.37266 193.974 93.9554 21.1898 25.9389 0.00126758 117.512
121.962 5.24499 1.75912 7.14929 4.07888 5.85765 35.1715 12.8785 23.8283 95.7987 48.4745 7.41055 64.0042 297.304 79.5353 15.5096 0.000771314 115.364
104.758 4.93513 2.15483 7.30619 12.1534 2.68842 26.117 12.8785 32.8715 94.3543 43.1879 7.98181 64.0042 319.304 79.5353 27.2683 0.000451869 117.793
16.3605 4.33039 2.09543 4.49995 13.6973 11.6404 27.14 17.426 25.7508 108.579 30.1219 59.3527 27.6924 291.184 18.1033 26.0965 7.71867e-05 116.214
-2.06492 3.05838 1.44562 4.49995 13.6973 11.6404 25.9655 18.0312 25.7508 108.579 30.1219 47.623 40.0883 291.184 18.1033 26.3209 0.00028013 116.474
-2.06492 3.05838 1.3133 4.49995 13.6973 11.6404 25.9655 18.0312 25.7508 108.579 10.9166 47.623 40.0883 317.104 18.1033 26.9105 9.26637e-05 118.544
-28.4324 4.74844 1.3133 10.2363 2.01241 13.2845 36.1783 21.6555 18.1269 108.579 7.89898 28.9764 40.0883 365.327 18.1033 27.3118 0.00032515 120.015
-18.0898 4.89772 2.86361 2.14075 8.24491 16.9395 28.6306 24.8652 18.1269 108.579 15.5301 28.9764 40.0883 365.327 43.6284 26.933 0.000212746 121.278
48.0572 4.69794 0.582856 2.14075 9.18419 11.2656 28.6306 18.9012 23.5536 105.315 15.5301 27.88 40.0883 349.96 113.394 29.2536 0.00146974 117.417
48.703 4.97653 1.08232 1.70889 7.79694 16.0389 28.6306 13.4857 23.5536 105.315 15.5301 33.8906 31.9182 362.525 113.394 25.1842 0.00210072 118.432
42.0686 5.11091 1.08232 1.70889 6.37286 13.0295 28.6306 8.13437 31.7801 105.315 15.5301 33.8906 46.6126 362.525 175.276 24.6707 0.00309096 117.942
47.3204 5.12784 3.74378 1.70889 7.24012 10.7455 28.6306 8.13437 31.7801 105.315 12.1491 33.8906 46.6126 362.525 175.276 30.5223 0.00309096 115.96
47.3204 5.01842 4.54525 1.70889 5.55552 12.1177 28.6306 8.13437 31.7801 105.315 12.1491 33.8906 46.6126 362.525 175.276 30.0654 0.00224542 116.776
47.3204 4.87505 4.1321 1.70889 5.55552 12.0851 28.6306 9.47219 42.1996 105.315 12.1491 20.206 46.6126 362.525 183.472 7.93178 0.0113901 116.05
47.3204 4.87505 4.1321 1.70889 5.55552 12.0851 28.6306 9.47219 42.1996 105.315 12.1491 20.206 46.6126 362.525 183.472 7.93178 0.0113901 116.05
47.3204 3.4609 2.47131 1.01989 5.55552 13.389 35.3156 9.47219 42.1996 107.835 12.1491 20.206 46.6126 330.096 242.69 7.93178 0.0113901 114.782
37.2741 5.2147 2.47131 1.01989 6.84385 11.8718 35.3156 9.47219 42.1996 107.835 12.1491 13.3871 46.6126 330.096 242.69 7.93178 0.00757364 115.251
37.2741 5.2147 2.47131 1.01989 6.84385 11.8718 35.3156 9.47219 42.1996 107.835 12.1491 13.3871 46.6126 330.096 242.69 7.93178 0.00757364 115.251
37.2741 5.72492 2.19071 1.01989 6.19347 11.1786 35.3156 9.47219 42.1996 107.835 12.1491 19.6439 46.6126 330.096 242.69 8.99982 0.0140953 116.941
46.8122 5.72492 2.19071 2.6453 5.5928 10.8689 35.3156 6.30397 42.1996 107.835 12.1491 19.6439 29.1837 352.116 242.69 8.99982 0.00752575 115.204
46.8122 4.79792 1.59047 2.61781 4.98508 11.8654 34.9562 9.0437 42.1996 107.835 12.1491 19.6439 23.2949 352.116 242.69 10.0172 0.0181236 115.159
46.8122 4.24736 2.38513 2.61781 3.78845 11.8654 34.9562 9.0437 42.1996 107.835 13.788 20.2869 23.2949 352.116 242.69 12.611 0.0270571 114.193
46.8122 4.24736 2.35202 2.48851 3.2712 11.8654 34.9562 9.0437 42.1996 109.777 13.788 20.2869 20.8129 352.116 226.15 15.7892 0.0247859 113.408
46.8122 4.60577 2.4813 2.48851 3.99437 11.8654 34.9562 9.0437 42.1996 109.777 13.788 20.2869 20.8129 352.116 226.15 11.1633 0.0247859 114.568
58.3176 5.03832 2.04476 2.48851 2.86156 11.8654 34.0627 9.75378 38.8189 109.777 13.788 25.9068 20.8129 352.116 226.15 21.7045 0.0432224 118.298
55.7429 5.03832 1.57474 2.48851 2.86156 11.8654 34.0627 3.89596 44.7034 109.777 20.2843 17.8112 20.8129 352.175 95.2131 14.9418 0.0267905 117.199
59.2821 5.17643 2.42443 2.48851 2.86156 11.8654 34.0627 0.426357 44.24 113.383 20.2843 15.7595 32.6429 340.997 31.5262 11.3045 0.0229298 118.202
46.4123 4.52054 3.55553 2.48851 3.17776 11.8654 26.2368 13.4222 35.0262 113.383 20.2843 16.5243 34.6819 340.997 33.4519 5.99752 0.0306831 113.735
46.4123 4.65101 3.63838 0.59145 4.6754 18.0603 23.3744 14.5975 31.8299 113.383 24.9894 18.9906 31.5767 340.997 48.6693 29.1596 0.0254405 118.845
45.5808 5.14809 3.09247 1.91602 3.43639 16.4221 23.3744 13.186 20.0461 130.674 28.6999 18.9906 36.7999 340.997 30.2341 29.1596 0.0139628 119.509
46.0549 3.45316 4.34787 1.21279 3.43366 16.4221 28.0617 6.61321 20.0461 128.335 22.5858 14.4991 36.7999 343.216 17.2049 11.5977 0.0027547 113.397
46.0549 2.74198 4.90021 0.596761 4.31348 16.219 28.0617 6.61321 37.4738 108.615 26.0592 14.4991 36.7999 343.216 17.2049 11.9623 0.00328908 110.277
46.0549 1.20288 5.52268 2.81325 7.28104 11.5445 28.0617 14.041 37.4738 103.794 25.4093 15.0478 36.7999 343.216 19.3032 14.7732 0.000694415 108.911
46.0549 1.20288 9.1937 2.81325 6.41398 11.5445 28.8841 13.703 37.4738 103.794 22.4453 20.7823 34.8971 346.952 11.0339 14.7732 0.00210185 114.439
53.1642 0.353158 10.4407 15.6125 8.71561 5.19794 8.17991 29.2814 26.3953 103.794 28.2739 20.7823 34.8971 346.952 33.3205 5.62467 0.00107254 115.282
52.8263 0.353158 9.25045 14.342 8.19024 6.61109 8.17991 29.2814 24.8976 103.794 27.7049 19.4254 34.8971 346.952 67.7149 4.31427 8.93096e-05 112.339
67.3751 1.90528 8.53296 14.3293 5.11909 9.8377 8.17991 29.2814 24.8976 103.794 27.7049 19.4254 34.8971 346.952 30.916 7.07515 8.93096e-05 112.234
67.3751 2.23625 8.26584 13.988 6.00552 9.8377 9.91213 26.0014 24.8976 103.794 27.7049 17.7176 38.7657 346.952 43.8571 9.7065 8.93096e-05 113.139
67.3751 3.50829 8.03636 10.9255 3.03148 4.02101 8.48216 31.235 24.8976 103.794 39.8553 16.008 27.8897 361.032 31.1263 19.1691 8.93096e-05 109.35
67.4663 2.92541 6.36737 10.9255 3.03148 1.88557 13.2419 31.235 26.3678 111.977 36.6322 8.0569 26.6447 361.032 15.7177 32.3762 0.00318661 112.896
128.129 1.15895 4.80798 5.70351 3.87553 5.53248 10.7335 31.235 30.1969 101.367 53.9838 9.54155 44.5896 316.312 27.9706 39.1833 0.00207126 114.582
134.358 4.13126 5.8143 5.76013 5.18287 2.6392 1.35045 48.7232 14.1716 88.3191 53.4193 11.9661 52.9915 334.646 5.35171 57.1427 0.00024607 114.944
121.875 3.74337 7.175 5.40198 5.37505 6.2483 1.35045 41.7013 11.3392 100.063 54.2728 6.53928 47.1098 334.646 24.0525 40.3868 0.00813582 114.214
121.875 2.42643 6.62294 3.82318 4.69452 7.72199 1.10345 46.8216 11.3392 109.097 50.3621 2.37203 42.2792 340.796 16.7141 19.1586 0.00702526 112.771
102.078 3.39047 6.79593 4.54237 3.66175 8.99717 1.10345 36.0741 11.3392 109.097 50.3621 2.23157 42.2792 340.796 8.0409 20.3809 0.0122905 119.052
68.4552 5.02238 7.93527 5.54987 3.47741 9.43016 1.10345 48.9975 11.3392 109.097 53.4765 4.38759 5.88175 395.944 9.64274 21.6061 0.00760888 116.732
78.8521 4.60858 9.77502 3.56919 1.68347 3.89694 1.10345 48.9975 11.3392 109.097 60.2919 2.01555 5.88175 385.888 0.720633 20.5537 0.0127832 117.174
107.909 2.38121 10.4943 3.56919 5.73553 5.62232 1.10345 48.9975 11.3392 90.4841 56.1977 15.8557 13.3175 385.888 20.6768 22.4249 0.000106094 111.522
116.547 2.93272 9.84636 3.56919 5.73553 5.46799 1.10345 48.9975 11.3392 90.4841 56.1977 15.0077 13.3175 385.888 23.9738 25.1218 0.000106094 111.443
-3.41553 9.70885 9.84636 7.72774 5.73553 5.46799 1.10345 48.9975 11.3392 90.4841 56.1977 17.3539 13.3175 385.888 23.9738 24.7969 0.000106094 114.465
-3.41553 9.78514 9.84636 7.63292 1.2857 7.84566 1.704 48.9975 11.3392 90.4841 56.1977 17.4558 9.83677 385.888 17.9202 17.1223 0.000106094 114.885
7.25842 9.90917 9.80997 6.8689 0.623804 7.28091 1.704 48.9975 17.9541 90.4841 56.1977 12.2659 9.83677 385.888 5.69803 18.4455 0.000106094 114.016
-31.4673 9.90917 9.80997 9.05492 0.623804 4.17984 1.704 48.9975 32.7004 90.4841 56.1977 4.19488 9.83677 385.888 5.7767 17.3505 0.000106094 112.489
-37.6858 9.78462 17.2445 5.70851 6.69165 3.61178 5.39435 37.4281 31.3959 90.4841 56.1977 4.19488 9.83677 385.888 6.69535 17.3505 0.000106094 112.517
-37.6858 10.7986 17.2445 2.41232 10.7985 0.732782 5.39435 37.0361 31.3959 90.4841 56.1977 4.19488 9.83677 385.888 2.77904 21.2043 0.000106094 113.454
-37.6858 4.46161 14.4025 8.57146 12.7297 1.05285 5.39435 33.8548 21.2994 100.984 58.9407 0.312868 9.83677 385.888 2.77904 31.1517 0.00020414 116.513
18.6165 5.44389 14.4025 8.57146 9.75826 1.0791 3.37273 33.8548 21.2994 84.3577 57.7974 23.4968 9.83677 368.539 11.9584 31.1517 7.6731e-05 114.396
10.144 4.35138 14.4025 8.85214 10.3547 0.751865 3.37273 38.9805 17.5253 83.4926 75.6935 14.0206 3.08112 368.539 19.586 30.0473 0.000186757 114.529
-44.3137 4.69588 16.0152 12.205 9.89029 2.92224 5.75628 34.9641 19.2287 83.4926 69.0141 14.0206 3.08112 376.237 5.86858 37.1045 0.000166679 115.325
-50.2733 4.69588 16.0152 9.52774 9.89029 0.954833 5.75628 34.9397 19.3576 88.3232 71.5379 13.2123 3.08112 376.237 4.57469 33.1679 9.93923e-06 113.437
-50.2733 5.52338 18.6278 8.38617 6.87137 1.93115 5.75628 34.9397 19.0277 86.8279 68.9801 13.2123 3.08112 376.237 4.57469 36.1917 9.11011e-06 114.339
-3.08124 5.36026 14.6443 10.5316 9.4571 0.525048 5.75628 34.9397 19.0176 91.6278 65.5945 7.78381 3.08112 376.237 3.35397 21.192 2.56986e-05 112.851
-26.7058 0.56305 11.8164 14.3696 4.32881 8.80212 15.3541 36.6332 21.3232 94.5969 45.2766 3.95885 3.08112 61.7279 21.0292 4.99416 4.87506e-05 119.612
-26.7058 0.56305 10.3254 17.0565 1.00877 6.54451 14.5994 36.6332 21.3232 109.809 6.79598 3.95885 3.08112 61.7279 21.6236 5.00271 0.00018941 116.195
-18.838 0.422417 11.9843 18.3307 1.00877 6.53447 14.1345 27.6782 27.264 109.809 6.94364 3.95885 5.19256 41.1625 31.3315 37.1478 0.000322571 115.475
-18.838 3.40909 10.777 20.4292 1.14614 6.53502 10.2452 22.3546 27.264 113.248 41.791 3.95885 6.34635 397.676 14.9895 48.147 9.57622e-05 115.646
-43.625 3.40909 10.777 20.4292 3.35675 6.53545 10.2452 25.1447 20.1802 113.248 42.878 3.95885 3.05273 394.175 1.94456 48.147 0.000208876 117.264
-70.1619 0.262126 13.3353 20.8157 7.24827 6.53134 13.9313 23.0305 13.3845 86.2361 42.2279 3.95885 11.7039 83.7227 1.94456 31.1013 0.000143151 121.269
-70.1619 5.74454 13.1532 2.33192 3.56705 6.49568 48.3741 15.1205 8.91043 117.483 40.659 3.95885 5.74234 109.713 6.59281 29.1402 0.000143151 118.804
-74.184 0.416779 13.1532 2.31385 3.56705 6.42228 44.8004 12.1247 7.42258 117.483 7.12112 3.95885 29.9834 428.59 15.5146 16.2643 0.000187427 119.942
-15.9631 5.53187 2.17486 0.774644 4.98783 6.53872 44.8004 20.1973 8.78975 109.809 11.4119 3.95885 33.7215 406.925 53.9916 10.0637 0.000360208 114.624
12.3217 5.53187 4.19493 0.774644 4.98783 6.53872 44.8004 14.8125 11.2795 109.809 11.4119 3.95885 33.7215 406.925 173.32 7.39615 0.000409066 112.511
42.303 7.30854 10.027 1.56939 5.54858 6.50848 44.8004 8.53122 10.7648 100.632 11.4119 3.95885 38.364 406.925 191.511 1.18182 0.000419194 112.375
59.0831 7.55226 9.29177 1.22215 4.48922 5.41761 46.6064 8.53122 10.7648 97.7336 11.4119 5.27244 38.364 406.925 204.61 12.8336 0.000386493 114.747
55.1417 8.81601 5.61472 2.48856 4.76458 5.31589 40.6497 14.8319 10.7975 97.9141 11.4119 5.27244 38.364 406.925 56.1792 9.17885 0.00076465 114.183
59.4017 8.81601 8.1924 2.48856 5.19764 5.39212 35.0011 16.2955 14.8995 94.6023 11.4119 5.27244 43.1835 406.925 56.1792 4.14521 0.000634662 113.452
55.9627 3.28999 11.3479 4.96685 5.2039 6.1554 35.0011 16.2955 15.2162 95.402 11.4119 5.27244 44.7061 406.925 186.48 41.7856 0.000969352 112.981
46.7169 17.3213 2.95456 4.58586 1.59087 3.53906 28.9783 16.2955 14.0242 95.402 14.4691 11.5244 37.948 406.925 177.195 61.815 0.00207658 117.644
54.7637 17.3213 4.96293 1.65765 1.59087 2.00921 28.9783 21.6486 18.8633 95.402 13.709 3.61485 37.948 406.925 181.889 40.7358 0.00823333 116.092
40.2968 17.3213 4.2537 1.65765 2.32475 2.00921 28.9783 21.6486 18.8633 95.402 13.709 1.6736 45.8896 406.925 181.889 40.7358 0.0176798 115.404
40.2968 17.3213 4.2537 1.65765 2.32475 1.82089 28.9783 21.6486 18.8633 95.402 13.709 1.6736 45.8896 406.925 182.293 25.8073 0.0176798 114.364
36.5522 17.3213 4.34304 1.65765 2.6742 1.39417 28.9783 21.6486 18.8633 95.402 13.709 2.45665 48.8995 406.925 181.28 45.31 0.00808136 115.793
30.3807 21.0843 0.248644 2.70643 2.56926 6.34469 28.9783 10.0798 17.071 105.392 11.135 2.45665 51.6502 399.64 180.268 46.0034 0.0066382 117.085
7.23816 21.9941 0.248644 2.43149 3.1318 5.0006 28.9783 10.0798 20.5819 107.018 8.26574 2.45665 47.9664 406.487 181.003 11.0678 0.00580555 117.15
10.1037 21.9941 0.32959 1.70942 3.07573 4.91219 28.9783 10.0798 17.6948 106.893 8.26574 2.45665 48.4583 406.487 183.757 37.2737 0.00807545 120.884
52.5568 15.8122 2.77306 1.40311 3.26665 3.51895 29.5591 23.7497 19.3744 103.028 8.74226 2.45665 42.7442 406.487 192.712 16.5776 0.00186721 111.624
35.0506 15.4609 3.03312 1.29878 3.26665 4.46517 29.5591 18.129 23.5913 108.156 6.86306 2.45665 27.637 407.117 192.463 16.6037 0.00359621 108.543
48.1617 14.6131 2.32298 1.14806 3.26665 6.01569 32.992 18.129 23.0175 107.032 4.73183 0.50516 38.3669 407.117 181.904 17.1332 9.60524e-05 105.69
40.2525 15.8129 2.15969 1.13401 4.90198 7.24942 32.992 18.129 23.0175 104.45 4.73183 0.50516 32.5632 414.416 173.949 17.323 9.60524e-05 108.159
52.0967 15.6875 1.91481 1.0287 2.51111 5.24088 32.992 18.129 25.3691 104.45 4.73183 0.50516 32.5632 414.416 177.044 17.4232 9.60524e-05 104.511
49.3642 13.3058 6.46438 0.203286 2.51111 5.24088 26.2951 25.92 24.4195 94.0865 4.73183 11.2149 32.5632 414.416 173.268 17.6145 9.60524e-05 107.318
48.0032 13.3058 6.93629 0.203286 3.71482 3.50624 26.2951 25.2372 22.0623 94.0865 4.73183 12.4482 32.5632 414.416 161.308 17.6145 0.000555805 110.17
48.0032 13.898 7.39093 0.203286 3.72376 3.23257 30.6507 25.2372 20.5993 94.0865 4.73183 10.5344 34.9732 414.416 168.116 17.7813 0.00116743 111.092
45.116 13.7814 7.39093 0.0504762 2.04812 5.2847 30.6507 25.2372 23.2839 94.0865 2.73939 10.4251 34.9732 414.416 166.134 18.0808 0.0012688 115.075
41.8941 12.7383 8.99697 0.430948 2.04812 2.24674 30.4869 12.2341 22.9845 103.22 1.79639 17.1306 34.9732 409.806 165.204 7.73247 0.000871072 111.939
46.1806 11.5195 11.1473 0.430948 4.24645 1.59963 30.4869 12.2341 22.7644 100.967 1.79639 16.4699 34.9732 406.72 171.434 20.6932 2.99107e-05 109.462
52.3428 12.4744 10.6855 0.153059 0.162251 2.0447 27.5781 17.2976 22.7653 100.967 6.06059 16.4699 26.8258 407.024 200.779 28.7304 2.99107e-05 113.839
41.8523 9.60593 5.64607 0.2804 0.202162 8.86878 34.9465 17.3314 24.4019 104.882 6.71019 0.867338 34.698 409.712 181.17 13.9801 0.000676749 109.016
41.8523 12.0089 5.56674 0.407258 0.93929 8.54919 34.9465 5.66744 21.3535 109.423 15.277 0.867338 34.698 413.388 178.126 10.4707 0.000325947 110.155
67.8351 10.9957 3.47852 1.46356 0.93929 8.41078 34.9465 5.66744 19.9778 107.95 15.277 0.867338 34.698 413.388 178.126 24.8967 2.1226e-05 108.096
79.8799 5.37904 2.77183 4.95849 0.93929 9.7302 34.9465 5.66744 19.9778 111.337 6.16208 7.47951 35.9028 404.658 186.071 15.5654 2.1226e-05 109.548
60.2278 5.90396 3.73025 4.95849 0.598965 10.1862 36.1417 5.66744 17.2385 111.337 6.16208 10.5908 33.173 404.658 190.028 15.5654 2.1226e-05 109.144
59.103 5.90396 3.73025 4.95849 0.598965 10.1862 36.1417 5.66744 17.2385 111.337 6.16208 10.5908 33.173 404.658 190.028 15.5654 7.40145e-05 109.952
76.0754 5.90396 1.68123 3.82283 2.2115 9.63242 36.1417 5.66744 7.16828 127.392 9.79213 1.88196 32.4602 411.19 196.008 42.0538 3.64085e-05 111.473
54.5683 14.0358 2.1849 4.19023 4.46247 9.17506 32.3513 5.66744 7.16828 127.392 7.19729 1.4357 31.5904 411.19 185.603 52.0485 2.51099e-05 110.04
41.3538 12.9675 2.21224 3.35308 4.2683 8.71919 33.6234 11.8554 7.16828 127.392 7.03501 0.506397 24.0778 411.19 191.607 25.4289 2.20189e-05 109.605
41.3538 9.44655 2.28622 1.89192 3.32681 8.71919 33.6234 11.8554 7.16828 126.342 10.1325 0.983276 24.6365 411.19 225.385 44.8477 2.20189e-05 110.883
47.2122 8.12511 2.40403 2.89913 1.36106 8.69861 44.0476 11.8554 7.16828 117.431 7.61001 3.21369 32.7333 401.172 192.658 3.43652 2.36047e-05 105.394
44.5527 4.87324 2.03587 4.64952 2.25067 12.4549 23.1708 11.2329 13.7866 123.337 8.95574 1.96907 43.7458 402.529 194.793 10.5477 6.58467e-05 112.45
48.1545 3.87532 7.04924 1.65263 6.55566 11.7441 34.2496 13.5805 13.7866 110.538 4.54647 1.23355 41.3523 411.441 199.661 7.29362 2.51879e-05 111.934
48.7093 3.49333 2.49473 1.86577 6.53771 10.9513 32.891 24.1106 12.1779 110.538 6.04065 1.76949 36.4836 407.229 199.328 12.297 2.84002e-05 103.863
47.8303 5.14184 1.05681 2.60847 5.11922 10.9513 32.891 22.4951 12.1779 110.538 7.47823 2.60915 36.4836 398.577 207.246 12.1707 2.67905e-05 105.807
47.4012 4.89998 0.155048 1.88119 1.82466 20.6573 35.0141 12.1718 13.2971 113.442 7.47823 0.796854 36.4836 405.096 206.172 8.67801 4.65899e-05 109.324
47.4012 5.51507 1.26131 3.01939 0.519499 20.6573 35.0141 12.1718 13.2971 113.442 7.47823 1.76503 36.4836 408.142 204.19 14.3123 3.61785e-05 108.628
47.4012 5.51507 1.26131 3.01939 1.47238 14.7582 35.0141 12.1718 13.2971 113.442 9.4991 2.51053 31.7952 408.142 203.617 13.5704 1.59618e-05 106.52
51.0446 5.51507 0.220595 3.01939 0.773219 14.7582 35.0141 9.32909 23.4209 113.442 9.44225 2.51053 21.6471 408.142 203.617 11.3568 1.61381e-05 106.662
50.61 4.84393 0.220595 3.01939 2.2581 13.8051 35.0141 9.32909 24.2015 111.076 9.57613 2.51053 21.9573 411.896 203.327 11.3568 3.56423e-06 104.676
52.3151 4.20956 1.67886 3.01939 3.42264 15.3197 34.0252 5.78877 29.0741 111.076 5.52488 3.84365 25.0978 409.282 208.243 11.3568 1.80193e-05 105.67
52.3151 3.15786 1.67886 3.01939 3.42264 15.3197 33.7661 5.78877 29.0741 111.523 4.11557 4.10166 25.0978 409.413 209.024 28.7127 1.21919e-05 105.099
52.8442 2.6388 3.26448 3.01939 5.06237 15.3197 32.3347 7.32542 29.0741 111.586 4.11557 4.10166 24.3008 409.314 212.308 19.0075 7.51453e-06 106.802
55.0087 2.6388 0.527287 4.03171 4.93735 15.9956 40.3205 2.35554 29.0741 108.167 3.60052 5.11211 35.1116 405.929 188.212 19.8662 5.04274e-06 108.466
53.7013 4.8561 0.538387 1.16804 4.9737 13.9152 32.7369 5.51014 33.4345 111.036 1.68571 5.31572 29.8498 405.929 188.371 23.3041 6.34425e-07 104.325
54.1331 2.6757 1.86839 5.03312 5.05383 5.58483 32.5747 5.95563 33.4345 116.451 0.653265 8.51077 17.1128 417.588 195.784 20.9162 1.34745e-08 103.727
42.1053 2.6757 9.18278 5.03312 5.21774 8.57968 9.84624 25.4512 33.4345 104.316 13.7529 4.7001 13.4636 421.536 195.784 18.8452 1.34745e-08 101.55
45.6571 5.36636 6.47476 7.58266 4.00811 11.7926 11.5231 25.4512 28.3749 107.762 11.8507 3.82758 5.04237 422.178 193.52 18.9509 1.34745e-08 103.663
56.0309 5.36636 4.15896 11.1226 5.08771 7.53755 14.701 18.2841 38.2631 107.762 1.08258 3.42866 26.0923 424.899 159.642 14.0592 8.6432e-06 103.46
61.5177 7.12164 3.55258 15.3482 5.93946 1.79773 15.1775 11.5666 37.7402 115.944 1.08258 3.14843 14.9568 424.1 159.654 51.1342 2.50822e-06 110.183
45.5882 4.55636 4.23906 14.1774 7.84703 1.79543 14.911 13.9661 43.119 109.337 1.08258 3.21745 20.3305 420.221 159.654 37.8675 1.2797e-05 106.411
46.2089 4.55636 6.93735 13.8597 7.47894 0.638662 15.083 24.9387 33.5786 78.5892 31.239 3.21558 14.4694 418.748 186.863 44.1074 4.87785e-05 106.654
47.7755 1.23854 6.93735 14.8083 7.92107 0.925209 14.0344 21.4508 33.5786 82.1302 31.239 2.3885 22.8674 425.459 186.863 15.4559 3.63534e-05 105.187
36.5132 4.9146 4.84438 16.8011 5.90765 0.602856 15.4109 23.1766 29.9084 86.586 26.7863 3.62577 24.5454 418.073 186.863 15.4559 6.59649e-05 106.85
36.5132 5.7847 7.63457 12.4578 6.61593 0.602856 13.5181 24.883 35.0215 84.2412 23.988 2.85743 26.754 418.073 171.969 30.4666 5.73678e-05 106.732
36.0937 5.68925 9.02836 12.4398 6.61593 1.47163 6.66261 17.7557 35.0215 87.1131 26.5401 2.16177 38.0501 420.726 160.866 23.169 8.59071e-05 113.324
40.0822 5.31414 10.3059 3.07773 7.38789 5.51144 7.18847 40.3335 30.9947 89.0948 36.426 1.44707 38.0501 395.383 174.223 3.51695 0.000107632 111.736
49.588 8.02166 10.1769 4.33828 7.14699 6.41691 10.4446 31.0398 23.5892 98.3613 36.426 0.94791 35.6796 369.701 76.5616 19.0879 4.99439e-05 111.652
52.4249 9.00837 4.79516 4.62024 8.87518 9.06445 5.24652 23.8 25.4827 92.3258 27.5122 1.23508 30.5546 420.329 161.739 27.994 4.27328e-05 110.826
49.4226 6.09261 8.78237 4.62024 10.0935 9.06445 5.53614 26.5111 35.2853 90.4433 20.4059 1.47597 20.2408 433.232 154.756 65.3103 1.13068e-05 106.356
42.2619 6.10375 6.17912 11.5927 10.4749 7.86418 2.26274 25.3359 37.4771 98.0081 14.3072 2.31672 7.93463 441.334 140.985 40.2833 7.08101e-06 106.049
34.8394 8.92576 5.26693 7.80027 9.64414 8.22256 7.93759 10.9052 42.3627 81.5358 24.9957 19.5295 0.502441 461.116 123.055 45.4421 4.37444e-06 116.48
30.9083 11.8244 4.39966 9.80502 8.29415 6.58734 7.30576 13.1909 42.0854 78.6041 24.9957 14.0123 15.1713 450.68 154.274 44.0326 8.25282e-07 111.597
39.8765 10.4546 4.53762 3.78973 15.2543 1.77799 6.01789 13.4078 73.823 78.5262 14.6555 2.89623 11.9976 445.508 149.579 39.8801 4.25058e-07 106.892
40.0605 11.0978 1.61094 1.66642 21.229 7.19224 9.39688 16.4852 59.2771 69.6902 13.5854 1.59332 9.93319 457.451 140.215 29.9472 2.25792e-07 110.495
68.4227 9.09582 4.58176 0.577406 9.15603 9.55315 1.40441 32.0442 62.1439 65.4614 18.8722 2.58733 4.45588 456.954 142.284 8.74003 2.5078e-08 102.942
58.2275 17.591 0.941331 2.4703 7.18429 9.55315 1.40441 36.0487 58.0667 65.4614 19.6775 2.58733 4.08658 451.494 142.284 7.88521 2.5078e-08 104.002
55.7666 16.7129 0.569138 0.776018 6.4458 9.77004 1.40441 29.8873 59.7533 77.6291 19.6775 0.574678 3.30489 451.494 154.108 12.0728 6.61201e-08 104.008
30.5576 15.5837 0.569138 4.05664 0.683585 4.10283 27.0436 29.243 32.2804 65.9108 18.3753 4.70992 23.7585 454.543 151.666 39.3492 8.93232e-08 113.874
19.6616 15.5837 1.23424 4.64461 3.50918 5.19805 30.6011 31.2538 26.3495 77.4621 21.7322 4.43315 14.953 453.494 129.244 57.4745 1.37484e-07 109.789
-47.5837 16.4023 1.44082 13.1418 4.11362 6.78927 25.5683 21.7599 24.4979 73.1898 16.1218 7.84214 7.80379 474.661 144.18 57.4745 1.37484e-07 115.082
-47.5837 15.1495 1.44082 19.6208 5.25497 6.78927 2.73517 36.7651 24.4979 74.397 16.8174 16.567 7.21961 457.138 152.685 49.6475 2.70684e-08 115.341
-51.142 11.1135 2.69617 19.6208 5.25497 6.67918 2.73517 36.7651 34.4268 70.3973 19.5368 24.0298 3.14769 457.138 144.521 79.5082 9.69889e-09 113.911
-62.8384 11.1135 2.49328 20.8185 6.56378 4.76484 9.47877 36.5062 22.596 70.3973 16.0756 18.3876 8.25963 457.138 153.355 86.8698 9.69889e-09 116.367
-50.7918 13.7415 3.32532 13.9386 6.83245 6.52302 8.59192 36.9732 40.3053 70.3973 12.9419 18.7013 8.20312 442.164 154.969 131.449 9.69889e-09 115.529
-50.7918 13.2125 2.85635 13.9386 7.41397 5.36075 4.08481 36.9732 38.6147 70.3973 14.875 22.9197 8.20312 433.798 159.962 110.236 9.69889e-09 116.368
-44.8312 15.6084 1.8794 16.0075 7.41397 4.06245 7.21663 36.9732 34.6219 70.3973 14.875 22.0108 8.20312 446.932 167.102 110.236 2.04649e-08 116.757
-57.2862 13.901 4.68834 15.7355 7.00149 4.06245 7.21663 36.9732 20.3598 74.176 18.7093 29.352 5.25421 442.367 160.215 31.3333 2.04649e-08 110.994
-65.8082 14.3568 4.69326 15.7355 7.80798 3.87726 7.21663 36.9732 19.5076 74.176 17.5329 29.352 8.7804 444.693 160.215 31.3333 5.46589e-08 111.872
-65.8082 13.7763 4.36404 11.4664 7.92484 5.69619 14.7096 29.2377 40.8876 63.4154 17.5329 23.5054 8.8396 452.672 159.133 33.1783 6.58049e-07 115.159
-70.7438 13.4669 3.34333 10.9008 6.48067 4.7723 27.0123 15.4822 60.2998 63.4154 18.7459 7.50844 3.73731 454.039 143.357 24.7044 1.14377e-06 109.743
-1.91898 13.3548 4.59576 9.24213 2.79368 1.32187 35.1219 0.338652 56.9128 63.4154 20.9658 16.3499 10.1638 451.322 145.876 28.9249 2.11702e-06 113.191
13.6173 13.314 4.78155 9.92995 3.11303 1.32187 32.4551 0.294462 51.59 63.4154 20.9658 22.2209 12.6962 447.514 145.707 34.2398 1.65355e-06 114.758
13.6984 13.173 4.23179 6.4201 2.95752 0.0914493 33.9244 12.0767 53.2016 63.4154 17.336 11.2779 23.0293 447.36 138.341 32.5275 2.52179e-06 112.907
3.72738 13.4887 5.27286 7.05229 3.86827 0.0914493 32.5324 1.73101 88.0183 42.8044 17.3665 6.97188 24.0527 444.485 128.88 28.131 3.89426e-06 112.611
23.9198 13.1622 4.96222 7.05229 3.10002 0.0914493 32.5324 1.73101 88.0183 42.8044 13.7039 8.7271 24.0527 444.485 128.88 24.1176 2.06734e-06 111.637
35.7409 12.4764 3.07081 7.05229 2.86734 1.32292 32.5324 1.73101 75.0205 63.4602 13.7682 6.16258 18.9 435.635 153.905 24.1176 1.55356e-06 103.94
37.2425 2.36379 1.94186 16.857 4.74452 3.71888 22.9278 1.54974 71.9505 72.5013 14.0904 9.69823 10.7292 421.474 175.98 23.8074 8.12046e-06 109.284
34.4815 4.60999 2.41269 16.857 4.74452 2.44815 26.4906 1.54974 71.9505 76.2174 10.2811 4.86618 8.66688 423.731 175.53 17.0389 6.74017e-06 106.324
37.3499 2.7152 2.19071 22.2474 5.93381 2.44815 26.4906 1.96952 67.0945 73.1185 10.5429 5.29999 8.96432 427.371 175.597 9.14107 6.81303e-06 109.347
47.87 2.7152 0.0964921 15.9675 7.06632 1.18924 26.4906 3.94606 71.7048 75.0264 13.7876 2.70698 7.31125 431.041 184.705 47.1271 1.19684e-06 104.996
51.612 2.7152 0.0964921 15.9675 8.05111 1.18924 26.4906 3.94606 72.1924 75.0264 15.8487 5.03007 2.00436 430.835 182.072 49.7825 5.48527e-06 109.707
53.3234 3.45144 3.75655 15.9675 3.15709 8.1444 20.007 6.51141 74.6135 74.1953 5.95399 5.48612 4.28848 431.218 194.613 16.8367 8.48554e-07 102.672
57.8011 3.45144 2.82063 14.2507 2.52503 7.00845 19.4809 7.72521 70.178 67.2497 17.2242 8.19049 8.15261 429.176 182.387 12.7575 1.64357e-06 102.123
74.1907 1.49492 6.04729 14.2507 1.71285 6.80276 17.2195 7.72521 70.218 67.4064 16.8199 8.22165 13.4199 427.029 183.893 27.4782 2.5911e-06 105.688
59.6055 0.987263 6.63719 14.5455 0.525819 13.4363 12.0442 3.8661 83.5121 68.2215 15.2483 5.90264 13.7253 417.868 191.211 13.1033 3.47889e-06 111.386
56.2762 0.449486 2.30337 12.6952 5.09846 10.4671 10.8292 5.26962 72.0438 68.7307 10.3388 17.2124 16.2588 424.573 181.885 12.5023 2.55265e-06 111.299
18.6589 6.52679 7.64264 13.5702 2.21001 8.8405 10.8292 7.8451 72.0438 63.5446 14.3534 14.1451 15.0832 431.555 168.545 15.548 6.27179e-06 107.41
-23.9535 6.48017 7.20423 16.7039 1.4721 4.2712 22.7873 11.0965 72.2905 58.6938 11.3018 13.5667 23.8377 428.326 156.491 11.3728 7.71724e-06 111.475
-19.2336 7.7525 7.20423 17.4828 3.90761 3.32876 16.6836 8.45601 71.9005 58.2887 15.7491 15.2848 16.1236 430.58 162.286 5.68023 1.15278e-05 110.179
-27.7965 8.17639 7.20423 18.8307 5.59706 2.32301 11.4033 8.28211 70.8452 58.2887 13.9686 18.6217 23.7049 429.579 164.169 12.3778 3.89394e-06 110.784
-26.4925 4.02786 7.20423 21.0393 8.53199 1.90321 11.1914 8.28211 71.4529 58.2887 16.7308 18.6217 20.022 428.451 160.747 28.7559 1.21873e-06 113.116
15.9441 0.563106 7.2477 20.9749 5.43018 1.9873 14.1205 3.89454 71.4529 62.1477 23.4777 12.8213 11.3388 422.194 184.666 49.6609 1.21873e-06 112.767
80.3744 0.563106 1.83069 17.3847 5.43018 0.71918 14.0618 9.42732 103.905 62.1477 14.3726 8.51957 6.37309 415.594 88.6604 73.386 6.42455e-06 116.303
44.2822 4.83249 3.86346 5.81844 8.06481 1.14674 16.0357 8.38944 114.093 56.9934 14.7681 7.84362 6.37309 411.125 57.1462 7.38409 9.22918e-05 111.965
112.144 7.79418 2.87446 5.94723 8.97347 0.897386 13.4352 8.38944 111.395 47.7767 20.6196 5.97103 8.89556 399.218 11.6624 4.99036 0.000101411 111.23
133.991 5.16367 4.71391 4.79537 7.61734 3.79139 6.98235 10.4383 106.683 47.7767 39.4151 13.3797 3.82332 398.751 24.0031 10.3363 0.000135019 109.358
134.381 5.70091 3.51255 2.72119 11.6872 8.08691 2.36274 14.5406 98.0521 54.4027 23.5242 23.0992 8.35246 395.568 29.7955 15.4284 0.00013828 112.443
122.039 4.35466 3.42202 3.33954 11.4103 8.08691 3.07826 14.5406 98.0785 54.4027 30.5561 18.6075 10.5662 398.806 127.118 11.1561 0.000138029 111.657
117.313 8.192 2.3481 1.7186 6.24549 10.4993 3.63455 18.7163 102.582 35.1498 48.7063 6.60527 10.9082 383.016 204.747 7.63398 0.000129609 110.414
119.062 6.498 1.97163 1.95107 5.60201 10.4993 0.791052 16.2639 102.582 38.1617 48.7063 13.8816 20.349 371.038 213.543 66.4206 0.000125287 113.357
113.468 9.32999 3.58397 3.67569 8.60286 7.99501 2.50564 9.32401 64.8157 87.3788 40.1654 8.46366 28.7511 368.423 190.628 53.6248 0.000180624 113.977
113.102 10.4164 3.16143 0.808083 8.15342 4.51756 0.383708 25.5476 54.6609 83.8469 41.3431 18.0583 11.7105 368.423 219.372 32.0736 5.47629e-05 112.665
113.88 7.22319 3.2054 5.92685 8.14222 1.4623 5.25722 25.5476 54.6609 71.4434 64.7469 20.2491 11.7105 346.415 232.348 13.1953 4.74924e-05 111.225
112.132 6.36259 3.46645 5.92685 8.08693 5.71414 5.23629 25.5476 54.6609 78.2989 64.7469 20.2491 7.33464 340.656 232.348 7.88145 9.35727e-05 111.814
92.435 6.36259 2.8722 5.92685 8.35487 4.41176 5.23629 25.5476 54.6609 77.8725 64.7469 27.7586 4.5989 340.656 232.348 6.8448 9.35727e-05 112.364
125.366 7.47154 0.828441 6.24809 7.18981 5.35194 5.28773 28.8335 55.2481 69.6634 64.7469 32.1731 23.2074 322.674 37.5426 5.897 0.00140112 113.43
128.567 8.95606 2.45492 2.66224 6.84112 6.0586 5.2628 22.7163 63.4806 57.7519 72.9727 28.4971 15.1082 322.674 0.791156 4.75429 0.000636341 113.912
114.548 3.79995 6.65206 2.94517 5.614 9.22749 5.23663 25.8521 53.6812 67.8823 87.6536 18.4325 16.7903 322.674 88.1106 3.18179 0.000716502 114.978
143.868 1.95478 6.69056 2.94517 7.83922 10.9045 5.3938 25.8521 53.6812 67.1333 53.4592 16.7128 14.247 372.277 88.1106 3.50507 0.000713057 116.902
135.418 2.1652 0.478742 4.67762 7.53271 10.9045 5.29063 20.4704 53.6812 70.0371 77.4742 16.7452 3.88184 360.958 148.694 8.83993 0.00231672 117.576
124.397 1.59614 1.28532 5.17715 6.02856 8.92453 5.75492 29.0584 47.1124 64.6604 80.7098 14.9217 7.75328 368.347 46.2147 29.6971 0.0104239 117.559
122.599 2.50823 3.60616 11.3221 6.07225 4.88526 6.11706 26.8598 47.1124 59.1902 80.7098 16.9499 16.4086 394.039 159.107 34.8741 0.00744015 120.676
122.369 2.47041 5.47057 9.32843 4.67259 7.25625 4.4818 23.7479 56.6654 58.3194 57.4555 12.6055 26.9694 383.743 187.336 7.38767 0.0134016 114.723
119.554 2.40368 1.53185 15.1144 6.84761 4.39383 9.89668 18.7704 56.6921 66.4574 51.6116 17.7812 18.6303 370.277 30.822 5.47398 0.0343975 118.092
112.087 2.45113 2.01161 15.4716 5.48797 3.44088 3.14478 19.6325 71.3199 59.5748 51.6116 16.8628 13.3927 370.947 214.908 18.4188 0.017627 114.751
132.878 1.50136 3.38019 14.5129 1.32759 5.258 0.0730366 20.1 75.2756 54.2885 62.2361 6.80522 20.576 370.947 206.879 6.82832 0.0124942 116.516
117.538 3.28158 3.39653 9.61694 0.52486 5.30397 8.55885 20.8596 85.3706 50.8361 62.2361 1.77331 16.2314 371.488 190.259 2.15315 0.00603365 113.688
119.161 1.8228 4.24537 12.186 0.894284 5.30984 9.10546 20.9157 84.2247 49.7999 52.2713 7.17415 19.4395 371.488 179.707 9.74216 0.00882406 114.595
105.599 2.41355 4.69981 12.2526 4.50734 5.62845 9.67633 20.68 80.1957 40.5327 53.6629 13.3702 33.2917 346.762 88.0464 19.393 0.00488963 116.658
52.345 1.83207 8.47239 11.3354 9.37992 4.62097 6.84697 20.2565 75.3251 35.2602 88.45 7.34551 58.6534 293.242 18.9318 28.2484 0.0188781 116.293
45.7893 3.16414 9.01309 10.0215 7.02867 4.2371 10.145 18.7625 64.7255 35.2602 96.6707 20.5689 50.8221 265.268 55.3866 26.896 0.0869517 121.141
45.7893 3.4223 9.29893 9.93458 7.02867 4.27895 10.9586 19.0479 67.6366 37.6912 96.6707 23.2273 63.3079 261.562 55.3866 28.8614 0.0498167 118.659
46.254 4.32403 8.17984 9.99867 6.72425 5.09784 8.69596 19.127 70.2442 37.6912 96.6707 23.2273 110.645 191.713 18.9595 44.2602 0.0296001 116.553
46.254 4.20969 8.17984 10.1683 4.43924 5.64685 9.31693 19.3192 67.7728 48.6756 96.6707 16.874 110.645 191.713 18.9595 44.2602 0.0164844 116.746
46.254 5.19243 5.95171 10.1596 5.57893 1.14453 9.31693 24.133 66.6402 38.2706 110.811 14.9756 110.645 191.713 3.96789 3.79413 0.0242424 116.866
-24.9189 5.53129 10.2607 10.218 5.73656 1.49183 4.34435 25.3461 62.5211 43.3398 120.627 20.8966 93.5995 191.713 39.4305 20.3245 0.00615202 123.316
9.04599 8.192 14.0346 10.1805 5.38972 2.51513 2.0999 26.4462 64.8581 42.5807 97.2855 26.679 224.65 29.6127 64.4028 28.6404 0.011216 126.623
23.1109 9.92743 6.5222 9.31229 6.8677 8.03903 5.55848 27.9793 42.6668 60.975 97.2855 16.243 224.65 29.6127 40.5648 30.6258 0.0142618 121.855
5.65359 8.54866 3.67965 8.37669 6.89337 6.15704 3.67558 25.5862 59.3331 73.7498 74.6421 11.7765 120.527 199.404 40.5648 16.3266 0.0168688 122.254
105.79 4.46055 2.88861 10.1933 9.31709 0.157901 9.70991 25.7407 70.3118 44.8067 66.2817 19.3684 113.821 199.404 47.933 9.73372 0.0578504 123.679
109.602 4.2603 0.240772 10.4983 7.40269 7.86296 2.41934 26.2111 78.071 44.8067 66.2817 19.1976 113.821 199.404 111.299 9.73372 0.0265529 122.251
138.97 4.1437 0.240772 11.4378 3.95611 5.64338 2.41934 27.9209 75.6741 44.8067 57.0107 27.6266 113.821 199.404 121.601 9.73372 0.0333291 124.584
137.367 1.89548 1.57977 11.2558 3.3275 7.93523 4.98887 30.9653 70.0708 45.1176 57.0107 34.5398 122.685 191.37 118.887 37.2464 0.00486803 123.467
139.164 2.78035 0.941122 13.0917 2.83696 4.72868 9.72412 29.8963 69.3878 40.1976 57.0107 41.3805 122.685 191.37 48.8128 33.921 0.00892393 125.43
133.51 3.32788 0.941122 2.74927 5.56886 2.88906 3.92169 26.4065 65.7195 43.7212 82.1897 41.3805 83.8846 191.37 10.1188 16.4487 0.00542158 121.459
113.126 3.24066 3.12003 7.54571 8.587 4.10498 7.69588 18.1376 66.4423 46.509 82.1897 74.3931 111.016 128.347 10.1188 18.7805 0.0139399 118.371
115.773 5.18262 3.06829 7.98251 11.1013 6.27805 5.8813 18.2952 58.2608 59.9757 82.1897 74.3931 111.016 128.347 10.1188 21.1302 0.0110506 119.213
115.773 5.18262 3.06829 5.02714 11.942 5.48683 10.187 14.6628 58.2608 53.8184 82.1897 74.3931 111.016 128.347 10.1188 21.1302 0.0134315 118.477
53.0274 4.10276 3.06829 7.32704 12.6985 6.60449 6.94003 21.9346 59.409 53.8184 81.9186 74.3931 111.016 128.347 10.1188 15.1401 0.00937572 116.13
53.0274 4.10276 3.06829 7.32704 12.6985 6.60449 6.94003 25.7757 59.409 55.4463 81.9186 76.7567 111.016 128.347 10.1188 15.1401 0.00577122 117.123
53.0274 5.92906 2.40245 8.95583 12.6985 3.0162 13.6401 21.0128 33.5282 55.5598 115.986 77.5673 85.5188 128.347 10.1188 2.32024 0.00930977 119.556
53.0274 5.92906 2.27058 6.50682 12.424 5.37401 12.7299 21.0128 40.7679 55.082 115.986 77.5673 85.5188 128.347 47.7489 5.12656 0.0154303 118.274
46.8453 7.41862 6.24496 4.94765 11.288 3.96564 11.144 21.0128 40.7679 54.2071 115.986 77.5673 85.5188 128.347 11.2455 0.447161 0.0125768 116.137
46.8614 11.5364 5.86532 4.94765 10.2071 5.20236 14.0674 20.3992 40.7679 52.2067 115.986 67.4651 85.5188 128.347 40.766 3.57735 0.0299989 123.288
39.7548 13.0692 7.17101 2.59622 10.2071 0.695062 12.2803 25.2687 51.1095 60.6066 55.7129 115.062 85.5188 128.347 40.766 4.16772 0.00665095 120.384
53.1592 13.0692 6.59055 1.40563 2.71485 3.00882 20.8219 26.6675 19.2742 58.1471 95.8185 62.3946 133.836 128.347 17.3172 49.2113 0.00540067 122.687
52.9738 1.95566 5.59844 12.1519 4.50946 3.28413 21.8615 43.5708 42.2261 56.9386 65.0029 68.8151 133.836 128.347 17.3172 33.8821 0.00340376 123.064
47.6447 1.76115 7.42073 15.4928 5.18806 1.57008 19.9154 36.7594 34.2772 56.9386 70.0695 68.8151 129.525 128.347 41.5416 65.0658 0.00345515 123.23
47.8008 0.748824 3.11748 15.2858 9.20148 2.138 22.2037 50.9908 29.4227 54.7812 53.7012 68.8151 90.0885 183.763 42.3441 71.2127 0.00680773 127.575
31.4526 0.0649794 5.32897 12.4951 7.50843 2.76483 22.0264 37.7676 32.6752 72.0728 54.7294 124.659 64.2903 105.66 32.504 60.3068 0.0065067 132.373
28.9791 3.9242 5.32897 9.88164 8.93688 3.87182 18.431 27.5836 32.6752 88.7341 64.1998 124.659 64.2903 112.377 16.5749 43.628 0.00248885 120.185
28.9791 2.38587 7.18224 9.88164 8.93688 5.50436 18.431 27.5836 32.6752 88.7341 64.1998 124.659 64.2903 112.377 16.5749 43.628 0.00248885 120.483
47.3968 8.08903 7.34705 6.23841 15.7417 0.478555 17.6933 27.5836 13.806 88.7341 61.6026 221.352 37.8818 32.597 84.902 21.7618 0.00652262 125.347
47.7551 8.08903 6.42594 3.0152 16.2114 1.09216 17.8049 23.7318 29.6047 74.7815 66.4274 221.352 37.8818 32.597 84.902 36.9351 0.00163567 124.048
41.7435 5.7709 3.36365 0.190415 17.1056 12.9562 17.4667 5.12968 48.0316 83.8044 66.0219 221.352 28.2606 32.597 45.4455 22.2757 0.001434 123.294
46.9933 5.97103 3.36365 0.190415 17.1056 12.9562 16.1876 16.3304 31.0631 83.8044 91.8231 221.352 28.2606 32.597 28.2181 14.17 0.000836162 123.812
44.8006 5.47519 3.87125 1.28564 15.6069 11.5279 16.249 13.5 41.5562 83.8044 78.3574 181.538 63.4811 32.597 44.0987 14.3398 0.00264801 121.399
46.1032 5.58538 3.87125 0.0929485 12.3394 11.557 16.169 15.6774 41.9563 83.8044 78.3574 181.538 57.8307 32.597 33.6329 13.1941 0.000853923 118.783
46.1032 5.59801 0.995236 1.23608 10.281 13.0645 16.1839 20.9012 41.9563 79.0648 78.3574 141.598 96.4744 32.597 40.4577 13.7864 0.000485974 115.828
51.6031 5.59801 0.995236 0.558866 10.281 13.0645 15.7642 20.9012 41.9563 79.0648 78.3574 141.598 96.4744 32.597 40.4577 12.6011 0.00120484 116.378
53.0203 5.57134 0.995236 1.24808 11.1378 13.0645 15.8488 18.856 41.9563 79.0648 78.3574 141.598 96.4744 32.597 40.4577 17.8305 0.000591148 115.454
65.3201 5.57919 0.995236 1.24808 11.1378 13.0645 15.8488 18.856 41.9563 79.0648 78.3574 141.598 96.4744 32.597 40.4577 7.06123 0.000591148 118.106
65.3201 5.54306 0.995236 1.50881 7.79968 14.3636 15.8136 30.6022 36.521 81.4076 78.3574 141.598 98.8119 20.7025 12.5576 7.6583 0.00126398 119.159
54.7699 5.53436 0.995236 0.867018 7.63954 12.2268 15.7601 35.0386 15.8541 80.1966 78.3574 141.598 92.805 20.7025 12.5576 2.04826 0.00221047 121.128
49.6498 5.87662 1.61457 0.830492 11.8771 10.8575 15.498 35.0386 15.8541 73.66 97.8077 141.598 97.9859 20.7025 0.617472 6.45247 0.00221047 119.948
49.6498 6.19949 1.61457 0.678593 11.8771 10.0929 15.5412 23.0915 40.6332 66.5763 97.8077 141.598 97.0451 20.7025 60.0587 19.6946 0.000513845 116.741
49.6498 4.71006 1.61457 1.43802 11.5933 8.91705 15.5632 22.3395 35.0112 66.5175 112.615 59.8296 113.286 109.759 6.53346 19.6588 0.000143766 112.578
49.6498 4.41422 4.435 1.60663 16.8031 9.13659 17.5033 25.8499 35.0112 64.1904 96.242 22.7044 113.286 166.672 35.7754 15.452 6.84462e-05 113.562
49.6498 4.41422 4.435 1.58079 16.8031 9.13659 17.5033 25.8499 35.0112 63.3233 96.242 22.7044 113.286 166.672 35.7754 15.452 0.000181962 114.986
53.6018 3.34969 4.435 1.06855 16.8031 9.09879 16.0869 14.7208 26.8366 66.2089 121.222 20.3941 113.286 166.672 54.1381 14.236 0.000112311 115.154
50.3515 2.47569 5.51892 1.48977 11.5203 5.93481 21.0306 18.9088 26.8366 65.33 121.222 23.5146 108.608 165.22 19.4008 20.5073 0.000112311 111.507
55.2016 1.19339 9.99659 1.48977 11.5203 4.43397 17.9947 18.9088 26.6502 65.6126 121.222 23.5146 108.608 165.22 19.4008 19.5686 0.000112311 114.097
43.5952 2.69224 9.99659 1.48977 12.3384 6.10075 17.9947 18.9088 26.6502 65.6126 121.222 22.0099 108.608 165.22 25.4803 19.7519 0.000190333 115.254
-35.7562 2.06816 3.81341 16.3518 5.03738 13.748 18.469 15.3272 26.6502 65.6126 121.222 18.8866 111.077 165.22 23.3092 19.701 0.000424212 119.408
-63.8782 2.71222 10.2347 15.5016 0.401179 13.748 14.6002 15.3272 26.6502 64.0128 118.809 9.85392 111.077 222.277 23.3092 19.089 0.000906665 125.133
-46.6223 3.16993 5.77473 13.3345 3.03731 15.57 17.0811 20.2085 30.6596 53.2434 115.831 8.81786 104.99 222.277 29.6608 19.5767 0.00266242 120.688
-46.6223 1.54859 2.42268 20.1489 3.03731 12.5268 17.0811 20.2085 30.6596 46.5022 115.831 8.81786 112.715 222.277 78.0743 2.48101 0.00266242 124.711
-32.3505 3.7281 2.42268 20.1489 3.67229 14.0791 14.7035 19.8897 30.6596 41.9692 115.831 16.471 112.715 198.965 47.6156 2.48101 0.0026156 124.691
-32.3505 3.98489 0.383109 19.1772 3.67229 15.7988 18.087 23.3961 30.6596 55.0202 115.831 11.9143 112.715 198.965 47.6156 8.21768 0.00485452 122.478
-32.3505 3.78071 0.867559 17.4728 6.77679 15.6839 15.3191 23.9568 30.6596 57.8952 115.831 17.5737 137.404 139.845 102.45 15.1342 0.00367492 123.461
-16.4672 2.85819 4.68317 11.0378 1.87651 17.0495 22.7913 23.1322 34.3527 55.0523 109.672 8.80979 154.634 169.404 9.62211 26.1646 0.00127025 125.254
-7.38258 2.95668 4.45295 9.82098 1.06032 17.0495 22.7323 23.1322 34.3527 48.8984 95.365 20.983 151.021 155.558 76.77 48.3566 0.000262638 120.927
-16.4575 1.91269 5.56475 8.51314 3.81383 17.0495 22.7323 26.4205 34.3527 49.1028 95.365 17.9495 153.544 155.558 1.98673 31.0057 0.000160012 118.949
16.1831 1.91269 6.85613 0.659397 3.81383 16.1096 22.7323 26.4205 34.3527 58.6133 95.365 9.51916 153.544 155.558 18.7818 4.05764 0.000227334 116.116
16.1831 2.32901 6.11421 1.18701 3.81383 17.4771 15.8724 31.9413 23.649 62.7407 95.365 4.933 153.544 180.156 14.8384 18.1994 0.000623866 118.005
55.6848 2.04302 6.00003 1.1245 11.5523 1.04548 14.962 31.9413 23.649 75.4388 89.5319 6.02629 153.544 168.913 31.5396 2.62451 0.000307685 114.196
50.3627 1.91141 5.92594 1.1245 19.738 4.60731 5.4058 31.8631 20.1744 74.5219 89.5319 4.83946 153.544 168.913 26.0651 9.97694 0.000974718 113.56
50.3627 0.4528 6.0171 3.57998 19.738 2.27397 13.5857 47.4342 20.1744 71.2219 68.0209 5.28531 153.544 183.719 5.43394 10.7186 0.000442875 114.879
23.4672 0.848655 5.96338 6.38821 19.7526 1.73499 13.6455 47.4342 20.1744 70.5387 68.0209 4.72269 153.544 183.719 5.43394 25.5071 0.000178701 117.642
-38.2224 0.872772 5.9906 6.05549 19.7526 2.9674 9.40305 47.4342 20.1744 65.1948 70.1739 9.3608 153.544 183.719 5.43394 22.3505 8.31343e-05 121.056
52.0424 2.01243 6.12174 1.6386 13.957 4.63238 15.836 28.4753 37.1996 78.7451 64.4023 19.9595 70.3671 25.9287 5.43394 7.80489 0.000181268 115.508
47.8397 1.62382 7.83078 1.6386 6.33753 6.05379 19.0125 26.6115 48.4958 76.3926 43.684 15.7317 41.7581 98.4127 11.5868 6.75469 0.000345889 117.261
90.7179 4.01544 8.05259 2.78924 8.10435 9.56283 19.0077 19.3703 42.5794 80.7936 65.4769 25.278 119.265 169.999 9.44224 8.02562 0.000314568 114.317
45.9385 13.1069 6.1716 3.01036 7.17807 9.56283 9.63533 16.8337 38.4908 80.1703 73.1656 18.6312 119.265 189.071 9.44224 3.4214 6.30239e-05 110.206
56.077 13.1069 6.41873 0.669953 7.25006 6.56535 1.40666 29.1487 44.1802 75.4968 73.1656 22.8601 119.265 189.071 9.44224 13.1988 0.000100429 111.04
50.6254 13.1069 6.50047 0.669953 7.12708 8.55699 1.40666 29.1487 41.6546 75.4968 68.8164 17.2604 147.121 157.906 40.138 7.99723 1.2832e-05 108.745
50.6254 13.1069 6.71877 1.54901 7.12708 8.55699 1.40666 29.1487 41.6546 75.4968 68.8164 17.2604 147.121 157.906 40.138 5.30395 4.93634e-06 108.478
51.148 13.6966 6.71877 1.54901 5.63025 8.55699 3.94818 29.9745 63.8101 75.4968 30.9723 35.8515 147.121 157.906 65.7128 11.7788 4.93634e-06 113.29
66.1068 7.97673 6.47119 2.25005 7.1663 7.78791 3.72489 24.9059 65.5248 82.8064 33.2184 27.4462 147.121 157.906 27.8396 20.4398 1.46149e-05 110.826
60.5138 9.82606 7.54389 1.1507 10.0457 10.7069 4.40511 21.7573 62.8546 82.7908 26.9685 29.8716 147.121 157.906 41.7009 5.96154 1.62831e-05 113.695
54.6141 5.16647 8.03567 1.1507 6.72009 10.7806 0.407047 28.6279 60.6206 86.0536 32.8875 43.7609 147.121 157.906 58.4129 17.2303 5.88781e-06 114.63
45.6003 3.85591 5.80928 14.7096 6.98066 5.7417 5.0831 27.3639 58.9174 91.1375 19.2298 43.7609 147.121 157.906 34.9077 7.2159 1.10399e-05 111.568
42.9859 4.09215 5.80928 14.7096 7.55022 3.6588 8.1109 27.5175 54.4567 91.1375 19.2298 51.991 131.737 157.906 33.7871 7.70096 2.19531e-06 108.983
50.2809 4.2167 5.46581 13.6972 6.76648 2.81702 7.25084 30.1949 55.4573 91.1375 16.5815 27.0254 131.737 157.906 48.0007 18.4118 1.893e-06 110.906
55.7492 3.87423 6.49318 11.9196 6.05985 2.81702 6.6824 31.7482 55.4573 91.1375 17.2999 62.1196 131.737 157.906 16.1885 2.68718 1.73846e-06 109.812
53.402 3.98137 6.7139 9.45104 6.80585 6.86998 9.05181 27.1638 49.9651 92.233 33.1842 17.653 129.729 157.906 3.17136 2.23878 8.95256e-07 109.001
47.7906 2.42565 6.7649 12.7788 5.57929 6.58194 3.71615 27.1638 41.7606 90.725 59.7235 29.7965 129.729 157.906 3.17136 20.0322 1.19031e-06 106.028
49.1446 2.37923 5.61306 19.7766 1.48897 6.58194 2.49048 34.1188 41.5843 89.5957 59.7235 23.6993 129.729 161.549 5.24622 35.0974 6.01541e-06 110.299
49.9707 1.64066 6.36427 15.1521 8.8979 6.58194 0.793824 34.1188 45.0402 74.6731 59.7235 38.0404 130.143 161.549 5.24622 27.1308 3.37575e-06 110.531
50.2462 0.603149 5.84435 14.6419 8.8979 6.07771 15.9783 17.2091 45.0402 82.0726 59.7235 36.4246 124.767 161.549 9.82444 5.55691 3.82745e-06 109.174
51.0423 4.08137 6.60043 14.0582 8.29638 6.74877 10.2701 16.1369 39.8348 91.283 59.7235 35.4458 124.767 161.549 6.93695 16.5894 8.48928e-08 106.785
51.9258 0.752568 6.31748 16.1648 0.758471 7.27246 16.2417 18.5152 30.7204 96.1273 59.7235 35.4458 130.299 161.549 6.93695 8.57766 8.48928e-08 106.145
43.9356 0.752568 7.25528 15.8426 2.09031 6.11738 18.5325 20.5375 27.267 93.3157 59.7235 19.9425 131.297 184.827 29.8374 49.5516 8.48928e-08 108.236
49.0118 0.752568 8.59805 15.8687 1.91259 5.33615 22.5396 19.134 27.267 99.7225 49.214 19.9425 131.297 184.827 44.3985 46.1965 8.48928e-08 108.609
45.65 2.0663 8.28934 15.8736 1.47412 4.92638 26.5213 21.4594 18.1734 101.817 40.3009 32.784 126.208 183.84 29.4825 71.0618 8.48928e-08 112.039
52.203 1.45783 6.62648 15.892 3.55557 3.70024 28.3584 27.8378 7.78837 108.06 55.1777 19.0904 126.208 183.84 68.7184 35.8142 8.48928e-08 111.326
50.0324 1.45783 4.72838 15.911 2.13418 3.70024 28.3892 25.3736 7.78837 106.744 56.3372 19.0904 133.978 183.84 50.0088 35.8142 2.71907e-06 110.255
61.073 1.45783 5.34067 19.3657 2.13418 1.99866 29.417 11.2858 7.78837 121.281 57.7746 8.78937 133.978 183.84 28.0954 19.563 1.6659e-06 111.162
47.6943 0.987483 3.89481 18.6124 0.940755 1.99866 33.9426 8.37727 5.5706 119.492 65.1251 6.53018 133.978 185.152 27.1938 21.8466 1.46422e-06 110.155
47.6943 1.37874 5.38047 18.6124 1.66242 0.124094 28.3759 8.21069 7.92535 120.41 65.1251 7.69425 133.581 185.152 40.0669 21.9213 1.06295e-06 113.445
47.3231 1.37874 5.90645 17.0877 3.20512 1.86153 30.337 11.4939 5.68309 113.547 65.1251 11.839 133.581 185.152 39.0602 21.9213 1.06295e-06 110.745
46.4555 1.37874 3.93654 17.1716 3.20512 1.86153 30.337 11.4939 19.1055 108.422 68.2088 8.13133 133.582 192.511 20.6256 1.15466 4.42698e-06 109.871
52.3034 1.37874 6.36517 19.5125 2.68496 1.64971 28.9585 12.9158 8.50566 110.392 74.9298 0.583657 80.0317 221.572 34.3818 21.4454 4.60498e-06 115.082
50.0694 16.1596 3.99839 1.26286 2.09748 3.59522 28.0496 27.2269 3.87222 110.392 74.9298 17.8539 61.0295 274.65 30.8229 21.4454 0.000530522 115.655
50.0694 16.1596 4.27047 1.26286 2.09748 7.28163 21.9287 26.6897 2.72883 107.379 74.8846 17.8539 56.7448 274.65 32.516 21.4454 0.00103167 114.184
42.2769 16.1596 4.07441 1.26286 1.31823 7.04843 21.9287 29.7859 2.72883 107.379 52.8205 40.3503 56.7196 274.65 32.9926 0.494995 0.00132851 116.082
61.2017 16.2392 4.47735 1.26286 1.31823 5.67071 7.73037 45.693 10.0719 93.844 64.4303 24.0523 66.5226 274.65 32.4821 51.0491 0.000370553 117.86
53.4929 14.6271 3.65858 1.26286 1.31823 4.8483 15.894 45.693 14.5203 93.2716 63.0005 28.5021 58.6374 274.65 29.6719 57.3332 0.000282826 119.385
65.2544 13.2035 2.68017 1.2583 7.48747 4.8483 19.8219 45.693 8.51108 89.4037 63.0005 28.5021 58.6374 274.65 33.2953 31.7284 7.76517e-05 116.536
46.6778 12.9245 2.77234 2.49994 9.78986 6.00721 18.5384 32.2752 8.51108 107.006 36.2899 51.0761 62.7001 274.65 9.15891 51.8202 3.59187e-06 113.691
52.7914 13.2644 3.49011 1.06196 10.1281 5.47627 15.0626 35.3741 8.51108 106.528 49.2058 33.4749 58.6737 274.65 29.9336 37.5875 3.59187e-06 111.395
49.7701 5.82062 3.50867 1.06196 9.13194 11.3036 17.1414 31.5257 8.51108 95.4472 49.2058 52.0396 58.6737 274.65 22.2779 33.7631 3.59187e-06 115.722
35.4793 5.82062 3.50501 1.06196 13.2187 14.3505 19.1962 0.982398 101.852 32.0642 49.2058 45.2435 58.6737 274.65 22.2779 43.8032 9.97065e-06 116.764
35.4793 6.18544 3.48704 2.26892 11.7968 7.68216 19.1962 0.282157 125.102 32.0642 43.5479 101.71 69.4286 163.1 4.71576 45.2781 0.00010094 118
48.2859 9.15391 3.57878 2.66799 9.50777 6.31 15.1076 6.74861 109.627 28.2157 78.9074 88.7115 69.4286 140.889 45.9003 35.5535 0.000106315 115.597
47.8474 6.93455 6.5123 8.76789 5.98691 6.31 15.1076 6.74861 109.627 12.2498 78.9074 53.883 99.7617 174.902 5.92724 15.4802 0.000357008 114.895
47.8474 3.66057 9.09025 8.76789 3.23749 7.53041 15.1076 6.74861 109.627 12.2498 78.9074 53.883 99.7617 174.902 10.1178 7.71661 9.8907e-05 110.689
47.8474 2.76464 9.09025 8.76789 4.94019 7.53041 9.64422 6.74861 109.627 12.2498 76.0405 61.4946 99.7617 174.902 17.0575 7.71661 6.01612e-06 111.203
45.7905 4.68894 9.13734 8.49401 4.94019 11.0202 8.68426 6.74861 109.627 12.2498 64.4844 61.4946 99.7617 181.505 23.5532 6.26717 6.01612e-06 112
43.9217 2.56277 5.18524 8.05496 4.94019 11.8933 8.32928 6.74861 109.627 12.2498 68.4927 66.1538 106.167 186.127 4.75135 5.69841 0.000123109 117.08
49.462 2.56277 4.58959 10.1096 4.94019 12.2296 8.32928 5.81271 126.666 12.2498 68.4927 92.5677 51.7564 186.127 7.71439 11.7835 2.83853e-05 111.638
49.7283 1.17251 4.58959 6.92758 6.03247 14.3627 8.32928 5.81271 126.666 12.2498 79.3851 92.5677 51.7564 186.127 7.71439 5.20349 1.12463e-05 113.868
49.0454 0.564186 4.58959 5.2083 7.22615 14.3627 8.32928 5.81271 126.666 12.2498 90.9572 92.5677 40.2502 186.127 9.5512 21.2459 1.12463e-05 112.627
55.2489 0.564186 2.97308 6.25709 9.89358 7.32127 7.32276 5.81271 130.228 12.2498 90.9572 92.5677 45.95 174.506 23.2139 20.7881 1.12463e-05 115.09
55.2489 1.14586 4.7037 3.17185 9.89358 7.32127 7.09983 5.94109 130.228 12.2498 87.2557 92.5677 45.95 174.506 21.8069 21.7835 1.12463e-05 115.079
33.5143 0.287448 1.37654 3.81663 9.89358 9.89142 5.41319 13.1736 130.228 12.2498 87.2557 80.1023 62.2756 174.506 31.2674 37.9292 9.21736e-07 114.948
40.3852 0.861479 3.23802 5.70101 20.8201 6.0328 2.61115 0.177796 121.398 23.4253 78.3793 49.0457 84.6377 156.371 35.3899 25.594 9.21736e-07 115.293
36.2995 2.20899 2.64644 7.7186 17.1988 6.0328 8.34149 12.179 121.398 17.8987 56.4284 24.8911 95.4394 187.859 46.9204 10.9987 9.21736e-07 115.103
48.7323 2.27945 1.3488 7.85373 10.7827 13.1319 9.66551 2.55863 110.702 17.8987 66.5167 53.4482 65.4392 254.064 82.7491 10.9271 9.21736e-07 113.5
48.7012 2.82105 5.19014 7.59741 9.47279 8.09168 9.88869 2.55863 110.702 17.8987 82.1094 45.9288 55.0275 255.552 41.4398 4.53123 9.21736e-07 110.282
47.0806 5.01608 4.97186 6.52732 11.1741 6.79141 11.4565 5.39091 97.6841 17.8987 84.8437 58.2673 50.7135 255.552 24.0475 6.50728 9.21736e-07 110.554
49.3728 3.89792 5.09386 4.64918 15.8001 5.67299 10.2165 6.05849 92.329 36.4275 77.3176 44.6247 60.6909 255.552 234.393 4.93283 9.21736e-07 111.869
49.2946 3.99788 5.23261 6.25014 12.8858 5.80206 11.4686 4.62727 102.78 36.4275 82.4867 37.3652 42.6507 255.552 271.369 5.35929 9.21736e-07 111.23
49.8217 4.48867 5.59458 6.25014 11.0577 5.11049 11.5558 12.6113 102.78 36.9735 72.6775 39.4751 59.0914 254.71 67.1677 3.62597 9.21736e-07 111.996
48.3332 5.56392 6.06484 3.44043 13.6818 5.93946 8.03518 12.0479 101.533 36.9735 75.114 31.6278 59.0914 251.028 38.7011 0.981467 9.21736e-07 109.095
47.6564 4.03273 6.06484 3.44043 11.1605 6.11479 6.26937 14.3353 101.533 28.7213 99.1368 32.4394 36.5829 266.192 20.5381 15.635 9.21736e-07 110.903
47.6564 7.06848 4.57718 3.44043 11.1605 6.11479 12.2367 12.5546 101.533 18.3978 99.1368 28.9456 36.5829 266.192 20.5381 15.0222 9.21736e-07 109.316
47.7592 7.06848 4.57718 3.44043 7.33092 9.9843 11.0612 12.5546 101.533 18.3978 99.1368 28.9456 42.0917 266.192 20.5381 16.8432 9.21736e-07 108.792
46.3055 7.06848 5.90511 8.99943 7.33092 6.55126 10.2591 12.5546 101.533 18.3978 102.331 22.6854 52.2643 266.192 20.5381 31.583 9.21736e-07 113.027
45.7145 5.29548 9.85842 6.91762 6.36131 7.44896 10.3287 12.5546 101.533 18.3978 99.8463 19.9928 69.744 217.464 20.5381 48.8983 9.21736e-07 115.81
47.0715 3.11817 10.428 9.63616 0.610661 7.49339 9.63361 9.83105 100.484 11.6901 97.604 21.591 69.744 257.82 20.5381 31.1095 9.21736e-07 110.962
47.0715 6.03937 2.67079 10.7428 0.814196 7.42004 12.1095 9.83105 108.383 11.6901 97.604 18.8021 69.744 257.82 20.5381 31.1095 9.21736e-07 110.144
36.6101 7.91242 4.74129 5.80731 0.814196 7.09326 11.9731 9.83105 112.43 11.6901 97.604 16.0546 72.475 257.82 20.5381 18.6909 9.21736e-07 112.356
34.8291 7.91242 4.74129 11.3805 0.814196 8.59146 11.7337 10.9505 100.694 12.9613 97.604 16.4272 72.475 257.82 11.9425 64.2411 9.21736e-07 113.363
52.5033 7.06538 4.74129 13.0062 1.03627 10.9893 1.2223 10.9505 123.818 12.9613 97.604 13.0512 72.475 231.156 11.6206 64.2411 9.21736e-07 116.04
49.8889 3.70445 1.52205 13.0062 5.73324 10.9893 1.2223 10.9505 94.859 12.9613 119.921 13.6352 72.475 249.794 11.6206 64.2411 9.21736e-07 113.091
49.8889 5.00037 1.52205 13.0062 5.73324 11.3149 1.36643 10.9505 94.859 12.9613 119.921 14.729 33.8549 249.794 11.6206 64.2411 9.21736e-07 116.92
47.7763 3.88874 1.52205 14.3665 2.94101 8.00579 8.50622 13.8211 84.5298 39.2665 78.6034 14.3095 33.8549 313.286 18.1314 26.8605 9.21736e-07 111.206
114.162 3.88874 1.13267 13.1558 5.95618 10.1504 0.452906 15.7815 84.5298 44.5398 60.7809 17.6335 61.9824 287.666 18.1314 3.23766 9.21736e-07 110.964
117.074 3.88874 1.13267 13.1558 6.82892 13.1818 0.227658 15.7815 84.5298 44.5398 60.7809 17.6335 136.282 185.71 18.1314 18.9206 9.21736e-07 112.809
95.7983 1.98731 1.13267 13.1558 7.06023 11.8694 2.60077 15.7815 84.5298 44.5398 60.7809 18.2806 136.282 185.71 18.1314 18.9206 9.21736e-07 111.17
60.2512 2.06794 2.83305 16.7115 5.99511 10.505 2.21098 23.0822 84.5298 59.6552 35.3614 16.8251 136.282 185.71 18.4458 20.0565 9.21736e-07 112.067
78.6953 1.88045 2.26771 18.4096 1.55373 10.505 3.64439 23.0822 83.7168 59.6552 46.7116 20.5985 69.5652 228.511 51.0276 38.3724 9.21736e-07 117.172
97.0066 1.56745 3.48431 16.8153 1.52466 9.18059 6.91937 22.6612 45.8779 82.2146 62.4819 20.6747 99.7338 250.227 241.155 45.7246 9.21736e-07 115.012
104.889 10.2709 4.9258 1.10237 5.31853 3.241 5.54622 29.5201 45.8779 82.2146 65.1833 20.6747 99.7338 228.292 218.922 53.5267 7.31595e-08 114.412
131.604 8.6988 4.59379 1.55768 6.16243 5.0806 5.497 27.1277 33.547 82.077 60.863 20.0324 88.0298 256.522 176.202 28.5618 7.31595e-08 113.465
69.5662 8.98876 6.19231 6.66639 6.37174 7.85824 11.704 26.9149 27.8302 87.7604 47.0519 20.3469 99.4484 248.826 261.804 21.5908 7.31595e-08 110.5
65.7143 8.98876 5.79688 2.08511 5.92828 9.46055 10.3456 26.9149 30.0828 87.7604 47.0519 21.524 115.273 248.826 261.804 4.22877 7.31595e-08 110.613
43.2839 10.3754 5.46353 3.20723 5.09937 9.46055 15.6913 31.5911 36.645 76.4811 47.0519 15.6909 111.902 247.769 251.778 5.75348 7.31595e-08 110.529
43.2839 10.3754 6.00611 3.20723 5.09937 6.50321 14.6827 31.5911 47.3057 76.4811 47.0519 8.99003 111.902 247.769 251.778 5.75348 7.31595e-08 110.022
58.9602 10.3383 7.78652 3.20723 4.88768 3.50341 14.6827 37.8936 50.5597 69.4111 47.6271 0.434911 111.902 239.278 251.778 11.4349 7.31595e-08 113.757
72.0979 7.84243 7.78652 2.67616 2.14078 9.45472 8.57685 35.1923 39.9984 74.8376 50.4921 3.605 108.537 260.045 251.778 19.3106 7.31595e-08 109.14
61.0918 6.31869 7.78652 3.05653 2.14078 9.45472 9.28494 29.7526 39.9984 81.201 70.9533 12.0746 83.0111 260.045 216.134 15.6 7.31595e-08 111.595
65.4142 5.49842 7.78652 3.88419 5.84336 4.09702 6.7401 28.3742 39.9984 81.201 70.9533 13.3489 83.0797 260.045 254.882 13.1633 7.31595e-08 108.59
49.5797 6.69626 5.03633 3.52826 12.4569 10.2625 10.8041 18.6717 39.9984 80.2405 70.9533 5.16827 79.0945 270.721 254.882 37.4763 7.31595e-08 109.341
46.1439 6.25324 4.92473 3.96544 9.39058 10.6512 8.75781 27.0908 44.1523 55.5919 88.5626 2.90531 82.0678 270.721 254.882 45.5484 7.31595e-08 109.614
46.1439 3.86166 4.46129 5.56316 10.7718 8.75209 12.5654 31.5711 48.2823 64.4236 69.4241 1.62311 82.0678 275.486 243.682 45.5484 7.31595e-08 112.099
46.1439 2.89136 0.398079 5.56316 10.2726 13.3085 4.20253 32.2384 48.2823 64.4236 83.2816 1.62311 80.0586 275.486 243.682 35.9653 7.31595e-08 109.793
-23.9833 1.52134 1.57314 17.9578 10.2115 11.0739 4.20253 27.465 48.2823 72.7495 83.2816 6.37889 78.7609 264.321 243.682 10.5025 7.31595e-08 111.658
-22.7 1.52134 1.74578 17.9578 10.2115 12.2194 1.61952 27.465 46.6024 72.7495 83.2816 6.37889 78.7609 264.321 248.303 10.5025 7.31595e-08 112.349
-36.3949 1.52134 1.74578 19.1349 13.205 9.07019 1.61952 20.6042 52.7092 73.8797 63.527 15.1872 98.2537 264.321 248.303 24.6409 7.31595e-08 115.174
85.054 2.44941 2.81277 19.1349 9.98363 0.726612 1.61952 20.6042 50.9713 79.5345 77.2106 20.6376 94.9328 222.212 287.837 18.2081 7.31595e-08 115.617
50.4537 2.44941 2.55191 16.9165 11.3083 0.879853 2.98627 24.4589 50.9713 82.8213 60.1531 14.8014 90.6163 249.953 53.2269 18.8749 7.31595e-08 106.824
50.4537 6.00311 3.19669 14.5634 6.81985 2.62192 0.836986 29.4876 55.4217 85.2326 51.8066 9.86563 97.0148 232.9 38.1533 16.6146 7.31595e-08 107.978
96.5982 6.49861 4.04984 4.26763 2.77851 2.75491 7.97926 24.6848 55.4217 73.2771 70.7393 9.86563 87.5988 255.685 23.8284 54.3559 7.31595e-08 109.981
121.664 7.26324 2.12585 4.26763 6.69578 2.75491 7.97926 24.6848 55.4217 73.2771 67.1377 9.86563 97.2421 250.223 23.8284 43.4336 7.31595e-08 106.774
121.664 9.13953 2.11293 3.82944 5.52215 0.76935 12.2992 24.6848 53.8748 73.2771 67.6578 5.57777 97.2421 255.911 18.5248 23.7573 7.31595e-08 107.375
121.664 4.72584 3.18514 4.77557 12.5701 0.76935 12.2992 26.7565 37.618 73.2771 73.219 4.83249 97.2421 263.075 32.9078 54.995 7.31595e-08 108.553
121.664 3.89174 3.18514 7.78919 9.29757 0.76935 12.2992 26.7565 37.618 73.2771 73.219 12.0894 97.2421 263.075 32.9078 54.995 7.31595e-08 109.42
104.784 4.07715 4.46337 6.97564 6.5495 1.7137 14.7223 26.4742 33.5042 74.8122 62.0141 13.8451 75.0549 290.455 51.0091 53.0876 7.31595e-08 111.302
95.1371 4.78691 6.52191 7.13096 5.97113 5.61836 12.8654 27.891 30.3499 89.9174 50.5954 30.7539 69.1562 260.989 52.7624 40.4791 7.31595e-08 110.878
53.2724 2.55229 5.64319 7.13096 5.85107 8.93982 10.9842 34.2667 28.1788 94.5157 52.1037 83.6703 11.5551 260.812 33.4073 51.0821 7.31595e-08 111.408
49.2825 4.35615 2.80883 8.79946 13.5838 5.27155 6.93205 38.2218 22.8738 107.454 40.7602 44.8332 54.1402 261.746 17.8906 46.3516 7.31595e-08 109.405
54.995 0.0710531 0.275444 9.76937 18.8775 6.16145 4.54163 32.3124 11.161 98.4351 72.5562 9.43589 101.996 256.534 26.3451 3.5655 7.31595e-08 110.993
48.2504 1.37312 0.275444 10.7882 17.7232 6.04939 4.77434 30.3678 18.7472 103.816 76.0008 7.6277 94.3165 222.45 26.3451 6.5828 7.31595e-08 107.236
48.2504 1.16806 4.31151 7.49035 17.7232 7.16172 4.77434 30.3678 13.7828 100.518 85.835 7.6277 83.6856 236.039 20.115 8.47447 7.31595e-08 109.449
68.1812 1.10269 9.30568 7.49035 2.0793 10.268 4.58188 33.0566 16.2082 90.5877 80.0021 7.6277 94.3933 253.731 54.8809 4.7497 7.31595e-08 107.65
67.5626 3.36011 11.7631 4.93876 1.69083 18.7769 4.55386 27.746 17.5531 90.3144 66.6287 7.6277 100.774 253.731 36.828 21.1739 7.31595e-08 110.136
67.5626 13.0061 5.50711 0.330308 1.69083 18.7769 4.79305 24.0925 30.1695 90.4915 61.5927 14.0015 82.0557 253.731 19.6948 10.4819 7.31595e-08 111.043
67.5626 13.0061 2.5688 0.330308 1.69083 17.8998 4.48379 23.6898 30.1695 89.8422 65.9928 14.0015 80.7786 266.525 19.6948 3.4132 7.31595e-08 107.893
67.5626 14.1775 2.93611 0.330308 1.69083 17.8998 4.37357 31.2129 30.1695 87.2898 65.9928 14.0015 80.7786 266.525 2.84081 6.55269 7.31595e-08 109.352
6.24638 14.1775 1.62263 4.1869 1.7506 17.8998 2.26183 22.8318 52.3401 86.2342 44.6928 19.0907 86.5821 258.089 34.5324 4.49512 7.31595e-08 110.701
44.5392 8.43852 1.62263 4.1869 2.2875 19.4316 2.26183 23.7078 51.9603 80.2508 44.6928 54.0202 53.7861 268.168 32.6283 4.49512 7.31595e-08 108.877
60.4796 10.4537 1.67559 8.81276 2.64835 5.22759 7.97334 30.0124 61.2466 83.6557 22.7915 46.1877 40.5578 291.823 33.1684 17.3409 7.31595e-08 109.43
53.722 14.1527 0.105584 3.35565 12.301 5.24266 7.71136 16.0128 63.8435 88.0145 23.3897 15.9754 33.3176 37.6344 22.7087 10.9094 7.31595e-08 108.514
53.722 11.1381 2.86661 0.522892 12.1513 5.43104 7.99426 17.0322 63.0965 92.5132 23.3897 15.9754 4.94805 385.203 17.7017 25.0139 7.31595e-08 106.612
53.722 10.3968 2.86661 0.522892 15.5523 5.20045 7.99426 22.9981 41.1498 92.5132 17.6208 15.9754 4.94805 413.008 25.9035 6.62671 7.31595e-08 108.939
6.96746 10.3968 2.62729 8.29004 18.4779 5.34059 7.99426 23.4803 41.1498 93.6433 35.5825 13.7235 12.6972 389.164 11.711 3.18528 7.31595e-08 109.363
6.96746 5.13669 2.62729 6.52696 20.8313 7.97002 7.99426 25.2228 52.9163 76.0853 17.2013 1.56714 12.6972 389.164 16.5181 3.18528 7.31595e-08 108.054
-17.8279 5.13669 0.114418 6.58534 20.8313 9.25371 7.20078 29.1873 43.9816 80.77 37.7932 23.5295 12.6972 389.164 22.2222 41.4567 7.31595e-08 112.603
43.3211 5.13669 1.0375 5.36609 12.6392 9.25371 8.91047 36.0934 43.9816 72.362 41.0844 23.5295 12.6972 382.675 14.8366 40.0273 7.31595e-08 108.027
9.87504 2.38546 1.0375 5.42763 13.2055 11.2635 9.94348 21.3555 43.9816 79.7486 52.6646 23.5295 3.23058 382.675 9.76151 47.0032 7.31595e-08 110.668
46.9125 9.24591 1.0375 7.49153 7.72368 12.323 12.5863 23.2964 35.396 85.9091 47.5647 16.2505 7.83633 384.045 9.76151 47.0032 7.31595e-08 108.018
13.1548 16.567 1.0375 9.72835 4.08364 8.82598 12.6933 25.3209 28.3252 85.9091 61.1615 16.2505 7.83633 384.045 9.76151 55.2425 7.31595e-08 112.977
-46.2249 20.5017 5.34873 12.5409 4.74563 3.61324 10.6431 26.8128 27.116 85.9091 56.6129 8.96507 28.7556 353.974 15.3388 22.6652 7.31595e-08 112.061
-63.3404 19.1137 9.56167 2.92583 5.5031 3.75147 10.8386 33.9749 27.116 79.4799 60.6621 17.0782 28.4401 353.36 13.0596 36.0706 7.31595e-08 111.415
-63.3404 20.2984 7.49802 3.22919 6.32412 5.81202 12.1936 32.8449 27.116 79.4799 61.1029 27.2118 14.467 353.36 9.71457 14.9433 7.31595e-08 109.885
-63.3404 17.6178 8.99105 5.96672 6.43088 3.0958 12.1936 32.8449 15.9747 113.066 57.9399 17.5416 11.799 353.017 9.71457 6.13306 7.31595e-08 111.444
-24.9525 14.4458 8.98625 6.6775 6.19949 2.20506 12.5759 32.105 26.8323 93.4994 58.833 7.57994 6.56469 351.156 9.71457 7.92159 7.31595e-08 110.103
55.8495 14.4574 1.50243 3.93302 6.07982 2.32407 12.0869 25.3372 28.0704 97.6689 25.923 2.55533 6.56469 379.544 35.0901 0.836942 7.31595e-08 107.25
62.1941 14.4574 1.50243 3.93302 4.22105 5.09387 11.0633 25.3372 28.0704 97.6689 25.923 2.55533 6.56469 428.143 47.1287 0.836942 7.31595e-08 104.23
60.5498 17.4795 1.50243 4.2964 4.28716 3.43941 11.6671 21.9582 28.0704 94.3473 25.923 5.47773 7.59889 506.807 47.1287 1.9904 7.31595e-08 110.28
72.5189 10.051 2.82081 6.39569 7.19568 7.86283 9.52507 21.9582 28.0704 94.3473 25.923 4.38155 7.59889 78.2292 24.2604 3.44339 7.31595e-08 105.729
29.9804 10.051 3.27654 6.39569 7.19568 9.29317 9.17179 24.6871 28.0704 94.3473 25.923 5.05623 7.59889 63.1315 2.9767 7.59348 7.31595e-08 105.313
33.3048 10.156 6.02558 4.31984 8.44262 7.82737 8.71281 22.8587 28.0704 94.3473 25.7159 7.23953 4.38705 76.9375 2.9767 17.8087 7.31595e-08 106.179
35.9218 10.8943 4.78249 4.31984 6.49838 8.25635 8.63317 29.6717 28.0704 114.171 27.6971 9.34994 15.8286 76.9375 19.6598 10.2736 7.31595e-08 107.363
50.405 10.9807 6.12735 5.21469 4.58531 7.4153 8.48822 19.5669 43.1146 97.3617 27.0631 5.40051 10.0147 11.6843 27.6109 22.7624 7.31595e-08 109.212
43.4278 10.1482 4.59296 9.08419 1.82977 10.668 8.75146 34.1352 21.9577 106.332 28.2802 0.930902 3.3278 11.6843 31.9193 51.4125 4.21221e-05 114.031
47.3536 9.14139 4.9231 10.0674 2.25427 4.74551 8.90645 38.3051 21.9577 106.332 47.5935 1.31418 21.7241 11.6843 41.9941 37.9278 1.70096e-06 109.794
12.6671 9.14139 4.44367 9.50632 6.08329 3.50744 9.52562 38.3051 21.9577 106.332 37.997 1.31418 34.2701 11.6843 2.95661 31.9277 1.0942e-05 114.135
50.2375 9.14139 3.99145 6.28377 3.56495 5.55183 9.37528 34.8975 17.6706 106.332 38.346 17.1817 28.0376 11.6843 9.21746 19.0678 4.70813e-05 109.84
66.7859 5.87494 3.8672 6.84648 0.651866 14.8472 9.75587 27.4163 20.2459 106.332 44.476 17.1817 24.6921 11.6843 12.6781 24.6796 6.0536e-06 111.271
22.2396 5.47489 4.22985 10.7092 2.05688 11.9361 7.94463 25.4899 26.0643 106.332 62.2009 27.1103 26.09 11.6843 18.257 32.5856 1.33352e-05 119.01
47.981 5.55634 4.32625 4.65493 1.83219 14.9222 18.5271 12.7028 43.8996 92.6632 59.0316 16.5374 39.7743 24.5858 63.8823 29.8825 7.66549e-06 115.951
47.728 14.6703 3.50979 3.09027 2.44665 11.484 5.42622 36.853 19.9563 91.5781 60.5284 35.9604 39.0033 24.5858 63.8823 27.6596 7.66549e-06 116.804
47.728 12.469 6.04824 3.09027 1.3422 9.26374 5.42622 36.853 17.5729 91.5781 79.0577 62.8023 40.607 24.5858 43.2948 31.1849 9.31216e-05 120.023
61.2827 4.82027 7.43388 2.24584 3.68747 14.8081 10.1009 33.3734 17.5729 78.8426 101.54 62.8023 40.8726 215.697 38.835 23.7194 3.30789e-05 115.359
48.2852 5.21874 8.04575 1.83302 3.62866 16.4629 10.3175 29.324 33.8116 75.892 84.8304 49.5979 40.5817 215.697 18.7731 25.2487 8.23792e-05 114.836
74.8329 4.3406 7.66423 1.64762 9.07539 6.53917 3.66809 26.5311 25.6807 68.4134 115.58 31.8846 42.6484 275.11 6.8168 22.6511 0.000332492 118.957
70.5624 4.85589 0.431798 1.35524 5.94926 3.97978 18.6113 37.6547 25.6807 65.5299 93.1499 53.4538 50.3411 235.257 6.52115 16.9277 1.40079e-05 112.844
67.3179 4.39161 0.431798 1.35524 8.14571 3.11968 18.8776 36.7009 25.6807 65.5299 93.1499 53.4208 54.5502 235.257 6.31238 25.2666 1.40079e-05 113.541
53.9175 5.08078 1.27007 3.41397 8.32804 3.11968 13.6962 36.7009 25.6807 65.5299 93.1499 53.4208 54.5502 235.257 6.51077 25.2666 1.40079e-05 111.59
54.1363 6.15117 5.23751 1.78238 8.42518 3.11968 14.5211 36.7009 25.6807 70.8919 85.9963 53.4208 55.3066 235.257 6.49987 25.2666 1.40079e-05 114.005
50.1167 10.6228 7.0039 1.73676 12.3794 3.43378 12.0917 29.7697 37.4636 70.8919 62.4745 18.61 39.6728 338.21 6.95743 45.7383 7.41078e-06 113.047
49.1789 10.6228 4.37899 1.35897 14.089 4.69188 10.8027 27.5432 44.7893 70.8919 51.3377 24.5084 39.5693 329.741 3.59657 47.4887 0.00015115 114.081
49.1789 6.00277 2.54579 1.35897 14.4456 4.04666 10.8027 32.4861 44.7893 70.8919 51.3377 13.1505 47.5468 343.602 1.85006 47.4887 9.29941e-05 111.189
41.3423 6.00277 2.54579 1.35897 14.4197 5.81426 10.8027 32.4861 44.7893 70.8919 51.1115 13.1505 47.9951 343.602 45.8699 40.0037 9.29941e-05 112.187
41.3423 9.88168 2.54579 3.22 10.5512 5.81426 10.8027 29.2307 44.7893 70.8919 51.1115 13.1505 47.9951 343.602 66.2984 40.0037 0.000690793 114.255
37.3521 7.08623 0.308164 4.72024 9.27812 5.84784 20.0961 27.0228 38.4998 70.8919 56.6686 10.9553 38.6448 343.602 10.9235 45.97 0.000690793 114.741
37.3521 7.08623 0.308164 4.12426 3.65393 5.77137 25.765 29.6516 43.8039 70.8919 53.5864 10.9553 37.2512 303.481 21.9199 61.7597 0.000717547 119.094
38.3987 3.77196 0.491598 4.12426 4.25102 5.2037 25.765 30.6143 43.8039 70.8919 53.5864 10.9553 33.3001 303.481 19.8561 41.7497 0.0020648 118.333
37.5422 3.9946 0.491598 4.12426 6.27339 7.91054 14.9174 40.0787 43.8039 70.8919 75.6015 10.9553 32.8181 303.481 51.2316 43.4285 0.0020648 121.227
54.5963 3.9946 0.491598 1.86118 12.3527 2.83118 12.0696 40.0787 43.8039 70.8919 64.0045 10.9553 46.7068 280.694 9.19609 7.14813 0.0015772 115.684
70.6559 3.09324 1.3152 1.86118 10.8963 2.2702 12.3613 38.2415 43.8039 70.8919 62.8303 0.967923 43.8542 336.474 19.6451 5.75291 0.00527461 113.254
51.9332 2.17224 3.46638 1.86118 11.1335 6.58 9.67925 38.5976 33.8437 75.9021 65.1268 0.967923 47.4412 336.474 20.2846 15.5603 0.00527461 113.292
48.5048 1.48819 3.5678 2.61492 12.0455 9.72019 8.07658 38.5976 33.8437 75.9021 55.6112 13.0923 26.9629 325.645 18.6325 9.83921 0.00233775 112.895
56.484 0.72069 3.5678 2.66716 11.2259 9.72019 8.8488 38.8557 33.8437 79.4265 63.2575 1.7261 23.3616 376.996 1.85138 11.03 0.00248117 112.75
36.2402 0.72069 10.3581 4.17915 9.51681 9.72019 7.0606 36.3953 33.5015 79.4265 63.2575 1.7261 23.3616 357.833 15.3413 8.19921 0.00222153 111.954
66.081 7.42346 11.4944 2.06723 9.70413 5.38424 5.53238 36.69 20.7369 78.3362 67.0238 5.10339 26.9122 357.833 36.7883 2.10851 0.00222302 114.85
66.081 8.74186 9.98517 2.06723 9.23985 7.6976 6.75769 36.69 20.7369 78.3362 67.0238 5.10339 24.313 357.833 16.0782 4.55655 5.96981e-05 111.39
66.081 6.19109 9.30278 3.9783 10.3024 0.713625 6.59661 41.9481 20.7369 78.3362 73.8592 8.0104 24.313 360.672 23.0848 7.62847 0.00136418 113.015
93.7414 5.5645 9.50614 0.284323 10.8362 2.4457 6.83098 41.9481 12.3098 78.3362 74.763 5.27143 24.8389 358.444 2.83052 5.73013 0.000152663 111.413
30.3601 7.79746 8.5729 0.284323 11.3047 3.96881 7.36034 41.9481 26.5294 82.1455 66.4732 2.35135 24.8389 367.253 12.0316 4.66355 0.00028479 113.071
4.27912 6.47964 2.13626 4.912 11.1856 3.0778 9.61216 41.9481 20.8671 108.043 33.756 6.51737 41.8534 379.511 9.53117 6.9465 0.000315372 114.998
42.9174 3.4948 10.0305 12.0979 9.34104 1.26758 13.2981 28.522 20.8671 108.043 33.756 7.86069 38.3916 114.858 9.53117 12.9146 0.000313871 115.559
35.5063 7.38284 6.01662 8.157 8.99525 1.42604 21.3849 26.0152 20.8671 108.043 36.6706 3.87166 49.1473 36.1415 35.7071 11.4056 0.000270416 113.697
53.8115 5.95251 3.88195 7.22648 7.93115 2.54563 21.3849 26.0152 20.8671 108.043 37.2774 9.79899 39.5329 36.1415 35.3759 11.4056 0.000570427 114.829
62.7458 8.75534 4.80278 7.22648 7.93115 2.54563 14.9334 30.6978 20.8671 108.043 41.7957 4.57226 39.5329 68.7852 16.7174 0.344981 0.000570427 115.18
54.5379 9.58556 6.82245 7.22648 7.65213 2.48756 10.6597 30.6978 20.8671 108.043 43.4964 11.2882 6.6516 46.9852 34.3565 0.344981 0.000570427 114.421
54.5379 9.63994 6.55447 5.82701 7.56964 3.58665 11.4711 20.7814 10.2125 113.026 46.0163 14.6209 38.4161 318.035 17.294 3.2318 2.09969e-05 110.635
69.3872 8.24179 6.55447 6.72299 7.56964 4.89644 10.3915 20.7814 9.76782 113.026 46.0163 12.7464 38.4161 318.035 35.7111 26.601 2.09969e-05 112.661
69.3872 9.22925 5.03904 3.20655 7.50916 4.89644 10.0316 32.5376 9.76782 122.924 44.8075 11.7774 49.3789 318.035 6.80207 26.601 2.09969e-05 109.046
69.3872 9.22925 5.4009 3.20655 8.36055 4.89644 10.0316 32.5376 9.76782 122.924 44.8075 11.7774 49.3789 318.035 6.80207 10.8233 2.09969e-05 109.239
69.3872 10.2511 5.4009 3.20655 8.36055 5.34318 8.05334 32.5376 9.76782 122.924 44.8075 11.7774 49.3789 318.035 6.80207 8.2518 2.09969e-05 108.353
69.3872 10.2511 5.4009 3.20655 3.51604 5.34318 8.05334 34.1038 9.76782 122.924 44.8075 11.7774 49.3789 318.035 233.132 28.3786 2.09969e-05 111.059
69.3872 11.3481 7.21466 3.20655 3.51604 6.33651 3.77367 34.2144 9.76782 122.924 51.4714 11.7774 49.3789 318.035 248.45 34.6745 0.000113943 116.213
69.3872 11.3481 7.18898 3.20655 5.41963 6.33651 3.77367 34.2144 9.76782 122.924 51.4714 7.93256 49.3789 318.035 201.506 37.7218 0.000113943 115.303
68.797 10.78 7.18898 3.20655 3.38809 6.70708 1.8935 34.2144 7.98137 122.924 49.2617 18.5211 49.3789 318.035 235.459 32.2943 0.000113943 116.31
55.6124 8.04035 5.96685 6.48876 6.30195 6.89004 7.6883 29.5875 7.98137 128.903 38.0246 18.5211 49.3789 318.035 100.717 31.4794 0.000113943 113.787
55.6124 6.57375 7.52611 5.73743 5.11568 6.89004 7.6883 29.5875 17.7428 113.072 50.4263 18.5211 49.3789 318.035 77.4048 13.0348 0.000113943 111.968
52.4144 6.57375 7.52611 9.52468 6.81104 7.05027 9.54769 29.5875 17.7428 113.072 41.1826 18.5211 38.2771 318.035 76.4472 12.4497 0.000113943 111.339
52.4144 6.57375 7.52611 9.52468 6.81104 7.05027 4.59543 29.5875 17.7428 113.072 41.1826 0.944533 38.2771 359.025 76.6938 12.4497 0.000113943 110.835
52.4144 3.71041 7.52611 9.52468 8.98179 7.05027 4.59543 29.5875 25.2378 113.072 41.1826 0.944533 38.2771 359.025 81.4402 11.8012 0.000113943 109.98
52.4144 2.96449 7.52611 9.52468 8.16362 10.5617 4.38285 32.3731 25.2378 100.086 40.8949 13.0554 30.3982 359.025 79.6399 11.8012 0.000113943 110.636
52.4144 2.56283 7.52611 9.52468 4.75978 11.0116 4.14906 32.3731 25.2378 100.086 41.0872 13.0554 30.3982 359.025 80.5887 0.848263 0.000205365 110.487
52.4144 2.72029 10.564 12.3414 4.75978 2.91071 9.21159 32.8597 25.2378 101.937 37.1041 13.0554 30.3982 359.025 80.1593 0.703111 0.000205365 110.882
52.4144 2.28575 8.76907 8.43228 10.5253 3.97205 11.2007 29.7423 25.2378 101.937 44.0203 7.84484 30.3982 359.025 80.0409 15.0005 0.000495511 110.047
52.4144 2.5043 8.76907 8.43228 8.31437 3.97205 11.2007 27.4455 25.2378 101.937 44.0203 7.84484 30.3982 359.025 80.2849 1.55759 0.00561492 112.93
52.4144 2.16107 8.38869 13.6872 3.01589 3.97205 16.7994 29.7402 25.2378 103.173 41.375 7.84484 30.3982 359.025 81.9459 42.4644 0.00344066 114.179
52.4144 1.32996 12.7404 3.45027 5.59415 10.9188 11.9118 27.4722 25.2378 107.579 33.5323 7.84484 30.3982 359.025 84.577 12.867 0.00480991 114.769
55.017 1.61761 8.86504 9.36292 0.374568 7.36738 11.2591 30.4952 25.2378 107.579 37.7499 7.84484 30.3982 359.025 64.1209 35.4822 0.0176761 117.172
64.9706 2.87882 8.86504 9.36292 1.80489 8.82614 11.2591 30.4952 25.2378 107.579 37.7499 7.5382 29.3969 359.025 69.2638 38.4973 0.0240784 117.53
58.7361 3.77305 7.41901 12.8667 0.64697 6.57385 9.85664 30.6516 25.2378 94.0162 42.8417 14.6628 29.3969 359.025 120.907 28.3917 0.0167934 118.058
58.7361 3.77305 7.41901 12.8667 0.64697 6.57385 9.13083 40.7245 25.2378 94.0162 35.2077 14.6628 29.3969 359.025 82.0816 29.2561 0.0193162 118.028
76.8171 2.15938 6.29993 11.8709 0.980645 6.57385 6.86266 31.9886 25.2378 95.7169 46.6378 14.6628 29.3969 359.025 65.1724 38.2962 0.0429923 119.907
83.5016 1.18783 7.08922 12.8126 1.91534 6.41105 6.99769 29.64 25.2378 91.792 51.19 10.814 31.5292 359.025 39.3068 17.59 0.00868809 115.079
56.601 1.42999 7.08922 13.7235 5.33087 6.41105 9.09009 29.6495 27.2419 91.792 52.6325 5.8978 31.5292 359.025 33.8309 18.6614 0.0112682 113.261
56.601 1.3353 7.26106 11.98 5.33087 5.26134 15.4573 28.9367 27.2419 91.792 48.0238 5.8978 31.5292 363.145 33.8309 7.22077 0.0112682 111.833
56.601 1.3353 7.26106 11.98 5.33087 5.26134 15.4573 29.6466 27.2419 91.792 48.0238 5.8978 31.5292 363.145 33.8309 7.22077 0.0112682 111.778
40.8349 1.70735 9.54266 11.4463 5.82881 5.26134 15.4573 28.0332 27.2419 95.5578 40.3221 5.8978 31.5292 363.145 33.8309 5.39733 0.00878395 113.693
71.2657 1.81821 6.62703 14.5767 4.22415 4.05698 10.3742 24.5912 27.2419 95.5578 45.5859 5.8978 31.5292 381.511 69.9708 3.12243 0.0118665 116.418
51.1558 1.81821 3.5941 14.5767 7.13419 4.05698 10.3223 24.8212 29.3219 95.5578 45.5859 5.8978 13.7592 381.511 71.8733 3.12243 0.0118665 117.011
42.6662 3.67459 2.883 19.6164 7.87906 2.77071 9.54157 25.2151 24.7143 86.1764 74.2604 5.79513 9.75005 381.511 46.6671 0.310271 0.0196285 116.747
24.3689 3.62357 10.4182 1.33973 12.1591 2.93886 13.9071 25.2151 24.7143 92.2248 71.0796 5.79513 9.75005 381.511 21.4534 0.310271 0.0161808 118.399
34.3118 3.17372 4.99679 1.33973 13.3917 5.67216 23.7036 25.2151 19.6936 101.684 71.0796 5.79513 9.75005 359.959 28.0677 7.98489 0.00479307 116.954
35.4975 3.17372 5.42331 0.831778 10.1882 7.4542 18.5068 27.2187 7.11143 106.831 87.7177 16.3354 9.75005 359.959 27.6733 7.47718 0.00592365 119.901
40.9299 3.22223 1.55778 2.71845 7.6135 5.4533 20.869 36.2551 7.11143 112.317 67.9762 38.43 9.75005 317.179 11.0357 34.4656 0.0125083 117.505
50.0754 0.895193 1.15209 4.49453 7.45415 5.00694 20.869 33.1831 7.11143 113.316 69.9015 33.4554 74.804 227.073 34.1362 38.2173 0.0158913 118.355
42.4438 1.75334 2.50135 4.98526 10.328 10.1049 16.944 31.0578 14.4318 99.6637 70.0291 18.6284 109.221 208.926 32.1152 10.0229 0.00926279 115.997
17.1901 5.73088 1.03039 4.72045 13.5946 5.11759 20.7512 33.8467 13.8816 87.5365 72.2278 15.6642 109.221 209.771 11.3719 3.34764 0.000660091 114.863
-8.59167 5.73088 2.4576 5.39329 12.3389 6.73605 20.7512 22.8152 23.2604 96.9615 69.2377 11.4089 111.055 212.347 14.1529 26.3042 0.00136772 116.822
-0.123992 9.20438 1.84965 4.35508 4.68443 1.23811 24.9691 36.8261 21.6473 86.9266 73.4021 9.62803 103.027 223.706 9.35431 31.1479 0.00318929 119.655
37.003 10.1009 0.918889 3.87343 2.76602 1.23811 24.9691 35.8934 28.3461 84.6365 85.2369 10.6003 98.2308 224.396 23.4064 32.7254 7.33916e-05 117.193
42.8321 9.68559 4.94998 6.73965 2.97535 7.02977 5.38203 32.3701 28.3461 89.4487 86.3408 9.54134 89.9436 222.485 17.2311 33.2222 7.33916e-05 112.04
46.7943 11.3511 3.81005 7.4019 3.41979 7.02977 3.40726 34.4858 28.3461 89.4487 86.3408 2.86447 91.2115 222.485 22.8262 33.2726 7.33916e-05 113.917
47.7852 7.79457 5.21695 9.80126 6.51154 4.90439 5.49573 39.412 28.3461 83.2357 85.0209 2.86447 90.1888 227.751 20.9991 36.6473 7.33916e-05 111.007
52.0058 9.6712 6.74695 6.63411 6.51154 4.90439 7.39288 30.4167 24.3134 76.902 85.0209 2.86447 111.922 222.812 13.8576 15.6017 7.33916e-05 109.265
56.1475 8.50904 6.22875 5.27192 5.18788 3.54265 13.28 31.2651 28.3587 88.6108 58.4459 2.36044 111.922 250.282 17.9782 9.45244 7.33916e-05 111.16
44.0627 10.6123 2.09846 8.46284 6.81491 3.55913 8.97868 27.5029 29.4509 90.6644 50.1885 13.238 111.922 242.514 27.7438 12.0377 7.33916e-05 111.438
44.0627 7.99945 1.97861 11.3676 4.74213 4.73088 8.97868 27.5029 28.6682 90.6644 58.1616 18.0695 111.906 242.514 30.3301 11.0962 1.98951e-06 111.824
44.0627 11.3683 1.97861 10.5663 1.34368 9.62778 12.3028 25.6974 28.4427 64.4545 101.383 27.1809 90.2623 215.319 50.8615 31.3122 1.98951e-06 111.748
46.135 11.3683 2.4933 7.85302 1.34368 9.62778 12.3028 32.0745 29.6315 61.2256 101.383 27.1809 90.2623 215.319 74.4237 40.3136 1.98951e-06 111.236
43.991 11.3683 2.4933 7.94443 2.51836 9.32809 13.2664 26.8861 33.2168 59.6483 107.048 27.1809 90.2623 215.319 74.4237 40.3136 3.56171e-05 113.672
43.991 11.7059 2.4933 7.61207 2.50284 10.0161 13.7567 26.8861 21.7505 76.1446 85.3254 29.9713 104.833 215.319 75.3613 38.7379 3.56171e-05 116.285
81.1156 8.32385 3.24873 5.72181 4.81459 10.0161 2.28836 46.7991 9.47658 82.5105 79.05 30.348 99.5497 208.489 52.492 20.4828 6.58035e-05 114.092
49.966 7.16696 4.05561 5.72181 8.15953 9.68201 2.28836 46.7991 11.6457 77.7818 83.4558 27.0857 99.5497 208.489 0.968599 25.9989 6.446e-05 113.421
49.5209 6.87867 4.78143 3.24494 8.16292 16.9133 2.4543 33.2434 13.8679 86.4533 83.8492 27.0857 103.777 208.489 36.3798 16.748 2.72016e-05 112.744
45.047 7.57954 7.73381 3.99803 7.54397 13.4623 7.10797 37.9639 6.48345 79.9303 97.9879 20.9397 103.777 208.489 32.6863 7.88211 5.9346e-05 114.112
45.047 8.65669 8.18961 4.21263 7.61739 13.4623 7.10797 48.5459 6.48345 79.9303 75.5812 20.9397 110.773 163.693 32.6863 3.48622 6.34267e-07 116.449
52.7982 1.23691 9.15699 9.89647 8.44625 7.03989 6.68636 65.8173 10.5237 65.0471 83.6955 18.9732 107.176 193.989 46.3916 3.48622 6.34267e-07 114.731
55.5041 4.67234 7.56601 7.90274 6.47983 9.1215 0.783684 71.8878 3.82381 61.4903 83.6955 42.2047 64.3171 249.279 30.7743 20.7465 2.96696e-05 118.094
54.8173 4.15667 8.57976 5.80024 3.10549 11.013 6.2801 71.8878 3.61189 61.4903 83.6955 50.6084 63.7819 222.243 16.0885 0.560294 0.000114275 117.599
52.4144 4.15667 8.57976 5.1353 3.91647 11.013 6.2801 71.8878 3.61189 61.4903 83.6955 58.828 63.7819 222.243 11.3593 12.1485 0.000114275 118.071
52.886 4.90721 7.49427 7.71154 3.27013 10.0137 26.3772 31.5659 10.0731 75.4755 82.2394 81.385 32.9605 212.331 18.0569 6.53495 0.000178685 120.901
55.5498 2.9423 7.83997 10.3831 2.6623 3.81657 20.8499 33.1008 13.4664 86.2167 95.2385 159.279 33.8244 48.3928 18.0569 4.74324 0.000250947 116.256
55.5498 6.89795 6.31817 10.9113 2.43201 3.22985 31.5783 37.5788 1.13689 86.2167 79.5166 78.9174 38.6816 216.83 23.0635 13.8142 0.000207468 119.938
57.1601 7.89947 6.31817 2.44409 3.62881 7.63537 25.2007 37.5788 7.88213 90.9474 70.5251 45.2723 37.1634 221.393 23.0635 6.60449 0.000207468 120.392
98.872 4.01319 5.55544 7.85125 5.32409 4.70269 13.1102 30.3728 13.8583 106.85 63.7153 22.4768 85.3948 47.7417 16.6158 8.30832 6.99752e-05 115.628
73.3251 2.02359 9.01596 9.82678 6.44916 2.94583 31.6335 19.341 10.5849 94.095 76.3961 22.6073 100.858 197.939 32.3085 33.9 7.40646e-05 115.58
46.3877 1.73086 12.5867 4.1153 5.59002 4.1551 25.7047 18.8249 21.5585 99.913 65.2233 16.268 82.0936 262.441 32.3085 34.813 0.000446301 112.498
27.2189 0.813258 16.5678 3.45625 4.22028 5.47423 26.5977 21.5929 24.2471 91.2591 65.2233 15.3517 75.1357 274.692 61.222 25.3545 0.000302256 115.876
38.9402 1.89389 17.1638 3.65916 1.79411 4.89506 32.392 14.9145 11.2974 97.8071 51.8683 10.5243 71.1956 299.466 35.4502 22.6066 0.000328277 114.052
38.9402 1.91858 17.0137 2.94057 1.79411 4.27357 28.7639 19.1878 5.79211 101.117 63.8952 11.5085 68.6951 302.042 27.8038 15.1612 0.000328277 113.282
3.62796 5.06305 9.97234 8.92295 4.31205 5.67974 24.2262 32.9998 5.79211 103.94 42.9889 21.0585 59.7196 294.161 38.895 19.2171 6.54911e-05 117.914
20.8102 5.06305 9.69484 9.08043 4.10057 5.12152 20.1419 32.9998 5.79211 105.391 46.1269 21.0585 51.3567 315.614 38.895 0.345922 0.000372962 115.412
47.4946 0.972788 8.09581 10.4173 4.91504 6.36545 19.385 26.6315 13.911 101.356 46.1269 10.8096 51.0324 323.965 31.04 5.83551 0.000123921 108.066
42.0775 1.29994 7.90546 10.8869 5.22525 7.09097 18.9016 26.6315 16.7911 100.03 51.3171 5.70766 51.2885 338.989 31.04 37.2957 9.1288e-05 111.542
45.6049 1.12408 10.1344 9.62988 5.94167 4.8611 14.0458 24.3348 31.261 104.346 44.651 3.33023 51.4026 335.544 35.5644 34.1583 8.71206e-05 109.694
45.6049 1.15672 8.48112 12.8202 3.79006 6.31407 5.76301 30.7039 38.4124 99.0892 40.4185 4.5009 54.446 325.625 16.0922 10.7243 7.92654e-05 108.448
45.6049 2.82068 4.0959 18.756 4.87704 9.00915 4.87959 34.1167 23.1533 99.0892 49.7168 6.28559 23.432 373.794 11.6271 30.3331 0.00076916 111.254
40.0956 2.82068 5.07168 18.294 2.84379 8.22125 4.87959 38.251 23.3279 85.806 65.9825 4.86987 8.42657 371.9 8.14787 29.7919 0.00162562 111.836
12.8047 6.67398 0.531381 13.8878 7.38655 8.89117 6.66962 33.675 20.5984 88.6452 64.34 46.1977 11.369 317.469 29.9739 28.5592 0.000654686 118.341
-42.3218 11.9509 3.3 12.4638 7.78242 11.5994 2.60517 36.4493 21.1325 90.3158 57.5263 47.0276 24.0052 333.678 188.913 7.71027 0.000538978 119.669
99.4184 5.56146 4.15108 5.20525 7.75627 10.6718 2.60517 36.4493 17.52 105.696 58.1326 11.7399 24.0052 334.269 51.8944 7.71027 0.000759875 114.089
108.353 3.60506 3.27278 6.77871 9.65182 11.0994 9.69264 32.1813 14.7328 93.8398 55.089 4.7868 39.5817 336.034 7.69646 38.8527 0.0015081 116.507
102.059 2.3326 4.56523 7.27952 6.43156 5.58395 12.3829 28.4665 24.4606 103.642 46.5259 4.7458 39.5817 347.37 14.3762 46.3019 0.000812829 111.393
102.059 2.99223 3.54452 2.01665 7.14605 11.7407 10.5604 28.4665 19.6954 109.474 46.0388 7.46384 40.6208 348.122 14.3762 30.5615 0.000815317 113.059
127.541 2.93025 7.99047 1.62768 6.72877 3.72356 11.6516 28.7349 7.02534 113.722 46.0229 5.14131 40.6208 364.144 193.937 43.2763 0.00106924 112.392
127.541 2.43855 8.94436 1.62768 6.74927 5.06769 13.2455 33.5871 3.85125 114.586 46.0183 15.6276 24.3453 364.144 193.937 62.4082 0.000544956 113.081
133.515 1.75982 8.28314 2.00242 6.75184 4.40434 11.6773 33.1967 3.85125 107.684 46.0223 18.9426 26.8838 374.659 193.937 63.6386 0.000449393 114.998
133.515 4.73861 2.77769 4.43438 6.83754 10.0182 12.1125 33.7567 3.85125 107.684 45.9251 18.9426 21.9666 370.16 172.355 34.5112 0.000259573 113.115
125.994 2.41304 3.62924 3.15618 6.8337 0.692898 12.5673 40.2457 3.85125 112.127 46.0064 18.2828 21.9666 362.865 208.232 10.5728 0.000312036 112.397
49.5871 4.30517 1.01219 2.56631 7.32475 6.63373 17.2812 37.3829 3.85125 114.977 46.0454 21.4694 21.9666 362.865 208.232 10.5728 0.000573449 112.853
49.5871 3.34755 4.17446 15.6492 8.2561 4.9699 3.74738 37.3829 16.463 110.971 45.9438 11.9562 29.3986 352.354 213.772 18.6272 0.00122212 111.97
49.5871 2.35751 3.59429 15.4988 4.5415 8.64183 2.43104 25.9957 20.5213 110.971 45.8088 12.5074 35.7902 352.354 208.451 31.2585 0.00247141 112.486
49.1714 2.97826 3.56923 5.90426 5.55556 11.6682 7.08425 25.9957 20.5213 110.971 45.5962 11.6329 39.7685 348.26 225.958 31.5634 0.00202269 115.86
48.298 1.00442 2.9012 8.21766 5.55556 18.7482 12.9935 29.5273 20.5213 110.509 45.4444 12.3086 32.426 331.422 226.663 24.4448 0.00577403 116.129
48.298 1.00442 3.19145 8.21766 3.76237 16.9529 0.786059 45.5418 20.5213 110.509 45.4444 0.558399 39.2678 343.121 213.796 24.4448 0.00409758 116.498
36.1251 3.38912 1.40182 8.21766 5.36154 16.9812 0.786059 45.5418 20.5213 102.97 46.6095 0.558399 38.041 343.121 219.95 45.8197 0.00345428 114.97
39.4457 2.59984 1.40182 8.21766 6.84788 16.9812 0.786059 45.5418 20.5213 102.97 50.1801 0.558399 38.041 343.121 219.95 26.9578 0.00670915 116.342
39.4457 2.59984 2.8849 6.38544 6.89272 16.9812 0.786059 45.5418 20.5213 102.97 50.1801 0.558399 38.041 343.121 219.95 48.9854 0.00105906 114.261
35.268 3.01697 3.63065 20.3459 7.70654 9.85101 0.884624 28.809 11.1947 102.97 50.1801 1.01524 44.7755 351.005 223.298 48.9854 0.00194817 118.98
33.3258 2.48128 3.84877 20.3459 5.48514 11.4459 0.884624 24.2172 22.0387 121.759 26.3259 2.70786 44.815 351.005 223.298 20.5091 0.000501509 115.547
38.6693 2.48128 5.10745 20.3459 5.39585 10.3075 0.884624 24.2172 25.4845 121.759 26.3259 2.70786 47.2847 371.589 150.345 22.869 0.000501509 116.738
40.4872 2.18739 5.37566 20.3459 5.37444 4.11868 0.884624 24.2172 51.8874 98.596 26.3259 3.84227 69.8881 323.14 108.201 5.63486 0.000228875 112.768
44.0511 3.51289 4.3699 20.3459 5.60144 2.22337 0.884624 24.2172 51.8874 98.596 26.3259 4.28021 68.9422 323.14 57.4292 5.63486 6.04602e-05 109.979
35.7244 3.51289 4.21844 20.3459 3.99416 4.05068 0.884624 24.2172 51.8874 101.481 26.3259 6.47633 75.4543 310.17 27.1943 2.05109 0.000130618 111.686
57.8959 3.46122 4.77394 20.7306 4.4821 2.86846 3.56384 32.3699 33.6917 102.047 26.3259 6.47633 88.9803 310.17 24.7765 28.4099 8.20285e-05 116.172
9.63451 3.08628 5.25048 20.7306 1.79613 6.4805 3.56384 32.3699 33.6917 85.9917 47.7604 5.02553 70.8042 323.181 33.5204 33.5004 6.8312e-05 112.396
25.6524 3.29921 5.4066 20.7306 1.45568 6.4805 3.56384 32.3699 33.6917 85.9917 43.837 5.02553 70.8042 323.181 29.9456 3.54069 3.57069e-06 109.473
25.6524 2.72084 5.52228 21.5755 1.01876 2.10837 8.10753 37.4194 33.6917 92.8917 40.3914 3.26838 48.8118 333.147 35.7482 3.54069 0.000144487 111.521
66.0449 2.80286 8.27326 7.92605 2.16059 2.13626 3.40311 46.7337 33.6917 95.7876 44.7611 4.42962 46.8472 329.251 41.8139 16.1264 0.000153569 110.642
56.3634 2.97007 13.5758 4.89021 2.96493 1.23736 3.40311 39.5279 33.6917 89.9206 45.8375 8.89569 46.8472 360.262 41.8139 37.5071 0.000144068 113.121
56.3148 2.5436 13.5758 4.89021 1.03103 2.60385 2.82794 42.4552 32.9937 98.6764 51.0613 9.79755 50.1167 316.684 37.6855 43.7078 0.00021045 112.254
55.789 2.50055 5.42007 1.26225 10.8585 2.53248 8.58121 33.677 32.9937 88.3934 51.0613 11.8137 55.986 316.547 8.42692 6.91538 1.03577e-05 106.518
51.9642 2.77236 4.39927 18.617 4.85207 4.52015 8.95103 33.273 26.6509 104.421 37.0485 30.3307 51.6645 303.044 16.9082 14.598 9.38116e-06 109.284
48.7681 4.29427 5.24919 11.1073 9.55689 2.29913 9.52266 23.1214 17.2528 123.528 49.6323 28.1633 54.9264 280.932 4.67443 15.8177 5.44201e-06 108.98
55.7732 3.76735 8.47072 12.1742 5.14671 4.2587 10.1693 23.1214 17.2528 123.528 40.2037 40.963 55.7605 280.932 48.4317 12.0623 5.44201e-06 111.209
64.9775 4.71394 8.47072 12.1742 5.14671 2.75931 10.1693 32.7576 3.75825 123.528 42.711 40.963 46.2379 287.195 40.8792 2.9928 1.023e-05 114.391
91.9397 4.2357 4.54168 12.1742 6.04717 2.11267 11.2813 24.8826 14.4921 110.186 56.6077 52.8183 46.19 269.32 16.9655 6.8858 5.72489e-05 113.383
135.098 2.2024 0.190012 12.1742 6.09573 4.18856 13.6121 32.1481 14.4921 110.186 56.6077 104.051 44.3636 198.089 26.1018 3.32027 1.1088e-05 116.897
126.414 0.904586 2.86175 7.03556 5.0219 11.6281 13.5916 22.9075 5.61133 112.84 66.8535 104.051 50.5087 198.089 33.5568 23.3927 0.000182098 119.705
90.9908 5.13502 2.86175 7.27507 4.96953 11.6281 14.9333 32.677 9.57303 98.1766 70.641 90.2905 45.4125 198.089 27.8806 10.0739 0.000182098 116.562
58.9775 5.13156 3.15463 7.27507 6.02462 11.6281 12.3444 24.581 9.57303 95.9872 70.641 126.553 69.7518 129.178 21.3368 22.3303 1.2329e-06 115.28
9.73112 10.8394 2.6422 12.8908 6.02462 11.6281 11.3349 24.581 26.2784 101.123 53.1935 126.553 64.6375 116.195 21.081 26.5496 4.88893e-06 116.596
46.3948 8.38052 6.84887 2.98986 2.01937 11.4043 18.1011 27.5452 20.0699 90.2927 71.7199 157.598 105.872 8.2571 12.3981 15.0542 1.61568e-05 112.889
46.3948 2.7984 1.64508 4.95864 2.01937 10.6789 10.582 46.9298 20.0699 90.2927 67.686 157.598 107.217 8.2571 16.0026 12.1928 1.61568e-05 113.202
49.9764 2.46692 1.64508 4.95864 4.41975 8.32017 7.74306 46.9298 25.4429 83.6433 67.686 102.506 180.166 8.2571 26.6361 12.1928 3.22355e-05 113.711
49.9764 3.5553 1.64508 4.2831 4.41975 8.32017 12.9389 29.9248 31.5708 84.4696 94.9874 82.956 162.106 8.2571 26.6361 12.1928 0.000240446 113.084
49.9764 2.96743 1.64508 0.92084 5.96914 9.47259 15.118 29.9248 31.2069 82.9097 94.9874 83.6301 143.001 37.587 26.3677 22.0335 0.000123244 112.525
46.2151 6.18441 6.47369 0.92084 7.91867 9.49428 19.5583 29.2662 21.0873 79.5269 94.9874 83.608 143.001 37.587 25.69 22.0335 0.000122409 113.27
46.2151 6.18441 3.5193 0.92084 11.5058 9.13759 19.5583 29.2662 21.0873 84.9172 94.9874 83.608 144.906 37.587 23.0025 36.321 0.000124573 116.265
68.4263 6.865 4.4121 1.50497 10.1746 9.24558 0.827364 40.1352 21.0873 87.1861 94.9874 80.3525 144.906 37.587 23.3461 19.0305 9.96965e-05 114.581
83.6293 6.92681 4.4121 1.71888 0.399351 9.21945 0.827364 53.3665 11.5215 89.3149 94.9874 58.0227 144.906 37.587 24.2687 14.7867 0.000192244 119.259
78.2108 6.28075 3.14846 1.08153 3.08888 8.08546 0.827364 53.3665 11.5215 91.1984 98.3613 61.2047 140.357 73.4588 36.675 14.7867 0.000200727 119.551
111.528 4.57414 4.50325 0.635166 4.37363 8.72596 0.827364 50.7351 12.6414 87.543 96.0736 59.4769 140.357 80.3439 32.3878 11.3027 0.000233798 118.672
104.491 8.47545 5.07696 0.746103 10.2642 8.57512 14.7217 43.2558 10.1839 74.7235 83.8768 118.655 95.1155 77.4416 39.2456 2.12126 9.46643e-05 121.112
104.491 2.43642 3.55665 1.35372 11.6285 8.43593 14.7217 28.7216 10.1839 90.7257 83.8768 118.655 95.1155 77.4416 100.271 8.32177 1.40354e-05 117.419
89.7245 2.69802 4.8983 2.55687 8.50432 13.4428 10.9586 28.7216 10.1839 95.6555 83.8768 118.655 95.1155 77.4416 102.959 8.2527 1.40354e-05 119.325
89.7245 3.50221 6.84185 4.70218 2.90181 15.7593 10.5265 28.7216 18.2504 96.9068 77.3709 118.655 88.1286 77.4416 5.04734 8.2527 1.40354e-05 115.071
122.304 0.231999 6.84185 2.55815 1.19788 15.7593 10.5265 28.7216 18.2504 96.9068 77.3709 118.655 88.1286 77.4416 13.018 8.2527 1.84423e-05 113.407
122.304 4.57648 7.58367 3.27003 2.43992 11.9232 10.5265 33.4731 18.2504 95.652 77.3709 134.147 72.8887 104.801 19.1963 11.3868 8.24626e-06 115.939
122.304 4.57648 6.924 3.46266 2.83588 10.3953 10.5265 33.4731 20.5809 78.9492 83.3427 132.581 96.9638 82.2953 18.5728 11.3868 3.9037e-05 114.306
122.304 4.57648 6.10197 4.69325 2.49268 10.3953 10.5265 33.4731 20.5809 84.2447 61.831 132.581 96.9638 82.2953 26.7713 9.73802 1.78731e-05 113.149
122.304 4.57648 6.10197 3.4327 2.55378 10.1571 10.5265 33.4731 20.5809 84.2447 61.831 132.581 96.9638 82.2953 4.24074 18.9927 1.78731e-05 112.657
101.997 5.65905 6.10197 0.993854 2.38693 10.1571 0.900652 36.3172 28.0474 93.2708 87.0506 132.581 68.4502 82.2953 4.24074 10.6183 1.40707e-07 111.543
114.349 4.01432 6.75334 0.993854 2.38693 9.31814 0.900652 37.0087 28.0474 94.1743 87.0506 132.581 68.4502 79.0475 15.0418 12.5135 1.40707e-07 112.28
74.1636 4.01432 6.75334 6.89032 2.29612 13.7475 0.900652 31.1984 28.0474 94.1743 87.0506 132.581 68.4502 79.0475 15.0418 14.7188 1.40707e-07 110.858
47.1696 4.96034 9.93806 4.46029 1.5931 12.9501 16.2075 31.1984 10.5466 94.478 53.8225 132.581 68.4502 126.899 15.6233 14.4346 1.40707e-07 110.744
48.5785 1.34381 10.84 6.0199 1.49236 10.0918 15.4531 25.653 14.5801 92.474 68.988 132.62 68.4502 126.899 3.31073 14.4346 1.40707e-07 111.715
46.0989 1.34381 14.3448 4.51956 2.17335 8.26407 12.2421 23.3535 14.8894 88.4646 100.084 101.171 42.5422 126.899 5.14074 19.3562 1.40707e-07 113.251
51.6347 1.34381 17.4542 0.930162 0.810373 9.14135 9.8282 27.2835 10.8448 78.1755 127.207 149.799 24.0047 119.675 32.6538 7.38048 1.27429e-05 117.932
54.9544 1.34381 17.4542 0.930162 1.41781 8.6797 9.8282 27.2835 7.98056 78.1755 127.207 149.799 27.0446 119.675 15.3948 8.332 1.27429e-05 118.177
41.8068 1.14175 17.4542 3.71331 1.41781 8.39475 9.8282 42.9601 7.98056 56.1692 127.207 149.799 27.0446 119.675 15.3948 4.25737 1.27429e-05 117.321
66.3903 1.03643 17.4542 3.71331 0.185318 6.41199 5.56471 42.9601 7.98056 61.8506 118.087 115.182 46.281 145.593 15.3948 4.80506 1.27429e-05 118.556
66.3903 1.03643 14.0758 3.71331 0.185318 6.64806 17.7685 42.9601 7.98056 63.2664 118.087 115.182 46.281 145.593 15.3948 2.03031 0.00153647 121.451
48.0041 1.03643 12.0855 3.23061 0.185318 9.14425 18.8604 27.906 7.98056 47.3981 135.526 115.182 25.0729 145.593 15.3948 13.2382 0.00134417 127.536
48.0041 1.03643 12.0855 3.23061 0.528761 9.13336 14.8733 36.7006 31.7944 47.3981 135.526 101.003 15.0183 175.36 47.8552 15.0146 0.00257795 125.042
133.711 1.90121 12.0855 3.23061 1.67935 8.88303 14.8733 36.7006 7.34378 47.3981 135.526 214.913 15.2019 42.0172 47.8552 6.23127 0.00319001 129.526
112.089 1.20299 8.2367 7.81719 0.753871 7.77573 14.8733 36.7006 7.34378 47.3981 135.526 211.969 15.3542 42.0172 28.8254 13.4522 0.0028685 126.021
112.089 1.70575 8.2485 4.41726 4.77612 7.77573 14.8733 36.7006 7.34378 47.3981 135.526 205.143 21.9596 42.0172 28.8254 12.315 0.0028685 124.876
124.925 2.02454 8.2485 3.50103 4.84982 7.77573 5.13828 36.7006 7.34378 63.6317 135.526 205.143 30.3117 42.0172 38.6517 6.26146 0.0028685 123.807
124.925 2.02454 7.8921 3.50103 4.52316 7.52598 4.30245 36.7006 7.34378 63.6317 135.526 205.143 26.2479 42.0172 89.6572 9.5549 0.00346036 124.814
129.489 0.374161 7.8921 3.50103 4.36628 8.83701 4.30245 37.5129 7.41135 63.6317 135.526 205.143 25.8009 33.7366 89.3477 9.09678 0.00573555 125.989
129.489 0.374161 7.02078 3.50103 4.73754 8.83701 4.30245 37.5129 7.41135 63.6317 135.526 205.143 21.9547 33.7366 89.3477 11.7262 0.00573555 126.097
111.773 2.11496 4.36075 8.06917 2.89944 8.83701 1.82609 43.2274 7.41135 59.8117 135.526 205.143 33.0291 33.7366 89.3477 14.6661 0.0036597 127.228
186.368 2.11496 4.36075 0.996333 1.58185 8.24625 1.45407 55.6897 7.41135 61.9342 119.417 205.143 22.4201 33.7366 34.3208 20.0951 0.00239359 127.024
125.836 2.11496 6.3743 2.26983 5.5553 14.1257 1.25776 55.6897 3.17069 61.9342 119.417 205.143 20.7891 33.7366 34.3208 21.8546 0.00199335 126.004
133.956 2.11496 6.3743 2.26983 6.715 14.1257 4.59418 41.3355 3.17069 61.9342 113.288 110.679 20.7891 33.7366 34.3208 20.8188 0.00199335 127.927
126.929 2.11496 8.99094 3.3057 6.61273 7.55115 5.20049 31.18 24.2005 47.5388 113.288 156.164 52.6536 106.083 35.0129 18.1479 0.00485934 123.045
36.8462 12.1178 5.67321 4.0331 4.03946 7.38208 3.79052 32.4272 23.7013 76.2397 106.269 137.873 93.1247 36.2762 23.7005 13.4811 0.00636792 118.747
36.8462 14.466 3.86895 3.27134 2.8758 9.44578 3.79052 32.0876 27.3382 76.2397 106.269 139.54 93.1247 36.2762 23.7005 19.1848 0.00408976 118.87
32.9307 14.466 3.86895 4.09884 7.2883 8.26131 3.6845 26.1057 25.5883 76.2397 106.269 139.54 93.1247 36.2762 23.7005 7.88753 0.00147777 118.001
28.5732 14.466 3.93656 7.87578 3.14949 10.9901 3.6845 26.6993 25.2563 73.3395 109.808 139.54 93.1247 36.2762 24.5396 29.6494 8.17288e-06 116.493
28.5732 13.9707 4.71465 7.73754 14.7953 0.146438 4.53132 27.5724 24.9422 70.31 109.02 139.54 93.1247 36.2762 24.5396 35.9245 8.17288e-06 118.799
28.5732 5.16476 3.2688 7.76555 13.3921 5.41355 20.9681 31.675 5.71167 67.7893 109.02 39.068 93.1247 149.629 39.727 22.9041 0.000353559 122.384
-17.6203 5.16476 3.58441 7.46292 11.8895 3.35236 23.2211 35.6774 5.71167 67.7893 109.02 64.056 93.1247 149.629 39.727 17.8556 0.00027369 120.502
-17.6203 6.86506 2.83502 7.46292 11.8895 3.46592 23.2211 47.3947 5.71167 67.7893 109.02 59.107 93.1247 149.629 15.037 17.8556 0.00092139 122.974
-17.6203 4.40896 2.6874 3.06651 11.927 3.46592 23.2211 40.6547 5.71167 67.7893 113.584 59.107 93.1247 149.629 28.2069 2.63819 0.000989582 120.737
-17.6203 4.7495 2.6874 3.92394 11.927 3.46592 23.2211 40.6547 5.71167 67.7893 113.584 59.107 93.1247 149.629 28.2069 2.63819 0.000257629 119.558
79.5771 11.5672 2.52282 4.79391 8.70398 2.71041 14.7304 40.6547 5.71167 67.7893 113.584 69.8574 100.696 149.629 28.2069 4.35676 0.000143632 118.706
102.075 3.48115 1.45022 5.62755 1.51531 5.36481 11.2084 36.3478 16.9602 67.7893 113.584 69.8574 100.696 88.4068 28.2069 32.5271 2.37106e-05 117.546
69.0192 3.62873 2.17085 7.07664 9.02977 6.30779 13.9832 28.5344 16.9602 83.7051 99.3168 100.492 100.696 88.4068 28.2069 12.8282 5.98223e-05 115.176
60.7792 4.91248 3.47278 9.74451 8.07171 3.05508 19.7305 28.1251 27.4468 72.1866 99.3168 100.492 100.696 88.4068 11.3288 12.8282 0.000388827 115.268
-39.5211 4.45479 4.3822 6.75939 10.1648 1.88172 27.056 26.1462 27.4468 70.811 99.3168 100.492 100.696 88.4068 11.3288 5.66964 0.00133884 119.443
-36.8275 4.66561 5.23184 6.99571 13.9596 0.0701348 27.056 27.0271 33.5058 62.2507 99.3168 100.492 100.696 88.4068 11.3288 5.66964 0.00174365 122.254
49.5004 4.76952 8.4146 8.96457 13.9596 0.0701348 27.056 27.0271 33.5058 41.8817 99.3168 73.8833 100.696 88.4068 11.3288 21.1908 0.00133043 125.392
39.8484 1.22686 5.23468 8.96457 8.34597 1.2257 27.056 27.5577 25.0101 54.0208 99.3168 73.8833 100.696 143.924 18.2642 16.2783 0.00133043 120.555
-10.0435 5.20963 4.35638 14.0033 7.37696 0.565912 35.4618 27.5577 36.791 62.8653 62.7352 103.249 71.1067 143.924 8.55974 23.1309 0.00359647 125.647
67.9977 6.37832 5.22685 6.49632 7.22433 2.17626 18.4313 27.0513 36.791 70.3177 87.6523 89.4906 71.1067 143.924 40.6597 21.1483 0.00865122 118.534
67.9977 9.38432 4.78498 6.98901 4.93874 3.81703 16.0454 27.7934 32.1433 74.4695 87.6523 91.8899 71.1067 143.924 33.9286 21.1483 0.0373986 119.04
37.3878 9.38432 12.3434 3.2982 1.31396 2.96317 13.1011 30.9517 15.8701 79.6958 87.6523 95.7766 48.3712 143.924 32.2974 27.2452 0.0397345 125.957
53.8672 7.35923 12.3434 1.06899 4.22206 5.74166 16.1107 26.5315 24.8297 81.7489 81.4089 95.7766 41.2641 179.28 132.803 35.2609 0.0478469 124.877
67.6913 4.16359 12.3434 1.06899 4.90511 7.85219 17.4518 27.5798 23.6147 74.7669 78.6345 95.7766 54.9346 179.28 141.869 29.9227 0.0145456 123.63
47.7309 4.16359 12.3434 1.06899 3.02466 7.85219 15.2 27.8273 23.6147 74.7669 78.6345 95.7766 62.1311 173.236 107.183 40.4447 0.00598494 123.166
61.5911 3.01684 8.14388 2.91266 3.02466 14.7866 18.4677 28.5759 19.4493 80.4773 78.6345 76.9393 152.56 57.7251 31.1011 76.4845 0.0003015 119.136
52.84 3.01684 6.63712 5.64448 6.03464 8.94487 20.0975 19.6866 28.83 93.5489 78.6345 97.1506 152.56 20.8079 31.1011 48.7711 0.000241238 115.591
49.4907 3.01684 1.24434 5.64448 13.2532 11.7014 14.0598 32.248 23.4601 84.7008 78.6345 97.1506 122.074 20.8079 33.2062 39.9725 0.000161828 118.972
54.962 0.94074 1.41051 2.2056 11.9868 5.18639 13.2654 35.6314 27.2226 86.7012 78.0239 92.8216 74.8358 163.863 24.0814 27.0253 5.98398e-05 117.969
54.962 3.93186 0.6117 1.78102 17.0495 4.43352 18.3853 29.4831 16.7983 86.6656 71.9852 163.586 100.293 19.5554 11.4798 31.7956 4.75873e-05 116.082
54.962 5.62406 0.79677 2.87057 16.4828 5.42711 17.9738 29.4831 16.7983 84.7143 71.9852 163.586 100.293 19.5554 4.60478 31.2595 3.98656e-05 114.793
54.962 5.62406 0.79677 2.87057 16.661 5.42711 17.8385 29.4831 16.7983 83.4859 71.9852 163.586 100.293 19.5554 4.60478 31.2595 0.000153618 116.425
54.962 2.25424 0.962513 2.4058 16.661 8.7182 10.2349 30.6358 16.7983 90.8249 79.6136 163.586 100.293 19.5554 4.60478 27.341 0.000224284 116.649
46.1326 3.4281 1.06294 3.18839 16.2644 9.65199 7.69729 30.8932 2.96397 90.0856 89.5807 163.586 61.1629 23.3696 2.47927 36.1585 0.000162973 121.965
46.1326 2.57097 1.21034 4.37807 21.9895 7.9925 23.1191 19.4639 1.6245 90.0856 105.538 163.586 59.2793 42.9654 7.12586 43.9004 0.000162973 120.956
46.1326 0.0280514 1.30796 11.6943 13.7095 9.74884 19.5365 17.2211 7.5953 91.8039 94.1478 163.586 80.0425 42.9654 23.7108 25.2076 0.000193073 119.267
46.1326 0.683582 1.29017 11.9917 13.7095 9.74884 21.9523 13.4779 7.5953 93.875 94.1478 163.586 80.0425 35.0959 23.7108 17.1123 7.32264e-05 118.159
87.1127 3.18437 1.24926 2.18285 19.831 4.3652 11.5272 29.3464 7.75688 104.704 100.451 119.404 102.553 35.0959 25.7882 32.9113 6.74787e-05 122.714
84.645 4.88239 1.3421 8.11321 13.7181 4.71903 5.2914 33.2642 10.5586 58.8162 138.185 119.404 113.674 27.0998 28.8041 29.0385 1.9988e-05 119.287
43.9195 5.48079 2.21281 8.53696 13.7181 5.27207 5.2914 33.2642 10.5586 56.432 138.185 119.404 113.674 27.0998 28.8041 17.7558 1.99758e-05 115.993
43.9195 4.66453 0.709925 14.6176 9.80538 5.64319 9.34279 32.6177 10.5586 56.8926 138.185 121.294 113.674 27.0998 10.0982 12.6499 4.95529e-05 117.413
43.9195 4.66588 0.709925 11.2377 12.0583 4.27338 6.44674 32.6177 15.0063 56.8926 138.185 121.294 113.674 27.0998 8.15776 10.577 7.16027e-06 116.155
43.9195 4.99755 0.426661 11.2377 12.0583 2.71806 9.57173 32.6177 15.0063 56.8926 138.185 121.294 113.674 27.0998 15.9842 11.3066 7.16027e-06 116.489
57.6786 5.27989 0.544565 11.2377 12.9337 3.54899 5.68208 32.6177 15.0063 56.8926 138.185 121.294 113.674 27.0998 8.94158 6.54523 1.32559e-06 114.435
47.3618 6.36444 0.780909 11.2066 12.9337 2.5897 5.68208 32.6177 15.0063 55.0385 138.185 74.0604 165.545 11.5467 5.49567 6.11296 1.62187e-06 111.966
47.3618 6.36444 2.32522 10.1497 12.9337 5.97893 5.68208 32.6177 15.0063 55.0385 138.185 74.0604 165.545 11.5467 7.1032 6.11296 1.00566e-06 113.884
48.1758 4.49816 1.29618 9.83358 9.14654 4.66831 11.4525 32.6177 7.02064 80.6654 119.286 76.2876 165.545 11.5467 5.3741 3.94924 1.06268e-06 111.106
73.5411 9.36774 0.526551 10.0663 5.63206 3.79301 15.0846 32.6177 2.4546 80.6654 119.286 76.2876 165.545 11.5467 5.34289 8.13836 1.18172e-06 112.939
63.0861 7.48706 0.445436 10.0663 6.09571 6.59267 7.46397 38.4487 2.4546 80.1632 119.286 73.667 165.545 11.5467 7.05226 5.48222 1.13309e-06 112.675
63.2042 6.67436 2.90595 10.0663 6.09571 5.67201 10.0541 32.6012 2.39209 79.0311 123.579 73.667 165.545 11.5467 0.537258 14.9518 5.6337e-07 111.836
58.3939 7.68992 3.98317 10.3443 4.58356 5.28877 7.70824 41.1794 2.39209 69.5011 123.579 78.8548 165.545 11.5467 6.75607 9.97423 1.91407e-06 112.675
51.9092 4.94176 4.43626 13.0301 6.60631 1.29485 4.42714 46.8703 2.39209 69.5011 123.579 160.214 82.1175 11.5467 1.40829 3.71275 1.71725e-06 114.428
51.9092 4.94176 5.00979 13.0301 8.2815 1.29485 4.42714 46.8703 2.39209 69.5011 123.579 160.214 82.1175 11.5467 1.40829 9.14887 1.51274e-06 113.615
56.4796 4.86826 4.75143 11.0354 8.2815 1.0275 8.58783 46.8703 2.39209 69.5011 123.579 160.214 84.3701 11.5467 4.90212 36.3145 7.6628e-07 114.468
53.0863 4.77215 4.75143 15.3168 8.30641 1.0275 4.84181 41.1679 3.10817 69.5011 123.579 160.214 84.3701 11.5467 22.2849 32.2106 9.63196e-07 114.227
43.3526 2.88995 1.53586 15.6013 8.96659 3.38811 10.8906 41.1679 7.37629 69.5011 123.579 91.5336 86.8274 112.629 22.4556 31.1228 9.63196e-07 114.809
52.9821 8.15996 1.7112 16.0828 8.77532 1.20655 9.62321 33.1113 1.28964 76.6296 123.579 91.5336 76.5017 112.629 17.6928 31.1228 4.6583e-06 114.692
48.881 6.86163 0.608047 17.5728 8.77532 3.02596 9.57212 32.2311 1.28964 78.3442 123.579 91.5336 76.5017 112.629 18.4946 31.618 3.28521e-06 114.447
47.9432 7.31971 1.81261 3.86261 5.04522 10.9875 9.6976 33.9544 5.36144 78.3442 123.579 91.5336 76.5017 112.629 19.3689 29.3218 3.3052e-06 115.844
50.5826 4.89638 1.81261 2.01019 5.04522 19.6948 13.3837 33.9311 2.97172 74.8532 123.579 91.5336 76.5017 112.629 20.108 44.5914 3.08075e-06 113.943
55.0592 8.86805 2.74112 3.66614 7.87359 18.978 7.83303 36.0024 2.97172 67.5786 123.579 91.5336 76.5017 113.294 10.6803 18.5528 3.08075e-06 117.484
43.8331 6.12149 1.58739 8.69542 7.65986 18.978 4.50041 13.9442 42.1963 66.9633 98.8199 89.8868 55.5079 104.955 28.1473 8.61843 3.80964e-07 118.187
42.4391 14.6118 3.50307 7.36285 5.81791 6.49512 4.18069 16.5876 37.5828 78.5084 96.1956 77.501 48.0304 208.428 7.09381 6.95143 1.31698e-06 113.29
43.3092 9.91591 4.29248 8.39503 4.30249 6.39804 4.39449 25.0689 39.8421 93.7467 44.1243 40.1338 61.5777 208.428 8.21495 19.0696 2.51548e-06 114.398
44.3229 15.0184 4.10118 2.1205 10.9045 4.51008 0.493624 25.0689 36.8171 97.4305 60.1385 8.68581 114.744 208.428 17.1625 23.0629 2.90447e-06 110.905
46.2478 12.2147 3.00414 5.53082 13.7545 4.51008 0.493624 17.9553 42.9424 93.6628 42.2608 18.5027 131.497 208.428 4.45353 42.4521 1.15653e-05 112.905
51.2537 13.3869 2.57657 1.72708 8.1241 5.56448 4.15458 18.0331 34.5758 100.74 85.6939 27.939 136.306 142.656 3.59579 19.6674 7.15362e-06 114.436
37.2324 17.2966 2.76306 2.24242 8.4266 8.13733 7.67002 27.563 22.7495 92.5072 85.6939 22.5208 136.306 142.656 14.3204 13.2374 3.39495e-06 110.747
52.68 1.31685 3.04468 19.3094 3.44899 3.8624 18.7574 26.6746 28.8601 92.936 66.8225 22.5208 145.501 142.656 53.0832 13.7522 1.2965e-05 109.809
46.9787 2.73017 2.95384 17.1384 4.02799 3.19532 19.9709 28.4946 24.5325 93.3365 62.1409 23.8922 145.501 154.582 56.538 13.7188 5.38585e-06 108.439
46.2866 0.993267 4.43106 21.2046 0.349158 7.36259 22.6196 23.9698 19.1365 89.7168 62.1409 21.6263 151.971 154.582 52.639 13.643 7.39233e-07 111.414
46.2866 7.27957 8.93521 8.20628 3.83988 3.96875 18.7378 21.1681 7.11954 102.861 67.9014 76.5178 101.787 155.922 28.2077 13.6122 1.41501e-08 108.924
51.594 6.26407 7.73668 8.20628 0.986448 1.62271 26.6564 24.3219 7.44122 119.532 38.5182 53.9233 101.787 193.771 36.9437 14.1432 1.41501e-08 107.237
55.7045 6.64504 10.2736 2.37884 1.90348 1.87421 34.9142 20.2215 6.31034 128.126 39.3003 93.8291 94.3233 125.866 36.8473 3.35352 1.41501e-08 110.235
59.1053 7.02246 10.2736 0.380585 0.767219 1.87421 34.0554 16.8802 6.31034 128.126 47.5439 93.8291 116.064 91.0925 36.897 2.69176 1.41501e-08 111.623
69.4619 7.6249 6.25744 7.52229 0.767219 1.87421 34.0554 16.8802 6.31034 120.743 47.5439 67.504 146.027 110.111 36.7308 1.72465 1.41501e-08 108.798
62.2943 6.66454 6.25744 7.52229 0.767219 2.08954 34.0554 16.8802 6.31034 117.75 47.5439 67.504 146.027 110.111 36.6459 25.028 1.41501e-08 110.997
95.5398 6.30765 6.25744 4.22083 0.767219 2.39459 34.0554 23.7049 2.62164 117.75 47.5439 67.504 146.027 110.111 29.9997 32.2413 1.41501e-08 109.897
95.5398 5.32193 6.25744 5.93035 0.767219 2.22369 34.4907 23.7049 6.92953 109.232 47.5439 67.504 146.027 110.111 22.1818 38.4281 1.41501e-08 110.976
86.2597 5.28443 8.08604 7.92822 0.767219 2.18421 23.1877 27.1624 6.92953 109.903 65.8648 67.504 146.027 110.111 17.2047 51.5353 1.41501e-08 113.97
73.769 5.38978 8.2435 6.49029 0.767219 2.27895 37.5887 18.0717 13.6704 109.253 41.5986 47.6563 85.4445 110.111 24.5828 61.3744 1.41501e-08 116.586
96.9871 9.64854 5.3057 1.29143 0.767219 0.63997 37.5887 24.8544 7.32429 112.211 48.542 42.2784 66.0097 235.832 29.3502 60.7391 8.78198e-06 117.142
97.1466 9.64854 5.3057 1.29143 3.85282 0.907549 28.2316 24.8544 7.32429 111.899 37.719 42.2784 106.737 235.832 29.3502 88.1123 1.48671e-05 118.945
10.9562 9.45465 5.93513 1.90911 0.973412 9.40625 37.522 4.28378 36.0601 95.5926 66.9359 16.9468 71.8704 248.816 46.3148 27.9261 1.10183e-05 114.595
19.0354 11.2162 5.41549 1.71511 0.0497513 10.4296 37.522 7.03644 35.3871 92.9316 66.0043 25.7155 92.9817 226.221 55.1112 4.41463 1.10183e-05 116.441
16.5423 1.79939 8.50511 3.04103 11.7399 7.9173 33.3994 2.72646 49.9175 69.9232 63.0636 21.8581 106.887 226.221 73.2838 21.5614 1.10183e-05 116.165
34.7991 4.01142 8.59927 1.61566 5.94461 7.9745 33.3994 2.45508 49.9175 69.9232 63.0636 21.8581 106.887 226.221 295.387 21.5614 0.000109427 117.425
56.5985 4.21565 11.0075 1.16314 2.71891 5.45032 16.8941 18.9768 32.7129 95.2103 55.3233 21.8581 106.887 226.221 295.387 21.5614 7.06834e-05 118.106
66.192 4.60323 9.54411 8.96829 4.47664 7.09471 9.88184 20.4633 32.7129 95.2103 59.7322 15.6575 106.887 226.221 282.433 7.48389 8.15566e-05 114.485
53.6891 4.81974 9.54411 7.94432 5.33096 7.09471 9.88184 23.0269 32.7129 95.2103 59.7322 14.7054 106.887 226.221 282.433 7.48389 1.88465e-05 111.308
45.848 8.63285 9.54411 7.06639 5.84373 2.62903 9.88184 22.5914 28.0261 102.537 45.2912 26.0715 97.1581 236.263 282.433 7.48389 0.000104237 114.206
31.1731 6.08966 7.80698 7.02792 5.47882 5.01585 7.28518 34.8559 37.1571 103.381 33.192 26.0826 97.1581 258.903 27.2027 7.48389 0.000111599 115.126
33.2906 7.43028 7.26499 6.02496 3.04735 1.20402 8.93455 34.8559 22.0132 103.157 61.5585 34.1953 97.1581 202.951 49.1488 27.393 0.000111599 114.959
50.2716 7.84675 8.72929 3.76825 4.94086 4.16641 9.41047 40.5523 17.775 102.297 47.945 36.6965 97.1581 210.594 49.1488 9.83485 5.16025e-05 112.291
49.5501 7.37936 8.72929 6.28195 4.94086 3.28089 9.41047 40.6507 17.775 102.411 59.8087 36.6965 97.1581 210.594 13.0947 9.83485 0.000158021 110.714
48.9781 5.71024 6.47536 11.1187 4.94086 4.49768 14.318 28.4673 17.4261 102.225 59.8087 34.1435 94.8921 210.594 26.826 12.4541 0.000566179 111.112
48.6109 5.96961 7.90932 11.1187 0.687194 4.9092 16.7922 28.4673 20.4363 103.125 46.8454 33.4427 94.8921 247.719 26.826 12.4541 0.00108144 115.055
48.6109 7.82602 8.1035 7.04027 0.884321 4.9481 16.7922 32.3732 19.9631 103.125 54.6063 16.9345 94.52 235.688 43.9926 2.82635 0.00114137 112.639
27.6588 6.17791 8.06574 8.86768 0.884321 8.48032 13.9638 32.3732 20.3943 102.498 64.1508 16.5231 94.52 223.505 18.7433 9.32833 5.61687e-05 112.236
82.005 2.62719 3.5133 8.86768 4.2007 9.67 19.1262 20.2557 25.7087 98.0786 49.4556 27.1994 77.3861 253.406 18.7433 10.6699 3.12234e-05 114.191
9.78244 2.19026 4.43512 8.86768 4.79787 7.59856 28.6403 21.5374 24.0473 98.0786 60.043 41.0361 96.6553 198.214 27.3389 3.48371 3.12234e-05 112.108
13.4289 2.19026 1.13583 10.5926 5.25729 5.03567 20.9855 24.6287 32.2534 92.4829 60.043 46.1163 102.064 218.673 62.5067 15.7006 8.72893e-05 117.776
44.9916 3.17699 0.485432 10.5926 5.97543 7.74106 35.2694 11.7564 40.7351 84.3673 69.0107 62.7143 107.849 137.702 34.6062 15.5078 8.72893e-05 117.812
19.9898 5.85031 0.632654 10.5926 6.13682 7.74106 26.5939 14.5694 40.7351 84.3673 69.0107 60.796 107.849 137.702 34.6062 7.13463 8.72893e-05 118.147
5.74996 5.25214 0.545661 10.9887 5.38053 9.331 26.5939 18.6792 23.2101 89.2948 67.9124 77.0348 102.292 137.702 83.4221 6.84873 8.72893e-05 118.529
-0.106459 4.16182 5.31518 4.65801 8.47084 10.4151 28.364 23.9197 12.3467 98.4022 62.1826 79.0152 111.871 137.702 21.2577 26.4744 0.000854498 118.431
0.12772 13.596 8.48612 1.42757 4.51622 10.5165 26.0415 23.3131 11.292 103.718 56.2231 67.5923 111.871 149.952 21.6514 2.12382 0.000854498 119.565
-1.21786 5.36424 8.16441 2.73278 3.98077 10.3643 35.4201 12.8984 17.3182 105.69 56.2807 74.1149 58.7084 219.511 50.2768 30.2591 0.0055737 123.223
0.919758 2.59088 6.89723 4.36968 3.53395 5.70026 23.9627 32.9901 16.1108 105.452 70.5719 30.9193 33.6452 219.511 34.9835 16.3019 0.00723093 123.439
19.3072 1.56903 13.4665 3.31907 3.53668 9.21677 13.6518 32.8812 8.33264 105.198 76.8543 25.4619 43.7295 288.395 101.554 22.0477 0.0102472 122.992
42.8841 6.61616 7.83263 2.73963 3.22516 14.6032 7.74828 34.6805 8.41938 107.721 60.904 29.4556 78.5159 265.145 58.872 29.3755 0.00911757 119.487
44.1129 3.16176 5.16107 8.52988 3.12976 11.8452 6.73646 36.9866 8.41162 113.37 69.8742 28.8834 72.8827 184.46 61.0492 0.327635 0.0114333 123.679
36.6375 6.92467 5.84939 8.90992 1.39771 10.0825 4.75978 39.1958 5.57426 111.835 65.037 43.0019 56.1479 241.044 49.2028 0.945399 0.014364 118.181
36.5926 6.92467 5.84939 10.2843 1.15677 11.2773 4.75978 39.1958 5.57426 105.214 65.037 44.175 58.3661 241.044 109.907 0.945399 0.014364 120.892
42.0956 6.92467 5.0099 11.031 1.38601 7.01446 8.87525 43.1557 11.628 98.7316 65.037 48.903 58.3661 241.044 38.6705 0.945399 0.014364 116.931
48.2932 7.64227 4.18373 10.6235 1.33007 3.95104 15.9759 35.7079 12.6821 106.322 64.5763 48.903 58.3661 241.044 38.6705 7.27403 0.0229493 117.405
45.0526 6.27956 4.75694 12.4918 1.33314 6.35968 6.96671 28.2413 12.1618 105.662 67.2657 51.209 58.3661 244.956 20.648 0.592058 0.0320743 120.036
46.0961 6.805 2.94749 12.4918 1.42488 10.2795 11.1094 32.2187 9.95637 103.252 72.2704 37.6003 71.7435 218.34 20.648 1.81979 0.0320743 116.829
28.4411 5.64831 3.82341 12.4918 1.66525 10.2504 7.75861 32.2187 8.51104 103.66 76.167 38.25 73.366 234.359 41.1565 3.68076 0.0133748 120.347
43.0273 5.44108 4.72223 9.96174 1.85309 9.83851 20.4382 21.4447 9.51274 98.403 66.8762 33.3408 83.1839 249.461 52.2482 5.06666 0.0213622 118.4
42.7245 7.22157 5.16673 6.7332 4.44148 11.3619 12.9544 19.7935 10.2766 101.373 71.0441 25.5298 83.1839 264.804 97.5025 5.06666 0.0592408 124.409
112.934 5.82143 2.97578 3.25969 7.25401 6.32449 12.9544 21.7607 12.5804 102.789 70.381 25.5298 56.6718 243.003 294.093 2.34337 0.117363 122.885
112.934 5.82143 2.76431 4.31634 7.25401 4.07735 14.7081 25.3952 16.672 105.76 73.93 16.3692 56.6718 243.003 294.093 1.9159 0.0700937 122.617
135.747 5.82143 3.1496 5.14463 1.08973 2.45583 12.9382 24.7739 23.6653 101.45 71.2103 18.8116 68.7081 243.003 294.093 0.608106 0.0735795 123.186
136.023 1.46997 2.75062 7.07015 1.08973 7.31599 6.85415 41.644 7.97505 101.174 71.2103 16.4496 80.2466 233.762 313.876 5.69446 0.0783568 123.789
138.761 0.124991 3.02934 7.07015 1.08973 15.4863 12.2392 34.6863 6.0908 98.029 50.2314 16.4496 136.893 170.864 313.876 4.56676 0.0630717 127.944
130.623 3.80223 2.51741 7.82102 1.08973 2.73735 12.1988 34.6863 26.6684 98.029 39.5645 34.3526 136.893 170.864 263.567 4.2323 0.0589249 128.129
66.2475 5.70104 2.21987 14.05 3.33518 4.40288 9.87291 33.6976 30.9447 98.7465 39.4669 38.7898 136.893 170.864 263.567 9.37515 0.0396801 123.701
50.0202 0.663143 3.4815 14.135 1.78952 6.99112 27.8765 18.0007 30.7059 98.799 37.4793 0.510066 191.864 170.864 64.6476 17.9411 0.000427621 118.127
50.0202 0.663143 6.20467 11.0573 2.09423 6.97378 32.1198 4.65965 35.6448 105.043 32.26 6.04053 191.864 132.352 18.1139 16.1142 0.000427621 113.317
53.1473 0.663143 4.7302 0.203207 10.3369 7.02101 39.0363 4.65965 44.6367 106.631 14.7147 18.8121 191.864 132.352 35.4552 16.733 0.00941255 117.3
49.5345 3.8083 4.64561 1.84805 9.42764 6.62507 36.7497 10.1491 39.3535 106.631 14.5077 17.9064 191.864 134.827 31.5092 27.5958 0.00586704 115.746
45.1845 3.8083 9.79357 1.81623 7.43915 5.64496 34.3152 12.0679 39.3535 101.388 16.9159 17.9064 191.864 140.975 36.5157 26.3234 0.00230185 117.537
49.0466 1.40334 8.16474 3.46633 5.61115 7.16336 32.8657 3.35745 39.3535 114.898 16.9159 17.6922 191.864 140.975 31.2043 32.6574 0.000339428 115.881
53.4259 0.187254 7.15363 7.33204 4.79765 7.45567 30.0588 3.35745 39.3535 118.711 16.9159 7.54614 193.112 150.147 12.52 29.7226 0.000604791 117.7
68.5597 0.187254 7.75484 6.06584 5.80363 7.93459 29.0484 7.82221 28.3699 123.206 15.7108 7.54614 193.112 150.147 23.0994 21.7262 0.000607851 115.68
25.9327 9.01622 9.03729 6.73604 3.70713 4.10202 28.3092 7.82221 28.1031 121.93 16.5715 1.33549 191.317 150.147 22.5718 27.0942 0.00126837 117.598
5.76448 5.28041 6.6664 9.22111 8.49202 4.44383 26.5958 7.82221 32.1385 121.93 16.5715 9.61041 191.317 143.072 12.8133 26.808 0.00125964 118.217
92.074 10.5097 2.03853 3.33521 8.16089 5.83135 22.0757 8.89219 30.5965 121.93 16.5715 18.3052 191.317 88.7036 21.4637 11.466 0.00179572 118.249
81.6878 10.0682 4.14132 3.49552 10.1869 5.83135 17.3494 8.89219 27.2779 110.456 50.8736 18.3099 193.454 57.3174 15.7447 0.498501 0.00140395 118.972
50.8027 10.2921 3.79887 6.71361 9.21813 5.9757 18.6773 11.8387 27.843 109.289 50.8736 17.515 149.058 113.058 12.9698 8.79785 0.00443919 116.152
50.8027 10.9903 3.07353 4.18387 6.16892 5.75179 18.6773 24.5759 31.142 94.6305 60.735 13.6174 148.792 153.902 47.1395 10.5323 0.00982883 114.885
50.8027 10.4163 3.07353 7.47997 2.85565 1.06322 24.3424 20.3982 31.3732 94.6305 70.9036 16.8436 148.792 148.22 41.5529 12.3079 0.0186219 117.269
50.8027 13.7598 3.07353 5.51448 2.85565 1.74138 26.9882 23.663 30.2091 82.4927 76.7171 16.8436 139.141 148.22 41.5529 22.9895 0.0226248 116.674
43.4471 13.7598 1.19312 6.87572 2.85565 14.9561 4.56115 23.663 30.3277 82.7125 82.1917 16.8436 147.777 142.012 85.7336 12.537 0.0363454 121.586
43.4471 13.7598 0.750701 5.67129 2.85565 19.3075 4.56115 23.663 32.2773 82.9795 79.0485 16.8436 146.723 148.079 41.6227 25.1228 0.0201001 120.075
19.9372 12.9092 1.47365 2.11949 1.43135 20.707 13.8792 16.3055 43.3933 82.4349 64.3975 16.8436 157.974 148.132 0.28344 17.2054 0.0190038 123.169
3.59631 8.49509 1.08676 0.748537 4.34906 18.6158 22.5228 13.11 34.766 81.6983 59.4251 38.2866 170.935 125.265 35.0889 14.0092 0.0702833 124.084
121.232 10.6744 0.68526 1.21981 4.88165 3.84921 25.4345 23.8656 34.7879 83.9681 60.3515 19.2171 156.776 148.861 9.02021 6.80279 0.0243278 116.813
117.951 8.20654 1.8161 5.29183 2.62238 3.84921 34.274 2.47472 48.5692 73.3217 61.3275 21.6571 158.162 152.544 12.2793 3.23232 0.0134713 117.51
12.1987 9.03843 8.90978 6.77202 2.62238 5.04709 22.6929 4.86969 52.4285 76.9555 57.9093 36.0089 88.4286 239.137 51.4205 13.5441 0.0182307 120.358
30.5185 8.60546 9.60334 0.435423 4.06363 3.74921 33.8481 11.9469 54.4132 70.3905 42.02 55.0362 92.7587 154.207 69.2126 12.6832 0.0116996 125.543
68.2414 9.59551 8.48235 2.70247 1.54813 0.926884 27.7516 11.9469 52.5652 78.8891 47.4181 63.0197 145.98 120.764 46.2348 13.8861 0.00054202 117.823
41.9361 7.97247 8.35324 3.48581 3.59457 1.1022 42.3006 8.99143 45.7284 86.9252 41.9091 48.5463 145.98 120.764 62.0104 12.8366 0.00312637 118.705
49.5159 7.83557 6.5857 5.01337 3.79513 1.63383 41.4504 8.99143 45.7284 87.6471 41.9091 36.9027 155.093 120.764 54.5293 47.6209 0.00172285 117.264
50.1603 7.75228 0.862734 4.72078 5.48651 3.4608 41.4504 8.99143 46.1672 87.6471 47.0146 75.0004 149.938 80.891 60.1991 55.1375 0.000455889 118.487
51.0355 7.54542 1.63141 4.43378 3.66703 3.97885 41.4504 8.99143 46.1672 87.6471 47.0146 78.2527 149.938 80.891 12.1289 22.5966 0.00022273 113.836
51.2321 6.89927 1.63141 5.15366 2.91056 6.22207 47.2459 2.24498 46.1672 95.2456 26.3225 61.032 31.3335 217.873 12.0068 20.9916 0.00022273 118.277
53.4863 8.76884 1.63141 3.12123 2.58622 6.22207 34.849 2.24498 35.0118 100.449 53.4267 102.542 57.7173 180.396 25.7107 11.2021 0.000888686 120.189
44.2672 10.9736 1.63141 7.56329 1.71801 8.98122 34.849 7.49767 27.0512 91.3453 72.1394 91.8545 68.2499 155.565 2.86774 18.7628 0.00107198 117.469
49.5324 9.42513 5.96179 6.23314 1.5974 6.21673 21.1125 12.1563 44.2519 89.4465 38.8233 88.68 68.3774 181.712 16.0775 18.7628 0.000405309 118.241
46.4908 7.26957 1.32139 2.71885 1.85228 6.21673 17.3927 28.1334 44.2519 89.3953 55.8022 114.669 69.1308 110.794 9.30658 10.1038 0.000405309 119.307
77.4635 0.353542 12.4562 1.96099 4.01339 5.39781 14.2698 11.7594 76.95 76.5589 35.7665 25.3751 75.525 142.852 78.2907 11.446 0.000183739 124.639
-23.2326 0.353542 12.4562 0.628418 28.1589 5.3433 12.364 14.3062 76.95 71.4703 17.3253 5.18043 32.2167 373.926 85.6081 31.9619 0.000612396 124.519
-63.999 1.51648 11.9676 4.1599 30.0969 3.00565 14.7029 6.72858 76.95 79.5049 17.3253 3.73998 33.5913 376.226 98.4398 17.9134 0.000246719 120.315
-63.999 1.51648 11.9676 4.1599 30.0969 3.00565 14.7029 8.78718 76.95 52.4192 17.3253 3.73998 33.5913 376.226 5.16939 22.0788 0.000246719 118.508
-63.999 1.34707 11.9676 4.1599 30.0969 2.70507 13.7945 8.78718 76.95 52.4192 17.3253 3.73998 33.5913 419.237 5.16939 18.99 0.000356336 118.636
-53.1346 1.34707 11.9676 4.1599 30.0969 2.70507 13.9203 5.00571 76.95 52.4192 19.8019 3.73998 33.5913 419.237 54.0176 18.99 0.00070314 118.97
-56.5513 1.34707 6.54675 2.34773 30.0969 2.70507 12.8918 5.00571 76.95 52.4192 19.8019 11.322 36.0092 419.237 38.1176 20.6224 0.000137154 119.836
-56.5513 1.41027 3.54727 2.34773 26.4841 5.74153 27.7328 5.00571 71.6613 53.3016 20.2052 6.70968 36.0092 474.441 55.9935 31.6515 0.000441151 122.822
-18.1636 3.7886 3.94959 2.34773 13.9507 6.23228 33.9502 10.0967 25.7386 132.297 7.01591 15.2327 36.0092 369.921 29.0325 31.6515 0.00036996 118.65
14.2302 3.7505 4.72047 2.34773 13.9507 3.42418 33.9502 8.58649 22.0302 132.297 7.01591 22.1457 36.0092 365.308 29.0325 2.3854 0.000663197 117.689
-9.9769 3.90097 4.72047 2.34773 20.8952 2.82874 33.9502 8.58649 22.0302 132.297 7.01591 22.1457 36.0092 365.308 28.6166 2.3854 0.000382728 118.915
-27.4453 6.48913 3.31951 4.79655 17.5281 3.76152 33.9502 7.99418 22.0302 131.952 7.01591 24.1624 131.76 205.185 28.717 13.1295 0.00201601 121.741
25.3917 6.48913 3.22091 2.76504 13.1651 3.59189 33.9502 7.99418 22.0302 131.952 10.4515 30.5835 130.462 205.185 11.6198 15.9103 0.000497892 117.167
25.3917 5.69351 4.92026 1.1967 13.1651 2.53176 33.9502 9.10406 25.105 130.889 10.4515 31.6539 130.462 205.185 0.870576 14.7396 0.000497892 118.143
33.9042 5.21277 3.05195 2.24799 13.1651 2.53176 36.022 6.39214 25.105 108.79 35.6523 49.9524 130.462 157.022 0.870576 22.6686 0.000497892 115.598
33.9042 7.02151 1.38003 6.98479 7.08214 2.34696 36.022 13.1978 25.105 108.79 35.6523 53.0169 130.462 157.022 0.870576 27.4009 0.000497892 118.682
112.154 6.72953 1.52136 4.36828 5.1469 2.74332 45.6026 15.1425 23.3547 90.068 61.5539 55.1655 118.863 124.235 13.2781 32.5257 0.00182364 125.394
69.5444 7.18434 2.03067 4.91391 5.11469 2.74332 45.6026 14.562 15.6232 90.068 61.5539 59.3916 135.834 115.115 12.8996 26.3772 0.00115957 118.477
11.104 3.42999 1.94286 1.36159 7.12061 7.53843 45.6026 14.7653 28.0293 91.4773 68.2536 45.9162 135.834 103.656 20.7535 16.7381 2.82353e-05 118.747
11.104 1.22259 3.42899 2.79996 8.19867 13.2186 45.6026 15.9121 28.0293 86.206 58.1268 13.1069 180.49 111.27 26.8165 14.5559 2.82353e-05 116.447
50.2671 1.22259 2.06167 1.81047 8.19867 13.2186 26.979 16.3642 28.0293 86.206 65.3137 44.6769 180.49 85.4608 26.8165 38.6855 2.82353e-05 112.9
50.2671 1.22259 1.98239 1.81047 8.23214 14.4024 26.979 13.4858 28.0293 86.206 72.387 57.3695 180.49 82.7897 22.0595 17.1958 2.82353e-05 112.714
50.2671 4.31108 2.01867 0.832032 10.2837 7.84781 34.3284 12.6118 36.5082 89.8968 54.8668 21.1409 176.354 115.609 24.851 9.58389 2.82353e-05 109.215
50.2671 4.66941 2.01867 3.85638 10.3338 3.71777 34.9549 11.2721 23.0114 102.086 55.7577 21.3172 176.354 115.609 20.8813 5.06003 2.82353e-05 108.55
50.2671 2.35867 2.32469 4.84455 9.14258 4.06999 35.7327 17.0122 23.0114 92.0793 64.2851 21.3172 176.354 140.736 19.1156 5.06003 2.82353e-05 111.91
50.2671 2.27742 4.17633 4.84455 9.30832 8.94645 26.9721 17.9662 23.0114 107.926 42.9849 27.8615 166.058 140.736 26.9343 20.9462 2.82353e-05 110.074
50.2671 2.1633 4.17633 2.83027 8.51977 11.2194 26.9721 16.2385 32.2156 103.011 42.9849 27.8615 159.762 140.736 84.692 4.99433 2.82353e-05 110.027
48.0856 2.79996 5.32112 2.83027 5.89804 12.0712 26.9721 11.8787 32.2156 103.011 42.9849 39.7383 147.668 140.736 73.5545 36.3452 2.82353e-05 113.492
48.0856 2.73689 4.10965 3.17878 6.519 12.0712 26.9721 11.7917 32.2156 103.011 42.9849 42.5522 147.668 140.736 42.3369 36.3452 0.000493507 113.364
48.0856 2.46192 1.58584 3.17878 8.14115 11.6635 26.9721 11.7917 32.2156 103.011 42.9849 51.0088 147.668 140.736 42.5199 12.3633 0.000122365 112.972
48.0856 6.77647 0.859095 3.58821 7.8642 8.24861 23.0918 16.5081 39.1173 103.011 45.7595 29.803 147.668 140.736 24.6405 20.8796 7.47216e-05 111.688
48.0856 6.77647 0.859095 2.45005 7.88763 5.32292 26.1363 16.5081 39.1625 107.83 38.3241 29.803 150.293 140.736 18.6769 13.807 0.000154388 112.253
10.8963 3.92152 5.50155 4.85137 8.44782 13.3851 19.1323 15.4595 17.2156 115.057 39.4794 12.1886 37.7474 93.5373 17.8089 13.6317 0.000806537 118.973
16.5267 3.54919 6.80446 3.96258 5.87429 5.78182 29.3902 18.9639 17.2156 107.862 1.77106 13.5486 26.9848 35.0611 23.4595 14.985 0.00358831 120.577
52.5042 1.60461 8.74322 7.73882 3.1278 6.46471 31.1165 17.9032 17.3043 101.91 9.63656 8.96264 23.4633 65.0912 40.9535 25.955 0.00359096 116.424
50.4856 1.34804 8.74322 4.40954 3.1278 9.06877 31.1165 21.0968 17.3043 101.91 9.63656 8.96264 17.8026 19.4245 19.9327 14.888 0.00332152 113.548
47.1344 1.34804 13.6803 2.39669 3.04731 6.30645 35.5896 21.0968 17.3043 101.91 9.10932 7.98184 10.9769 19.4245 6.87169 14.0249 0.00551374 113.218
48.5765 2.42432 15.8876 1.67057 5.36855 4.84278 19.4498 21.6554 34.9576 101.91 5.28831 0.563026 14.9961 19.4245 70.7524 10.8415 0.00720952 115.01
44.0906 2.49875 2.31375 2.33617 4.09698 7.96618 20.3698 26.7472 42.1489 101.91 5.22605 1.55397 20.3192 53.3425 58.1923 23.5936 0.0020883 113.534
38.6401 6.7775 3.256 6.8166 1.65331 9.27579 19.7998 26.4559 35.2233 101.91 7.13128 1.40165 6.87449 53.3425 50.007 24.2528 0.00257106 116.995
35.7172 6.7775 10.3274 5.44499 3.27062 6.17608 17.6003 25.6248 35.2233 103.835 1.2166 0.819337 8.65292 75.921 49.8986 23.6727 0.00212095 117.223
38.4263 3.95969 3.18712 13.444 3.93293 6.27308 15.6619 22.6028 45.6842 91.9461 7.44944 0.202981 37.8294 79.9928 50.039 27.6996 0.00136472 117.502
48.3687 4.57615 0.261588 8.72763 2.13543 6.69787 6.78522 24.7069 97.3685 49.7473 1.25849 1.73262 65.1101 39.744 49.1037 89.5501 0.00136472 124.418
39.3346 4.56052 2.46339 8.61326 3.13446 6.68782 10.4493 24.8747 47.7157 117.793 8.58901 2.05805 62.063 31.096 47.4508 8.65297 0.00167193 121.985
10.7149 3.97832 10.4308 11.3062 3.91449 6.18348 25.1578 9.58577 28.9654 110.11 5.7657 3.54367 26.2705 32.9093 46.6305 32.3155 0.00587148 117.256
10.9658 5.04266 14.5476 3.48976 4.11622 9.81851 22.7747 15.3864 21.5105 116.821 5.93826 0.978772 29.4612 50.934 49.348 19.6763 0.00637741 119.116
42.8524 6.15344 0.221827 2.79158 4.47103 14.0205 29.5866 16.6057 18.7869 115.807 5.21223 0.485191 19.544 57.1188 19.8553 17.667 0.00846752 116.009
16.5264 5.54197 5.57808 16.1151 6.81032 4.71674 10.6727 17.5593 20.9904 123.287 4.09259 6.89152 13.66 57.1188 12.383 28.7696 0.0172292 117.869
-8.45185 8.1647 6.94429 14.9123 9.50396 5.09215 9.50048 17.5593 20.9904 123.287 4.09259 6.58474 2.56402 82.9536 15.473 3.92827 0.0271675 120.044
-13.5974 10.8608 5.94334 14.5136 7.12521 6.1045 8.89329 12.6026 18.7048 123.287 17.3121 3.4865 2.43539 82.9536 17.7144 2.62056 0.029914 122.576
-46.1369 11.4077 4.39352 18.2758 6.21905 6.1045 4.4514 14.2107 25.1381 123.287 12.8991 3.55268 1.65601 83.8926 16.9132 6.56889 0.0212981 123.565
-38.4719 5.2677 4.52699 22.2933 4.81688 4.69756 6.65546 6.24642 115.262 52.084 2.60287 6.61369 4.90444 138.875 16.5703 13.4695 0.0159054 122.003
-38.4719 5.60818 9.65209 22.3392 1.51062 5.35223 5.77234 1.95913 131.66 32.5985 1.30026 1.10513 11.9097 138.875 13.7349 18.5772 0.0159054 126.826
-44.1873 7.20329 9.65209 17.6044 3.77882 7.67573 2.16495 1.95913 137.984 39.2401 3.5693 1.10513 11.9097 54.8398 9.92246 37.4521 0.0129165 122.888
-44.1873 8.53411 9.65209 17.6044 3.75217 4.77122 2.16495 1.95913 137.984 39.2401 1.03244 2.42285 8.38904 2.54496 5.37401 39.3296 0.0071473 119.322
47.1937 6.77935 5.48893 11.2443 1.44753 2.86263 19.2451 1.79947 129.567 30.5019 3.40193 8.39011 25.4961 2.54496 5.41247 0.339875 0.00580967 117.314
47.1937 4.10206 6.61741 13.8208 0.564224 8.51987 9.5876 1.91969 129.567 31.364 10.9944 3.20328 7.20191 2.54496 5.89729 28.1442 0.00156241 110.41
47.1937 5.17164 6.61741 9.77689 1.1417 9.91166 8.03483 6.79117 129.567 31.364 10.9944 3.20328 3.0861 2.54496 4.01255 14.9155 0.00359705 110.447
44.3072 5.67609 7.58057 10.9719 0.833463 10.3285 6.26623 6.79117 108.613 45.4868 17.8741 2.47411 3.0861 2.54496 2.51198 20.2301 0.00326878 111.142
44.3072 5.67609 7.58057 10.9719 0.839465 8.49455 10.7134 6.79117 108.613 45.4868 14.7226 1.15766 10.8591 12.0205 5.60424 14.8882 0.00129095 108.974
68.3162 3.51042 4.91941 10.9719 5.36031 4.44908 9.15678 8.36294 107.191 48.8386 9.89551 2.93143 23.3636 12.0205 4.51987 7.39721 2.74833e-05 106.83
47.0237 8.22052 4.91941 10.9719 5.29945 1.77946 8.33704 8.36294 107.191 50.201 9.71533 2.93143 15.0829 12.0205 4.36459 7.31763 0.00127638 108.044
42.4413 4.64854 2.41715 10.7117 4.61342 14.6981 11.4101 6.04308 107.191 46.9431 8.99953 1.87081 14.7108 12.0205 2.59053 6.77262 0.000863315 110.526
45.861 4.99312 1.43174 10.7117 4.2047 13.1893 9.603 14.0402 98.1428 46.9431 8.99953 3.36682 23.2124 12.0205 2.49286 5.7178 0.00117492 110.805
45.5572 5.26712 1.43174 10.7117 5.0717 11.775 7.33692 14.0402 101.168 46.9431 8.79186 4.72672 21.1384 12.0205 2.54145 7.27825 0.000844566 109.282
46.7315 9.08432 2.28928 10.9114 3.80852 5.18284 11.0814 9.13997 99.581 52.7987 8.77772 5.66514 22.8108 12.0205 4.91946 7.5606 0.000502666 109.158
46.7315 8.13276 2.28928 10.9114 3.90443 5.18284 10.6723 8.05682 103.935 52.7987 3.72303 3.50654 35.4707 12.0205 10.4468 9.72298 0.00110699 110.559
48.9645 9.49216 0.813879 10.1892 1.23375 4.9652 21.3234 4.91661 103.162 52.7987 0.854851 3.50654 29.9246 76.5392 25.5018 9.0083 0.00422952 114.99
49.3853 11.0145 0.813879 10.4794 1.01419 4.9652 21.3234 4.91661 103.162 52.7987 0.854851 3.50654 29.9246 76.5392 16.3658 9.0083 0.00525102 113.157
41.0994 13.0398 0.813879 11.0416 1.01419 4.13565 23.7957 3.11008 93.5798 57.6526 0.854851 3.50654 29.9246 76.5392 12.8135 9.0083 0.00460595 116.42
39.0347 12.604 1.54441 7.37622 1.01419 9.10034 23.7957 2.91911 93.5798 56.15 0.334949 3.50654 41.8826 76.5392 18.3939 16.6023 0.00460595 117.184
31.2887 12.604 3.11905 7.37622 1.01419 9.10034 23.7957 2.91911 93.5798 56.15 0.334949 3.50654 37.8835 76.5392 24.0033 16.2209 0.0112051 118.995
35.9365 12.3348 4.34143 7.37622 1.01419 7.35671 14.1262 2.91911 93.5798 56.15 14.7171 8.70416 18.2676 76.5392 31.3072 16.7535 0.0116394 118.761
43.4385 9.3139 2.52137 7.89237 0.275981 11.5411 12.3866 7.33577 93.5798 74.0844 15.5153 0.755521 68.7082 92.0529 23.7136 11.1273 0.0174606 120.967
43.4385 9.3139 2.52137 7.35005 3.44663 10.0191 12.4442 7.33577 93.5798 74.0844 12.4714 7.39654 194.104 146.742 22.6475 11.1273 0.0190125 118.177
29.7012 6.58254 2.52137 6.92116 4.17863 9.32496 12.4442 11.1537 93.5798 74.0844 12.4714 13.0997 194.104 146.742 22.0827 5.89232 0.0298404 123.166
36.3982 2.96596 6.8928 6.92116 4.17863 11.0554 12.4442 12.9306 93.5798 72.6931 12.4714 11.7995 183.202 146.742 18.9679 5.89232 0.0298404 119.842
63.4246 4.15423 7.01735 7.73598 0.1324 3.45702 12.0129 16.9606 93.5798 70.6617 8.80093 19.3165 183.202 102.067 11.9184 16.9663 0.0476509 126.479
12.8247 3.9125 8.20094 8.19822 1.40456 2.59977 11.305 16.7351 95.9336 73.9334 15.3318 23.2859 157.241 102.067 11.7586 18.9723 0.0385436 124.788
45.2501 4.32311 8.20094 8.09764 2.60376 2.59977 12.1449 9.77495 95.9336 73.9334 16.7131 23.9707 157.241 123.425 11.7586 20.5242 0.028814 120.6
66.5145 1.17574 8.20094 10.5153 3.55447 2.59977 12.0558 5.91108 95.9336 73.9334 22.252 23.9707 152.847 123.425 9.2828 31.9049 0.0180403 120.628
65.5685 1.76803 8.20094 8.61669 4.03907 2.59977 19.1261 5.91108 92.3534 73.9334 21.1847 21.1596 152.847 180.618 13.4273 36.1381 0.00723787 118.656
65.5685 1.76803 8.20094 8.61669 0.555033 2.59977 19.1261 5.91108 92.3534 72.7801 20.4522 35.1197 152.847 152.71 13.4273 37.3358 0.00573711 120.23
74.5549 3.52245 8.632 8.61669 0.555033 4.04678 19.1261 4.8828 92.3534 72.7801 15.1927 34.245 152.847 166.296 26.052 49.3049 0.0197664 121.936
-12.9792 2.29344 16.9598 6.30653 0.165664 7.33348 21.9014 5.74031 92.3534 72.7801 15.3368 34.245 152.847 166.296 30.271 32.2179 0.0103614 124.201
-9.42258 2.29344 16.9598 9.78822 0.165664 6.38339 19.8596 1.12816 95.5389 72.7801 13.8862 39.1062 152.847 166.296 24.1522 28.2229 0.00351403 122.419
-30.2142 2.29344 16.9598 11.1647 4.76636 10.5091 11.6706 1.12816 95.5389 72.7801 13.8862 39.1062 152.847 166.296 20.2726 26.8633 0.000244118 120.553
-65.3919 0.517637 12.5771 10.2979 6.50975 9.69118 22.3074 1.41421 95.5389 72.7801 13.679 61.4384 126.614 166.639 12.1069 31.4589 0.000183783 120.091
-65.3919 0.606108 5.80178 9.52465 5.465 8.98058 25.4823 1.41421 95.5389 59.2394 13.8818 31.0103 52.7174 166.639 9.26209 19.3208 0.000183783 125.729
-34.3241 1.67352 4.25118 7.52791 4.95823 6.22481 29.39 1.41421 95.5389 77.0892 13.5681 22.9438 55.4003 78.7227 4.62186 43.5445 0.000200603 123.425
32.9199 1.67352 7.54763 8.08761 6.81253 4.54841 29.39 1.41421 95.5389 64.2232 13.7496 30.9499 227.297 47.3555 9.46875 45.5345 0.00020824 122.086
36.7785 1.46423 12.5423 6.7527 6.33947 9.49095 19.0028 9.66156 87.2253 48.7472 13.827 32.0799 227.297 84.6146 2.80324 44.5042 0.00032114 123.068
55.4622 1.13556 6.26311 6.19887 6.4471 8.02482 21.3832 9.66156 87.2253 54.1711 13.7004 51.5342 227.297 52.3367 7.10165 44.5042 0.000516897 120.518
65.1372 2.25615 6.26311 2.54084 5.9443 13.426 18.5386 9.66156 87.2253 54.1711 14.9271 51.5342 227.297 46.1341 22.8399 40.6995 0.000262856 121.435
68.0137 1.96387 3.78188 1.38473 11.4554 10.5786 21.8435 6.02513 101.974 54.1711 17.3747 27.2473 227.297 55.8727 2.15371 44.5373 0.000489659 118.74
45.4344 2.28749 2.4846 1.38473 11.5346 10.7305 21.8435 6.02513 101.974 54.1711 22.8206 27.2473 227.297 55.8727 4.89377 44.5373 0.000340437 114.709
90.4267 0.910457 2.2174 1.38473 11.5346 11.9206 15.3763 6.02513 101.974 58.3152 27.9891 27.2473 227.297 55.8727 10.9469 39.2017 0.000224549 115.654
90.4267 2.16304 2.32526 1.38473 9.62564 12.1778 18.0269 5.438 102.009 53.8096 23.733 24.9561 227.297 55.8727 53.1213 39.2017 0.000110495 116.884
63.7377 0.637949 3.11613 3.47605 7.11 13.8951 18.0269 5.438 102.009 54.5648 27.6694 27.3423 233.85 39.4823 46.4477 24.0492 9.55661e-05 116.518
51.9329 2.96375 3.11613 3.47605 6.67236 17.0871 13.2344 3.82786 109.594 46.4932 27.6694 29.1263 233.85 51.2893 30.8154 23.5371 0.000124278 113.328
47.7921 2.81084 3.11613 3.47605 6.67236 17.0871 12.4896 3.82786 109.594 46.4932 28.4551 31.6452 233.85 51.2893 21.8931 23.5371 0.000408621 114.175
38.8263 2.81084 2.81838 5.42048 4.33126 18.2116 12.4437 1.45045 109.594 46.4932 33.4386 24.8769 233.85 54.7892 29.7757 5.65655 0.00191769 116.008
24.7263 1.44871 2.29205 5.42048 1.55684 24.4624 12.4437 1.45045 117.614 46.2207 34.4149 24.8769 233.85 46.6678 27.8268 23.8528 0.00191769 119.335
-39.69 0.337985 4.29291 7.89915 1.64814 24.4624 11.0972 4.43921 111.881 46.2207 41.6895 36.9728 233.85 19.9928 35.6256 9.43723 0.00164692 121.994
-50.3212 0.337985 4.29291 12.2665 1.49028 24.4624 11.1655 4.43921 111.881 46.2207 41.6895 72.6552 202.202 16.2341 35.6256 9.43723 0.00216202 121.604
-50.3212 4.02825 0.409046 12.2665 2.20293 24.0105 15.4926 4.43921 109.538 46.2207 39.7245 72.6552 202.202 14.2963 35.6256 13.2904 0.00478365 122.384
-43.9735 4.10805 1.81592 12.2665 2.20293 24.0105 15.4926 7.36741 99.8415 46.2207 39.7245 72.6552 202.202 14.2963 34.3198 10.6641 0.00603516 125.088
-34.6447 2.44798 4.55519 12.2665 2.50324 16.5809 7.199 8.21714 99.8415 54.0163 52.9381 72.6552 202.202 18.5336 32.0375 9.06721 0.00761938 122.082
22.0287 5.28014 9.47433 4.73568 0.572197 17.5463 7.199 13.2057 75.61 74.4053 43.9214 69.5679 202.202 12.0166 28.234 6.14411 0.00321209 119.682
5.68387 5.28014 2.31983 4.73568 12.566 19.6153 4.43489 16.5935 75.61 74.2134 36.5799 69.5679 202.202 13.0599 22.5075 2.47538 0.00770816 122.419
-9.07428 4.19571 1.96545 2.97436 8.53384 22.3933 8.14716 16.5935 75.61 71.7016 43.0203 79.8369 202.202 9.59936 31.8297 4.72384 0.00326394 119.93
-33.7104 9.35767 0.516526 2.65747 8.57191 19.4694 8.29063 17.0502 75.61 71.7016 54.9635 38.5735 233.119 10.7797 28.8164 10.7963 0.00168832 120.744
-12.9555 8.97768 1.83772 0.847864 7.68174 21.8783 8.00667 17.3003 54.3877 64.7789 69.2798 99.2628 196.025 10.3763 30.2112 8.48232 0.00378256 123.806
3.81808 7.25986 1.4058 0.847864 8.45579 20.7271 8.08771 17.7885 46.2721 88.1957 69.2798 45.1248 205.383 18.0091 16.6597 10.5802 0.00382238 118.948
-0.478676 10.1595 1.82311 2.83266 4.43378 20.0436 8.26989 19.5491 49.9793 79.7319 68.2028 36.5064 205.383 40.6262 5.61861 11.1662 0.00482648 117.914
-45.9966 9.96595 1.82311 1.4874 7.61564 20.7714 7.79085 14.6652 71.8619 58.7996 61.7545 21.4297 205.383 25.0905 4.75885 2.59293 0.0011692 121.735
194.939 1.18946 6.64945 2.54241 1.96175 8.34428 9.85165 3.39387 96.9524 58.7996 46.3962 19.9513 205.383 83.2726 3.10743 9.67377 0.00029433 119.193
206.149 1.18946 5.02123 1.84062 1.10862 9.80617 9.85165 3.39387 96.9524 58.7996 46.3962 6.89116 205.383 97.6073 23.2913 16.3425 0.00029433 118.002
-49.8166 4.74868 10.0443 3.5054 1.10862 23.2174 18.362 6.89448 93.3096 56.8303 40.415 6.39999 207.123 98.4364 27.6797 3.60758 0.00281845 119.701
-49.8166 5.19738 13.4217 1.26437 0.723225 14.4416 19.3472 6.89448 93.3096 56.8303 47.9658 5.49497 207.123 93.6291 25.6142 2.05958 0.00281845 120.163
-55.5944 1.12413 19.2845 3.39481 2.53393 4.12092 19.7332 9.46359 93.3096 53.5054 47.9658 6.42947 207.123 50.1007 16.3615 24.5941 0.00207565 124.59
-56.2145 0.0820185 17.6419 3.61975 1.01592 5.74149 28.8759 9.46359 93.3096 39.8776 71.0067 4.77677 224.954 59.7642 15.5306 27.045 0.00211259 121.879
-56.2145 0.0820185 17.6419 2.52354 2.47041 8.65141 14.4253 9.46359 93.3096 39.3951 80.8113 3.39089 220.392 70.3736 6.74088 39.8855 0.00211259 121.523
9.46794 6.1604 16.7671 1.35872 3.46898 7.01259 14.4253 16.5581 83.8377 58.313 48.4327 3.16337 220.392 80.8771 17.3757 28.3479 0.00333013 117.632
36.4927 2.96987 15.5501 1.99219 3.46898 7.58404 14.4253 14.9532 78.9157 47.7339 64.5674 7.04313 220.392 83.4034 12.1028 19.5067 0.00530941 115.658
65.2168 1.53742 11.6275 8.27352 5.07838 9.14764 2.15407 25.5324 74.429 47.7339 63.3047 19.2653 220.392 17.8319 7.20189 19.288 0.00274847 118.571
63.8652 1.53742 9.42842 8.03137 2.22023 12.9574 2.15407 17.7438 53.8714 63.3931 72.6369 32.5962 220.392 41.96 7.20189 20.587 0.00171587 118.566
48.5166 1.94447 9.36573 8.29881 14.6879 2.56173 4.96291 23.668 40.3127 70.5487 88.1987 94.3935 165.198 16.9971 25.6991 18.2304 0.00133602 116.425
48.2081 1.94447 9.36573 14.5991 11.746 2.29267 1.40785 24.5976 39.9398 68.6886 88.1987 94.3935 165.198 22.1859 31.3949 28.9654 0.00133602 118.004
46.4716 1.94447 9.86311 12.8826 3.30679 0.906322 21.9539 25.1091 28.8734 79.3065 88.1987 94.3935 165.198 6.8602 42.9953 13.2473 0.00507819 117.808
45.4822 1.69478 5.65031 16.1001 4.35405 3.62382 20.8675 23.8998 22.9797 80.2177 88.1987 54.7444 199.276 9.98741 26.7988 21.5324 0.0102227 118.025
45.237 1.69478 6.2405 18.5496 7.19792 0.418636 11.9634 24.5615 19.0528 80.2177 96.2821 29.9836 199.276 56.0147 18.2865 7.94855 0.00286303 115.586
51.1845 1.51987 4.20353 17.2687 7.62595 1.60975 5.58479 36.3057 18.4654 64.6938 114.255 21.3287 189.05 35.2254 35.1724 26.4197 0.0223061 124.104
55.5346 1.51987 7.52158 17.0104 8.94428 3.04143 2.97444 21.6875 26.5928 88.7461 84.6857 20.3804 159.308 132.493 28.4671 28.7717 0.00551091 119.034
69.6462 1.51987 5.24463 19.819 4.78528 2.54644 5.2383 23.5468 19.3421 88.7461 84.6857 21.0446 159.368 132.493 28.4671 13.7717 0.0049632 117.736
69.6462 0.346993 3.17636 19.819 5.36322 1.63695 6.59808 21.836 46.7949 88.7461 63.9323 17.144 157.217 99.4432 20.1564 23.0091 0.00273369 117.283
51.6281 0.512558 2.60052 20.818 4.45519 2.62015 11.5912 20.7872 56.9943 79.5658 50.8677 20.5759 143.225 132.121 17.5898 25.9819 0.00448365 117.304
62.468 5.00369 0.48126 18.5955 1.54156 8.98985 12.3222 9.27293 56.9943 83.2315 62.2009 17.8599 143.225 132.121 15.3518 21.9045 0.00580922 121.046
59.9027 2.32675 1.0013 15.0134 2.71618 9.27941 18.5459 10.3321 66.6886 72.6072 56.4536 17.6789 188.467 59.6979 20.8357 18.4188 0.00888794 118.366
59.9027 2.25821 2.42269 15.0134 2.74063 10.2739 15.3078 10.3321 66.6886 72.6072 56.4536 18.7703 215.388 59.6979 21.7446 8.77456 0.0050253 116.231
31.2119 3.61013 2.62475 15.0134 5.97984 9.63984 14.1115 10.3321 69.8626 73.9102 49.4545 31.4725 215.388 59.6979 6.10297 7.57229 0.00607765 118.578
7.07265 3.48894 4.37291 15.1376 3.9792 11.8317 10.7762 12.2158 69.8626 73.9102 54.3943 22.6171 215.388 51.6422 6.10297 15.3922 0.00847777 119.194
7.07265 6.96174 7.42587 10.5543 3.62952 9.27113 7.82354 12.2158 69.8626 73.9102 54.3943 36.946 215.388 51.6422 6.10297 17.7607 0.00544322 118.039
0.75827 6.96174 7.86103 10.5543 3.62952 9.27113 9.49355 12.2158 69.8626 73.9102 54.3943 36.946 215.388 51.6422 26.5725 21.8038 0.00544322 119.168
46.885 6.54175 7.53083 8.34547 3.62952 2.41932 15.5606 12.2158 69.8626 73.9102 54.3943 84.5774 163.984 51.6422 17.8552 19.3335 0.00506993 115.536
47.5715 3.82174 12.9743 8.34547 1.46994 4.79398 11.1075 18.3157 69.8626 76.1297 46.2776 84.5774 165.01 53.2521 69.4176 31.7619 0.00421351 118.975
48.8708 3.69801 10.9914 8.34547 1.46994 5.46085 11.1075 18.3157 69.8626 67.4117 46.2776 84.5774 165.01 53.2521 53.8259 31.7619 0.00421351 118.034
23.2831 6.51512 8.67986 12.5426 2.69904 7.03341 11.1075 18.3157 68.8524 67.4117 46.2776 84.5774 165.01 53.2521 39.1485 13.4618 0.00402724 119.195
35.5728 8.69983 8.11909 13.0789 2.69904 7.89772 0.707324 20.1817 68.8524 74.8154 33.3744 94.8535 165.01 53.2521 2.41617 9.43338 0.0160646 125.314
51.568 9.09366 10.1639 4.20633 8.06221 10.4588 0.707324 20.1817 68.8524 74.8154 37.416 68.82 178.59 53.2521 2.41617 9.8078 0.00736606 120.054
46.4984 5.96764 13.2242 4.42603 3.06864 10.0797 0.707324 18.6441 68.6381 86.3863 30.1517 82.9768 178.59 53.2521 2.18937 5.36167 0.00736606 117.575
43.433 5.53863 13.2242 4.42603 3.4098 10.0797 2.5591 18.9011 68.6381 86.3863 30.1517 82.9768 178.59 53.2521 17.6474 15.7872 0.020476 119.291
51.7805 3.92069 13.2242 2.38124 1.9509 13.7699 2.06927 17.361 68.6381 91.5794 20.9351 84.5541 167.25 53.2521 35.2657 15.7872 0.00334373 118.733
52.1051 3.92069 16.1143 1.40641 1.9509 11.6425 2.06927 17.361 68.6381 91.5794 18.5913 134.863 128.013 54.7174 35.2657 15.7872 0.00352192 118.488
52.9216 3.92069 12.1479 1.40641 5.39877 13.1217 2.06927 17.7275 68.6381 91.5794 16.3349 134.863 128.013 54.7174 35.2657 15.7872 0.00352192 118.18
51.6366 3.9809 11.5777 1.40641 4.77804 13.1217 2.06927 21.3827 68.6381 91.5794 12.7661 134.863 128.013 54.7174 35.2657 18.7799 0.00760761 120.124
52.4055 7.04361 10.9282 1.40641 2.22482 13.1217 4.66125 20.7244 68.6381 91.5794 17.5263 125.766 128.013 54.7174 35.2657 4.60566 0.0129375 119.993
35.3505 1.14629 11.1372 12.1949 2.14987 10.3064 4.66125 20.7244 63.8144 89.873 18.004 125.766 128.013 54.7174 54.0043 4.20175 0.0038906 122.036
64.08 1.14629 9.82348 9.01514 0.819369 10.3064 4.66125 31.0873 54.9601 89.873 19.4425 139.052 128.013 54.7174 54.0043 4.20175 0.00105405 120.877
64.08 1.76813 9.82348 8.64013 0.520509 14.1157 3.17416 31.0873 54.9601 89.873 21.5547 106.345 128.013 98.8471 54.0043 14.1184 0.00105405 119.179
35.7219 2.25038 9.82348 11.1004 0.520509 14.1157 3.17416 31.1091 54.9601 89.873 19.9853 106.345 127.735 98.8471 54.0043 10.6498 0.00105405 119.464
44.5248 2.45377 9.82348 9.417 2.14931 12.2475 3.24129 31.1654 54.9601 89.873 23.0421 106.345 114.997 63.3335 1.39903 17.9149 0.00460125 119.869
90.1866 5.27256 6.87158 6.47627 1.28856 0.48537 4.25403 31.1748 54.9601 94.7539 33.8514 106.571 139.891 63.3335 92.1809 22.5189 0.00710307 123.542
60.2609 4.24798 8.64529 6.79219 4.90946 0.48537 4.25403 32.3309 54.9601 94.7539 38.4451 106.571 139.891 63.3335 73.5611 15.9683 0.0054086 123.101
57.2458 4.56566 9.90774 8.53019 3.7023 4.72622 5.13436 31.5729 54.9601 90.2909 23.6293 87.5469 139.891 63.3335 64.9741 31.0538 0.0065459 122.215
49.3206 3.11783 11.3772 9.33752 3.16911 3.71254 2.00776 31.5729 54.9601 90.2909 23.6293 148.282 86.0833 48.7365 24.6134 20.2242 0.00814167 121.574
49.3206 0.64631 10.6212 8.04057 0.974432 6.99342 2.00776 41.6097 53.0562 90.2909 18.5057 148.282 127.16 36.2888 9.94759 35.628 0.00632414 122.167
49.3206 0.64631 14.9134 7.26953 0.974432 6.99342 2.00776 41.6097 53.0562 90.2909 22.0213 148.282 127.16 36.2888 9.94759 69.9822 0.00359313 125.249
49.3206 1.14133 7.76056 9.77918 0.974432 6.1525 2.00776 41.6097 53.0562 90.2909 22.0213 148.282 127.16 36.2888 9.94759 43.0248 0.0117884 122.622
49.3206 2.1921 5.94122 9.77918 0.263987 6.02629 2.00776 43.7463 53.0562 90.2909 22.0213 148.282 127.16 36.2888 23.2785 41.7768 0.0103799 123.139
26.953 4.58259 5.02521 9.77918 0.263987 6.78308 5.95076 58.651 36.1642 90.2909 18.9982 148.282 127.16 36.2888 9.69888 30.7809 0.0146813 127.723
41.531 3.63969 5.02521 9.77918 0.263987 6.78308 5.95076 58.651 36.1642 90.2909 17.4184 144.47 130.404 36.2888 28.4573 46.4438 0.0282798 130.248
41.531 4.46395 3.61939 6.82437 0.263987 6.78308 5.95076 57.5784 36.1642 90.2909 20.8705 143.526 130.404 36.2888 38.3749 9.52326 0.0330601 130.131
63.0024 9.91311 3.61939 6.82437 0.263987 2.58954 9.13689 41.8079 65.5625 75.0966 17.4244 72.717 176.499 36.2888 38.3749 8.31326 0.00248742 126.306
66.9818 9.91311 2.71532 6.47232 2.47766 2.1257 8.13083 41.8079 65.5625 74.3021 17.4244 93.4476 176.499 36.2888 10.398 7.7382 0.00248742 121.576
71.4865 11.132 1.37281 5.39615 0.144748 2.1257 8.36577 43.0078 38.924 108.384 17.4244 93.4476 176.499 36.2888 77.8665 10.0041 0.00248742 123.236
42.9449 10.2045 3.31892 7.02704 16.2428 0.73723 8.53448 19.0336 37.82 118.767 24.0076 93.4476 176.499 36.2888 67.7653 10.0041 0.00248742 124.743
50.7642 8.03895 3.50547 9.01905 17.7502 0.73723 5.82233 19.0336 37.82 120.285 10.5831 93.4476 176.499 36.2888 13.1848 10.0041 0.00600988 119.103
49.1176 7.21456 2.55867 11.2815 17.2472 0.105138 5.82233 19.0336 37.82 122.45 8.6099 93.4476 176.499 36.2888 58.7051 4.06886 0.000131783 118.4
47.4668 3.15875 1.25755 13.7367 17.2472 0.105138 5.82233 21.375 37.82 118.358 14.873 93.4476 176.499 36.2888 58.7051 20.9612 0.000131783 117.974
50.9879 2.9558 2.7722 13.2513 17.2472 0.105138 5.24601 21.375 37.82 116.199 14.873 93.4476 176.499 36.2888 58.7051 26.091 0.000131783 119.569
50.9879 2.9558 4.3598 19.0596 17.2472 0.105138 2.78006 17.0194 39.3969 116.199 14.873 103.133 176.499 36.2888 58.7051 27.7834 0.000131783 121.577
67.6659 4.68767 0.940662 16.3564 10.5921 4.40158 3.68516 21.1444 41.5715 116.199 13.8975 96.6636 176.499 36.2888 85.4032 36.6414 0.000131783 120.893
58.0926 6.39997 4.92169 10.8624 13.9372 3.62377 1.8112 21.1444 41.5715 113.985 13.8975 59.0842 176.479 93.4717 59.8543 37.9216 0.000131783 118.248
40.9163 6.39997 3.29357 12.2122 13.9372 4.53682 3.73709 21.1444 41.5715 113.115 13.8975 59.0842 176.479 93.4717 59.8543 10.8508 0.000131783 116.515
53.3466 4.65502 3.58113 10.8914 13.9372 5.13913 3.56982 22.9966 41.5715 113.115 13.4215 52.2528 176.479 93.4717 71.4914 11.9876 0.000131783 115.465
55.7187 4.65502 0.786936 10.8914 13.9372 5.04208 4.10656 22.9966 41.5715 113.115 13.4215 66.8869 176.479 93.4717 19.4124 9.77123 0.000131783 116.748
49.4102 3.80687 6.64342 10.6315 4.75446 4.72999 6.52402 32.7796 36.2793 109.198 20.7272 98.5178 132.018 93.4717 19.4124 43.1705 0.000131783 114.834
44.0793 6.38841 6.33885 11.5723 11.356 4.70828 4.78559 22.7257 36.2793 97.438 34.2058 98.5178 132.018 93.4717 19.4124 10.7548 0.000265607 115.132
50.8158 3.27555 5.84796 11.7322 2.69864 5.14397 12.2085 32.9788 31.3259 92.0166 43.3778 91.0491 132.018 93.4717 19.4124 10.7548 0.00252912 115.816
50.7756 2.23695 10.3983 9.39518 2.69864 6.20502 13.5071 32.9788 31.3259 92.0166 44.648 91.0491 132.018 93.4717 7.40811 22.83 0.000974355 113.971
58.2942 1.91904 7.4354 9.39518 2.69864 6.20502 16.0065 32.9788 31.3259 92.0166 44.648 91.0491 132.018 93.4717 20.3602 22.8819 0.000974355 116.177
31.2507 1.98037 6.62424 3.42079 4.47331 6.20502 16.0499 31.7706 31.3259 92.4928 53.2304 91.0491 132.018 93.4717 20.3602 6.6291 0.000191171 114.98
33.7184 2.52805 5.85542 3.42079 4.47331 6.20898 19.9572 31.4083 38.0405 87.0382 53.2304 41.6308 107.712 192.037 216.591 6.54523 0.000415433 119.914
48.5108 4.76495 3.93256 7.57749 4.47331 6.34063 19.9572 30.0093 43.9116 87.0382 38.135 41.6308 107.712 192.037 292.125 3.17243 0.000415433 117.312
52.0542 4.76495 3.07498 7.78794 4.47331 8.98298 22.4464 26.9134 46.3939 87.0382 36.7281 41.6308 115.087 192.037 292.125 3.12421 0.000415433 119.544
54.2595 4.76495 4.47492 3.75592 5.09967 8.98298 20.1132 25.829 46.3939 87.0382 36.8939 41.6308 115.087 192.037 292.125 22.4489 0.00014053 117.105
48.144 4.76495 4.52282 0.256941 8.09369 13.5303 15.1424 23.8586 39.2897 95.1851 36.2465 51.4421 115.087 192.037 314.65 27.8912 0.000519386 120.306
49.9425 2.82472 4.79475 2.28729 8.09369 9.54283 16.7683 24.8079 38.8623 94.0132 44.2203 39.0237 92.7995 192.037 314.65 23.4535 0.000470339 121.894
49.0174 2.45297 2.88994 1.16872 9.31301 14.2155 18.838 26.4249 32.5215 63.1168 94.6533 39.0237 130.925 78.7064 24.9193 14.6893 0.00139562 118.689
49.183 1.74382 6.10481 1.16872 7.60956 14.3097 20.5046 27.8669 33.4507 59.2426 84.635 35.4116 130.925 158.083 24.9193 35.1821 0.00259644 116.115
46.4928 1.56581 2.95744 6.66385 8.90471 14.3097 20.5046 26.4906 28.6701 65.9209 81.8309 88.5634 53.5341 158.083 31.5846 35.1821 0.00472202 121.066
33.1494 1.93825 2.3032 8.23624 8.90471 11.3698 17.3621 29.3945 22.6434 65.9209 87.4282 65.3887 81.7527 186.956 31.5846 39.5745 0.00694652 120.544
35.2731 1.90243 2.31824 9.41798 8.40967 12.1758 10.924 29.9363 20.8849 84.397 100.896 57.9397 111.991 100.778 31.5846 14.2024 0.00118719 120.065
35.9339 1.88852 2.4772 14.7352 5.56845 10.0106 2.2288 27.8541 24.6537 86.4056 92.1719 82.6396 115.812 100.778 37.8807 17.5169 0.00387808 120.679
35.4558 1.88852 3.91633 18.7672 8.68832 10.0106 1.47067 26.6386 26.7603 86.4056 96.0771 62.3691 89.4804 155.287 37.8807 6.90687 0.00259896 120.238
35.4558 1.88773 3.2986 12.5275 7.77499 10.0106 5.35508 26.6386 23.8962 76.1533 96.0771 62.3691 72.708 204.764 37.8807 2.27688 0.00234104 120.483
35.7838 1.88935 3.2986 8.33871 10.5078 10.8808 8.10082 26.7955 28.8752 76.1533 96.0771 64.6443 50.8331 204.764 44.0293 10.8295 0.00234104 117.747
36.0198 1.88437 4.90272 6.15868 12.0567 7.40432 11.2813 26.7843 28.4697 74.602 101.987 68.1205 48.4643 212.605 46.2371 7.00535 0.00391757 118.892
34.4348 1.88175 2.55421 7.45107 9.75646 10.6473 8.24551 26.5246 21.9444 81.8149 99.9439 58.971 52.8201 212.605 11.7425 22.5728 0.00158457 118.418
35.668 1.88314 7.41015 1.41141 18.2713 9.29787 10.8383 26.2065 33.5907 76.2959 90.0451 74.668 42.2526 156.936 11.7425 11.5051 0.000979151 118.869
48.6398 1.88587 12.025 0.205881 18.2713 7.40477 5.28492 26.3371 35.2867 70.1647 90.0451 61.4094 68.317 199.032 36.1874 18.0177 0.000979151 118.03
49.3844 1.91059 4.18395 0.205881 22.2309 6.22467 5.28492 18.5371 68.3979 52.2089 73.2195 61.4094 46.0796 212.489 29.5762 15.1157 0.00180735 116.658
46.7197 1.9151 4.18395 0.205881 22.2309 6.22467 5.28492 25.3116 68.3979 39.4254 73.2195 51.9584 89.5894 212.489 28.4487 14.0058 0.00180735 116.596
47.7745 1.98682 4.18395 1.15986 22.2309 7.57222 5.28492 25.3116 68.3979 39.4254 73.2195 51.9584 89.5894 212.489 28.4487 14.2797 0.00180735 118.592
46.1685 3.13476 4.18395 2.40538 21.9534 5.25701 6.96499 29.1415 45.8468 61.1629 71.8934 51.9584 89.5894 160.436 28.4786 14.2797 0.00180735 116.598
50.687 2.75328 4.70653 5.46955 13.638 4.11029 6.45989 33.2134 44.2136 62.7223 71.8934 50.5856 89.5894 202.62 28.4786 9.57786 0.0798501 121.829
50.0689 4.66025 1.80774 3.14232 19.8038 2.41322 4.4975 27.6038 59.1092 70.2614 69.916 14.0816 87.5631 202.62 26.4449 2.4008 0.0338431 118.624
49.3538 4.84611 2.68108 0.0650062 16.4443 3.11087 13.7843 18.7404 59.1092 63.8817 69.916 10.5635 97.1918 234.927 16.2219 19.2899 0.00624205 117.926
53.679 1.62238 2.35019 7.52323 16.4141 3.11087 12.9937 25.6779 51.6394 47.7096 93.3746 16.3703 98.5726 234.927 19.7488 5.57593 0.00405696 115.597
63.63 0.785866 2.35019 5.06893 18.5645 3.11087 0.128002 38.6864 50.8478 54.0965 86.9142 16.3703 98.5726 229.823 10.0746 2.77426 0.00552945 118.142
61.0352 1.54769 4.48291 7.48147 18.5645 3.11087 1.63901 33.0386 66.8616 49.712 79.6705 16.3703 56.2307 225.289 8.01362 4.20776 0.00073752 121.652
49.0366 1.54769 11.1206 6.99916 12.0325 3.11087 1.63901 33.0386 59.2512 57.5815 78.6643 16.3703 55.133 273.178 17.5591 3.08234 0.00073752 112.276
55.4789 1.33177 3.7689 6.33877 12.4241 0.474058 1.75652 35.6321 61.1171 74.7778 56.9132 21.8132 62.7153 274.916 28.3215 20.4446 0.016142 117.58
51.5909 1.62666 11.6885 5.95988 11.8268 0.474058 1.75652 25.9418 63.6761 35.1292 106.054 7.82635 41.4056 319.683 23.7143 4.12129 0.0110512 117.64
46.1065 0.0618511 13.4373 6.57338 10.6653 3.74078 4.01755 27.1077 65.7526 32.9752 95.9188 8.18293 30.8259 319.683 13.6918 4.12129 0.0110512 118.27
51.4757 3.91712 11.4399 5.40089 1.97699 4.8536 8.35009 24.9015 66.0211 38.0963 105.949 13.736 34.9886 311.197 23.896 8.3562 0.00157322 114.653
51.4855 2.62452 4.11237 10.331 3.46203 16.2306 11.0132 16.4582 71.4312 33.8351 105.949 11.6062 30.797 311.197 16.8186 6.24025 0.00157322 114.024
43.3121 4.46533 1.2375 2.51394 7.92444 16.2306 18.5877 20.0216 66.6741 36.1811 100.707 15.963 35.4811 306.771 16.7706 8.28712 0.00020244 113.68
55.3418 4.47583 1.575 2.08166 10.983 13.3885 18.5877 13.3496 67.6871 32.5674 90.525 1.04848 41.2373 332.491 1.96812 14.7933 0.00301833 115.258
50.3073 5.82824 1.79336 2.39964 6.90426 22.657 3.45012 20.4494 44.6404 70.5377 90.4595 1.04848 42.7273 315.021 22.7974 14.2336 0.00450089 116.923
28.7653 6.05614 1.79336 3.2986 2.71051 26.7498 9.48079 17.4435 44.1704 65.8055 87.0802 2.77689 34.8073 325.565 34.3467 37.4373 0.00620411 119.565
44.4057 8.27596 2.05979 4.55169 1.52591 22.4893 9.48079 23.4242 43.8286 63.9621 74.9462 2.77689 28.9651 304.552 26.3252 15.699 0.00536425 119.583
56.032 7.0533 0.504258 0.312523 1.34096 21.0665 13.331 21.167 72.5183 82.3962 13.6386 18.9115 46.7993 336.423 11.9111 29.555 0.000171376 112.212
51.8586 6.77505 1.12507 0.312523 2.15765 18.4067 9.74477 25.8151 72.5183 82.3962 13.6386 18.9115 46.7993 336.423 11.9111 39.4804 0.000171376 111.777
52.3125 7.25819 1.12507 0.312523 4.54617 19.9077 9.36922 25.8151 68.7075 83.6546 13.6386 18.9115 46.7993 336.423 11.692 39.4804 0.000171376 113.891
54.9247 10.8166 4.94728 0.312523 3.89223 13.8618 6.09847 15.5679 92.3497 75.6488 1.61224 16.9745 57.932 325.072 17.4262 38.2462 0.000171376 115.668
53.0137 12.5485 7.17701 0.567196 4.24426 8.35036 6.09847 15.5679 85.7561 76.082 25.9003 8.2758 60.2069 314.333 17.6168 44.0757 0.000171376 112.195
40.4353 14.4184 7.10722 0.285448 7.16445 6.16216 5.03459 7.26047 84.7788 66.9482 37.6137 15.2756 63.3813 308.354 9.72459 48.2824 0.000171376 115.168
57.987 16.502 4.52212 0.285448 3.00487 6.66469 16.8452 2.33667 77.8238 67.9561 17.8654 19.4415 59.2686 355.504 27.9009 90.9866 0.000171376 123.02
57.987 16.502 3.16817 0.285448 1.85419 9.37003 24.6614 2.33667 76.4196 73.3281 17.8654 23.4297 46.6443 355.504 50.3012 90.9866 0.000171376 124.79
124.357 8.01977 4.72972 3.36382 1.59598 5.82116 22.71 3.98322 80.6507 78.524 16.1992 12.4625 34.8448 349.777 75.9354 90.9866 0.000171376 118.747
124.357 8.01977 2.18826 3.88373 4.17103 4.33385 17.8263 3.98322 87.3505 78.524 16.1992 18.3067 34.0971 357.211 119.594 90.9866 0.000171376 115.819
124.357 4.67476 2.0597 3.88373 6.73028 7.53608 15.8755 4.60328 100.938 64.0574 18.6316 14.3164 32.0412 379.528 165.72 73.4262 0.000171376 113.965
124.357 4.67476 4.30826 3.88373 6.73028 8.11333 15.8755 4.60328 100.938 64.0574 18.6316 14.3164 32.0412 379.528 165.72 73.4262 0.000171376 114.23
117.139 5.14152 2.11835 2.07494 6.26545 7.71004 20.1302 4.60328 100.938 64.0574 20.9466 13.023 32.0412 379.528 165.72 73.4262 0.000171376 114.334
117.139 4.54166 2.11835 2.07494 5.30898 7.71004 14.4545 4.60328 100.938 64.0574 23.8584 13.023 32.0412 379.528 165.72 73.4262 0.000856926 117.527
117.139 7.91929 1.52341 3.29711 7.10735 4.98886 23.6958 4.60328 90.3462 62.5208 23.8584 4.62194 32.0412 379.528 169.696 52.8434 0.000856926 115.119
117.139 7.91929 0.589811 3.29711 7.53594 4.98886 23.6616 8.26499 90.3462 62.5208 0.603529 1.80752 32.0412 410.878 169.696 68.7028 0.000856926 116.272
117.139 7.91929 0.395311 3.22034 7.53313 2.76971 28.9539 0.409972 90.3462 63.6504 0.603529 1.80752 32.0412 410.878 185.2 52.7808 0.000856926 111.539
117.139 7.28648 0.395311 2.4417 8.04734 2.76971 28.9539 0.409972 93.1501 62.9419 0.603529 1.80752 30.791 410.878 185.2 17.3959 0.00105448 111.296
117.139 7.28648 0.546938 3.08927 7.96213 2.76971 28.9539 0.409972 89.8331 62.9419 0.603529 1.80752 30.791 410.878 185.2 34.0089 0.00116925 110.926
117.139 2.0222 3.69881 4.43787 10.5827 2.76971 28.9539 0.409972 89.8331 62.9419 0.603529 1.80752 30.791 410.878 185.2 6.19018 0.00100579 110.783
67.658 2.0222 3.69658 12.9391 7.96892 3.07247 3.98568 19.032 94.4244 62.9419 0.603529 1.80752 30.791 410.878 185.2 7.75801 0.00118747 108.903
71.2046 3.4904 2.50524 15.7238 3.36452 3.07247 3.92117 21.0631 94.4244 62.2672 0.603529 1.80752 33.1908 411.058 185.2 25.0777 0.00125733 110.603
22.2381 4.81066 1.24393 15.7238 1.77284 3.07247 3.92117 21.0631 102.621 62.2672 0.603529 1.80752 26.6054 411.058 185.2 27.8161 0.0014692 113.206
22.2381 5.75019 1.93041 14.4204 4.36224 5.69434 3.92117 20.0153 102.621 58.0195 0.603529 3.03397 22.9318 411.058 185.2 27.4181 0.00158574 115.544
42.3977 6.55575 3.30272 6.71674 6.99699 3.70642 4.57702 21.9023 106.926 48.6633 0.603529 1.31513 41.0008 411.058 185.2 27.5832 0.00144092 111.357
40.9741 6.74256 2.89054 12.7515 3.97944 4.47598 4.57702 23.1446 102.262 45.3352 3.77681 1.31513 46.0612 407.074 178.104 3.50391 0.000255212 109.897
29.0385 5.58189 7.06443 8.98826 3.97944 4.61317 6.05741 22.9791 92.15 52.1552 3.77681 1.31513 50.4987 407.074 169.672 3.50391 0.000383367 112.353
57.6369 3.51332 8.20542 8.18878 6.43658 4.52002 4.2003 22.9791 92.15 43.2603 3.77681 1.85414 49.0609 417.071 169.672 5.12428 0.00305278 113.426
52.4735 3.34471 5.86369 6.26915 8.19738 2.56546 3.0882 23.4805 92.15 48.3175 3.77681 1.71352 32.7428 431.064 84.082 10.2655 0.00173651 114.589
57.2735 1.9281 4.46598 6.54692 7.68558 1.54004 7.00159 23.4805 92.15 54.5281 10.8573 7.42402 18.0632 431.064 76.9086 5.53056 0.00273355 114.165
57.2735 1.9281 6.45382 6.13652 7.68558 1.54004 2.39815 23.4805 95.2229 51.3907 10.8573 7.19926 23.2165 431.064 193.903 12.903 0.0064306 113.821
75.6327 0.800227 6.21823 6.13652 9.90063 1.54004 2.39815 20.6104 96.4872 51.3907 10.8573 6.4156 23.2165 431.064 173.464 5.30905 0.0033223 112.554
56.1796 0.800227 6.42233 6.13652 9.90063 2.6489 2.39815 19.2551 96.4872 51.3907 10.8573 6.4156 23.2165 431.064 173.464 3.32227 0.00661278 113.329
56.1796 1.24184 7.26311 7.50546 13.0415 2.6489 0.829091 21.0109 95.5684 51.3907 10.8573 3.656 23.2165 431.064 101.902 74.5971 0.00809376 118.012
53.6869 3.63978 6.95823 6.42146 13.0415 4.78688 0.829091 20.3698 111.109 26.5127 21.6227 3.656 23.2165 421.641 153.046 74.5971 0.00653993 118.315
51.041 3.63978 6.81161 2.20734 15.0539 5.92124 0.934212 15.9701 111.109 26.5127 18.4469 5.33234 31.445 421.641 153.046 62.7981 0.00653993 115.966
51.1023 3.99812 8.03771 2.20734 15.0539 5.92124 0.934212 14.6883 111.109 26.5127 18.4469 6.342 31.445 421.641 163.759 69.6988 0.00606821 113.875
48.6882 4.53013 8.03771 2.20734 15.0539 5.92124 0.934212 14.6883 111.109 26.5127 18.4469 6.342 31.445 421.641 163.852 34.2973 0.00606821 111.338
48.6882 5.58834 8.03771 2.20734 15.0539 4.63312 0.934212 14.6883 111.109 26.5127 18.4469 6.342 31.445 421.641 167.519 28.5703 0.00600144 111.563
45.5257 8.64981 9.78864 5.60438 7.51697 4.63312 3.21497 13.6551 122.404 21.6286 18.4469 1.58804 21.0937 415.212 220.351 36.9667 0.00694031 114.225
45.5257 8.64981 9.78864 5.60438 7.51697 4.63312 3.21497 13.6551 122.404 21.6286 18.4469 1.58804 21.0937 415.212 220.351 55.4959 0.00746347 115.633
78.8654 3.33272 9.78864 8.4355 5.31442 3.11053 4.09117 13.6551 122.404 21.6286 18.4469 1.58804 25.4205 413.836 220.351 32.3216 0.00490191 116.243
49.6445 3.07516 13.2965 7.04246 8.90842 2.60886 4.20824 7.67738 122.404 21.6286 18.4469 0.557482 32.8879 415.904 165.403 32.3216 0.00539781 114.378
49.0056 2.05299 11.5773 9.1499 8.90842 3.51423 7.20035 7.67738 122.404 21.6286 18.4469 3.39507 32.8879 415.904 165.403 25.5781 0.00513516 111.32
49.0056 2.05299 11.5773 9.15739 8.90842 3.51423 7.20035 7.67738 122.404 22.5071 18.4469 3.50809 32.8879 415.904 165.403 19.928 0.000752094 108.648
57.6345 2.05299 9.9318 9.15739 8.90842 4.76953 7.30941 7.67738 122.404 22.5071 12.7981 4.23222 39.329 414.328 174.173 14.9308 0.000777971 110.421
57.6345 2.05299 8.3256 9.15739 12.4392 2.03288 6.2597 7.67738 122.404 22.5071 12.7981 2.76966 39.329 414.328 174.173 14.9308 0.00306626 111.493
41.5184 1.8259 3.3192 13.6896 10.0446 3.72169 9.50085 7.67738 122.404 22.5071 12.7981 2.22472 39.329 414.328 167.911 10.2154 0.00525513 113.001
41.5184 2.01473 8.03609 13.6896 6.22146 1.10311 9.9227 7.67738 122.404 26.1424 12.7981 2.60935 37.3399 414.328 167.911 8.79825 0.000518931 108.098
34.4201 0.223664 9.64737 14.1047 5.82683 2.09835 9.9227 5.88811 122.404 26.1424 12.7981 7.5682 29.4172 414.328 181.881 29.666 0.000518931 111.87
34.4201 1.05881 9.64737 16.6519 7.27844 0.693474 9.4583 5.88811 122.404 26.1424 12.7981 3.70004 29.4172 422.269 181.881 30.4078 0.000647238 110.337
34.4201 1.05881 9.64737 16.6519 7.50971 0.693474 9.4583 5.88811 122.404 26.1424 12.7981 3.70004 29.4172 422.269 181.881 45.3422 0.000831429 111.619
56.629 0.231704 8.27108 16.6519 7.60079 0.693474 9.4583 5.88811 122.404 26.1424 12.7981 3.70004 29.4172 422.269 147.279 52.5243 0.000831429 112.353
56.629 0.231704 8.27108 16.6519 6.44641 0.693474 9.4583 5.88811 122.578 26.1424 12.7981 3.70004 29.4172 422.269 147.279 51.1951 0.000692792 112.729
58.2721 0.730618 10.2241 16.1721 6.49111 0.693474 7.30951 5.88811 122.578 26.1424 14.1758 4.60496 28.1134 434.25 147.279 25.6287 0.000877044 112.568
58.2721 0.730618 10.2241 16.1721 6.49111 0.693474 6.94658 5.88811 122.578 26.1424 14.1758 4.60496 28.1134 434.25 147.279 25.6287 0.000877044 112.563
55.313 0.730618 10.8432 14.8027 6.49111 0.693474 0.873162 11.3995 122.578 26.1424 14.1758 4.60496 29.9646 434.25 147.279 4.49786 0.000899221 111.348
60.5637 0.730618 10.8432 14.8027 6.49111 0.693474 3.11115 11.3995 122.578 26.1424 14.1758 4.60496 27.1228 434.25 114.816 1.10137 0.000383877 114.556
60.5637 0.730618 10.8432 11.9756 4.35403 2.22285 3.11115 10.9882 122.578 26.1424 17.448 4.60496 27.1228 434.25 131.096 6.53607 0.000347396 112.197
59.2208 0.730618 10.273 13.2011 5.81617 2.22285 3.11115 8.52991 122.578 25.7789 17.448 4.60496 26.9495 434.25 142.309 21.4039 0.000401777 111.503
51.7037 0.730618 7.74859 16.5422 5.81617 1.916 3.11115 8.52991 122.578 25.7789 17.448 4.60496 26.9495 434.25 142.309 25.0741 0.00050112 110.857
69.1582 0.730618 7.74859 16.5422 3.95399 1.84123 3.11115 8.52991 122.578 28.384 17.448 6.57246 26.9495 434.25 148.309 7.31227 0.00050112 112.309
87.9011 0.730618 7.74859 12.2069 6.72802 1.84123 3.11115 8.52991 122.578 28.384 17.448 6.57246 26.9495 434.25 148.309 28.0811 0.000375997 113.275
69.1328 0.730618 9.60557 7.78334 7.06237 3.41747 3.11115 8.52991 122.578 28.384 17.448 6.57246 26.9495 434.25 148.309 8.47178 0.00040688 111.568
89.1234 0.585914 10.9097 7.43989 6.87425 3.18914 4.77375 8.52991 130.464 28.384 6.1607 6.57246 26.9495 434.25 148.309 8.47178 0.000438429 110.575
89.1234 0.585914 11.1108 7.87657 6.68738 2.85604 6.61129 8.72678 130.464 28.384 4.49779 5.8192 17.1024 434.25 148.309 4.04721 0.000314354 108.628
120.649 0.585914 11.0071 4.57721 9.42272 2.55278 3.32239 8.72678 130.464 28.384 4.49779 5.8192 18.9033 434.25 153.807 7.03524 0.000314354 107.006
120.649 0.585914 9.98393 5.26477 9.42272 2.55278 3.32239 8.72678 130.464 28.384 4.49779 5.8192 18.9033 434.25 153.807 3.42603 0.000314354 107.451
120.649 0.585914 9.98393 5.26477 9.42272 2.55278 3.32239 8.72678 130.464 28.384 4.49779 5.8192 18.9033 434.25 153.807 3.42603 0.000314354 107.451
125.518 0.585914 9.01132 3.59389 6.34366 4.20036 3.32239 12.7979 130.464 28.384 4.49779 5.8192 18.9033 434.25 94.4243 3.85835 0.000267584 110.414
125.518 1.44849 8.91689 2.74996 6.43754 4.20036 3.32239 13.8522 130.464 28.384 4.49779 5.8192 18.9033 434.25 127.101 15.3326 2.13011e-05 106.761
125.518 0.469762 8.91689 2.74996 6.43754 5.78502 3.32239 13.1095 130.464 28.384 4.49779 5.8192 18.9033 434.25 127.101 29.5166 1.66702e-05 107.567
97.0397 3.1577 8.91689 2.74996 5.18156 5.78502 3.32239 13.7519 130.464 28.384 4.49779 5.8192 18.9033 434.25 127.101 2.11614 6.96994e-05 108.701
97.0397 2.79089 8.44745 2.85154 5.63062 9.30194 3.32239 10.0991 130.464 28.384 4.49779 5.8192 18.9033 434.25 97.1186 7.1472 3.79279e-05 108.548
97.0397 2.0575 8.44745 2.85154 8.7572 4.69384 3.32239 13.4665 130.464 28.384 4.49779 5.8192 18.9033 434.25 97.1186 7.1472 3.79279e-05 108.663
94.3999 4.28101 8.44745 3.41844 10.5398 1.82709 1.85855 7.94769 130.464 28.384 4.49779 5.8192 33.2116 434.25 138.689 7.1472 8.3147e-05 109.626
102.216 4.28101 9.82569 3.39338 10.5398 1.82709 1.85855 7.94769 130.464 28.384 4.49779 5.8192 33.2116 434.25 127.397 7.1472 6.40812e-05 108.922
105.879 4.28101 6.31427 1.64717 10.652 6.73462 3.64515 8.29959 130.464 26.959 4.49779 5.8192 28.1992 434.25 161.902 7.1472 6.40812e-05 107.834
109.965 4.28101 8.31691 0.766227 7.96798 7.21206 4.10828 8.29959 130.464 26.959 4.49779 5.8192 28.1992 434.25 161.902 7.1472 2.67972e-05 107.572
97.7979 6.55066 8.31691 0.933496 9.13657 4.97177 6.87455 8.29959 130.464 26.8698 6.32787 2.13612 28.1992 434.25 161.902 7.1472 2.67972e-05 107.788
110.432 6.55066 8.31691 0.933496 7.03082 4.97177 7.19906 8.29959 130.464 26.8698 6.32787 2.13612 28.1992 434.25 161.902 7.1472 1.90446e-05 108.25
101.081 5.51065 8.29046 1.01216 7.39985 4.89922 11.1516 5.38136 117.509 26.8698 19.7465 12.8137 4.85707 434.25 161.902 14.3523 7.67795e-06 108.369
94.9738 5.94902 7.9009 1.01216 7.58207 6.33977 10.8761 5.38136 117.509 20.111 19.7465 19.4474 4.85707 434.25 169.823 20.0791 7.67795e-06 110.486
75.2189 8.5402 8.49692 1.8174 8.01083 6.19943 8.96518 6.16634 117.509 20.111 19.7465 16.2059 4.85707 434.25 169.823 13.7166 0.00161048 113.482
75.2189 8.5402 6.83744 2.31406 7.33038 6.19943 8.96518 6.16634 117.509 20.111 19.7465 16.2059 4.85707 434.25 169.823 13.7166 0.000734103 111.988
49.3678 8.5402 5.3486 2.31406 5.17488 13.2942 7.87734 18.9939 117.509 2.69008 23.1743 16.2059 11.0962 434.25 169.823 20.8947 0.00015186 114.809
49.3678 1.4785 6.06367 1.09382 11.6685 13.2942 7.74053 18.9939 117.509 2.69008 23.1743 16.2059 11.0962 434.25 169.823 20.8947 0.00015186 113.774
49.3678 1.4785 6.06367 1.09382 11.6685 13.2942 7.74053 18.9939 117.509 2.69008 23.1743 16.2059 11.0962 434.25 169.823 20.8947 0.00015186 113.774
-40.747 0.455963 6.06367 1.09382 14.7676 18.7752 7.74053 18.9939 133.46 2.69008 7.69993 16.2059 11.0962 434.25 169.823 20.8947 0.00015186 117.989
-35.3432 1.6962 4.61343 4.69394 12.9872 18.7752 6.70624 18.3677 133.46 3.96986 7.69993 16.2059 11.0962 434.25 188.829 22.5017 0.00015186 117.24
-35.3432 1.6962 4.61343 4.69394 12.9872 18.7752 6.70624 18.3677 133.46 3.96986 7.69993 16.2059 11.0962 434.25 188.829 22.5017 0.000141461 117.183
-35.3432 2.97013 4.61343 4.69394 11.979 18.7752 6.70624 18.3677 107.17 29.9958 7.69993 16.2059 11.0962 434.25 202.291 22.9724 0.000141461 117.126
8.92529 1.97531 2.66822 4.69394 8.37959 18.7752 5.63289 17.6688 107.17 29.9958 7.69993 16.2059 11.0962 434.25 186.364 1.16783 0.000141461 114.16
69.0277 1.60143 2.66822 1.11096 8.0228 18.7752 5.63289 17.6688 107.17 29.9958 5.23004 16.2059 11.0962 434.25 186.364 7.57139 0.000141461 112.505
69.7393 3.11191 3.26791 0.86913 9.06551 18.7752 4.50417 13.2625 107.17 29.9958 5.23004 16.2059 11.0962 434.25 186.364 13.3486 0.000141461 115.035
95.9044 2.8693 0.381179 7.15348 4.31974 12.9991 8.16139 19.4357 107.17 29.9958 5.23004 16.2059 11.0962 434.25 186.364 13.3486 0.000141461 115.069
140.355 3.29025 2.56833 9.43782 4.25459 12.2579 8.36379 26.1988 107.17 29.9958 5.23004 3.57169 11.0962 427.354 184.873 24.5977 0.00382871 120.011
4.92585 2.77505 4.5906 10.2069 10.3685 11.3668 10.2396 21.4433 111.993 29.9958 5.23004 3.57169 11.0962 427.354 188.101 30.891 0.00532684 117.947
-49.2022 2.77734 4.73122 10.2069 10.3685 14.0419 10.2396 23.0779 111.993 30.6611 5.23004 3.57169 24.781 427.354 186.572 30.7941 0.00255205 117.015
-49.2022 2.64111 5.18845 8.61807 7.31229 17.3456 10.2396 23.1389 111.993 30.6611 5.23004 3.31499 24.781 427.354 178.596 30.7941 0.00233419 115.812
-49.2022 6.75591 5.18845 8.61807 3.86716 17.3456 10.2396 23.1389 111.993 30.6611 5.23004 3.31499 24.781 427.354 187.427 31.8473 0.00233419 116.447
-49.2022 6.75591 5.18845 8.61807 3.86716 17.3456 10.2396 23.4517 111.993 30.6611 5.23004 3.31499 24.781 427.354 187.427 26.614 0.0027455 116.782
-49.2022 6.75591 5.14922 8.61807 3.86716 17.3456 10.2396 23.4517 111.993 30.6611 5.23004 3.31499 24.781 427.354 195.634 26.614 0.0027455 117.009
-49.2022 6.75591 5.14922 8.61807 3.86716 21.0605 10.2396 17.4535 111.993 30.6611 5.23004 3.31499 24.781 427.354 173.177 1.79732 0.00286797 116.178
-49.2022 6.75591 5.44731 9.47641 4.98608 19.9662 11.5777 15.7066 111.993 30.6611 5.23004 3.31499 24.781 427.354 175.029 2.28939 0.00271049 115.777
-50.2753 6.75591 4.7662 9.47641 4.98608 19.9662 12.8906 15.7066 111.993 30.6611 5.23004 3.31499 24.781 427.354 144.724 2.5297 0.00271874 116.699
-50.2753 6.75591 4.13477 9.47641 0.148518 19.9662 17.4437 15.7066 111.993 30.6611 5.23004 3.31499 24.781 427.354 183.45 3.00584 0.00271874 116.729
-50.2753 7.46795 4.06149 9.47641 0.148518 19.9662 16.5843 15.7066 111.993 30.6611 5.23004 3.31499 24.781 427.354 183.45 3.99489 0.00272277 116.801
-50.2753 7.47953 4.06149 9.47641 0.225074 19.9662 16.5843 17.7867 111.993 30.6611 5.23004 3.31499 24.781 427.354 183.45 4.8206 0.00272277 116.494
-50.2753 7.50085 4.32011 9.47641 0.225074 19.9662 16.5843 17.7867 111.993 30.6611 5.23004 2.05645 24.781 427.354 183.45 15.7385 0.00277178 115.477
-50.2753 7.50085 4.32011 9.47641 0.225074 19.9662 16.5843 17.7867 111.993 30.6611 5.23004 2.05645 24.781 427.354 183.45 10.0749 0.00372537 115.648
-50.2753 7.50085 3.94683 9.47641 0.225074 19.9662 16.5843 17.7867 111.993 30.6611 5.23004 2.05645 24.781 427.354 183.45 10.0749 0.00372537 115.747
-50.2753 7.50085 3.94683 9.47641 0.225074 19.9662 16.5843 17.7867 111.993 30.6611 5.23004 2.05645 24.781 427.354 183.45 10.0749 0.00372537 115.747
-50.2753 7.50085 3.91891 7.52794 2.03268 19.9662 16.5843 17.7867 111.993 30.6611 5.23004 2.05645 24.781 427.354 141.733 14.4858 0.00458457 116.134
-50.2753 7.50085 4.14415 7.52794 2.03268 19.9662 16.5843 17.7867 111.993 30.6611 5.23004 2.05645 24.781 427.354 141.733 14.4858 0.00458457 115.836
-50.2753 7.50085 4.14415 7.52794 2.03268 18.8805 16.5843 17.7867 111.993 25.7406 11.9589 2.05645 24.781 427.354 141.733 14.4858 0.00458457 116.917
-50.2753 7.50085 4.14415 7.52794 2.03268 18.8805 16.5424 17.7867 111.993 25.7406 12.8485 2.05645 24.781 427.354 141.733 14.4858 0.00435751 117.391
-21.2657 7.50085 4.34682 5.91032 3.69635 18.8805 10.7134 20.2151 111.993 25.8143 12.8485 2.05645 24.781 427.354 128.414 22.514 0.00711614 119.506
6.35991 7.62088 3.05237 3.05435 8.24194 14.0743 8.86266 4.44174 111.993 47.512 12.8485 2.08524 24.781 445.26 147.492 0.507543 0.00620899 120.533
18.7759 7.62088 3.05237 3.05435 8.24194 9.99639 7.73471 4.44174 111.993 47.512 12.8485 2.08524 24.781 445.26 89.5656 0.507543 0.00583098 117.698
18.7759 6.86906 3.05237 3.05435 10.0308 11.2701 13.5043 1.47661 111.993 47.512 6.58116 2.08524 24.781 445.26 89.5656 0.507543 0.00583098 114.538
1.44078 6.27131 3.05237 3.05435 10.0308 11.2701 15.4995 1.59841 111.993 47.3367 6.58116 2.08524 24.781 445.26 124.316 1.51536 0.00662755 113.697
25.8396 6.27131 3.05237 1.18975 10.4061 11.2701 11.2457 1.59841 111.993 51.3921 6.58116 1.81267 24.781 445.26 124.316 6.37905 0.00662755 112.933
25.8396 6.99016 3.05237 1.71088 8.23755 11.2701 11.2457 1.59841 111.993 51.3921 6.58116 1.81267 24.781 445.26 136.83 9.24478 0.0087101 111.906
25.8396 6.99016 3.05237 1.71088 9.0151 11.2701 11.2457 1.59841 111.993 51.3921 6.58116 1.81267 24.781 445.26 136.83 10.9162 0.0087101 112.042
25.8396 6.14381 3.05237 1.71088 9.0151 11.2701 12.1556 1.59841 111.993 51.3921 6.58116 1.81267 24.781 445.26 136.83 9.54895 0.00661563 111.794
25.8396 6.14381 4.39616 1.71088 9.0151 11.2701 12.1556 1.59841 111.993 51.3921 6.58116 1.81267 24.781 445.26 136.83 9.54895 0.00661563 113.527
4.44242 6.14381 6.89038 2.8896 9.07364 11.2701 8.51208 1.59841 111.993 51.3921 6.58116 1.81267 24.781 445.26 136.83 28.4242 0.007147 115.228
4.44242 6.14381 6.89038 0.524883 10.807 11.2701 10.8229 1.59841 111.993 51.3921 6.58116 1.81267 24.781 445.26 136.83 28.4242 0.007147 114.942
-42.3787 6.57834 9.52511 3.76317 8.3214 11.2701 10.8229 1.59841 111.993 51.3921 6.58116 1.81267 24.781 445.26 130.9 28.4242 0.007147 114.633
-42.3787 4.99802 8.2054 3.76317 7.91077 11.2701 14.1272 1.59841 111.993 51.3921 6.58116 1.81267 24.781 445.26 130.9 28.4242 0.007147 114.688
-42.3787 4.99802 8.2054 3.76317 7.91077 11.2701 14.1272 1.59841 111.993 51.3921 6.58116 1.81267 24.781 445.26 145.953 28.4242 0.007147 115.319
-34.7645 6.46824 5.89477 3.76317 8.0318 10.5548 14.1272 1.59841 111.993 51.3921 6.58116 1.81267 23.9836 445.26 134.189 22.4417 0.010082 114.687
-34.7645 6.49344 5.89477 4.05629 8.42685 10.6298 13.7544 1.59841 111.993 51.3921 6.58116 1.81267 23.9836 445.26 134.189 15.5183 0.00533467 113.517
-36.4354 6.52334 7.79811 3.69081 8.42685 13.7472 11.0278 1.59841 111.993 51.3921 6.58116 1.81267 23.4222 445.26 134.189 36.6104 0.00746434 113.922
-36.4354 6.53186 6.8056 4.51107 12.6005 13.7472 8.06724 1.59841 111.993 51.3921 4.64757 1.81267 23.4222 445.26 134.189 12.6692 0.00746434 112.955
-36.4354 6.52719 7.63468 4.51107 12.111 13.7472 8.06724 3.08242 111.993 50.6499 3.98577 1.81267 23.4222 445.26 134.189 9.6549 0.00361449 111.888
-36.4354 6.46793 7.42015 3.92546 12.111 13.7472 8.98551 3.08242 111.993 50.6499 3.98577 1.81267 23.4222 445.26 120.036 13.0319 0.00586021 113.492
-36.4354 6.46904 6.70546 3.8108 12.111 13.7563 8.98551 3.08242 111.993 50.6499 3.98577 1.81267 23.4222 445.26 120.036 13.0319 0.00433288 113.594
-36.4354 6.37743 6.70546 3.57212 12.111 14.3647 8.98551 3.08242 111.993 50.6499 3.98577 1.81267 23.4222 445.26 120.036 13.0319 0.00516889 113.7
-23.4049 6.33624 5.18191 2.36255 12.111 14.3647 8.98551 3.08242 111.993 52.7632 3.98577 1.81267 23.4222 445.26 121.912 13.7308 0.00636711 112.876
-23.4049 6.27526 5.18191 2.36255 12.111 14.3647 8.98551 3.08242 111.993 52.7632 3.98577 1.81267 23.4222 445.26 102.643 13.7308 0.00636711 114.722
-23.4049 6.27526 5.18191 2.36255 12.111 14.3647 8.98551 3.08242 111.993 52.7632 3.98577 1.81267 23.4222 445.26 102.643 13.7308 0.00636711 114.722
24.9226 7.35368 6.58024 2.36255 11.9149 12.286 8.98551 3.08242 111.993 48.8279 3.98577 1.81267 23.4222 445.26 73.0713 18.6038 0.00636711 118.86
47.1381 5.39286 6.58024 2.36255 9.49423 12.286 10.3455 3.08242 111.993 48.8279 3.98577 1.81267 23.4222 445.26 127.536 18.1576 0.0082045 112.011
47.1381 5.39286 5.98726 2.36255 8.45548 11.9468 10.3455 3.08242 111.993 48.8279 3.98577 1.81267 23.4222 445.26 127.536 5.91582 0.00206828 109.336
47.1381 7.17999 7.04917 0.258228 9.50997 11.9468 10.0055 3.08242 111.993 47.5799 3.98577 0.778097 23.4222 445.26 127.536 4.44494 0.015106 112.813
47.1381 9.79444 7.04917 0.258228 9.50997 10.4399 10.3171 3.08242 111.993 47.5799 3.98577 0.778097 23.4222 445.26 127.536 15.6632 0.0104339 112.78
47.1381 9.79444 7.04917 3.27915 7.36791 10.4399 11.5958 3.08242 111.993 43.5467 3.98577 0.778097 23.4222 445.26 127.536 15.6632 0.0115231 112.728
37.6131 9.90493 7.04917 3.27915 7.1371 9.81856 11.5811 3.08242 111.993 43.5467 3.98577 0.778097 23.4222 445.26 127.536 15.6632 0.0249814 115.249
37.6131 10.2137 7.13417 3.27915 5.66866 10.7173 11.8141 3.08242 111.993 43.5467 3.98577 0.778097 23.4222 445.26 127.536 13.272 0.0249814 115.255
33.7616 10.2619 2.99362 7.52632 4.72064 10.7173 11.9004 3.08242 111.993 43.5467 3.98577 0.778097 23.4222 445.26 127.536 17.0426 0.034088 116.984
46.3226 10.4681 1.62486 12.2212 2.03165 9.96433 9.12647 3.08242 113.893 43.5467 3.98577 0.778097 23.4222 445.26 127.536 17.0426 0.034088 115.028
30.7463 6.75847 1.62486 11.2756 2.03165 10.3201 9.12647 3.08242 119.666 43.5467 3.98577 0.778097 23.4222 445.26 127.536 8.30209 0.034088 117.252
34.7451 8.09799 2.81931 10.693 3.08392 13.493 8.20929 3.08242 119.666 43.5467 1.42921 0.778097 23.4222 445.26 127.536 8.30209 0.0186295 114.695
22.646 6.70661 2.81931 9.31841 3.08392 13.39 13.7439 3.08242 119.666 43.5467 1.42921 0.612592 23.4222 445.26 127.536 8.90885 0.0161528 117.2
45.4237 6.70661 1.03747 9.92503 3.08392 10.5091 13.7439 3.08242 119.666 43.5467 1.42921 0.612592 23.4222 445.26 127.536 9.08858 0.0148639 112.975
45.4237 6.70661 1.03747 9.92503 4.4274 10.5091 13.7439 3.08242 119.666 43.5467 1.42921 0.612592 23.4222 445.26 126.745 10.5119 0.0160552 112.684
45.4237 6.70661 1.03747 9.92503 4.4274 10.5091 13.7439 3.08242 119.666 43.5467 1.42921 0.612592 23.4222 445.26 126.745 10.5119 0.0160552 112.684
45.4237 6.70661 1.03747 9.92503 4.4274 10.5091 13.7439 3.08242 119.666 43.5467 1.42921 0.612592 23.4222 445.26 126.745 1.73608 0.0160552 112.91
43.4586 6.70661 1.03747 9.92503 4.4274 10.5091 13.7439 3.08242 119.666 43.5467 1.42921 0.612592 23.4222 445.26 126.745 8.10887 0.0160552 112.711
43.4586 5.31489 1.03747 11.9482 4.20079 10.5091 13.7439 3.08242 119.666 43.5467 1.42921 0.612592 23.4222 445.26 134.514 23.0521 0.00439178 109.937
43.4586 5.31489 1.03747 11.9482 4.20079 10.5091 13.7439 3.08242 119.666 43.5467 1.42921 0.612592 23.4222 445.26 134.514 23.0521 0.00436182 109.932
43.4586 5.31489 1.03747 11.9482 4.20079 9.00145 11.5876 3.08242 119.666 44.5525 2.11303 0.612592 23.4222 445.26 134.514 23.0521 0.00436182 112.696
43.4586 5.31489 1.03747 11.9482 6.57651 9.00145 11.5876 3.08242 119.666 44.5525 2.11303 0.612592 23.4222 445.26 134.514 1.91073 0.00298036 109.046
43.4586 5.31489 1.5757 11.9482 6.57651 9.00145 11.2908 3.08242 119.666 44.5525 2.11303 0.612592 23.4222 445.26 137.723 2.65723 0.0017019 108.997
43.4586 5.31489 1.5757 11.9482 6.57651 8.62837 11.2908 3.08242 119.666 44.5525 2.11303 0.612592 22.5837 445.26 137.723 2.65723 0.0021832 108.597
43.4586 5.31489 1.18053 11.9482 6.57651 9.83303 11.2908 3.08242 119.666 44.5525 2.11303 0.612592 22.5837 445.26 137.723 2.65723 0.00147348 109.41
49.8628 0.698605 2.69279 11.9482 6.57651 11.5555 11.2908 3.08242 119.666 44.5525 2.11303 0.612592 22.5837 445.26 137.723 2.5286 0.00147348 109.488
116.192 2.34781 3.21795 11.9482 2.97739 1.65955 11.2908 3.1888 119.666 44.5525 2.11303 4.59894 22.5837 445.26 137.723 10.8758 0.00147348 110.241
116.192 2.34781 3.21795 9.90268 5.39831 3.27698 11.2908 3.1888 119.666 44.5525 2.11303 3.44775 22.5837 445.26 137.723 18.7782 0.00143795 107.796
116.192 2.34781 3.21795 14.0143 3.5733 2.73525 10.6338 5.91572 119.666 44.5525 2.11303 0.932776 22.5837 445.26 137.723 4.47767 0.00146083 108.894
104.157 1.87691 3.21795 15.7191 3.94449 2.73525 11.1685 5.91572 119.666 44.5525 2.11303 0.932776 22.5837 445.26 137.723 46.8642 0.0013952 111.022
116.936 0.197016 3.21795 12.8633 4.4385 2.73525 11.1685 5.91572 119.666 44.5525 2.11303 0.932776 25.1529 445.26 137.723 42.8073 0.00161512 110.728
116.936 0.197016 3.48843 16.1103 4.4385 2.73525 9.16727 5.91572 119.666 44.5525 2.11303 0.932776 25.1529 445.26 137.723 21.4429 0.0013123 111.289
116.936 0.723805 3.48843 16.1103 3.9702 1.54475 9.16727 5.91572 119.666 44.5525 2.11303 0.932776 25.1529 445.26 137.723 31.4438 6.76965e-05 107.433
101.64 2.77455 3.48843 16.1103 3.9702 1.54475 9.16727 5.91572 119.666 44.5525 2.11303 0.932776 25.1529 445.26 137.723 31.4438 6.76965e-05 108.624
134 4.23198 2.80526 11.7244 3.9702 1.54475 8.86249 5.91572 119.666 44.5525 2.11303 0.932776 25.1529 445.26 121.372 25.5238 6.76965e-05 108.645
132.259 4.23198 2.11647 12.6603 3.9702 1.54475 8.86249 5.91572 119.666 44.5525 2.11303 0.932776 25.1529 445.26 121.372 23.2739 6.76965e-05 108.856
42.2287 2.14553 6.05609 17.0638 6.30175 1.54475 9.12228 5.91572 119.666 44.7539 2.11303 0.932776 25.1529 445.26 153.433 23.2739 0.000245714 107.547
42.2287 2.14553 6.02418 17.0638 4.3829 3.1552 9.12228 5.91572 119.666 44.7539 2.11303 0.932776 25.1529 445.26 133.245 23.2739 0.000245714 106.845
52.2407 2.14553 6.02418 17.0638 4.3829 3.1552 9.12228 5.91572 119.666 44.7539 2.11303 0.932776 25.1529 445.26 133.245 22.9163 0.00185353 108.349
52.2407 2.14553 5.12065 17.0638 4.3829 2.30304 11.4773 5.91572 119.666 44.7539 0.534293 0.932776 25.1529 445.26 133.245 7.6459 0.00203352 108.004
52.2407 2.14553 5.12065 17.0638 4.3829 3.00547 8.17574 5.91572 119.666 44.7539 0.534293 5.39047 25.1529 445.26 133.245 7.5175 0.00134076 109.195
52.2407 2.14553 4.10116 17.0638 4.3829 4.69926 3.62524 5.91572 119.666 44.7539 0.534293 5.39047 25.1529 445.26 133.245 24.7434 0.00654643 113.181
47.0889 4.48591 4.10116 17.2924 4.3829 4.35883 3.23372 5.91572 119.666 44.7539 0.534293 4.76463 21.9295 453.523 137.996 24.7434 0.00116737 110.524
47.0889 3.77154 1.58034 17.2924 8.51218 4.80626 3.51714 9.81903 119.666 42.1074 0.534293 4.76463 20.3584 419.881 190.208 24.5141 0.00125283 107.576
47.0889 3.77154 1.70791 17.2924 8.51218 4.80626 3.51714 9.81903 119.666 42.1074 0.534293 4.76463 20.3584 419.881 190.208 24.5141 0.000794547 107.052
46.601 3.77154 1.70791 17.2924 7.46869 4.80626 3.51714 12.1464 119.666 42.1074 0.534293 4.76463 20.3584 419.881 190.208 25.2804 0.00107454 107.935
46.601 3.14949 1.72944 17.2924 7.46869 4.80626 3.51714 12.1464 119.666 42.1074 0.534293 4.76463 20.3584 419.881 190.208 25.302 0.00107454 108.18
46.601 3.14949 1.72944 17.2924 8.81618 4.80626 3.51714 12.1464 119.666 42.1074 0.534293 4.76463 20.3584 422.04 190.208 25.0527 0.00107454 109.056
30.6554 7.53195 3.43524 14.5441 7.23652 3.97579 3.84181 7.82217 110.851 48.1149 0.534293 10.5183 20.3584 422.04 190.208 24.8886 0.00119732 111.868
52.4833 6.43 3.02206 14.5441 6.68976 2.98364 2.40195 7.82217 110.851 48.1149 0.534293 10.5183 20.3584 422.04 190.208 24.6219 0.000944756 111.764
