4635.35 11.4883 5.90089 0.602243 31.7102 42.4236 26.9615 46.3899 26.233 10.0024 34.2697 17.5361 24.3143 10.3362 12.1133 51.1038 1.63102 11.8919 20.3114 12.1978 14.9396 49.7539 0.303488 228.449
4635.35 23.1244 6.35564 4.46022 32.7188 17.2977 48.3767 44.8814 21.0681 13.5816 35.9301 21.0984 11.7488 9.86726 40.7262 11.5545 8.57345 9.17826 16.9512 11.4801 28.0989 30.3106 0.0406751 218.714
4621.44 18.6421 4.80555 8.38618 32.7188 18.6313 47.8571 38.0002 26.4167 14.708 37.039 30.4527 11.2011 8.06937 36.3021 25.4323 2.77701 21.9465 8.09664 10.3217 22.2071 16.6086 0.116061 218.685
4611.58 17.8263 6.53271 10.8779 32.7188 26.5681 49.9209 39.7795 19.8031 14.708 34.4079 22.437 9.83208 14.2027 37.7122 15.3808 13.3994 32.6999 9.91118 6.5643 10.7168 70.5411 0.0834755 221.365
4605.91 24.6971 13.259 5.04235 18.3876 26.5681 42.4283 56.0979 9.60789 9.47844 42.4733 6.07407 16.319 22.6837 41.5809 15.0506 9.33198 6.46744 31.512 2.10547 31.8532 9.93832 0.0459093 226.291
4592.5 33.4959 4.10484 9.29275 15.9364 21.6774 52.2623 45.8642 15.3811 12.7794 42.9121 27.6776 13.0628 29.8944 22.9361 14.7856 4.07749 14.0457 21.4589 10.9683 9.47895 20.3421 0.163065 221.774
4608.69 17.8132 1.19837 12.1661 35.7475 28.5797 42.6861 46.0266 14.432 12.0021 43.8195 19.4697 15.3198 13.4192 18.1176 15.3779 15.4033 28.8517 8.68591 2.02828 33.2618 18.3718 0.214757 224.653
4630.33 18.739 3.55725 6.9859 29.6001 36.5655 38.1192 41.0978 14.5393 13.8081 38.1189 20.3367 28.4677 22.0669 20.3966 11.9928 15.3016 11.5463 40.4859 5.28723 21.2262 22.9182 0.204313 219.437
4630.33 15.182 3.65133 5.98822 27.8826 44.3683 31.1311 41.147 21.4612 8.10316 44.7442 11.0803 25.7287 24.4142 26.0651 14.5979 15.2427 15.9521 8.94863 15.3544 17.4609 36.6591 0.300192 218.58
4567.98 18.1492 2.22974 10.8478 20.0696 54.7753 36.5415 45.0494 26.9927 10.3413 43.9908 5.33791 27.9312 20.485 24.2931 7.62783 15.2295 11.466 9.02978 23.6363 17.6793 5.42233 0.141999 219.516
4538.16 35.5839 6.58535 8.87057 15.3154 44.1771 40.2411 37.4129 37.0179 2.07592 29.2702 22.8375 25.9009 13.9949 29.3698 8.07292 15.2738 6.14489 7.4938 42.6674 0.404505 4.58994 0.026289 219.273
4541.78 30.1019 7.87075 9.37678 15.5243 55.6304 33.2474 25.7156 48.8224 7.01116 29.4624 23.3714 23.6434 8.8851 33.1341 3.69208 42.2173 7.66399 17.4683 0.687018 7.44857 2.84846 0.0190621 217.89
4547.31 30.5597 13.404 5.7815 13.6122 66.877 35.0598 20.3122 32.0083 8.92086 38.2335 19.1011 20.3441 3.32939 34.5745 9.41198 22.0413 26.4079 22.2834 2.94762 5.4883 1.35626 0.00797391 219.346
4559.67 23.5369 19.4649 2.56871 8.3087 58.1355 40.1285 29.7245 27.1441 6.55209 45.9488 15.9262 19.2499 16.3881 20.8442 37.2605 4.3183 16.9883 13.7818 0.0683709 53.5489 1.35626 0.0207951 221.36
4539.45 24.6675 20.6748 6.67332 5.79296 69.242 26.0849 29.9453 26.7525 7.4369 49.6471 23.3076 16.8055 23.4468 10.8606 35.1568 11.4169 24.8246 14.7733 12.4352 17.3935 6.54165 0.0257602 218.246
4542.7 24.4964 18.4463 6.04656 8.85553 74.9456 24.1418 25.4916 30.325 7.09707 48.0158 18.327 26.3396 9.17194 13.3677 34.1797 5.65474 15.1469 14.4606 18.6462 23.518 31.3194 0.0472677 218.33
4535.8 29.4591 20.8663 1.14202 6.89804 77.3489 19.1208 29.3526 28.4107 3.89499 53.1423 10.8681 34.456 19.8025 11.0108 18.3331 9.21278 1.70914 19.2983 27.3258 9.63415 3.62324 0.0522054 218.126
4554.21 28.5922 15.8325 3.09016 6.86389 82.6676 15.6111 36.9127 25.9357 3.69955 47.3801 2.71626 46.6131 22.5854 5.46255 13.3704 3.33517 16.0576 18.827 26.0654 22.3661 13.1328 0.0658994 220.864
4536.22 31.6794 8.1569 13.6734 1.1675 91.5706 9.34139 35.7235 18.9082 4.22448 45.5774 4.4786 46.368 19.2901 19.973 11.6073 11.2579 5.57638 17.9392 27.0453 5.10574 65.2714 0.0953619 223.6
4532.61 39.1601 8.01802 7.23766 1.30493 87.703 11.4758 32.132 25.2477 7.53583 31.7417 8.76787 49.085 8.05666 35.3864 2.37554 20.8088 9.55352 1.10309 38.8375 17.6724 26.7442 0.0292064 224.382
4572.14 31.4346 8.01802 5.26033 4.37551 86.0269 7.29615 33.3958 26.9871 12.1531 28.8317 19.3727 37.7644 11.5253 38.9933 10.316 20.152 9.32929 7.95517 9.22971 34.4223 27.4622 0.0181934 224.157
4561.06 33.7319 7.15396 7.67029 8.7929 87.6043 3.5268 30.8137 25.9011 20.2274 31.5096 11.3672 30.8678 9.84174 41.481 1.01877 9.99774 16.5804 15.6377 29.4542 30.492 9.57372 0.016505 220.477
4580.2 33.7319 5.70814 6.36044 7.01954 82.5402 6.5853 30.8137 29.4439 29.5239 26.1485 18.3887 25.7573 9.45773 35.738 3.96825 32.5125 2.00341 4.8956 7.34816 26.5097 14.1617 0.0110968 218.326
4573.99 31.471 8.90778 7.59935 5.64683 73.1732 13.6941 38.7461 23.1649 26.2947 29.4123 18.2255 19.2815 15.6602 25.5293 20.6642 20.2881 1.58853 30.7656 10.937 32.303 10.5705 0.0117112 218.538
4584.4 31.9092 1.84431 8.29363 9.55067 74.7886 14.1549 38.3926 33.2733 20.1306 32.1077 15.2954 11.6303 25.1214 28.1481 10.458 20.5867 3.25157 14.0597 5.59356 14.4567 13.3817 0.000131669 217.852
4560.25 31.9253 6.76635 11.2916 10.1498 71.0472 20.021 25.6934 22.6064 21.0023 42.3202 1.60357 19.1597 20.6475 41.1159 9.77946 10.8131 6.28513 22.5515 4.9076 41.0742 7.34294 0.00570418 220.165
4516.83 35.0632 6.07241 15.2186 10.7841 63.8125 29.1397 31.4562 18.5191 20.5605 44.2988 2.60822 3.45572 23.6392 44.6997 7.20604 14.6134 4.47088 4.75135 21.8718 67.014 7.75218 0.00214225 223.48
4529.8 28.8932 13.1484 12.0454 10.7841 60.7439 28.2155 39.4722 13.3691 13.3935 56.4931 2.60822 12.3547 21.9356 43.6004 16.1661 13.9011 8.39736 10.4677 8.69609 43.6189 8.05432 0.00504103 216.123
4518.18 39.47 7.5542 9.3869 11.6078 59.9656 30.4321 36.5511 16.817 11.5272 55.4331 2.60822 13.2746 21.4326 44.6378 1.7935 30.7774 7.91346 9.65391 8.59077 29.1989 37.4611 0.0136928 218.391
4605.95 39.5366 0.731939 3.62267 6.55143 59.466 29.9078 35.8769 14.5535 14.0422 58.1978 2.60822 10.7058 10.7409 46.702 17.69 22.0329 5.05785 16.6503 7.25288 52.3095 12.4911 0.0480186 221.761
4602.49 35.7848 4.06061 2.49583 5.96518 59.466 40.2648 33.0322 16.5641 11.4384 54.6538 2.00161 14.5107 29.8533 31.9958 5.25764 22.4729 13.2458 20.6778 6.95431 15.5589 10.4657 0.00303941 216.635
4593.92 30.0739 2.90918 4.9667 12.3674 59.3239 40.2648 32.6747 16.1737 5.98178 54.6538 11.7521 6.62529 31.0339 22.931 13.2071 18.499 12.3627 16.8158 7.35365 27.1043 23.1293 0.00250962 218.07
4570.17 34.812 4.16562 5.25299 12.3674 53.1314 40.2648 34.7201 17.5883 20.457 58.5836 6.38972 0.524838 34.5608 26.2485 7.61133 22.2034 13.4351 3.40343 5.25776 47.7767 11.355 0.00192094 220.203
4570.89 35.2271 4.00159 9.11295 12.3674 38.4798 57.0697 34.0875 16.7937 17.0535 24.7295 49.2918 2.54967 30.3311 18.4779 5.20852 8.4762 10.0202 22.0845 28.445 19.5354 16.0526 0.102213 221.883
4599.92 34.4283 2.39604 6.94132 12.3674 28.494 57.0697 33.5492 20.0905 16.3613 27.1768 33.7049 7.01896 45.7476 13.247 4.82685 30.3743 6.06338 10.8032 24.6643 15.6229 18.0406 0.0690553 220.445
4600.87 29.8757 2.95179 3.04431 9.13836 30.9475 61.5859 39.3615 24.9903 16.3481 30.3623 32.6796 7.01896 36.4146 13.1569 4.51508 14.8071 17.4723 27.8724 12.0093 12.4341 8.04773 0.0990749 220.19
4605.23 30.7533 6.33518 3.04431 7.48327 37.1418 72.5703 26.0818 13.1681 11.0844 30.7581 39.7003 17.1701 29.2722 17.4889 10.2956 21.8847 19.2158 8.08982 10.4405 7.25553 35.3812 0.134649 218.515
4605.21 32.9728 8.46567 3.57447 7.8006 26.3019 77.857 28.1056 13.1681 9.18949 35.2025 44.1345 9.92959 16.3532 24.0826 18.1896 26.6116 8.56838 18.5374 0.798734 4.99299 1.16645 0.115065 219.904
4599.6 31.9818 6.02605 3.57447 11.2708 37.5541 80.8141 26.5106 4.69159 16.2127 19.6546 36.2126 19.7137 10.0395 22.6034 20.1275 32.0449 5.59545 20.1106 7.46109 11.6027 1.50232 0.097094 222.602
4587.86 31.5509 4.32686 5.16964 13.1086 29.3904 76.041 23.5538 19.817 16.9454 18.2236 41.12 10.7502 15.3049 35.2893 13.2356 19.9507 1.40289 17.4287 28.8951 9.15454 3.09721 0.031788 216.732
4563.03 18.9303 4.95298 5.16964 33.3554 30.576 76.1698 15.0415 27.3899 24.1111 15.3122 41.3872 18.9404 21.2978 15.2796 4.73365 12.3768 1.40289 10.0946 41.1915 8.6045 28.2249 0.0344182 221.366
4554.99 13.1657 7.70584 8.75412 34.3854 34.4375 81.2843 2.50676 26.0538 27.7677 4.19474 38.6783 16.6358 21.028 39.768 11.4122 16.6851 23.0071 16.1249 17.827 4.25155 50.2042 0.0263597 223.862
4545.43 23.5428 4.70539 4.47133 26.0655 33.0647 87.1015 3.35165 23.5752 26.3614 19.4079 34.3049 7.19313 15.3064 38.5378 18.2442 0.564608 15.4987 16.7569 28.9312 17.6599 56.0373 0.00141018 220.464
4552.01 24.439 6.71904 4.88228 25.3042 30.3612 90.9731 16.7641 4.79267 26.3614 36.3755 34.3049 3.07118 14.4205 31.1581 14.0907 4.8782 37.6335 10.4789 38.4068 4.13546 15.1223 0.00400383 224.088
4552.01 29.4911 8.89264 4.88228 25.3488 26.9829 88.8899 4.18834 16.5211 16.2333 30.2 34.5578 6.93521 25.4192 31.4168 15.1608 18.948 19.7561 14.4485 2.88836 15.7446 2.66857 0.0170733 220.212
4507.06 3.5553 6.23452 4.4124 89.2523 15.9845 81.3251 8.65746 9.51274 2.78614 47.5351 20.0431 6.44794 27.3904 34.2251 12.2031 19.4617 10.2664 10.8459 24.2694 20.3893 5.66321 0.0440426 225.385
4435.34 3.5553 16.2505 6.88308 56.7704 10.4124 82.5998 22.492 14.4176 16.3407 59.1724 6.32039 14.2174 19.4473 34.9839 10.9383 29.7835 13.1832 18.4876 15.1057 14.5361 10.2587 0.0212366 225.248
4460.52 9.02466 19.8191 7.07401 55.4261 6.92649 73.1698 27.4106 22.4122 11.4026 60.3229 8.24505 12.9444 26.2653 7.94035 13.1612 10.0017 13.9306 39.7532 11.4972 24.6611 12.383 0.0540611 225.713
4426.7 0.646317 13.353 16.0811 55.6945 9.15804 86.263 20.3353 33.6142 8.2069 39.0196 34.3738 20.8159 11.0879 19.5556 18.3841 14.2966 13.3854 21.8613 4.21429 2.19339 50.6984 0.0999597 224.245
4424.57 8.97947 13.7644 20.4243 43.9693 27.927 86.263 12.8105 23.1605 1.50588 47.528 37.183 16.692 7.57919 23.3963 22.3195 10.8453 16.1073 20.3689 19.8805 1.07319 15.0099 0.0142837 221.068
4450.67 8.38263 12.0737 20.0902 35.6521 23.2506 92.2552 15.6193 19.8338 0.946575 52.4401 35.1144 18.8718 4.7881 29.6567 12.5904 7.34969 13.4609 6.59697 20.2916 18.4426 16.8012 0.060632 221.898
4479.15 13.9328 11.0616 15.8674 36.9383 20.7074 91.3646 10.0503 24.3993 1.60981 57.2418 9.5971 14.0091 18.7211 40.7262 9.30403 29.8974 9.68732 15.3728 5.2914 6.93425 10.8034 0.0833489 219.249
4523.43 39.2709 4.04119 9.28311 20.5079 28.9452 72.6062 13.9181 40.0576 3.90737 49.0851 9.76376 17.0064 15.2216 33.7252 5.04562 29.0111 11.2389 6.40904 6.57647 23.081 13.6434 0.0417948 222.016
4542.42 43.5218 2.55907 3.4464 18.9877 20.1977 67.5717 23.6986 30.1544 5.80659 50.0715 3.25196 20.2255 34.7889 26.0628 19.2801 16.9346 10.0223 18.4673 14.6343 7.92456 28.5748 0.0570074 221.215
4599.89 33.6804 9.79241 0.290904 11.2616 18.0839 75.1202 22.3777 40.1733 7.12003 44.5885 3.75296 21.4514 14.2614 31.6726 29.943 7.95227 12.5217 16.4781 32.2986 8.34111 14.9903 0.0447905 221.875
4599.89 33.6804 9.24803 5.08086 6.44007 16.4031 67.1822 32.5368 33.7425 6.66035 48.4152 1.78679 26.3836 39.162 12.4048 20.169 8.57855 8.79983 11.4652 18.535 24.0162 14.6976 0.083754 221.672
4582.6 32.4763 8.95076 5.86153 6.98633 17.6959 70.3877 33.2006 32.8454 15.6224 41.5413 1.78679 26.0585 29.2573 18.7126 16.4243 8.24208 6.96274 35.6939 8.91167 10.9686 16.9766 0.0134339 215.503
4590.71 31.395 5.00259 8.72805 6.98633 20.5585 70.3877 27.0979 35.3719 5.77445 43.7063 3.26698 33.2693 18.7013 28.2688 12.3811 11.4288 13.2003 42.2929 5.2547 17.9802 18.8872 0.0328349 222.691
4608.65 36.752 1.84765 1.93264 9.14984 19.5939 80.4969 34.3939 26.9638 28.5908 19.4475 3.26698 32.479 19.9314 22.9568 16.0008 2.72948 34.2404 18.1154 2.5183 0.678272 37.0492 0.0187651 224.101
4617.32 32.5879 1.00951 0.793173 12.3274 17.2034 74.8875 40.562 25.0245 36.4192 12.4402 5.50479 17.0558 27.6232 32.0975 10.8752 6.43335 36.4843 7.7211 15.0999 19.8163 36.0278 0.0981504 222.967
4604.63 27.6425 2.60133 0.501836 18.1048 16.5102 65.1687 43.7039 34.2423 34.742 23.5416 0.309518 5.23625 31.9883 33.2708 13.3902 9.69122 1.05966 23.4687 23.8749 1.37315 2.41922 0.0592285 227.472
4577.36 15.3842 1.30168 2.10725 28.427 24.9469 57.511 49.9391 31.5318 34.8661 28.1077 7.96498 8.86849 6.15498 35.9924 15.8142 6.07081 16.3349 8.50486 12.6544 29.9582 18.1569 0.24486 229.024
4556.19 12.9045 0.442775 3.42009 26.1467 19.6717 52.6095 51.4155 50.8017 22.1938 21.8068 4.74971 25.2699 16.0429 40.1907 4.52532 16.6781 40.4493 22.8524 11.4782 1.46925 30.1792 0.451587 228.634
4553.57 13.9141 4.29254 8.11763 26.1467 19.3111 55.1054 51.4155 48.3211 22.9601 19.896 4.74971 18.0119 25.9893 32.5971 2.81711 3.05414 21.3076 29.295 3.88476 7.11697 39.098 0.287836 225.483
4425.02 14.6483 28.5003 9.39064 37.4939 16.6428 43.236 45.4925 43.2342 38.4799 19.8127 6.98143 18.1924 19.0963 37.6909 5.40347 3.41535 22.7762 42.2637 3.86523 11.4018 12.7174 0.350692 227.906
4422.03 5.82087 32.6759 16.5439 39.7674 25.4193 38.1997 47.7852 24.9499 51.4382 15.9696 10.9067 25.3747 11.3995 29.327 11.0529 10.1817 28.0427 35.9148 5.45398 0.756109 14.8567 0.12906 228.576
4422.03 10.5353 35.8286 21.4978 40.5795 23.967 35.6166 51.3497 25.4916 43.4689 7.38679 10.9067 22.7314 7.2437 37.6495 13.7317 4.0319 21.1243 32.5323 6.0762 11.3458 57.5903 0.0158468 226.578
4432.01 9.82276 35.8286 13.4878 43.0217 28.5501 35.6166 51.1825 22.8742 43.4689 7.38679 14.128 19.5103 7.2437 36.6743 16.3233 31.0878 3.89881 38.5493 2.88701 18.1235 58.3901 0.0351994 228.617
4434.22 0.664281 38.616 9.85782 52.1453 19.1502 35.6166 52.5567 3.62411 40.8759 30.5748 16.786 26.703 16.38 26.0598 16.557 11.8861 16.6967 23.9214 18.4396 1.76863 23.8762 0.0695584 224.483
4444.08 0.638502 38.616 5.01796 66.8346 23.5692 35.6166 42.012 3.90993 40.8759 25.068 12.5072 31.3829 18.8761 31.8321 11.174 0.624279 3.29706 7.07642 5.97486 17.0965 5.56516 0.169083 228.934
4464.14 4.06106 38.616 4.36037 64.0645 20.7306 37.7125 34.7008 5.34255 42.7462 7.53964 11.4098 42.8162 13.5381 35.3431 9.04464 16.1516 24.8836 10.1921 5.82377 12.3327 6.03089 0.00161332 219.755
4454.97 3.20166 21.5348 8.40027 51.7114 64.8067 30.363 23.2459 7.22337 42.7462 30.3171 5.56679 18.058 18.5711 40.7272 9.98728 19.5412 23.6227 33.638 5.86776 12.8875 20.4089 0.00161332 219.198
4457.46 4.381 22.4015 8.11849 53.5093 64.8067 30.5284 28.5455 10.3493 43.1931 21.826 6.79133 19.2321 14.8072 31.0034 17.1852 0.769594 21.8938 49.7491 6.33643 12.0184 8.3727 0.0982809 227.041
4456.38 2.25068 23.2485 9.56696 52.4224 61.1759 27.3297 24.2572 14.5509 54.6593 17.996 21.554 21.5561 3.60217 29.7413 17.7473 19.9934 23.9064 19.5729 0.804231 11.7723 9.50348 0.0731004 223.487
4486.03 3.28397 13.3838 13.4633 50.0642 61.1759 27.3297 24.2572 17.8089 51.0073 11.8793 17.6022 18.0502 28.9967 25.2144 14.1532 22.2701 13.094 9.58288 17.7842 14.4232 21.4889 0.0578313 223.084
4619.65 4.36572 16.6988 9.77932 24.2188 66.0812 13.833 24.9672 10.3289 56.3473 6.78824 16.9049 27.3145 27.6442 26.0051 22.5944 0.201368 21.5926 8.45154 3.61413 28.4638 9.52461 0.145552 225.138
4603.99 9.99137 12.9529 10.9735 26.0871 67.373 17.1055 19.515 10.7204 58.0441 22.1006 13.3735 28.5809 16.9627 25.2599 5.61221 13.863 10.6328 7.5869 42.4049 11.495 15.5331 0.134605 221.073
4598.99 22.8141 8.85414 7.45297 31.1384 66.5774 17.3691 23.0232 10.7204 47.9868 15.4094 21.1619 23.758 11.3591 25.8944 19.6247 12.024 27.7065 6.31067 21.1718 9.33263 20.5659 0.0751917 224.476
4588.16 24.9334 8.85414 5.49273 31.4761 52.2262 24.201 36.2402 16.4108 49.4419 2.97845 18.5134 26.6417 15.3119 33.4995 16.836 9.03133 30.4807 1.5759 10.0401 23.1094 20.6555 0.0430668 220.942
4574.01 33.2047 8.8452 3.24278 30.0684 49.2806 21.1907 37.3781 30.5068 34.241 7.66959 17.1332 12.3365 25.5698 30.641 17.0114 1.4809 26.1467 9.78676 25.3279 1.66978 61.3308 0.048513 224.889
4582.58 33.2346 8.8452 0.509273 29.3283 49.2806 19.1324 37.3781 30.0644 40.5485 6.64218 21.8211 14.4986 22.5485 28.5189 22.4057 11.2719 21.341 7.11321 4.07253 16.4715 61.9659 0.0478515 222.375
4585.32 33.2346 1.84025 5.25031 26.7436 46.7257 13.0087 46.8777 35.8615 42.7204 3.74551 8.5034 14.4633 24.7317 25.7672 31.1648 12.6951 26.8351 8.68477 2.13663 8.08862 9.7686 0.0294664 227.083
4603.29 33.2346 1.85605 1.58666 36.1884 44.6314 17.6435 48.2488 38.5386 25.2176 2.94468 21.9571 15.2685 35.7337 12.1839 14.5831 21.2968 32.921 15.9174 11.6185 1.32759 19.3193 0.00804442 222.909
4588.06 33.2346 7.05114 4.66327 33.4495 46.1174 17.6435 32.6097 41.1964 32.2105 7.49647 21.9571 12.1485 40.2483 10.2011 20.5346 12.6918 19.314 6.3574 15.8817 16.3575 94.1726 0.00871852 225.766
4589.92 38.3807 1.28621 5.24696 30.0438 43.0258 33.5487 21.0733 46.3427 20.0246 13.1121 25.656 10.5366 8.5698 28.7628 25.66 0.177408 31.819 4.64836 10.4043 33.9378 8.88277 0.00975612 226.594
4603.93 17.65 1.28621 4.59779 26.8802 45.8647 47.0489 14.1677 41.0822 22.0331 30.8378 23.8379 14.7582 3.18173 38.1332 22.0297 6.72012 28.7408 2.08879 8.69942 30.5322 13.5493 0.0179025 219.967
4580.51 26.7022 2.62857 8.56975 20.6524 49.3024 55.6142 7.05392 36.193 5.73694 38.9825 24.8053 25.1335 2.58012 34.4786 19.9796 11.0164 22.1918 4.54863 17.119 8.2644 5.98194 0.0100861 218.564
4569.52 21.728 12.8312 7.47298 13.6507 59.8811 57.1412 10.094 35.7425 5.58407 18.3605 36.153 30.6496 2.58012 34.6106 3.68683 4.93943 13.6271 15.8271 2.98664 31.6964 5.21305 0.0585899 219.85
4537.66 26.3078 7.46862 8.44915 17.9941 52.4367 66.4276 8.58679 20.9329 21.9254 20.9681 30.4585 32.758 2.58012 35.8494 13.5846 5.98224 10.8634 1.17047 39.3508 35.3326 10.624 0.0462278 220.972
4541.5 15.6522 1.59723 24.7003 17.9941 45.2368 65.4068 12.2655 26.9031 22.6818 24.5702 21.2545 32.1429 6.60584 35.513 27.9677 9.4302 32.7444 20.4567 5.96222 41.9956 11.7099 0.0621425 226.439
4543.49 30.4227 1.59723 24.6849 5.27831 44.7892 72.5057 4.9363 22.2358 25.9132 12.9556 28.4748 11.877 12.0521 20.7943 45.3047 4.80235 19.4648 25.8606 7.38672 28.6122 10.0398 0.0405526 222.243
4537.57 30.4227 1.59723 26.0878 4.03568 42.3869 61.7741 21.4751 21.4364 24.6879 29.6426 24.0398 11.1299 10.1183 27.714 43.0601 0.710036 9.42022 24.8052 7.28718 25.4328 9.85197 0.0238978 216.258
4499.37 30.4227 7.08033 25.8784 5.84834 43.6332 57.6831 23.5053 19.2944 29.1289 24.5183 24.0398 21.1109 8.97958 20.6813 25.3563 4.17482 17.9867 11.9449 3.51433 16.7935 19.6461 0.0920459 222.228
4440.86 47.9275 3.91388 24.8853 8.62887 40.5343 44.4494 33.5486 31.733 20.0447 33.3572 9.09762 24.5755 24.4409 24.9584 17.4556 4.96957 14.6409 20.1304 9.5746 11.5173 8.88604 0.0159732 216.75
4449.86 37.4102 11.3918 24.5896 6.35681 38.656 49.1703 36.34 20.1367 27.4352 35.8583 18.3107 15.9081 24.0214 20.4265 3.33797 6.88282 4.63793 28.5138 18.0558 16.6796 25.5683 0.0123025 219.394
4447.08 37.4102 11.3918 24.3295 11.9625 40.248 50.2674 33.7353 19.1297 21.851 30.5889 29.9748 4.66163 30.2999 18.4 6.22694 6.9407 8.66681 65.3692 0.84605 39.7001 18.7745 0.0143857 222.418
4494.22 39.3105 4.23674 21.7823 17.6075 37.7318 51.686 26.234 9.72186 32.6477 38.8274 26.2619 6.73269 29.5593 19.1653 19.8918 7.44861 10.0806 11.7904 3.16527 32.5035 27.0482 0.168457 223.447
4428.85 39.3105 17.1275 20.7786 17.2574 45.9317 58.1529 19.2064 4.62908 29.8317 40.6177 22.2612 14.1129 28.8831 16.8875 3.51367 30.3842 1.7144 33.835 10.1013 5.20817 8.70442 0.144666 223.472
4448.56 49.0972 4.39258 18.9807 22.5605 45.3889 50.6381 21.2113 5.45759 32.868 35.3729 22.4007 22.3982 36.9193 1.80685 17.3617 5.60499 8.38427 51.3545 2.51061 4.21073 13.9034 0.0838482 223.281
4448.56 49.0972 14.3657 6.79414 27.6535 33.5155 51.5237 23.5365 3.0806 45.6702 20.9512 41.0587 3.57153 23.3211 21.7114 16.9207 32.2514 18.4198 5.73829 5.67296 2.97561 10.7834 0.0658123 221.131
4448.56 49.0972 11.323 6.63684 35.0526 39.692 48.4967 21.2549 2.32904 35.1988 22.031 46.7262 11.8935 4.97522 5.08774 28.3207 35.7107 29.9695 15.7803 7.99298 5.17695 13.9219 0.0311994 226.956
4425.89 52.0072 12.4347 4.72039 37.2437 36.4223 47.284 21.8098 9.9624 30.1561 25.8895 51.6749 26.6982 8.01652 7.79137 9.41408 12.6338 21.6124 24.6556 11.1298 2.1254 26.8621 0.0823589 227.043
4314.1 48.2706 19.4745 5.48542 38.5075 34.4418 56.5904 28.0456 11.1378 22.9792 33.2598 32.8627 24.4145 22.2084 16.9113 21.6738 20.4108 21.802 0.737325 12.6703 23.3345 20.4959 0.0765686 227.336
4410.48 48.2706 4.87754 0.349031 38.5075 43.9626 43.4434 39.265 13.0479 15.2166 35.2375 33.7226 24.1807 23.6014 13.8685 8.04275 15.9551 21.3129 26.6308 15.1844 4.91608 33.8025 0.0791621 223.583
4400.19 46.5541 9.89646 0.349031 35.0311 43.9626 41.4688 47.6081 13.8522 16.2082 36.5174 26.5055 25.8562 16.2481 12.944 20.7132 34.7268 17.2573 32.328 10.5498 10.1728 6.47942 0.0753063 227.301
4400.19 46.5541 9.89646 3.08313 36.5783 46.3277 34.9405 41.5453 26.6238 21.9654 20.7721 44.371 22.0622 10.6246 14.4433 1.72605 15.3736 21.8869 26.218 2.9954 4.95179 7.9669 0.0911197 225.558
4485.47 31.5497 1.48777 3.04223 39.6289 52.8511 38.7585 39.7353 22.9306 29.9162 18.5831 17.0481 14.3831 23.7325 27.2569 7.45447 28.2141 28.714 12.4659 14.513 25.9089 35.8749 0.0809113 225.013
4503.14 29.9216 1.48777 4.21259 29.7472 81.8785 16.4119 28.8332 25.3575 33.3539 18.4313 13.2998 31.4749 22.8679 23.8509 5.17281 6.22885 5.991 10.1309 7.83057 48.6262 49.1276 0.13331 225.034
4503.7 29.9216 0.749227 8.695 28.5999 77.8559 16.4119 34.1841 21.0861 36.3685 14.7101 5.89403 29.4242 18.5903 31.7079 13.093 15.0325 26.8718 21.7973 1.32528 11.7763 26.3138 0.00498877 223.682
4439.62 25.5231 6.0272 2.15675 49.1034 66.1529 25.4858 36.5594 17.5215 38.4436 21.8826 18.2951 10.4227 9.12617 41.6741 12.3441 26.152 22.6413 9.12728 8.96247 13.0554 12.3543 0.0634728 219.874
4439.62 11.7221 18.1486 2.07133 52.8225 66.1529 25.4858 35.4169 19.4446 26.2921 20.2995 24.9927 11.1255 10.8753 39.1169 26.9793 4.85367 20.9091 8.78963 9.5179 15.1629 23.5412 0.0753474 222.597
4439.62 11.4415 16.7286 1.2389 54.3853 57.7008 26.2612 30.7312 15.8198 42.1589 31.6763 16.5898 13.5448 9.04094 42.5918 11.7628 24.6786 13.3889 37.5541 5.08973 13.8658 4.40823 0.110532 221.869
4439.62 20.181 22.3924 5.77245 39.8876 65.8601 18.8408 32.8748 27.2756 15.5316 42.1104 6.3247 28.9477 11.1517 31.8449 7.51205 10.0321 16.0195 40.8095 19.7539 13.7245 6.46865 0.249 224.06
4372.35 21.0721 21.0555 9.60177 39.8876 73.7692 18.8408 34.0984 22.2917 19.5178 48.9735 0.533665 31.1487 17.8916 26.6894 13.4705 3.75656 7.59138 2.83995 58.2108 15.679 6.50968 0.091918 224.068
4372.35 28.4093 5.45916 27.7746 38.0826 71.4854 18.8408 30.5228 21.7294 20.6358 47.6313 1.04468 39.3499 15.3197 16.9822 18.1932 1.51691 8.25398 10.3217 21.079 21.9754 1.24092 0.00300443 220.142
4357.7 29.125 7.07304 27.7746 39.8882 71.4854 18.8408 33.6599 15.9565 14.3569 52.8021 1.15257 47.6999 15.7062 11.5094 10.5182 12.8071 5.76986 16.198 28.6799 20.4944 11.3928 0.00703578 222.549
4357.7 29.125 5.90708 27.6522 35.0197 65.818 24.9855 41.5476 13.9577 19.1875 45.741 4.36632 14.3269 4.7749 49.4702 9.36587 5.72423 9.14999 23.8626 28.5052 14.0924 5.65114 0.0277717 222.764
4388.07 23.1319 7.08502 27.3576 37.383 57.2858 50.5863 32.132 5.9056 10.8818 47.8049 16.2221 6.17891 6.82035 39.2527 15.62 7.51368 12.4858 25.9222 15.737 20.6542 2.44117 0.00476659 223.571
4406.99 26.4066 5.53997 25.7616 32.7809 52.4335 41.2687 34.445 9.05613 22.3219 49.9109 9.92213 20.0676 2.12004 49.9524 10.311 3.07477 30.2527 13.6056 3.6317 5.85404 38.0415 0.0396868 223.632
4388.4 30.8973 8.6408 33.2863 24.4195 55.9872 27.3973 35.0286 16.2865 22.7257 46.9902 11.6591 20.1114 7.6739 41.0157 11.3165 8.73476 28.4807 13.494 6.92451 7.89967 35.1629 0.0538987 221.95
4538.04 19.6676 5.4687 21.3719 20.3865 47.4433 36.3026 35.067 17.7445 31.5395 32.4748 20.1639 22.5123 8.71106 28.7211 12.4359 24.5902 31.5134 10.2422 14.0019 1.73773 36.3027 0.0705294 221.989
4586.73 20.3629 3.42438 26.3813 8.36532 43.4092 42.0607 34.9821 16.036 29.996 26.2005 21.477 18.98 8.54392 32.6056 32.2311 2.82093 36.89 3.52205 12.9566 14.0626 32.0986 0.011725 219.937
4593.84 11.8045 5.14798 28.0678 7.89816 43.4092 47.2697 34.7355 14.7544 27.0872 30.2827 20.2501 19.7911 7.03481 26.275 31.1041 4.14208 6.99984 5.15923 18.5612 46.5913 7.93161 0.0632033 218.143
4589.55 2.85299 6.01468 32.3244 8.47596 38.5372 47.2697 34.5247 18.0122 31.759 27.1348 9.90147 35.9297 5.77475 29.8208 28.7648 5.79574 17.0704 5.66967 25.2714 45.3672 9.41458 0.289231 225.553
4622.33 6.21115 4.74683 16.0646 16.861 30.1997 53.1072 31.5194 12.5349 34.829 21.8641 10.3106 45.9729 7.92496 33.3289 22.3858 6.72311 25.0683 3.28806 20.9962 37.6606 3.62976 0.421284 223.449
4644.35 7.74855 7.99311 11.3876 14.3294 35.6742 49.7492 37.3746 10.2571 41.061 25.8262 6.10854 49.4113 7.39744 25.1455 6.15247 0.570629 19.64 17.9797 6.85684 49.0031 21.1544 0.209721 222.431
4672.94 4.32915 5.0664 17.3661 9.52391 44.5156 33.0402 54.1588 7.21889 38.4107 25.0039 12.1307 41.762 5.6766 27.6604 16.0637 12.2366 11.6339 17.2584 19.5721 24.2533 5.8025 0.0406225 219.721
4672.94 3.37044 8.25023 13.3214 8.62123 44.5156 47.5822 33.5942 9.12644 36.2809 29.2882 15.075 30.6683 8.56242 33.6047 15.4381 17.2071 7.58331 4.65738 14.2389 5.17318 25.4965 0.0780079 214.885
4672.94 2.03955 10.6527 13.3669 5.409 52.2676 49.2596 31.0972 2.38407 36.8799 37.4058 9.95934 18.837 12.0139 41.7841 21.1965 9.41096 7.81096 27.0986 2.87976 18.3696 7.09352 0.0963113 215.816
4653.65 0.476804 11.6062 17.2353 8.32771 50.1852 48.576 38.679 12.7486 22.529 32.1025 15.2702 9.41011 10.8949 39.5425 35.514 14.5258 7.83238 14.1954 2.87976 14.8112 10.2689 0.0201181 216.752
4641.93 2.60835 11.6278 16.0996 9.17071 55.5757 54.5131 39.6879 8.40697 13.8392 32.1131 23.2355 10.1958 9.19888 53.9558 4.30731 15.9089 15.4832 27.6729 9.52671 24.5394 4.1302 0.00134741 218.65
4656.28 6.13773 13.026 8.55361 9.17071 64.7043 47.8283 2.15375 48.2815 13.0613 32.9341 6.72782 15.6023 13.7774 47.9814 10.2441 23.9087 6.09096 34.7872 17.134 12.8312 5.10659 0.0114737 219.237
4652.21 4.19538 12.1414 19.2304 9.31406 44.2072 53.8652 14.0223 48.1156 12.6979 30.5484 3.65416 12.2175 16.3604 58.4284 5.34439 9.85324 8.81319 18.5797 8.1952 10.7764 4.07013 0.0443152 222.331
4608.05 9.89955 10.493 15.0551 9.31406 52.6143 53.3963 19.8817 35.3515 12.3466 34.0331 12.511 11.477 8.55694 56.0671 5.77261 22.0332 1.83492 20.3867 8.06346 29.6596 0.460904 0.0144759 217.384
4605.01 20.8072 0.321397 16.8757 9.31406 51.3049 43.4951 29.9622 30.1199 4.90231 45.7229 9.0651 9.19099 12.7365 52.9347 15.7662 16.2785 17.9805 11.867 8.06346 25.8398 2.90552 0.0357252 217.775
4597.49 20.8072 1.9058 18.2835 9.31406 50.8009 43.4951 28.2023 29.3295 19.9152 37.4953 10.0733 17.326 9.81335 44.7398 6.51892 11.1061 9.40452 2.03529 4.9203 3.00124 11.3192 0.0423324 217.019
4590.32 24.0156 1.90949 18.6115 9.31406 44.3377 49.3292 24.5485 29.3295 25.3407 18.2082 14.2318 16.7264 11.5425 62.7556 7.40248 17.4872 11.5093 6.76788 14.0248 15.1852 39.0295 0.000714785 218.7
4722.57 10.5679 3.77462 3.01096 12.4267 52.9154 37.6423 0.499385 29.8833 46.9396 32.6772 16.8523 12.7011 14.2655 39.7781 5.54453 16.4616 31.1337 10.2565 17.0566 23.6734 60.1624 0.000714785 220.743
4722.57 6.41653 5.06605 2.81007 14.4386 43.4116 37.6423 16.0624 26.5873 46.9396 32.6772 19.5765 9.4375 7.1932 43.7668 11.901 1.84104 43.6944 14.5893 20.7269 25.7423 11.2073 0.048634 225.94
4696.6 7.97468 8.81813 4.93944 13.0016 42.5445 43.8158 11.7111 29.6165 67.5384 7.60122 8.06465 7.14989 9.58159 55.6097 13.6153 5.393 10.8821 19.7203 20.9888 25.9102 23.2445 0.0470755 221.783
4695.16 15.2761 5.98855 2.98395 10.1814 50.0499 41.9799 11.7111 28.119 64.6363 7.60122 9.12657 44.8427 14.1648 8.8974 21.6257 14.4562 7.91747 14.8926 14.6824 19.1002 3.01066 0.0199843 220.313
4695.16 11.8164 6.03856 3.17825 6.82781 50.0499 41.9799 11.7111 28.119 65.5013 11.1145 12.337 34.6352 14.4384 3.93481 34.2074 9.77518 3.61229 13.6842 20.2021 7.21517 74.072 0.102078 226.339
4728.76 6.38691 4.14192 9.18288 6.82781 45.6958 53.9648 6.35417 15.1358 73.8851 11.1145 10.3833 23.1736 4.68605 24.5394 44.1208 5.99166 7.15377 16.669 5.42376 15.6113 43.2167 0.0245058 222.783
4714.06 3.2881 2.70609 11.3683 9.57456 47.922 59.7971 9.84642 3.72938 73.8851 11.1145 16.9528 9.61494 2.04413 33.2742 55.9444 7.23788 2.30116 19.0784 8.792 14.7108 23.0844 0.0548099 226.574
4694.7 8.05875 13.0227 1.94072 5.64136 47.922 64.9856 7.41107 3.7336 73.8851 14.2022 7.74679 17.4004 14.3846 44.832 18.313 7.37862 4.95318 16.6878 36.5694 19.4185 14.6228 0.0965176 225.476
4463.67 8.7538 13.9994 3.49198 56.8211 60.0062 43.9288 7.03918 7.7982 73.8851 10.4171 8.97329 29.1618 5.85565 36.3138 0.50218 7.84693 10.3863 21.7961 24.117 9.48422 12.3448 0.0962626 222.335
4464.06 10.7592 11.5659 2.14428 58.3391 60.0062 43.9288 6.58464 5.23668 73.8851 5.70958 13.8889 23.4655 16.4634 37.3789 0.642741 11.1703 4.5752 25.9245 34.0115 17.5538 13.3207 0.186341 226.704
4455.3 13.6681 24.9183 3.34231 54.2426 47.2406 26.7456 26.9814 8.7633 73.8851 2.81513 13.8889 23.6947 13.2327 35.345 9.87677 8.26479 8.57693 10.9017 15.9742 17.7716 3.30121 0.00518758 220.727
4455.3 15.0624 28.2981 3.17603 54.2426 48.0034 22.2554 30.5288 7.74703 73.8851 2.37765 13.4818 36.1165 7.36585 22.1956 6.20963 11.1898 5.10314 1.04465 44.3931 18.2219 2.6589 0.0135291 221.783
4456.72 12.0618 29.233 5.98183 64.9976 37.2332 19.0391 31.035 7.12057 69.1494 11.5219 18.9963 27.8295 9.48876 24.9808 9.80875 23.7869 8.28909 1.7151 16.9303 24.5557 10.8114 0.0135291 220.189
4426.64 10.626 37.7652 2.23289 65.4077 38.0495 18.8614 35.235 7.24367 65.2216 4.12937 12.6553 38.1423 10.7121 25.2401 5.36369 24.5054 21.7433 7.99871 30.2002 8.26823 1.38695 0.0974936 225.336
4434.87 9.06234 41.3841 0.280612 64.7593 14.475 36.9298 37.2412 2.25281 75.5817 7.08234 5.00639 50.9152 8.25895 13.737 14.0517 31.6027 6.46622 7.61678 30.9156 2.566 0.809105 0.34718 232.692
4446.18 13.5999 34.0318 2.60171 66.4632 15.5667 51.9085 22.0119 6.70617 69.0096 21.4367 5.48019 47.5927 3.64762 4.12075 18.5493 22.9354 21.7882 10.875 28.9718 6.65212 9.0195 0.00430828 231.879
4446.18 7.67174 34.0318 9.58164 64.6751 14.6865 44.3178 30.2331 4.5319 43.3407 29.32 16.1874 43.5516 2.87618 11.6756 17.105 22.9037 16.6135 6.51271 22.396 9.1811 10.8947 0.0420449 223.403
4446.18 4.09657 34.0318 13.1823 64.6751 19.4794 44.2842 28.4358 8.05272 32.9029 29.5652 17.1789 33.5298 34.2065 6.73303 11.4919 11.9615 4.52644 14.247 25.0117 1.69804 46.8605 0.0420449 224.503
4446.18 14.8006 39.6808 9.61783 64.6751 25.0137 24.5152 24.8334 8.31837 40.0472 37.2642 15.1247 11.7009 45.2218 5.00306 9.59484 11.7445 9.12957 6.06326 24.6958 31.5571 35.9593 0.0157175 228.079
4469.86 16.5688 32.9653 2.65433 34.645 39.6417 33.3515 35.2106 15.6956 37.2294 37.2642 14.9767 12.83 44.1642 2.36063 24.1292 4.16917 15.6968 1.58324 28.0604 30.3029 61.4163 0.0265995 228.506
4530.05 20.7573 29.7292 0.340363 32.1663 37.7237 33.3515 39.8296 10.1084 37.2294 28.6014 16.2323 11.9541 40.451 20.3108 15.699 13.9182 12.3406 2.7243 24.8066 34.4241 20.3052 0.0899694 224.1
4552.75 18.0676 32.7447 0.301239 4.31892 68.5243 23.6367 42.6765 10.1084 19.3645 5.90226 42.0423 17.1136 41.7842 11.6777 14.2832 29.1406 27.6075 3.28898 24.988 1.28636 7.61216 0.0750179 224.17
4525.14 17.6316 36.7964 0.350392 4.31892 74.3485 16.2818 47.6562 26.292 4.57343 25.1168 37.8255 5.58832 46.5508 4.77579 19.3394 14.6135 34.1507 24.9136 6.54445 7.9113 7.82944 0.0439333 221.525
4521.19 12.9974 37.9297 1.93509 2.35472 77.694 15.294 37.9908 23.9193 35.6429 30.0232 4.16613 20.6507 46.5508 4.8768 2.74156 19.3103 25.1966 21.3057 5.4223 17.0086 17.8271 0.218273 223.485
4575.87 5.42996 31.3263 3.57214 5.22975 81.2049 8.8051 40.1023 23.9193 26.6402 35.0857 4.48286 15.0989 33.8737 33.1459 5.70541 25.0625 33.8028 23.7019 8.93261 8.84777 1.59218 0.196103 223.898
4577.81 6.53223 31.3263 1.13275 10.8958 80.6689 6.75586 38.1067 25.4037 18.5035 44.72 3.18492 12.1074 32.109 34.4556 8.5637 8.46439 43.3531 8.81873 12.3188 7.99513 6.58844 0.11838 218.085
4556.16 2.15549 31.4945 9.90077 10.2225 80.6689 11.264 39.3454 21.8472 16.4826 28.1392 12.089 32.8217 25.576 22.6996 11.7641 13.3146 34.0458 3.67409 13.041 7.7972 58.6585 0.0625134 222.733
4558.2 2.46953 40.2658 2.18545 14.8977 73.7646 27.0624 25.0552 17.3815 18.9637 24.4245 50.4945 3.0202 32.3615 8.95341 21.1186 0.629917 5.66624 6.44831 7.99397 12.675 9.47798 0.00639373 219.943
4558.2 10.8687 34.6638 2.58549 14.8977 72.7095 30.8887 19.7843 11.5106 21.0154 9.06467 44.9232 8.38017 43.7198 21.8245 0.836113 16.2097 1.34282 17.1409 42.8692 6.84108 4.65803 0.0016752 220.965
4542.51 23.3514 26.4671 9.51392 1.25938 65.4518 30.7681 19.7843 29.9154 27.8337 8.13614 42.1806 4.31505 42.1628 20.4536 13.8634 21.3925 14.6925 2.77913 16.3559 20.4003 7.57134 0.0649327 222.728
4530.03 12.6363 23.3543 6.02107 18.1738 68.1477 36.9581 16.7505 28.3467 32.0794 24.1776 17.8108 20.8948 28.7343 11.1165 31.6264 6.85132 5.35909 18.5501 6.93086 10.3289 4.69446 0.0638547 220.23
4558.23 14.5665 6.80182 9.54737 27.73 73.8141 23.1679 23.5096 25.2394 26.9321 32.4267 30.724 24.804 6.6553 17.1027 27.4008 24.6328 11.5442 24.2883 1.74062 11.1524 27.7973 0.0225288 218.595
4464.48 23.0772 9.83908 23.848 29.0384 62.1166 34.0332 11.9974 31.1116 31.4827 21.5104 24.3343 34.5895 6.6553 20.6928 1.7438 20.0372 21.751 18.5782 17.5887 17.1837 15.3522 0.0293542 221.749
4493.33 14.796 8.99901 24.3134 19.4374 59.077 37.7231 3.14041 32.016 42.2502 27.0511 29.5896 34.1824 8.62576 21.1641 4.06032 3.75779 21.9442 40.2244 0.578038 19.1647 39.9269 0.0783783 223.014
4493.45 13.3507 9.36868 24.9385 20.6304 58.1351 38.6776 5.59072 27.0338 43.7081 35.6036 9.8351 42.5783 14.312 13.3211 11.8794 16.8506 0.510316 32.9414 3.41001 16.3176 16.0575 0.120739 221.552
4513.8 14.7801 9.9696 18.3923 24.9663 55.5786 38.5899 5.59072 29.9181 37.9939 27.429 20.0365 33.6762 25.3483 12.8909 16.5969 27.8099 8.75108 13.4581 3.53559 10.3261 5.09548 0.0901529 220.955
4585.54 19.7957 5.04898 20.131 30.173 46.8233 38.122 5.59072 34.7725 17.4046 35.6518 20.5939 23.3155 20.7729 24.5206 3.73271 28.7224 4.48904 27.9009 0.887539 23.5519 20.9578 0.0364601 218.79
4585.54 20.9852 2.78069 18.3196 18.8134 38.0721 45.5962 22.4433 28.7965 23.6311 38.3693 5.34026 43.6085 19.1187 17.1228 5.8836 25.1726 7.81679 19.3755 21.4928 18.8146 8.41919 0.217293 220.108
4513.08 19.0559 8.80257 20.1744 27.4659 45.1369 46.5906 18.5936 27.8786 21.4078 38.3693 5.34026 42.5059 16.6746 15.2488 9.41335 1.72378 51.4098 10.455 15.6938 7.04 8.41919 0.132138 223.175
4539.03 3.38945 6.02599 15.1745 35.47 37.7829 50.5334 34.9158 23.7088 22.4767 38.3693 3.18004 42.9795 8.2901 10.3765 44.1258 3.99436 11.0459 33.2452 16.5168 7.06767 1.92255 0.100963 218.734
4592.95 1.56899 6.71207 4.28364 30.1243 37.7829 50.5334 41.5989 14.6545 22.8528 51.1398 3.18004 23.0338 21.1519 7.57321 8.9443 21.5314 21.0174 37.6631 5.65017 2.3583 29.6334 0.178462 226.4
4631.72 2.81084 25.4106 4.89349 30.4392 44.7049 36.7289 40.2908 6.01352 10.2263 49.6001 20.1536 32.9492 16.0014 14.5341 7.95183 11.7839 31.0892 2.36758 4.5532 0.144885 44.4452 0.00924509 224.763
4578.96 0.621583 22.8883 5.82694 25.2403 22.899 53.3342 60.0761 4.69277 12.6689 43.8323 25.8268 30.1097 4.70594 22.4398 21.7024 25.4966 19.2958 20.3587 11.7654 7.11233 30.2112 0.0953467 222.934
4623.69 5.28994 0.231885 12.5704 28.2601 14.9309 43.2359 71.9407 19.4704 8.49164 35.1162 12.307 20.7239 54.5138 2.38259 22.0687 4.51586 10.4621 20.034 12.3882 15.0743 78.5285 0.0205484 227.275
4555.6 0.73218 0.231885 20.8664 39.6899 14.9309 42.3034 65.6119 24.9547 4.55001 40.8999 27.4661 14.1519 42.9019 6.62522 22.0794 10.8037 29.3523 19.3766 11.339 5.56348 30.9337 0.0117376 224.567
4569.67 22.7547 4.35277 22.138 26.9072 20.1811 40.0261 62.5495 2.29418 5.27601 37.5603 30.0404 39.2341 7.89598 15.2243 13.5631 14.0405 21.5445 0.406012 21.1692 5.04424 2.8573 0.0515915 226.211
4534.34 28.3436 9.74625 12.4905 35.9586 20.1811 39.1496 62.5495 4.45687 2.30412 48.9118 30.0404 33.4712 2.11842 21.2693 9.00696 14.3048 29.8206 11.7795 9.63422 13.7256 6.59123 0.00590055 218.179
4520.1 17.4406 7.85347 12.3395 35.9586 21.4948 45.7599 66.2846 4.45687 12.811 44.474 22.1956 33.6787 10.1487 18.705 11.6523 20.72 24.7093 22.8974 2.43658 3.39321 1.52135 0.00350132 217.288
4589.13 13.8042 2.65129 31.4251 6.68993 21.4948 58.4362 52.5532 13.0067 21.1046 20.6774 31.6672 39.2416 13.5094 14.062 0.360161 17.2242 26.2473 6.18946 18.598 18.1301 2.79266 0.000118847 218.162
4609.15 8.2093 2.14097 31.8871 10.4834 28.0733 58.9139 44.8247 13.0067 22.1895 12.9 36.1967 31.961 12.4889 20.1954 7.463 19.9416 30.5824 10.7997 26.2803 6.54484 26.355 0.0450032 221.097
4560.31 16.1668 5.61527 31.5584 4.20388 44.8362 49.3374 44.4277 1.81346 26.5183 21.925 35.2961 40.0434 6.91988 19.024 13.1709 21.4243 12.1237 5.83436 23.0377 7.19488 1.98926 0.0285141 217.511
4542.41 19.2611 5.61527 31.5584 7.38036 34.7622 48.2739 48.1679 9.75754 26.3675 23.7021 36.463 37.6581 7.72371 17.1992 8.89795 25.5727 28.5215 27.5053 6.81887 24.4464 9.175 0.0669255 223.808
4542.41 25.05 7.36389 25.42 3.24757 70.046 19.1631 42.0177 16.257 27.0996 6.97823 53.8362 18.9479 3.78405 9.33315 9.37144 52.6158 20.7174 7.13378 2.27512 27.2147 27.6366 0.000234133 221.698
4542.41 25.5783 8.80689 23.8592 2.40407 70.046 19.1631 42.5117 25.473 4.99872 10.0825 52.5145 17.1791 15.8697 22.1972 21.9446 28.0068 0.681196 27.8371 6.33176 5.6956 5.8524 0.0192831 219.714
4559.72 21.8246 11.1054 25.2777 3.02356 70.046 21.759 34.4005 22.5125 14.7882 6.89354 35.1618 24.118 1.86579 40.5379 26.0273 21.2092 4.32088 22.3056 9.00445 17.2028 12.4294 0.0487366 224.427
4559.72 23.9634 11.8391 17.4103 3.02356 70.046 27.1761 32.0487 15.3355 31.4991 8.70173 21.9315 58.7358 9.15109 12.8872 19.3168 4.42716 7.56521 24.1108 25.7117 6.69214 25.9293 0.0400424 219.432
4559.72 22.6578 11.8391 15.3066 1.12024 76.4948 26.8812 30.7563 6.0216 34.1554 8.80573 17.7002 58.7358 13.9902 17.9002 23.7561 10.1157 1.30294 10.3106 30.6916 12.3385 22.1366 0.0842833 220.546
4559.72 20.6405 13.6971 20.2776 1.12024 75.6499 18.1832 34.3312 14.2742 32.0154 5.11849 24.2741 58.7358 16.1068 10.1552 28.603 0.676598 9.54814 21.0363 20.349 9.01665 23.422 0.0230019 221.328
4553.52 20.9628 10.8782 20.4948 2.23776 78.0529 21.9976 37.2771 9.68734 17.1301 14.9307 23.5744 48.995 5.00893 7.77039 36.418 11.5717 26.5328 17.2801 27.8597 7.23813 17.0099 0.0293467 222.27
4543.45 24.7708 10.8782 15.1496 8.95468 76.7375 10.7243 38.8517 22.6963 36.1239 16.4047 16.5351 41.7916 6.32019 6.78394 35.5102 13.4022 5.0774 34.8086 21.9832 2.94305 22.6988 0.151904 224.888
4679.29 11.0976 13.4379 2.44412 17.5644 66.032 22.7078 29.881 7.84101 50.8252 14.8667 22.2033 42.2086 3.24334 20.5116 9.76894 28.6046 6.9528 10.7834 39.3837 4.81772 7.74384 0.0869027 224.563
4583.12 12.6853 19.0382 6.23257 20.4828 63.5581 7.62716 52.439 17.8773 51.4951 9.77517 6.40843 40.165 6.85214 26.5363 1.50049 13.5948 13.0459 13.4118 25.5187 13.9488 19.0175 0.0699458 220.278
4596.18 14.8079 22.0854 8.40749 19.934 64.9993 3.53731 55.66 9.62103 51.4951 5.45195 8.77964 40.7397 11.8665 23.0909 12.0536 13.5598 17.0624 1.69795 41.4788 8.17081 7.82998 0.0496697 222.472
4577.08 15.1608 19.4653 13.464 20.9348 64.9993 3.53731 55.66 7.38913 50.7331 5.45195 15.0513 34.784 12.9038 21.2281 16.1694 14.852 9.62124 5.95517 17.4949 29.5236 7.61894 0.000225977 216.003
4580.4 12.6235 24.4545 4.34665 19.3076 74.6186 10.7509 48.1421 7.38913 52.0373 5.45195 10.6762 34.6569 18.7179 18.7772 19.6966 9.35766 3.66208 21.1965 6.89551 39.1172 9.47595 0.0048124 216.842
4580.4 15.5631 18.7047 4.57123 16.3809 74.6186 10.7186 43.2473 8.21632 58.2862 10.772 10.2941 28.4773 29.6377 14.0903 9.64454 17.7444 21.2346 6.37272 19.6365 23.6702 6.96819 0.00246593 214.629
4581.93 11.8555 19.557 8.69116 14.639 77.7903 15.7378 43.2342 9.42152 49.605 9.9112 15.0154 24.7775 23.1298 19.8173 13.5197 31.2279 8.846 2.2974 38.6049 19.7095 20.7473 0.00794423 218.036
4535.06 26.792 17.3486 3.74764 12.8651 77.7903 16.7831 41.9742 12.3827 27.7067 5.13305 11.5605 34.7076 31.8672 18.6707 33.6258 23.8423 4.10787 7.25359 6.08415 15.0922 4.54678 0.0679533 223.946
4535.06 26.792 17.6568 0.937829 12.7762 77.7903 11.0481 45.2014 27.0953 24.7683 23.8508 14.15 29.577 13.1156 13.7671 37.8676 0.945415 30.0806 20.8751 7.77873 42.1092 15.9636 0.116906 227.781
4511.77 15.8662 14.1581 5.32894 28.2049 56.0045 27.8159 50.1277 48.2058 10.2578 18.5756 15.8148 25.5919 6.9256 24.5519 24.4621 5.98375 29.1667 21.9597 8.74222 9.7088 12.1499 0.160682 227.93
4500.13 14.3302 16.4879 11.4284 28.2049 53.2019 25.0995 50.3017 41.0363 11.4345 24.1187 18.1732 34.8723 4.26365 24.1114 16.9114 5.74671 13.3294 0.83445 2.60896 11.4787 40.2261 0.0383335 225.098
4528 9.24709 20.7436 1.31693 26.8644 67.4088 24.4344 48.9117 22.4467 3.87383 27.2828 31.2567 34.8723 1.81909 16.6383 20.5447 2.65319 2.02545 42.7224 15.4246 41.2416 14.6448 0.0383335 226.357
4526.84 9.19281 35.7409 0.837657 24.5398 65.9708 21.7028 41.7046 19.9939 11.6224 27.2828 48.5837 22.6283 1.90891 20.1363 7.52078 4.53227 14.5323 24.7949 12.0228 44.7137 6.04788 0.00825022 221.419
4530.88 13.6679 35.7409 9.44806 1.94132 63.3882 42.4836 29.199 15.109 16.7621 33.498 35.2925 23.8247 15.5604 16.7034 22.5754 4.33864 0.278558 12.5388 34.0326 2.71763 6.5445 0.064137 220.041
4547.38 15.8813 27.9819 10.1621 2.33878 59.0878 38.9603 34.0139 11.8172 31.5076 16.2899 53.0229 8.07249 20.8202 7.38334 21.3623 7.08972 25.0939 8.20187 14.1927 49.6007 8.14805 0.125388 223.104
4538.2 14.3272 31.8917 4.32304 6.12379 66.395 31.4677 36.5187 10.5188 31.1693 10.0577 56.6064 19.654 11.7254 10.28 27.7083 23.1844 25.0681 2.45664 8.79993 3.45478 15.4317 0.115126 220.1
4516.65 9.21205 45.4449 2.41307 4.08585 67.3754 39.9478 32.6799 6.38125 32.5696 27.6103 22.7709 24.5396 23.0039 14.0215 26.5206 5.58715 23.9908 4.32319 11.8321 12.168 0.920089 0.113446 222.486
4513.23 4.11872 45.4449 1.81228 4.65841 67.3004 40.2164 33.0141 19.9133 27.6069 28.1384 20.3328 17.0693 21.8906 14.6483 20.736 17.5936 18.6408 10.7849 7.22674 28.0248 31.0793 0.16012 226.211
4440.63 1.51383 59.485 4.84008 7.18918 63.6347 52.4992 24.9285 12.7468 24.5588 37.1879 2.58942 47.8248 0.537597 25.7143 14.7109 40.7695 9.80863 13.2117 14.1217 10.3643 24.2189 0.159979 224.066
4440.63 1.51383 59.485 4.84008 7.18918 70.315 52.4992 17.1519 10.3309 26.4357 37.1879 7.53887 48.2649 0.525135 27.9241 13.9136 28.3305 8.97662 3.06294 24.3677 13.1706 7.99972 0.227305 226.829
4436.59 4.41331 60.8562 4.84008 7.18918 64.6237 52.4666 10.9592 11.1718 22.785 54.3662 6.1222 47.3791 0.525135 22.8969 12.1238 28.5561 5.60563 2.55782 25.3629 7.06325 6.67136 0.0969611 222.881
4438.98 5.28685 52.7362 11.0817 11.7507 64.6237 57.8287 7.3132 11.1718 18.9571 54.3662 3.45149 36.7641 12.6198 20.329 15.2532 28.0989 6.19026 37.9816 16.7164 9.14399 15.5352 0.00065862 219.411
4448.53 0.0766237 55.9233 10.9838 12.0492 64.6237 55.1187 10.1029 20.8403 21.5565 26.6034 8.1332 41.7987 12.6198 29.8351 10.2687 3.77077 38.8546 19.6806 15.7457 1.84573 51.4938 0.0296514 224.511
4447.95 1.64153 55.722 10.6171 7.6634 58.4358 58.7946 1.37895 34.07 27.7982 25.0081 34.2814 10.3769 15.7862 23.9937 20.3037 13.6492 11.7435 11.781 14.8651 14.455 43.8611 0.00413447 220.992
4443.76 1.26263 55.9838 10.5658 16.6049 41.086 74.6385 3.49737 24.464 26.3497 23.9184 34.6897 10.3327 17.2825 19.4048 25.8162 15.4291 7.75401 18.1503 5.44081 38.815 31.3772 0.0045816 219.044
4450.97 1.8077 55.9838 6.91304 17.241 50.1273 64.7953 19.7136 18.5474 18.3024 28.7576 26.1631 17.1218 33.7968 11.5182 13.2204 13.7145 11.8868 17.8869 3.30454 21.5764 30.8695 0.0357214 222.344
4459.06 3.85529 57.2376 5.39769 12.3963 48.7802 56.67 18.2619 33.4265 9.08855 27.8751 30.6727 9.15461 30.9995 14.7014 25.7815 4.64437 3.89986 19.4708 17.5741 26.2609 36.7471 0.00853637 219.623
4424.07 11.899 52.2694 7.42678 13.2895 48.3974 44.242 22.3682 31.3308 15.5182 33.3318 42.9853 13.0157 18.7223 2.57573 14.6379 32.8083 17.3256 7.20501 13.1127 20.7484 11.216 0.000705576 220.826
4425.86 9.63019 52.911 10.2918 14.8349 53.4596 44.242 19.9323 38.418 12.8091 22.8261 43.7815 15.0198 18.1236 13.3934 11.6822 32.8494 7.8639 13.4764 5.87492 10.7502 50.1465 0.0611398 221.361
4432.94 5.96703 52.911 12.8989 8.03437 53.4596 44.242 16.6186 50.5076 8.49818 14.5139 47.4611 21.7069 12.923 19.444 16.5969 17.3644 20.8382 8.43291 7.11335 27.0728 59.278 0.03332 221.734
4440.94 4.27902 52.911 10.5422 8.03437 53.4596 44.242 16.5239 49.1858 6.98551 36.6856 20.0398 24.1437 16.1435 22.3214 16.314 16.4606 24.1692 16.1715 1.24911 7.90499 26.7643 0.100891 221.42
4406.81 1.07592 58.9766 15.3476 16.2246 53.3026 38.2057 14.9021 53.2032 4.40454 43.3503 20.3101 3.70569 24.2997 31.7805 11.6042 2.04643 9.68683 19.1393 20.6129 14.3347 8.81509 0.0947164 227.232
4432.99 0.525761 56.7172 10.1728 14.0457 57.4868 38.2057 20.8538 47.3922 1.77392 0.858815 53.1751 3.70569 31.0884 40.2588 4.76636 10.1127 19.2727 28.6169 30.953 25.3153 29.2565 0.0300526 232.134
4410.64 10.1931 57.0546 10.2376 14.0457 57.4868 37.9135 27.3907 42.0009 7.45395 0.858815 56.1226 3.52303 22.8987 27.4294 20.7444 24.0981 15.5899 5.04235 7.35824 18.9971 26.0555 0.00810893 226.345
4446.91 6.27735 38.8234 8.61802 27.6782 53.6095 35.1322 27.3907 38.6422 7.90986 12.7006 54.8997 1.72576 26.6569 27.4294 13.7155 16.5052 14.3115 10.4773 11.5031 20.1268 11.7554 0.0228958 219.878
4476.79 28.7684 26.0767 8.48664 11.2572 49.1835 69.2043 6.7311 9.64687 37.3986 16.9085 44.4363 10.6323 18.9803 24.9366 21.9291 14.0422 49.1079 2.90001 4.09015 30.5448 8.50819 0.0459321 222.195
4454.96 14.2195 19.5722 15.2334 20.8886 49.3558 61.0007 17.3529 21.4449 33.5226 31.004 33.1803 16.4197 11.3882 18.2849 23.259 6.17454 19.0944 16.5521 9.24838 13.3433 10.746 0.209121 220.87
4492.28 20.7374 2.66149 13.5964 37.5857 37.5467 73.3979 15.0327 5.11452 25.5724 41.3991 33.3636 17.8521 16.3798 13.8124 32.1631 9.18695 24.1253 14.4885 3.48482 2.50755 42.2678 0.0630121 221.734
4533.34 15.1778 1.94394 15.7236 37.5857 23.3528 70.9632 25.5926 6.65651 25.925 30.4791 37.8906 22.9914 19.2343 18.1725 10.5053 16.6169 11.1655 29.5386 15.5508 1.29142 8.91199 0.0598575 219.89
4570.24 3.70625 8.5193 14.3702 51.5564 13.6705 72.6642 25.319 9.87304 24.1034 32.7642 27.2796 29.624 12.8532 16.1524 6.68201 17.6499 23.7839 18.3682 8.5544 1.69421 31.1015 0.0342731 217.558
4566.96 2.96847 7.36781 14.4577 42.288 14.874 73.3162 25.2176 17.8097 16.763 43.6677 13.852 22.5332 29.3314 19.8029 4.16998 13.8223 16.984 14.6136 18.07 11.9326 46.9486 0.120735 219.831
4585.86 2.20184 4.98694 15.2251 39.8494 11.4964 64.8834 26.9908 22.7315 39.9112 25.2582 19.4574 7.5609 27.6691 3.91951 31.0934 9.45119 48.9809 26.2472 21.543 14.8435 20.2457 0.137847 231.278
4585.86 13.7879 14.4752 14.4487 16.4031 8.9315 72.9405 26.9607 29.4854 25.2726 32.908 16.8421 2.21214 10.2133 25.5446 38.9787 4.89215 15.0101 25.9228 11.8164 6.02899 16.2087 0.166678 222.086
4654.11 8.08863 4.45265 16.2459 13.4846 42.9566 48.1059 30.5471 23.2405 19.8693 31.9114 26.3486 12.9359 15.272 25.7269 35.9483 3.23331 36.8557 15.0983 6.29933 17.1256 10.1632 0.149247 222.225
4668.22 5.5172 7.54021 16.2459 14.1108 39.8112 38.0281 31.1228 28.945 22.4058 33.6301 17.0991 9.13177 10.5951 33.1296 3.45496 39.7781 32.4936 3.25797 12.7463 25.9715 5.59982 0.0961126 224.295
4637.96 7.71281 3.4209 25.8819 18.5636 40.2564 38.0139 30.2107 17.677 27.6633 39.8837 12.5275 4.10115 17.9758 45.9969 16.6316 3.17005 38.4136 12.3632 6.30034 15.0033 10.1323 0.0028544 215.918
4649.5 6.53214 3.4209 10.5684 20.5372 47.4532 58.465 24.2744 7.35654 28.8893 38.282 11.5492 6.39606 16.195 51.2715 4.00226 5.82254 30.3405 17.4275 3.65954 11.9212 15.5467 0.0284315 217.82
4621.13 6.43619 10.959 14.3463 16.4567 12.326 88.6561 17.9456 18.9336 34.0921 33.4074 8.33719 5.09209 22.0315 44.2765 7.49519 6.2859 22.7569 9.63037 24.2514 10.7814 8.33697 0.0215031 216.294
4608.71 10.0727 10.8442 19.5266 19.9805 12.326 88.6561 15.5921 24.1271 20.0762 34.8978 10.9968 13.7966 9.3682 48.719 7.27394 7.58152 29.9829 5.62958 30.4812 23.7264 66.9459 0.00603739 221.955
4624.17 7.22149 9.79071 15.1793 32.4204 12.326 88.6561 5.21692 21.8583 20.0762 41.7537 8.82901 3.25903 9.33602 50.9944 22.8846 12.8981 41.6227 10.5497 19.6079 11.0436 9.64013 0.0375471 219.923
4636.95 3.60041 10.0804 17.2508 30.6058 11.0861 77.7163 7.40916 31.3768 12.4044 45.0979 25.559 3.25903 9.73142 54.2334 6.89547 1.10917 2.03195 13.3609 47.13 10.3474 31.6354 0.0208356 221.311
4626.08 9.79446 16.06 4.01486 34.5452 11.0861 77.7163 4.62224 32.175 6.53329 50.2368 18.4163 17.5156 23.5028 25.5926 24.884 18.473 4.94407 19.2474 23.6722 10.3617 4.06253 0.0157846 218.318
4613.86 11.3541 17.7573 2.29282 43.564 27.9012 64.7525 6.1893 30.7151 6.53329 39.8052 19.0288 17.5156 18.3089 24.6827 18.6509 7.92471 18.0768 21.0947 11.2464 5.32588 16.3804 0.00733557 217.862
4596.07 12.9761 24.8914 0.982818 31.4354 31.8623 64.1778 11.1584 37.4125 5.47702 27.0747 24.4751 21.4668 16.4428 28.9139 11.406 8.75552 26.9036 17.6339 9.14014 10.5656 2.62287 0.00647012 216.171
4634.19 9.99478 16.2381 0.851269 37.2878 36.4211 56.98 12.5845 34.3989 9.45638 28.0268 26.3321 8.77835 16.3319 34.6925 18.6604 12.7888 19.1374 12.9308 18.4021 6.88336 25.2547 0.00140807 215.288
4576.33 12.5089 12.77 0.851269 27.9697 47.9495 56.98 9.7577 32.8616 10.5098 40.8993 24.9414 13.2971 16.1909 34.6925 2.07989 19.5459 11.9571 23.1955 7.98417 12.9555 24.0704 0.0208481 217.484
4609.56 11.193 4.59164 2.64368 27.5106 39.414 77.1144 3.89519 37.7483 15.44 35.8275 25.3909 9.09223 28.5264 9.09075 9.22183 16.4206 12.2222 4.57655 11.5461 47.8416 31.4939 0.0108212 223.224
4596.93 12.4169 16.43 6.31931 24.1526 10.4974 77.1144 3.9734 28.1858 18.4287 55.3607 28.0179 32.1664 30.759 1.07009 2.25696 19.8262 21.7399 25.9641 4.08673 19.4147 21.0443 0.0901361 228.52
4553.03 19.6104 21.0427 8.65661 14.3633 18.421 83.7704 13.2117 21.344 4.49327 47.9877 41.4118 19.5586 25.7854 2.06831 11.0265 18.4007 29.9299 10.2954 3.74541 17.4852 26.2768 0.128808 224.025
4540.8 21.936 17.0366 11.805 16.3169 23.5854 88.8206 3.53276 13.5158 10.8019 42.8039 42.9084 19.5586 8.42701 21.3346 8.61153 13.7803 36.1784 6.2798 1.047 16.0537 33.7934 0.106571 226.914
4583.24 21.3171 9.57975 15.4845 15.8943 21.3379 88.8206 15.9431 8.48503 9.37685 40.438 42.9084 7.56845 18.9437 27.5802 15.221 6.5949 32.2917 8.6967 1.11374 11.7382 15.6425 0.113406 220.378
4549.47 21.3171 10.9094 17.6998 12.1518 20.0602 86.0668 24.3347 8.48503 12.4851 53.4916 32.5347 10.945 2.19804 37.6782 13.7133 10.6278 11.6598 12.8144 12.2918 7.2194 36.0639 0.0325509 220.402
4540.29 24.0475 12.1988 15.4877 10.2917 7.68133 93.7536 26.1076 24.0945 12.4851 39.1282 34.8921 10.945 11.3501 25.9888 5.14432 4.88516 13.7103 64.3538 4.68738 5.56873 37.6983 0.00512688 221.197
4544.24 24.158 11.7188 13.4496 18.7599 8.2665 96.5805 15.2965 16.3461 29.0742 39.7285 15.3679 2.00321 27.6733 17.8834 29.7258 2.29305 17.3678 49.8713 1.57661 6.98031 35.0747 0.00175272 221.846
4542.26 28.2885 9.44091 14.5207 14.241 6.56623 105.748 23.1572 8.63343 23.6652 34.2417 12.1992 2.00321 48.2448 12.1226 21.4199 25.2057 30.1177 13.4553 6.11946 15.3165 16.2534 0.00268693 217.765
4544.99 28.9247 6.21122 13.4892 14.241 7.41626 105.748 17.6858 8.63343 29.3044 39.4237 8.7806 3.99062 50.147 15.8472 6.5572 2.61608 24.7304 41.7861 5.05231 14.9924 11.8869 0.00268693 218.059
4639.96 9.21666 7.60499 13.4892 15.3864 6.51529 105.748 18.4887 8.27856 22.1853 38.7831 12.1636 6.93257 47.9808 12.7636 5.23524 8.55833 5.98595 40.5958 6.61572 16.3867 5.06332 0.100697 221.294
4586.02 9.66454 12.1887 26.1391 12.5227 3.03254 105.748 17.2848 25.1435 11.9992 36.6903 6.57215 4.64685 53.6062 20.9676 5.85503 20.8137 4.73149 26.4955 10.4756 19.8119 45.8032 0.0483834 224.797
4600.19 11.6375 12.4318 15.4867 11.3453 3.03254 105.748 26.0255 24.2156 14.3152 22.5062 18.3675 13.7888 40.7562 17.7022 9.3977 23.2627 5.68858 29.4145 8.79497 36.3633 24.5601 0.200643 225.97
4597.77 15.329 9.94828 17.3681 10.6875 9.00812 93.1681 24.5241 18.9097 18.8509 27.4218 20.6319 19.5445 40.7562 9.06103 21.5815 16.561 12.1426 17.6616 20.7761 15.9882 34.7413 0.105037 218.77
4624.08 16.7978 0.566086 17.3575 10.6855 11.1198 97.384 16.6187 14.0485 23.6017 27.4218 31.036 8.9389 35.1675 1.70534 25.0123 26.0624 22.4356 8.9987 10.7289 2.29219 45.6008 0.131011 224.489
4591.91 20.3579 0.655578 19.4707 12.1378 20.1973 97.384 12.7869 15.3355 21.1849 30.5379 32.6584 11.2281 31.8114 9.84591 19.6194 25.9681 15.2933 8.9501 10.9075 14.3361 13.8761 0.146966 217.871
4562.45 25.8067 2.54324 21.5267 10.8136 15.8003 97.384 8.97102 18.2609 22.0173 27.5249 24.3866 7.14635 32.0485 33.4561 20.0286 2.21691 17.6701 12.534 12.5578 18.8628 25.6892 0.134724 219.142
4554.1 28.4169 1.44772 21.4888 10.3767 13.8974 103.037 5.82787 18.2609 20.209 40.2615 18.2895 5.61201 32.9504 30.6771 4.10499 12.8631 21.6931 13.3922 0.161666 8.44421 8.56777 0.0299733 220.035
4583.97 25.3703 2.59313 23.3127 7.22079 18.3049 87.9608 7.85907 15.4584 33.1266 40.2615 10.9717 3.16975 28.9858 38.9761 4.94903 12.3846 52.5283 18.5582 17.7482 3.17367 7.56766 0.139441 223.211
4570.46 26.6857 13.7812 12.4898 1.76735 15.4473 91.6873 9.94867 9.51957 38.6927 38.598 18.1475 15.8193 16.0645 39.7805 9.87554 21.467 9.57606 6.13785 19.0579 5.41791 13.4611 0.374896 224.009
4586.98 23.4312 13.3975 10.4001 0.277279 15.4473 91.6873 11.4392 13.2114 34.0198 43.2212 13.4753 23.4445 13.9317 36.4053 6.26375 28.5884 8.73358 9.58956 13.7987 4.12341 45.2583 0.420534 223.764
4589.41 24.5908 11.1536 14.1903 8.62425 6.94957 91.6873 15.0889 20.7362 22.5812 34.9113 22.7957 33.1321 7.74978 32.8154 11.5355 6.02306 1.14166 41.6834 16.7754 3.3385 15.1352 0.423689 225.659
4565.63 30.2316 9.70811 9.14124 7.05857 6.69709 91.6873 13.8201 21.5894 31.0891 33.7009 31.8293 39.6133 6.52198 17.8229 8.35217 7.50262 11.7958 49.2088 8.81562 2.92831 18.5921 0.339114 222.554
4564.53 23.2023 9.70811 17.8075 7.22462 6.69709 91.6873 8.54026 23.4757 31.0891 31.7344 30.8161 39.6133 9.22088 19.7929 7.57755 4.16025 13.3783 41.8408 9.35476 1.33647 1.17037 0.258941 222.783
4591.71 23.5329 0.581278 24.5293 2.64654 34.991 73.3034 13.4765 23.4757 8.87487 38.0193 45.3869 6.3235 0.19315 32.3533 26.3555 16.7146 10.9584 6.61111 16.112 46.8115 4.27269 0.210995 225.052
4587.45 19.6307 4.08933 23.8622 2.21219 35.8335 73.3034 18.847 25.9434 13.0113 33.56 37.2626 15.259 5.65201 24.3456 23.8321 3.30591 3.12521 20.6131 7.464 67.4251 2.00884 0.13938 222.3
4582.16 0.721229 4.08933 23.8622 28.0303 32.4739 69.2016 19.3195 22.2877 23.2287 33.2419 35.8062 20.4275 2.16406 27.2246 17.6051 4.72987 12.7272 21.0656 18.293 2.30269 3.4001 0.0881694 218.447
4578.1 0.974011 2.71531 23.2035 28.0303 24.9931 69.2016 23.8999 31.3675 18.518 24.886 38.4516 13.0004 2.37907 43.6049 13.2758 2.74125 15.8705 26.6734 11.065 24.6035 20.1341 0.0833906 218.683
4591.33 3.28943 1.26086 23.565 26.1426 25.1191 66.0119 27.697 22.2981 30.7193 23.4705 39.5801 2.4944 2.36966 44.9289 2.52049 6.34559 15.1405 44.2298 28.4287 1.70807 1.3234 0.0374663 219.138
4547.26 1.59722 1.33291 23.5944 32.6763 15.4995 72.2523 37.8203 6.63859 23.6787 30.5947 46.3339 0.174949 13.5435 42.8935 10.785 18.8495 18.4863 41.5309 18.9927 6.22819 25.505 0.189522 225.311
4579.44 5.96596 15.2626 28.4851 24.8814 11.9813 60.1197 36.9113 9.14883 33.6978 19.7238 17.1399 9.68045 6.81869 52.742 23.2477 11.3163 16.2702 27.6121 0.80482 2.48669 13.7223 0.229432 228.649
4573.2 5.49889 19.3908 19.5719 8.42622 11.9813 65.2028 36.5155 21.0141 38.0928 36.2483 18.3393 7.67652 3.90091 45.6183 17.1956 12.6007 6.39223 8.85508 16.1172 12.9495 12.3784 0.420627 226.71
4607.18 5.84504 18.2983 14.3065 8.17573 25.6959 71.1323 32.6734 19.3222 7.6486 34.0564 18.6172 47.1209 8.82826 21.1888 15.7877 3.01485 24.83 10.7558 24.9486 12.0508 15.61 0.0877064 216.615
4613.12 2.39963 17.3219 12.9265 8.23519 8.58024 90.9923 31.3465 8.56715 11.0016 33.0649 15.9343 56.3661 2.48178 31.7764 35.0448 25.4237 22.18 11.0933 5.23694 2.86827 1.72253 0.194732 229.461
4666.63 2.45377 12.9825 6.67734 15.2756 5.82632 98.2991 28.4487 7.12689 18.82 35.4182 26.3282 20.853 6.52656 20.1936 67.4229 4.59124 6.5576 11.1392 9.7269 10.6769 2.28307 0.112186 224.292
4629.23 2.19667 0.891609 28.4712 12.236 9.48076 98.2991 24.1298 12.5836 25.875 27.6919 27.2447 21.9336 6.30681 19.517 33.7081 4.96664 16.6187 14.7551 26.0248 14.8676 5.70566 0.00965842 221.078
4687.92 0.399139 0.891609 22.1779 4.71569 4.52022 92.233 22.0041 19.7665 39.2055 12.913 25.7555 49.0639 9.84498 6.04739 26.1541 27.1482 9.35071 27.7679 6.25213 21.3957 9.13155 0.0943087 227.83
4691.72 0.278434 9.30654 14.0027 6.95897 8.97679 105.169 13.6765 20.8951 19.4183 13.9365 33.2068 35.4043 7.46368 26.3696 9.13785 35.8251 19.2496 14.7983 15.2076 11.7587 13.9792 0.180827 222.61
4680.91 1.30069 6.33879 13.3211 8.17828 4.54462 105.169 12.67 31.1058 24.8587 7.45162 37.453 38.6448 6.53838 22.0464 5.18321 13.0265 32.6403 7.15873 18.939 18.0031 15.3466 0.162458 221.725
4612.7 3.91467 17.7346 8.47521 22.1102 4.31444 102.996 2.33978 26.5102 22.4144 11.4202 49.0718 34.7265 2.80887 33.3539 8.36576 14.5813 17.8501 8.44098 17.463 6.88853 18.2308 0.302617 224.313
4580.54 1.32263 25.5456 11.4001 17.7975 4.31444 108.593 2.33978 25.7005 24.2405 6.45953 49.3894 36.1868 6.31416 16.7941 3.69423 12.6317 45.4499 12.6441 10.9802 14.997 17.3034 0.331937 226.207
4518.3 0.193203 22.9068 10.0836 17.5893 2.49382 108.516 8.76802 32.4389 26.0327 2.27946 55.9205 31.7684 4.29047 25.984 11.6936 8.96585 49.3629 13.6593 3.81383 10.9866 5.29474 0.435422 225.962
4591.38 1.7493 19.1341 16.3507 5.71749 2.49382 94.4144 15.293 44.7889 18.2888 8.1569 46.2029 27.7634 11.9524 24.8874 12.3018 1.29731 17.1012 49.1942 13.0637 1.5587 4.772 0.289954 225.473
4591.8 13.9177 8.54833 18.982 16.0901 5.57228 93.0213 16.2226 33.1013 21.4117 10.2101 46.0705 22.6252 20.2882 12.2109 4.52832 28.4441 13.9978 19.0719 13.2394 9.99468 11.8673 0.232155 221.349
4591.29 9.66223 8.92444 27.4205 6.86155 1.34736 94.0566 23.558 25.1658 27.2739 28.617 45.1799 19.9675 7.64604 14.6478 8.04881 43.8032 34.6239 6.63431 9.41948 18.2328 16.7692 0.0419824 227.085
4587.28 20.5128 9.26445 16.5291 5.40927 26.7993 84.714 17.3825 12.9803 23.095 21.0608 37.804 12.1718 42.186 8.9582 6.31186 7.97695 6.57451 50.5852 7.98799 12.0475 16.5451 0.128668 219.08
4603.35 10.5683 8.62521 24.201 7.08453 32.9509 71.6217 11.4089 16.3043 35.6183 16.933 44.5533 2.88196 41.3031 11.558 8.67424 31.3727 12.0655 7.50201 2.94265 44.3136 4.23291 0.181806 221.712
4584.45 7.94195 25.01 8.50353 5.76041 29.5364 72.7246 28.0052 15.8539 24.6098 25.6052 25.7467 7.65477 53.4308 14.2707 1.99792 0.572901 35.4263 8.54931 5.54117 33.7148 3.49542 0.102212 223.039
4568.15 8.09081 32.5486 8.78862 8.7858 29.3791 86.6666 10.4489 2.86695 24.2628 19.1374 48.6575 9.62832 51.5422 13.5075 7.93741 10.7264 6.59346 5.76696 14.4579 69.1503 27.7929 0.0242597 227.471
4564.3 6.21925 32.5901 12.8765 5.86487 32.8879 73.5769 18.3351 7.6382 36.3403 33.6774 22.7552 7.75112 26.8048 24.931 25.3701 0.76481 10.2914 4.53609 10.1602 13.4167 16.8268 0.0252014 217.848
4550.26 12.5298 23.3429 7.61034 29.1474 33.2947 68.156 26.1141 4.9648 34.2516 33.4054 12.1815 11.1627 22.7849 24.0926 17.4475 11.1047 15.2143 8.50499 31.1669 4.02826 7.90344 0.0114283 223.326
4572.9 3.44356 23.8227 21.2883 2.12206 41.4719 38.9821 55.8497 3.78114 39.3624 37.246 6.55141 21.047 40.0562 2.24641 17.3986 31.2822 24.7053 20.6495 1.3084 14.4458 1.30301 0.030246 222.766
4624.95 3.91633 8.49667 23.6105 26.0964 39.2028 38.9821 52.8857 0.869922 11.159 48.6313 9.80904 22.6324 41.6381 2.24641 11.894 28.5171 20.8151 5.54398 10.9678 12.6004 8.2975 0.0122786 220.234
4597.87 2.69775 8.49667 23.583 15.7356 32.6291 55.4077 57.4732 0.869922 17.7499 45.2715 6.68513 25.3633 33.6434 13.7399 9.97113 20.4388 5.16635 10.2362 3.27386 6.40049 7.67751 0.0122786 217.472
4596.19 4.7399 8.49667 23.583 15.7356 32.4206 54.6782 57.4732 0.869922 21.7665 40.8535 11.6092 16.1244 35.4062 12.7907 23.7055 34.7999 3.45795 6.35486 7.35743 9.57696 32.5029 0.0164254 219.788
4554.83 5.15616 10.5989 30.9341 36.9208 25.8793 44.6371 34.1561 10.7329 29.6575 32.0858 18.0019 24.1259 39.5563 9.31007 20.0615 19.6256 5.06915 31.4016 5.80878 3.24534 4.42981 0.00324756 219.966
4517.11 5.1864 19.1135 24.1951 40.4692 23.7698 42.1051 34.1561 23.5595 17.4119 24.3878 23.5303 14.9456 53.1834 7.00174 15.0653 22.5302 20.3273 34.8398 5.31022 7.2274 13.7366 0.00845473 221.615
4508.5 2.3366 26.628 16.8315 43.0539 25.5651 39.237 35.6694 35.34 16.6036 14.0046 35.028 13.7236 50.2184 12.6801 8.27961 2.33778 26.5749 53.5218 2.88405 2.05582 9.78273 0.00800997 229.229
4543.82 5.06175 21.6546 21.9869 36.0122 22.3881 39.237 35.6362 27.825 7.75581 22.6015 36.685 12.1413 45.8579 12.2593 9.94821 31.9442 4.76948 30.357 6.77915 8.45562 4.54129 0.107161 221.991
4550.13 4.33727 20.3085 30.2225 29.3749 22.9925 39.237 40.136 26.6516 16.1454 16.4847 34.3415 11.6035 47.153 4.12963 15.8282 20.9455 8.88059 37.5654 6.61669 8.45562 3.22871 0.0229834 221.796
4479.02 4.56601 15.6105 33.4803 52.2412 21.3057 37.0925 35.4358 26.11 13.0318 15.4061 37.3742 21.0756 41.4848 8.92884 16.5209 14.3619 4.9499 23.4424 5.87165 21.9646 10.675 0.015347 222.174
4519.4 7.1969 3.68735 23.6375 53.2722 16.4773 52.377 29.2992 23.1766 18.0184 15.6686 42.7259 19.8146 34.7437 6.21108 16.9909 8.39693 4.44818 15.4628 13.8701 60.948 17.4856 0.00885407 223.026
4497.62 3.86558 2.33449 21.5293 58.376 49.675 29.3592 28.7896 24.3217 16.5271 35.4877 45.6063 4.87718 21.1286 14.1234 30.2049 6.42024 1.16646 11.6289 16.2766 56.263 15.5416 0.0167265 223.145
4414.87 8.41194 6.47046 36.4317 62.022 47.9743 9.52463 30.0615 37.1224 21.6053 20.3454 52.1595 21.6017 7.13916 15.9325 7.28477 8.40968 8.8829 29.2413 6.5119 20.1568 32.5467 0.0411358 229.895
4493.01 7.87061 41.8817 9.50815 21.7385 36.5095 43.6893 34.0343 30.9207 16.1346 18.6371 46.5228 19.8005 7.13916 23.2374 11.1596 7.18609 15.4441 10.5706 24.0284 16.06 35.2492 0.0916148 220.869
4493.01 14.031 36.4499 6.37886 16.0241 49.8492 40.3741 42.586 12.3129 17.0463 16.9192 29.8667 17.802 29.0204 29.868 16.3473 13.4517 14.1741 22.2692 34.2741 1.6637 8.91867 0.100915 221.212
4527.36 16.7351 36.4499 4.26133 12.4179 45.9931 39.6187 36.2401 15.1364 16.5174 29.9652 45.3982 1.36284 34.8916 15.8792 20.4484 7.07667 8.38227 10.4168 32.7289 11.071 10.672 0.0582818 218.209
4419.93 7.86961 59.4503 9.46775 3.96799 54.0091 41.7034 39.0519 16.9839 10.7721 14.5786 40.9187 23.6311 24.5438 12.4935 29.2355 21.8401 5.28514 11.1146 31.8184 14.7516 13.7956 0.123898 223.823
4432.07 4.15438 59.4503 15.654 3.96799 54.0476 37.5121 39.0519 27.9475 7.96469 19.8024 47.2701 21.9142 15.3761 18.9267 2.89312 17.6969 21.6879 33.089 29.3996 2.52178 17.7424 0.048343 222.882
4411.99 3.21268 59.4503 16.7439 7.08825 60.7993 26.2817 37.0965 24.1011 11.4189 22.7768 49.8511 16.8982 12.4066 24.8884 12.8779 14.4798 23.5863 33.6676 6.62558 1.79581 37.0242 0.0493944 222.693
4381.47 7.80686 59.4503 16.7439 8.63286 53.5172 35.6261 33.6468 31.3676 3.14516 15.7825 49.0746 21.6553 16.8234 28.8785 7.63944 15.4031 21.9652 19.9275 3.14328 11.662 4.40142 0.00943593 223.132
4410.38 5.24742 59.4503 15.6648 10.8617 46.3734 40.8367 26.2274 36.6877 7.3076 12.6594 43.2347 22.1914 18.3841 31.8585 12.0761 15.7202 4.21877 13.6914 24.6357 17.4864 4.12401 0.101366 223.21
4410.38 4.41452 59.4503 9.5195 11.5659 46.3734 44.4977 26.1143 36.0064 7.3076 12.6594 44.2488 24.8885 23.3212 27.4558 4.38275 33.3715 3.42931 8.2558 16.2303 4.10142 10.3946 0.0936299 224.575
4410.38 3.85919 59.4503 9.73877 12.5746 54.3964 42.3938 21.6841 37.7873 9.60528 10.4378 45.4699 24.8885 23.1554 21.8355 10.4202 19.941 3.41037 33.7595 13.4021 5.9019 33.0548 0.0999694 225.034
4410.38 3.815 59.4503 14.2462 11.2234 51.0895 37.7151 21.2291 45.0226 9.60528 7.23749 46.1347 25.2942 23.3782 19.567 21.7714 10.6541 5.59588 26.6794 8.1697 5.16034 7.93757 0.27403 227.428
4553.38 3.90882 30.1263 14.9086 3.05655 61.9937 31.3227 8.20642 46.7952 10.3664 19.4226 46.2274 7.22968 34.6946 19.6396 27.3698 12.5024 16.7019 17.6889 3.13086 19.8626 14.8217 0.247207 228.679
4552.78 3.83712 20.3717 16.2652 7.80401 54.8507 31.2595 18.9108 62.0045 4.7063 27.6819 41.0743 7.63793 31.9311 15.0375 3.31268 42.8093 20.0498 14.6539 3.46906 6.44054 24.0988 0.476171 225.933
4545.72 2.96442 17.1819 10.1817 12.1534 70.2837 44.744 16.8941 42.1421 0.59674 26.6738 44.3108 19.466 22.0509 10.7124 6.09897 24.305 20.0477 24.8828 4.84035 4.96247 47.9038 0.0830848 231.398
4539.74 0.602588 17.1335 16.502 14.0017 84.8101 25.7605 13.7652 35.3098 10.9847 31.7847 36.1105 15.2285 28.5348 21.0114 2.47575 6.77207 23.8184 30.3971 29.2225 8.74414 4.56676 0.122762 222.085
4536.3 3.44316 13.3211 15.7538 15.7653 84.9811 24.3956 15.2492 26.1881 25.1079 26.989 36.1105 6.092 32.7857 22.7259 3.50717 19.4245 22.2201 8.37604 22.0911 9.11413 26.3119 0.189856 219.762
4531.86 3.85498 13.624 16.0573 16.8596 81.1929 22.0942 21.1072 41.0515 11.1399 30.0826 27.2835 6.80665 31.1684 32.6143 4.3797 7.40514 0.523121 26.8926 21.1485 18.2277 9.36786 0.205642 218.399
4537.67 4.72873 14.9173 6.3538 18.928 85.9123 31.5404 16.8065 37.8468 18.2019 29.2664 18.3331 19.5297 23.7088 23.9716 3.38544 39.5013 50.1408 28.177 9.71156 9.14415 12.6071 0.223936 226.904
4622.43 3.15879 23.2358 3.50066 15.7099 60.5856 43.0913 11.3331 33.403 13.3666 30.2498 20.0203 25.5826 7.68921 37.1706 27.2065 24.202 6.83933 34.3169 2.69001 6.9095 5.63651 0.0686259 221.072
4562.67 5.33357 23.7165 2.61411 29.2756 12.4417 76.3722 15.0239 56.2233 6.07871 28.9557 15.1537 44.8083 6.46366 17.5463 21.2234 14.4646 10.2157 15.7963 11.4961 29.1009 10.761 0.226927 224.833
4574.36 2.73817 31.4562 4.92522 30.9278 16.4836 67.2429 14.1517 27.2863 27.016 30.2029 13.4254 28.2775 18.3374 12.8188 32.8369 24.403 10.0232 4.24005 22.581 27.2858 9.31788 0.2095 223.98
4554.94 3.08271 27.4781 15.6303 31.8785 16.4836 63.6032 8.21179 30.9253 27.2265 38.5877 14.0935 26.4774 14.9348 11.7442 29.9967 26.2874 29.871 24.5457 9.56677 23.1293 23.5018 0.0859031 226.541
4555.85 2.01037 33.315 16.1098 16.3467 63.5198 26.8245 2.60693 47.6811 16.5824 36.1778 11.8492 11.9808 10.2684 53.1131 10.1426 25.855 19.0287 20.0975 10.3378 12.7923 17.1918 0.00794925 219.354
4557.08 6.82366 3.09976 21.862 33.058 63.2378 26.3301 3.00222 51.61 13.8332 32.9476 17.0234 3.44861 11.0869 62.7292 4.16229 24.1016 1.73253 37.3366 18.665 13.9164 16.455 0.0777102 226.486
4541.54 2.746 11.6009 21.4972 31.4677 48.7717 49.8288 7.63945 37.3896 17.2629 36.5634 20.8256 8.48361 25.8175 26.2868 21.8198 21.6806 7.39057 35.9981 15.8508 14.0404 12.9027 0.0514669 221.327
4523.28 6.56424 7.54358 14.3881 14.9718 72.276 57.0077 5.70405 35.9138 18.1511 32.226 21.7081 7.87713 30.9654 23.2007 3.12025 25.6037 11.0671 5.03031 14.2784 13.9446 1.08434 0.301383 223.8
4531.22 7.95919 7.7699 11.4831 14.7578 63.4162 62.4512 2.67295 31.5939 30.0946 14.9767 24.6553 4.00669 32.9286 37.5027 12.7893 28.319 4.37663 17.6478 32.4317 14.0657 13.2482 0.341403 224.034
4541.06 7.0399 12.4525 13.2674 14.8356 63.3464 69.6829 1.43124 31.41 14.1515 14.7215 31.2665 3.22611 32.8397 38.6252 11.9058 31.0221 8.87502 15.6079 18.3333 9.34947 2.1506 0.190526 222.131
4517.73 25.2619 6.4074 12.5845 14.6919 65.9955 49.3215 10.124 29.7969 18.9749 38.4896 26.7172 1.78854 10.9349 44.9226 10.1425 16.0961 26.0363 8.42257 19.6864 1.79586 36.6541 0.249301 222.674
4528.92 17.418 4.70908 7.91971 20.8114 59.3249 57.2101 9.95934 30.453 14.1622 37.8307 19.9483 7.30336 15.7062 50.9286 4.81389 11.4329 17.4339 8.54903 16.4509 8.76414 43.8057 0.310878 222.06
4528.92 1.79447 3.76227 7.91971 23.2921 61.4764 65.9182 0.617785 33.9236 16.7853 57.0634 15.7149 1.29564 15.7062 47.8802 4.81389 7.31628 9.35607 53.2615 11.1535 6.22959 22.6312 0.368817 226.744
4528.04 8.19582 20.6227 3.9057 21.4381 58.9852 66.5938 1.40823 25.7471 23.0785 29.7269 29.5509 1.62735 11.897 50.6367 12.5628 12.0928 13.6809 22.7388 18.9446 8.85982 28.507 0.215537 220.883
4540.6 7.62786 15.5216 3.9057 21.4381 60.3755 73.7088 1.40823 35.0996 21.5026 29.5938 11.4949 1.62735 19.5846 50.3314 1.61963 8.09395 17.0067 28.4552 11.6946 18.2336 36.5786 0.170605 223.763
4521.87 4.09611 30.4031 21.9024 10.6393 53.8842 61.1234 1.91769 37.2729 16.1208 32.3637 9.26879 10.8294 7.32177 61.1845 5.05168 3.8284 16.6558 34.7516 10.0589 20.5767 60.0772 0.0385246 221.449
4494.99 7.07361 39.4098 15.6673 5.32103 53.5349 58.4729 3.39097 32.4177 16.7183 50.8792 2.57095 9.45324 13.0359 57.0201 6.12365 3.8284 18.3394 7.23627 22.0156 27.2695 30.5205 0.103079 220.732
4543.06 8.31851 27.8014 17.6563 7.30847 51.2526 58.9107 3.57326 27.4747 16.2131 51.7071 2.57095 24.6167 15.9706 38.2173 5.84375 5.81335 17.5135 11.6605 14.7651 17.5535 3.84122 0.0551981 217.622
4550.45 9.36088 16.4969 23.9096 7.30847 50.0853 51.3899 2.67427 27.9143 28.1403 49.0632 5.31712 32.5946 7.25658 38.682 16.9756 4.40615 5.14661 6.69645 17.1996 19.5135 13.8074 0.0730465 220.693
4575.02 4.16148 10.6503 31.5515 9.94757 49.2332 54.5861 2.67427 26.5465 33.9017 44.3678 18.367 16.263 25.873 15.6239 6.41805 14.8627 26.9666 6.62556 23.2895 21.2765 19.2575 0.0104319 221.677
4581.21 14.85 15.0799 8.61687 11.9113 36.1312 74.2424 32.9815 17.7705 5.86867 44.3678 17.861 4.53458 38.3294 18.3096 13.6932 24.8356 7.67543 15.1341 11.4325 13.1789 45.9778 0.223388 221.936
4588.07 14.9337 16.1869 8.61687 16.535 35.6427 59.0434 32.8492 20.628 6.21025 43.8169 18.0288 4.52631 52.4037 13.63 2.70169 19.5999 26.7775 3.59636 13.7209 28.4848 51.1455 0.0782357 221.627
4588.07 19.5073 11.7022 8.61687 14.8454 37.6961 49.3166 30.1658 30.2427 14.0503 42.0922 14.6191 1.76826 34.7395 33.4823 2.76609 2.41348 5.30127 31.5276 11.2956 45.6011 49.0055 0.0262706 218.174
4512.75 25.7402 13.7701 20.1116 23.8297 36.7616 38.5992 26.511 31.041 18.0893 5.10756 36.8468 43.8199 22.1485 6.74175 18.4177 24.6064 9.75788 27.1942 7.37944 2.64313 1.75527 0.0765793 222.643
4498.82 29.3873 16.0037 12.5484 25.1145 31.7982 51.0617 21.9654 42.8537 16.8885 17.1306 28.1774 32.5023 22.1485 0.942041 36.6547 12.0714 21.8119 23.4229 19.0974 7.65273 9.4747 0.0411138 224.794
4440.9 28.4225 18.0893 9.55014 24.9111 32.1612 61.7324 20.9513 42.1248 17.5961 16.5036 52.0867 7.82322 29.6823 15.3995 9.65587 5.40914 23.374 3.78192 10.2871 24.9494 47.6896 0.101597 226.588
4447.85 53.5982 9.84835 3.36272 12.5359 45.5758 52.1874 27.8786 47.9786 2.07786 15.4272 53.0638 8.48285 38.5518 9.15486 10.0226 15.006 26.0289 8.49359 17.8318 6.09314 19.3705 0.250852 224.589
4442.05 58.3033 3.33164 11.4478 12.5359 42.3547 57.7471 21.8249 36.2436 2.07786 21.2331 53.0638 5.90755 38.5518 8.96707 11.8938 11.7436 13.9612 11.0306 9.13529 25.6685 20.7557 0.10622 222.455
4444.34 58.3033 5.01599 6.26102 16.2803 35.7617 63.5079 9.69689 36.8228 4.89078 25.7931 48.6356 4.30323 26.925 28.0968 16.161 26.175 9.26553 11.3485 5.43495 16.0248 25.2841 0.0686622 222.755
4444.34 58.3033 1.06031 17.3179 10.4668 31.5098 54.5399 26.3016 35.2494 9.3644 24.9891 39.389 6.14501 26.8264 30.4927 17.4433 17.0728 10.1643 12.2909 6.66752 13.3496 59.1585 0.0994682 224.734
4444.34 8.95588 1.84696 60.7205 11.5116 24.9123 60.0923 34.763 35.0154 10.8098 18.1825 41.2773 9.57023 22.1643 26.0586 18.2751 9.96682 12.3971 49.9546 5.82378 3.35991 41.8186 0.00245633 222.058
4452.52 10.7731 3.19583 59.7578 6.38247 26.964 58.7042 32.8473 36.6514 12.6831 37.1152 21.8651 7.00123 29.6575 25.752 25.2803 12.5954 10.7292 6.92709 6.88674 18.1661 18.3778 0.00422063 220.428
4471.91 6.25803 6.69978 77.7417 6.15725 21.0959 69.922 25.0332 14.9422 16.8804 35.9032 22.3393 4.87562 29.4428 30.3804 15.4821 23.95 11.0562 8.07792 22.5279 17.3381 1.76986 0.0348155 227.02
4452.61 4.17493 12.6195 77.7417 5.94844 15.8213 69.922 25.0332 26.1305 0.488996 30.7575 21.7825 19.682 22.1314 33.0521 13.4127 5.44743 20.0855 8.58862 25.414 13.0265 21.1908 0.0175852 225.223
4449.27 4.17493 12.6195 77.7417 10.6315 17.1848 56.5316 18.659 46.7566 1.77238 31.8348 10.0781 36.445 6.98675 37.9009 9.90822 2.54625 42.7289 1.91451 3.30647 27.7918 2.18338 0.0593022 228.434
4439.51 4.17493 18.6766 74.0327 10.4014 11.4953 62.9441 12.6013 46.7566 8.09929 39.5785 9.89761 20.792 2.92198 34.6398 38.508 6.5627 35.064 4.55696 22.5611 14.4259 3.81592 0.103425 230.027
4441.94 7.21036 4.35403 57.299 12.907 1.68308 79.0603 33.3069 45.6357 6.05488 32.5928 19.5385 7.959 23.8566 35.7116 19.8444 8.78583 11.67 34.6992 7.85477 1.05846 3.73406 0.249802 224.901
4424.73 3.98187 3.91875 54.9963 6.61231 15.888 73.0744 27.4056 45.6357 29.1504 47.3604 5.07231 7.35241 7.39945 44.5557 6.20298 26.6581 14.2908 37.8849 3.29394 1.77558 2.1348 0.39386 229.269
4433.45 2.86189 14.8549 58.7828 6.61231 43.0075 23.7956 29.075 49.9838 15.8291 46.4582 10.6302 7.35241 24.957 42.1901 2.29052 1.55131 5.14983 29.7711 45.458 1.54419 5.84538 0.331138 238.006
4436.11 21.5386 7.60865 58.7828 3.69956 61.562 13.7494 19.8721 47.8073 14.541 42.51 7.67535 7.35241 29.9042 38.5925 3.39888 5.79443 32.8846 14.2528 47.4542 1.11852 1.75272 0.0627676 234.082
4428.48 17.8705 8.14683 30.7414 7.43825 67.2123 40.6786 16.609 43.4528 18.0099 31.0645 14.5691 15.3964 16.9338 55.3199 1.55819 6.73849 32.7858 29.7357 11.0437 6.59531 1.4788 0.363984 226.279
4472.9 22.4395 8.14683 30.7414 11.6662 58.2271 40.0626 2.62612 48.9877 20.5557 34.2396 9.75872 32.7456 3.87524 43.7445 6.9488 1.56385 28.9188 69.6359 3.76373 11.9789 7.82575 0.111385 226.21
4383.22 9.78415 20.0337 42.4277 11.3382 45.6871 78.5346 2.94562 41.3088 3.10245 43.3294 3.49286 19.2495 9.78162 30.2485 20.5606 28.1423 11.6543 36.7818 2.24564 7.07936 29.7709 0.283962 232.836
4438.75 17.0386 5.4294 36.2843 10.0501 53.2845 77.0665 6.86607 26.7947 9.30079 40.4439 18.2858 4.37756 4.23334 60.6485 16.9864 11.7672 2.97101 16.9336 21.5776 18.0518 10.9329 0.22187 222.949
4454.24 22.7783 10.9456 32.4705 4.90595 48.236 71.4608 13.5848 25.1547 14.5651 40.4056 13.6944 6.33663 1.47 60.6485 30.6585 8.67609 14.8962 1.81245 6.07463 48.5108 18.0395 0.221909 226.553
4474.41 13.7729 40.0474 5.48139 31.7255 18.821 81.7577 5.73635 41.4972 23.9658 18.6748 13.103 6.07555 16.3343 34.8877 25.8578 20.4915 15.2702 4.49742 1.79566 13.6608 0.126776 0.145443 227.061
4389.67 7.84723 42.6995 9.51094 31.7255 6.6079 85.8361 7.52752 59.8329 31.2739 12.0664 13.5821 7.06456 12.1773 31.2495 48.2693 16.0846 0.402777 14.1594 6.61882 30.7883 15.6382 0.290898 231.36
4453.49 7.58233 48.842 9.62423 35.8895 4.96898 78.2409 11.6114 59.8329 19.9659 8.79936 13.3874 5.08176 24.9121 46.754 0.803464 13.4001 25.2655 8.97038 12.4036 28.3016 48.4073 0.00608548 227.863
4453.49 5.4746 50.438 6.83063 35.8895 6.18802 82.1602 11.6114 59.8329 18.8229 5.80474 13.186 22.1397 19.9986 32.2138 8.83813 17.2834 14.8902 18.4997 12.8141 15.4011 45.6603 0.147323 228.366
4442.3 16.6932 24.335 8.28299 25.2119 83.67 18.8997 2.75554 48.8463 37.9236 18.6314 20.3338 19.7299 6.07952 28.2374 0.150115 40.2497 14.088 21.5942 8.71992 6.38143 6.14338 0.192153 230.139
4404.55 37.2195 24.335 3.51674 25.2119 73.2917 17.4114 6.1962 47.057 29.5679 16.0219 47.2305 15.1585 11.403 22.6316 6.94693 37.3946 29.6751 9.26436 0.75746 8.2462 9.78928 0.00138607 224.703
4414.52 15.4362 19.383 20.6892 35.622 76.535 17.4114 18.5971 25.0315 34.6045 27.759 28.8109 11.9742 22.5168 21.4928 4.87636 60.2835 4.93753 15.6578 24.038 11.2349 9.11832 0.000979426 224.916
4451.1 18.0989 11.131 14.2477 37.5313 73.4349 23.0569 16.8882 26.454 38.1804 26.6032 14.0376 10.1795 30.3924 25.8922 23.1447 15.5227 21.6392 1.37591 23.8958 6.28208 16.7624 0.0104262 221.065
4472.79 17.691 13.0052 15.1437 37.5313 67.57 23.0569 20.3149 22.4396 38.1804 24.812 14.0376 5.17725 36.9483 26.9662 19.1938 27.4685 25.0055 16.1875 13.0838 1.12758 21.9575 0.00118241 222.612
4446.91 20.4176 6.09385 23.8583 40.0083 67.858 18.3832 14.6095 29.2582 26.1179 28.7779 31.9923 6.28221 21.9902 31.322 2.19808 25.743 0.379466 9.54777 14.7199 36.6564 15.5919 0.00183372 223.938
4466.86 18.3267 12.9253 20.9663 37.6269 67.858 9.50241 17.9854 26.9693 32.7902 30.0885 32.1238 28.7014 23.5946 10.117 1.92501 25.8302 5.50024 6.4669 19.1951 14.2689 5.657 0.00753419 223.302
4487.18 22.5922 26.9603 10.0981 28.5122 67.858 7.19825 46.1735 21.3788 4.90214 33.272 16.6575 22.8613 4.5889 53.4267 7.55401 27.003 7.55114 19.0522 41.2188 6.94283 9.19818 0.038629 224.962
4578.16 18.5396 18.7619 5.62838 8.87273 67.4562 13.115 54.9318 17.4386 2.517 43.0312 20.2583 23.8936 15.459 30.9011 6.08013 27.0426 31.5324 0.524276 29.1358 10.4424 35.4912 0.112947 222.43
4563.71 15.6502 20.448 5.62838 11.2345 66.9256 12.1044 71.8066 3.38131 1.51273 47.9948 20.2583 34.7549 9.16741 25.8602 17.4198 2.98579 16.2499 5.08663 29.5233 4.16556 20.0432 0.0952659 219.05
4582.22 5.79336 4.12201 6.6811 26.5579 66.8654 15.3553 71.8066 3.38131 3.59609 51.0415 19.3348 26.4995 3.19215 30.5323 16.6746 4.74136 11.8883 30.4242 41.7696 9.98774 8.73091 0.102837 226.742
4568.73 9.71651 7.14231 9.76091 26.5579 60.9881 15.3553 71.8066 3.38131 3.96863 48.3536 17.2656 22.4465 6.21146 37.9312 21.6951 2.03164 41.1082 5.86304 21.4758 15.8508 14.3329 0.10929 218.875
4563.12 7.20908 10.1954 9.52544 28.8622 60.9881 15.3553 72.4091 3.97865 2.47076 54.6855 11.075 23.5351 29.882 9.48817 17.0952 11.9205 36.2923 2.72255 25.8375 18.9049 7.33895 0.143891 223.945
4557.87 6.95365 11.0378 8.96895 22.6581 60.9881 15.3553 72.1934 4.49849 5.01986 56.3273 4.35971 30.788 29.4817 12.4977 26.3427 14.052 19.7166 4.36229 27.0868 4.28521 7.13506 0.113763 222.054
4561.97 6.44091 10.4626 6.27339 24.4183 85.6132 15.3553 42.856 3.07603 19.2777 53.423 4.35971 25.7654 15.2085 19.7832 7.93881 10.5383 28.3178 8.56596 26.426 13.6163 5.51494 0.0968325 221.987
4544.66 14.1929 10.0749 13.104 30.666 57.6079 27.0083 40.8485 9.46246 21.2631 50.3897 12.672 37.6614 3.10978 20.7518 20.3694 1.93016 18.8435 16.7972 27.9972 32.9539 14.1619 0.113381 224.32
4562.68 22.135 10.2746 4.9763 16.1661 68.7056 27.0083 48.4142 17.8516 7.94281 34.8236 32.8575 20.4275 6.78388 19.4876 19.2635 3.51164 10.9917 17.0596 17.7204 18.7643 6.02602 0.0949324 222.033
4598.28 16.9569 10.5163 15.0562 17.3121 70.9267 8.00039 48.4142 9.25297 7.94281 49.9624 29.6935 27.8905 6.3587 13.4583 26.9337 3.38878 15.1955 24.4701 19.9519 9.97797 16.212 0.00413818 217.408
4646.61 14.3078 4.10531 6.11592 17.0897 70.9267 8.00039 48.0033 18.4843 6.06308 50.8495 36.0716 20.4683 6.73652 18.1135 25.0534 10.0185 23.027 1.30249 9.86556 12.4589 13.7533 0.0334119 220.111
4649.75 14.3629 0.642841 10.4345 28.9126 66.0392 8.0992 37.1941 19.9159 5.80895 50.8495 17.693 40.9524 6.31678 21.7461 15.8767 10.4239 41.524 27.4155 15.6547 11.9739 15.7563 0.0729993 221.351
4667.21 12.3639 1.59118 10.3967 26.5412 66.0392 8.0992 43.3864 16.4055 2.78302 48.7895 34.4212 13.1428 13.3595 13.1759 30.7254 22.1868 5.83584 10.0599 12.2574 6.9479 6.38253 0.0800441 219.031
4661.67 7.15601 7.15435 17.4948 19.8604 66.0392 8.0992 47.3193 7.50949 16.5795 47.349 16.846 22.706 16.8553 18.283 20.483 11.2917 28.8468 11.1487 25.592 6.21367 31.7091 0.0113117 220.305
4605.44 9.58761 5.51801 24.9111 19.8131 61.3494 8.0992 63.4467 6.62884 10.941 32.3091 39.1102 14.5074 8.50709 32.1862 17.5063 9.30772 2.08607 18.015 28.2583 18.7993 30.3737 0.0040749 218.715
4601.42 12.8404 12.106 16.222 11.2702 77.2842 26.2563 25.0989 0.757867 38.8127 31.9872 16.9692 13.9689 9.3628 48.2081 14.4781 4.13013 2.41589 11.4744 23.2751 3.37023 8.98244 0.0195711 218.479
4586.09 2.74092 8.86477 14.0603 16.1997 87.3847 13.9843 39.0695 17.0154 20.9162 29.8953 12.934 15.8045 7.25938 58.3894 17.3754 0.0417826 11.558 7.76872 35.5481 16.7004 12.4024 0.0178593 222.116
4601.83 4.56358 8.07744 16.911 17.5304 80.4663 13.9843 39.4574 16.8708 12.2453 30.8317 27.9892 15.8045 5.95461 47.167 16.2818 9.02038 17.1264 8.81121 4.56277 16.3697 10.9183 0.0034733 215.823
4596.4 4.56358 6.86621 20.9294 19.914 71.5533 13.9843 37.12 22.1218 13.3287 20.7827 28.5217 16.6122 11.5533 53.9014 18.0476 1.11314 4.58105 3.37633 27.0276 27.9738 28.3322 0.0160408 219.882
4601.75 0.345098 4.06819 25.5084 23.7777 71.5533 13.9843 37.12 14.9479 23.9264 34.082 30.4933 17.2899 17.9992 24.5895 1.21712 1.66489 16.2256 3.03291 6.90458 65.816 14.7639 0.0229505 220.362
4615.67 0.345098 10.671 0.689542 36.4386 71.5533 13.9843 37.12 17.3164 23.4074 29.687 35.013 20.7778 16.3521 27.2418 4.52484 20.8624 9.69163 7.59363 10.9513 2.44143 19.0284 0.0284452 219.952
4524.49 10.2707 21.9265 6.74461 23.2564 71.5533 18.6953 49.3007 13.3434 17.7644 27.8698 26.7728 13.5546 22.4771 30.67 13.123 14.9962 7.45933 21.9478 26.0656 36.0493 46.7882 0.0208283 220.485
4548.26 11.4913 18.1032 9.69161 22.4195 74.9525 6.22563 46.6872 15.5987 20.8775 30.8574 29.173 13.4845 20.4917 28.679 19.7631 3.47376 9.58395 16.7911 26.6565 25.2074 52.7687 0.00155953 220.172
4545.04 10.2463 22.3172 17.6769 13.0501 76.2296 6.22563 39.312 25.0003 13.8933 37.3927 29.5506 8.19498 14.4005 33.4081 9.84118 16.2604 2.19016 7.80395 37.4542 26.6208 34.374 0.00155953 216.909
4531.19 10.2085 23.1861 14.7171 21.8269 76.2296 11.6552 48.3943 6.12668 10.179 41.9828 23.7508 24.0736 23.4802 12.6136 20.8176 16.4213 6.66622 7.09231 23.707 8.77828 49.8877 0.00155953 219.675
4536.66 8.44731 29.5911 10.864 15.8932 76.2296 11.6552 43.9852 11.7426 14.1092 28.8346 19.8123 37.8118 12.9648 30.7594 19.0396 0.644002 24.4706 3.60571 45.3002 14.617 26.6836 0.0242356 222.042
4525.44 13.054 24.2029 0.210696 23.9972 78.641 12.9383 38.5374 6.50684 39.116 32.2352 9.86108 32.3521 22.285 15.6072 7.14759 3.6416 42.5775 16 18.6673 20.0073 35.5685 0.0108067 221.371
4530.22 12.9796 22.8299 3.1754 24.9223 78.641 12.9383 39.638 0.357153 38.9455 24.0366 12.3148 46.8621 13.9431 22.8365 4.2479 4.60714 41.7965 29.5426 43.8563 19.0161 50.4427 0.0137602 229.527
4563.49 15.2721 20.0676 9.12283 22.497 71.717 12.9383 36.9476 7.74826 33.1219 25.3425 16.4526 49.1582 14.0835 9.38337 5.61326 4.75582 25.1986 13.7672 25.1903 9.02854 78.5725 0.0137602 222.613
4563.35 13.5433 21.4895 13.3637 5.60368 73.6308 12.9383 37.3725 33.1674 17.1357 5.66032 26.9168 45.1985 15.5082 13.2296 19.2256 6.86187 27.7015 33.4904 55.3016 12.6176 47.7038 0.00747412 230.886
4588.52 10.3484 19.3048 8.49912 5.64651 83.771 1.7578 42.5769 55.1272 16.1237 8.60479 22.8144 42.1415 12.6632 6.9225 15.4442 2.62081 32.5322 26.3549 11.8124 4.97429 24.9385 0.131366 227.499
4553.74 14.0638 25.9167 8.54973 5.41822 83.771 12.0904 28.1199 51.3387 22.978 8.60479 23.9528 41.7026 7.78585 14.7316 8.70666 3.87352 31.3767 25.0013 5.99392 11.7914 11.428 0.145018 223.133
4548.13 13.1093 25.9167 12.3201 7.82549 79.7565 12.0904 28.1085 53.0348 14.3691 8.60479 28.0128 37.0711 5.25494 9.90528 20.8435 3.81935 19.3365 40.212 5.9032 12.5982 3.57066 0.0698561 224.943
4462.09 20.929 30.3798 4.71029 16.9412 87.1695 9.29053 30.9727 31.7953 5.85839 14.7544 42.0894 35.1711 16.538 21.4422 12.6637 22.7615 7.69647 11.6607 9.59542 19.0762 28.5974 0.138282 223.017
4463.08 9.9968 48.6845 5.46923 12.094 64.6719 14.9862 35.4232 32.7659 32.7978 8.53467 32.0853 24.8503 12.654 1.76407 46.5083 2.52561 40.1 5.02111 12.4521 14.865 27.3563 0.295368 231.992
4481.28 4.818 48.3665 7.0459 10.4797 80.7049 12.3671 27.7327 45.0482 33.1528 10.6009 27.9091 9.31775 14.0352 28.099 31.6938 10.0003 10.8637 21.3307 0.862903 4.47507 9.93603 0.043251 225.099
4445.39 1.66667 53.6254 9.79841 12.2332 87.034 9.35552 24.4261 33.2273 7.84374 6.72447 46.8563 30.5764 15.7227 10.1416 35.1491 10.9367 22.9668 35.1224 6.66798 7.35812 18.1315 0.186904 227.867
4439.93 1.66667 53.6254 14.3534 12.2786 87.9121 6.98939 20.6659 43.8993 20.2833 7.83558 28.3949 28.8603 29.4261 4.04916 35.4653 9.01266 19.5094 7.03456 9.41593 17.1606 34.0692 0.0215565 224.68
4439.93 1.66667 53.6254 15.6614 12.0087 79.0802 9.18718 33.3923 42.8943 7.59315 9.56433 27.2803 41.9204 15.6283 8.25886 40.724 12.3103 5.68942 16.9145 8.47806 11.5746 34.0542 0.00966938 223.58
4440.91 4.13215 53.6254 18.7267 7.14241 68.3244 7.76119 36.5258 50.832 6.71919 3.42893 16.2892 65.8199 12.6484 15.2722 19.1104 19.4146 4.41172 6.95236 14.7263 9.88984 18.9879 0.00477733 224.691
4456.07 0.325647 50.2686 19.5267 7.08733 48.4865 29.5871 39.1237 50.832 11.9097 2.32962 4.02373 57.6348 26.8053 15.0955 18.9399 25.2573 10.9176 3.57772 14.2658 22.8439 33.1672 0.00844931 228.646
4453 2.88934 50.2686 18.9576 7.76241 42.3757 36.0992 38.1457 48.4494 12.1063 2.63 10.2709 58.02 11.6875 25.7487 17.9401 4.64389 9.20663 9.83868 3.30519 19.4975 3.85727 0.00334235 224.436
4453 9.26845 46.1803 10.0103 18.3101 38.7814 43.0059 40.0066 30.0377 12.7929 12.3104 10.0229 62.7009 9.19718 28.6435 4.22389 26.5194 9.02963 45.8223 20.6628 10.4236 39.1637 0.0317397 225.727
4523.97 7.37093 37.4638 8.9661 23.1758 45.815 34.8977 44.0731 22.0274 12.7929 9.55005 12.3275 58.5455 11.5054 21.5081 19.2087 7.85019 14.0017 58.2278 28.7316 2.73544 22.6739 0.00648033 224.076
4559.36 16.3471 16.661 8.97528 23.3813 38.9327 44.3586 36.7108 28.6151 8.23352 7.6599 28.0286 55.2738 16.5869 29.1599 4.48747 5.13767 28.3125 12.2998 6.40872 9.73438 9.51937 0.0599553 224.433
4572.3 7.91412 30.1061 10.6317 7.35021 41.5477 55.5875 26.7296 37.3845 25.3943 9.99759 24.4856 39.6658 13.3173 8.1879 25.0867 13.4593 23.1046 7.81917 14.2451 4.89405 20.5641 0.184794 225.782
4591.96 11.939 26.5427 7.43502 8.10459 35.8668 55.9944 29.0107 35.1049 1.94522 12.0855 30.8821 46.6707 26.5718 13.354 14.5574 17.7211 15.461 17.118 34.6002 3.36537 23.8794 0.0252265 222.565
4602.19 13.4816 27.3435 4.35479 5.18916 39.7891 61.4922 23.0828 33.4785 2.29623 14.4337 30.4067 45.1741 26.2012 9.19382 21.5164 14.2975 16.5136 9.91991 14.8457 4.74522 14.7053 0.0211294 220.139
4602.19 3.51486 38.1338 1.45645 4.65922 45.0899 67.7759 21.7958 12.4201 14.5303 10.6229 41.2447 45.1741 12.6861 17.0472 14.7897 41.0257 10.0592 5.57858 34.3462 0.666646 21.479 0.00102759 221.458
4589.81 3.51486 38.1338 1.2347 9.72206 47.1233 67.1805 19.3125 14.231 10.3214 6.34517 44.9485 45.1741 13.3889 19.6669 8.10208 37.7058 11.7486 8.31619 2.38445 16.4939 31.7356 0.000748063 217.549
4589.81 3.51486 35.2438 2.37118 8.8835 52.9702 67.1805 5.95447 32.2038 1.10328 9.11197 35.8184 45.5245 14.4298 24.688 11.1516 36.1263 17.6465 3.76536 13.3933 23.6035 1.0037 0.000152403 218.959
4590.92 3.51486 35.2438 1.56923 14.1722 47.2363 67.1805 6.62893 32.2038 2.36954 11.2621 35.9714 45.5245 3.76801 33.8906 6.55767 24.6472 4.12212 12.6217 23.5675 30.7805 34.4413 0.000235233 217.074
4600.51 0.849396 35.7044 2.00821 13.2019 53.1298 69.7344 5.21629 22.3151 8.47791 11.2093 33.244 46.3761 5.03203 35.343 4.24396 21.5626 12.1506 0.44757 13.0076 28.5305 49.9353 0.00223798 224.631
4535.78 1.51469 36.7525 7.59843 16.0668 48.8345 69.7344 11.718 10.9809 26.9473 13.82 12.0237 61.21 12.7122 19.0339 12.2113 24.5893 23.3189 5.962 12.1973 5.94222 22.1389 0.00311289 217.561
4561.81 2.74484 36.7525 4.75099 18.2345 9.03326 71.0117 50.9749 11.2635 21.6733 41.6441 10.9155 13.694 22.3686 19.0883 14.4353 19.4319 31.0771 5.14942 8.93824 20.6468 20.3548 0.000472565 218.774
4567.01 3.66061 38.6944 4.75099 13.6803 35.3459 35.6464 65.4312 6.75754 16.6472 45.1072 13.1383 14.7808 26.782 14.4914 18.0368 21.8232 2.39075 6.23613 27.8877 10.72 35.4747 0.000472565 221.475
4546.56 2.55764 34.5219 22.2907 2.10094 41.4809 47.2632 45.2746 6.91998 13.8852 41.7043 19.6622 30.0941 19.3901 23.3894 19.1777 5.94138 46.0675 4.7378 7.47302 8.80867 1.40602 0.028627 220.332
4486.17 12.9952 34.5219 20.667 2.10094 44.1549 49.2671 45.2746 8.22802 12.4475 46.8056 15.1759 24.4882 29.6922 9.66583 11.6386 6.83298 41.8714 27.9706 6.10583 12.8457 6.35264 0.00425182 218.29
4482.74 11.6485 34.5219 21.7461 2.84669 44.7462 52.7141 45.4331 10.6057 8.69512 43.3502 16.4488 24.1041 29.6922 12.7469 6.83386 16.1696 45.5141 31.1768 10.5712 8.03253 3.14123 0.00425182 219.901
4493.89 18.6586 29.8114 13.1851 12.0313 44.7462 52.7141 25.6506 10.6057 15.1163 49.8563 18.8967 32.7156 2.67366 11.1452 13.0904 37.4585 15.9707 7.51938 16.3097 3.91014 11.3611 0.0686914 224.727
4457.21 18.7334 33.4381 17.2866 19.4849 47.0741 41.9701 28.3206 1.86673 17.31 56.7051 27.2337 9.68605 34.6235 6.83068 28.1524 30.4104 36.0147 7.42103 3.57048 19.4677 10.071 0.057296 225.791
4443.43 14.3415 33.2908 13.2114 27.4362 36.1642 40.8044 55.926 1.86673 19.314 40.3055 34.0822 7.69006 31.9669 7.27456 22.4867 14.1756 18.2492 11.7592 6.95162 17.0611 1.44121 0.0500492 223.946
4443.43 8.32159 34.2378 6.95267 31.8477 49.3058 31.9076 54.2757 4.40818 23.6712 29.366 35.7882 30.2114 13.7827 5.27788 30.3911 3.79738 40.1595 20.5063 3.14188 1.18334 20.7383 0.0340322 222.338
4590.19 8.22703 15.1197 12.4929 31.4498 41.0358 27.3146 51.7923 3.21821 18.6455 33.2201 41.4283 17.8237 13.0716 21.6678 21.5468 39.4132 10.22 1.76997 6.8342 17.7703 36.1904 0.0664128 222.589
4617.08 5.99311 18.7187 11.6881 31.5579 37.8775 21.1603 55.9542 5.30062 19.7171 23.5757 43.4417 17.8237 24.4764 18.1393 12.4447 19.3957 18.427 11.1343 5.35679 35.0193 3.57305 0.0729256 219.022
4640.3 9.27035 1.97942 3.79684 29.003 55.7945 21.1603 63.5493 8.17762 11.2434 29.929 36.8907 18.6497 19.2374 17.3645 5.52407 44.1299 7.72638 12.4711 9.21107 42.8662 11.2475 0.0451753 223.156
4631.22 4.84919 12.029 8.98213 23.4577 55.7945 10.5215 62.7308 4.04543 18.9453 41.1825 9.32132 13.3535 17.9437 57.4304 9.07999 9.00056 6.8921 19.0969 15.3829 31.7413 4.67005 0.295532 223.776
4637.94 1.20599 13.1268 16.3995 23.0752 52.6011 11.8882 54.9562 11.4052 22.2122 30.2542 22.2787 24.9331 5.72944 39.9579 8.74323 21.0198 9.0356 22.796 11.6779 17.6578 19.8718 0.12935 217.637
4596.92 10.6914 14.3696 18.1943 36.0369 43.6844 13.9966 50.1801 8.33666 23.313 32.2585 6.73405 29.5252 6.26443 39.9579 7.78053 12.8441 6.03746 34.344 30.9245 14.6581 28.5372 0.094413 226.792
4542.06 4.75063 14.8812 22.004 36.0369 45.035 18.763 61.5841 9.95213 31.1075 30.8301 1.71168 23.2819 26.5968 22.6383 1.93864 27.7814 0.499255 15.0445 28.0697 8.70656 15.6196 0.0438937 224.971
4514.29 35.5008 5.58586 10.5918 36.0369 27.6051 19.3573 72.6292 9.43857 27.3684 12.6675 25.1601 32.0714 22.9685 20.0078 11.4826 11.7869 7.44425 3.43308 36.1647 14.5643 4.57665 0.0172365 224.001
4479.11 28.5434 4.61361 39.3119 19.9673 41.5344 21.3015 54.6084 12.51 22.2545 26.5274 21.8757 23.4771 11.0978 22.5583 25.9369 7.21928 1.70561 2.45269 66.2485 19.7958 39.0772 0.0209962 228.876
4474.81 30.4949 11.2129 30.6215 14.7089 48.8344 20.2017 50.941 10.7035 35.5196 20.9291 23.0524 26.3891 9.79339 33.1397 12.9307 9.73675 25.2137 9.68881 8.87123 12.9504 24.6303 0.00651216 222.165
4501.64 28.6229 3.5372 36.6228 23.0846 56.563 20.0359 30.9022 3.52777 34.1652 11.9139 23.5764 29.3697 21.6355 39.1079 6.02767 4.8669 26.3116 10.1721 6.38178 21.2648 32.0293 0.00575706 226.179
4553 17.3131 8.4694 12.9404 24.7687 61.5518 23.4605 34.9273 14.2179 36.1202 11.9139 34.0106 34.1314 25.9734 4.19648 22.8974 2.52905 48.0418 3.86419 9.594 12.4043 2.23617 0.00642388 221.144
4558.12 19.0787 15.7028 10.5452 17.9826 60.6917 28.2655 31.7845 5.55187 43.4289 8.8217 51.0233 19.1324 21.9002 10.8913 4.97545 7.76978 40.4526 5.2726 17.9908 9.19149 19.969 0.00595958 215.387
4537.86 21.2322 18.2172 10.5452 11.057 65.5162 25.5722 35.9825 2.69295 45.8749 13.4954 39.5936 18.5898 25.692 13.7315 19.2659 12.3191 13.5958 13.0159 22.533 12.9899 9.34813 0.00572824 214.575
4550.6 17.905 25.9177 10.1443 9.06263 64.2697 26.5713 31.4818 14.9938 45.1825 13.4954 38.8517 5.25844 27.3012 2.40472 30.9457 25.4471 1.655 25.5596 23.6778 12.8856 9.25898 0.00272313 222.782
4564.24 17.6035 26.1886 3.71722 9.527 62.2134 31.5 32.1602 18.2282 45.2446 3.15158 46.1463 7.81021 21.4375 14.8899 27.7887 25.081 7.63869 10.369 17.8363 11.4971 4.29189 0.0488355 220.534
4536.33 20.8328 28.4815 3.01769 7.49753 64.5 39.8743 23.1428 15.4969 56.1961 8.62083 34.0229 2.20386 12.6632 21.0648 28.9776 20.9952 16.9032 7.45621 22.2808 24.156 8.85719 0.0054367 220.911
4578.92 9.42538 24.0974 7.7962 36.6754 64.8067 7.39522 26.0965 16.3671 47.8892 11.7646 22.7732 7.92817 43.2745 15.7385 16.5519 21.33 13.5458 5.53909 14.6203 9.05566 9.50303 0.00648678 220.935
4587.33 5.69596 6.30665 3.66597 44.8493 61.0816 21.5126 31.9495 23.2765 29.601 19.5955 18.9581 8.7941 43.2745 20.0815 9.45033 35.6121 25.4281 6.52588 15.9477 4.06325 6.75214 0.00527874 218.682
4577.92 7.16673 1.50269 16.8676 44.8493 60.5917 17.4462 26.5475 27.4216 39.3974 18.9615 8.15476 5.81935 45.2281 21.5585 18.3636 23.4883 11.6658 8.88093 17.1432 6.7289 4.31819 0.00740902 218.127
4546.25 7.88353 1.50269 16.2309 46.1049 59.6161 28.9391 21.6715 26.0692 45.4519 12.3055 17.1741 0.94537 45.2281 17.733 13.6018 27.5789 7.66757 22.4407 15.8685 16.4294 4.31857 0.000797194 217.908
4554.4 6.239 5.60628 16.9939 47.647 61.2106 26.6628 21.6715 14.8827 45.4519 11.6269 18.6472 5.6611 43.4123 19.9636 10.8547 5.32719 25.9725 1.81338 3.25507 12.1734 1.84615 2.85703e-05 221.462
4546.45 2.10745 17.7466 5.43528 37.8056 61.2106 33.3321 21.6715 18.565 40.1152 5.31051 25.2711 16.2934 46.492 17.4272 9.9422 8.36959 0.914976 1.33857 32.0807 5.25679 12.1451 0.00108141 221.912
4593.07 9.11235 20.0908 4.10225 24.238 88.2384 25.1396 6.41325 29.0089 24.7492 26.5504 7.8503 29.1468 25.9789 17.4272 11.4485 9.75903 22.388 2.87772 13.7303 43.9922 8.39915 0.0212947 223.971
4593.77 8.97581 26.9389 4.10225 22.8057 90.8659 17.2002 6.41325 20.3324 33.4735 27.043 7.8503 29.1468 25.7334 17.3811 3.73357 4.03224 25.746 4.30945 22.5162 27.52 7.03963 0.0589664 222.167
4586.49 9.26874 29.7881 3.60211 12.4975 77.9057 22.0349 22.5851 21.1829 26.7799 22.0058 16.3181 31.9381 29.2342 15.8073 9.68493 7.52009 15.7162 8.30663 15.3541 16.9146 14.3254 0.00218511 215.803
4608.97 10.5893 23.909 1.29311 9.57629 77.9057 18.0451 29.2855 14.7377 32.5643 33.0265 15.1033 21.309 28.5378 14.8412 11.5753 26.8706 3.08876 15.0093 16.6386 8.27749 9.76509 0.00321483 215.921
4607.46 12.5422 23.909 1.29311 12.1896 77.453 11.9668 28.2376 16.3627 37.7519 31.7597 13.8093 21.3853 32.8552 16.2556 11.4016 21.7191 23.8149 13.5681 20.4242 9.68937 9.64761 0.0245122 216.032
4580.28 9.45936 22.7784 12.6149 19.7556 75.8769 10.1244 25.4941 22.0344 34.2728 32.6032 16.4956 7.43745 33.5034 7.3707 14.1887 32.0155 19.1288 21.5787 12.4308 26.4916 17.9781 0.0233009 226.291
4593.66 8.17063 24.6628 11.4202 7.69585 72.9903 11.697 52.7699 21.5996 36.5186 10.8509 14.7437 7.5673 47.8038 7.3707 13.7092 30.6459 27.9742 1.38595 5.76946 48.9964 33.8296 9.74366e-05 222.876
4599.16 5.24726 20.9461 16.7877 8.66156 74.2597 7.91273 49.4399 24.8852 27.4209 6.25428 17.0625 11.8736 47.8038 12.8583 14.4428 9.28778 1.81859 6.54332 4.9585 40.8545 17.3358 0.00409455 226.087
4584.33 9.11786 15.4851 22.4973 15.8886 66.5816 12.4689 37.6269 27.132 9.90777 18.5187 16.795 40.8101 38.2274 3.61987 14.4168 5.11385 33.2861 7.64887 7.23901 36.81 18.8627 0.0675981 224.647
4537.92 16.8979 15.1006 29.6007 4.20792 65.7834 22.9883 18.2315 42.3674 20.0744 31.4969 7.57475 26.8658 33.8944 16.1798 14.3702 8.30699 42.634 2.75915 6.17081 7.32541 7.90672 0.0501096 222.253
4537.73 10.6688 11.8446 34.8008 4.20792 67.2316 25.5311 24.0499 31.208 25.7491 22.9874 16.5014 43.4873 21.2708 10.9342 15.3079 3.71998 27.5942 28.0837 12.6894 2.8261 1.19665 0.0168931 218.527
4579.67 18.9264 4.01091 29.7137 1.51729 62.9898 27.9101 24.0499 34.3669 23.9896 27.4518 6.11226 36.2301 14.7596 18.2115 19.7829 17.9768 9.3526 2.12112 21.8147 15.4774 9.8172 0.016239 221.747
4564.33 14.182 9.30749 22.7936 11.5612 64.0639 36.7915 21.1765 25.6917 24.2791 30.4496 0.196951 33.2333 37.3465 13.5802 11.2471 4.96192 1.59662 8.6327 19.5764 13.6117 28.1791 0.0226323 222.111
4619.66 6.951 6.93243 23.6756 10.1033 65.283 40.6341 9.93039 31.4814 22.4026 24.1377 16.9147 31.6957 33.5346 10.3188 4.90185 13.4168 12.1184 14.7969 39.266 5.73266 49.7748 0.027012 218.02
4622.49 6.68529 7.59343 24.9351 5.91675 63.6264 39.5642 8.43175 32.289 20.7195 30.9417 16.2501 32.0811 35.9998 11.0829 12.3967 5.35507 30.0517 8.98609 19.8967 7.95303 7.15933 0.0136305 218.711
4558.34 20.7048 13.9708 13.5328 10.0531 69.0513 44.0733 8.15771 28.8019 18.6233 37.0518 15.8411 28.5448 23.0849 11.7384 3.61997 5.10425 3.18635 5.94121 7.94861 54.8287 8.39652 0.0494125 219.281
4551.59 17.4033 14.06 17.4245 12.2887 67.7925 37.141 8.6414 30.3428 10.0083 51.7881 15.4913 42.0987 4.66501 15.5433 5.18078 6.11533 10.6879 28.0035 24.5244 20.0159 20.9855 0.0505076 219.472
4586.95 11.9987 12.6566 17.1122 13.504 55.4084 33.0177 8.6414 27.6274 22.7009 45.0363 8.74246 41.7138 6.61957 36.7327 10.9345 8.39597 20.8217 17.5783 9.64982 25.2193 7.6161 0.0722606 221.757
4559.79 23.2377 11.9654 9.78597 11.9851 48.3418 47.2828 2.01515 39.3593 29.3232 25.7333 26.4022 27.7952 4.94365 37.3506 10.3027 7.56698 14.396 6.13018 0.94029 9.48825 7.38479 0.0683184 219.983
4569.21 28.5478 10.3347 3.70939 16.4236 46.2394 47.2828 2.01515 31.515 37.6864 27.5637 23.2928 21.5882 20.6145 31.3687 16.2046 18.9494 5.91426 2.11073 14.3901 14.3548 7.50477 0.0891318 221.357
4569.21 22.683 14.0165 8.1102 22.3493 46.8531 47.2828 2.01515 22.9161 37.6864 42.7375 18.251 5.80102 21.6207 30.8308 15.9232 25.5299 5.67595 4.24192 17.796 14.7113 8.01 0.214583 221.357
4597.57 18.7914 10.0462 12.7755 20.2184 48.8666 36.6859 12.9296 17.5882 43.1946 37.2009 21.6552 7.24226 28.8464 7.71639 44.8135 4.01199 9.84912 4.65286 11.0528 15.6115 3.30945 0.186574 225.23
4586.79 22.754 9.75653 9.16004 21.5287 68.3701 26.6938 38.1348 2.72617 33.2624 21.8032 11.9825 20.1177 44.8152 6.68694 20.9877 5.54643 34.1231 5.54594 7.44065 39.4143 4.76695 0.108638 225.752
4579.82 16.7568 8.37739 12.7872 17.1192 66.8569 18.1614 47.8022 8.6564 35.8824 28.8788 13.114 23.7214 38.7546 3.40888 18.2665 2.46335 6.50488 35.7316 7.19227 37.3208 29.5219 0.0213117 221.243
4563.9 20.2663 8.3439 19.8642 17.5342 68.2885 18.7967 45.369 5.54228 23.0735 37.245 14.7753 11.6473 44.5736 12.0289 4.28443 5.24066 23.864 29.5185 10.4083 18.3057 33.091 0.00622586 218.341
4518.92 20.1725 2.49502 22.7491 17.1352 61.8532 35.3186 38.4011 9.24042 28.5035 43.4759 13.7732 1.12227 24.2538 37.7292 10.2295 7.42332 20.1013 21.1664 9.37857 26.2917 39.8583 0.0312427 221.893
4561.3 22.0809 3.57916 27.3267 4.22706 61.9099 39.9272 39.5236 3.57807 38.8124 28.2828 10.7736 7.5071 9.33596 50.8757 2.72073 6.6438 43.2839 14.3099 9.9947 0.897973 9.74219 0.0325452 223.06
4575.47 17.1461 1.36193 31.8625 3.64642 60.7778 40.1323 43.0953 2.62251 10.5266 69.5388 0.635662 12.8311 10.1974 41.2973 10.9485 17.9208 26.5882 10.1043 5.93207 17.5008 24.8778 0.030304 219.494
4582.16 19.0782 6.05791 27.0271 6.47632 70.7268 16.3041 47.8223 3.19325 33.0692 40.7702 0.764405 18.5969 12.6573 36.6523 12.5633 26.5409 25.197 15.2046 7.52397 47.6132 16.6205 0.0742229 227.515
4556.09 19.1394 7.43748 23.6693 16.3895 75.987 3.41462 40.6155 19.8149 23.7377 39.6458 3.42589 21.7592 13.5469 44.9753 8.86152 20.444 6.92552 5.59212 6.45749 34.3079 20.659 0.0393457 219.23
4563.5 10.39 2.24256 23.6693 16.9129 75.987 15.7741 38.7649 20.5663 21.6524 39.4119 11.0554 11.3565 18.8637 41.1121 8.903 15.8168 7.29603 20.325 15.318 30.1098 28.7665 0.0636863 217.426
4503.05 13.8139 16.4344 19.5871 16.9129 62.9621 27.5019 47.0903 3.49603 19.9987 45.7166 16.6714 3.91362 38.38 29.4863 9.61771 2.65224 2.34931 16.9445 2.17784 23.5165 27.4434 0.000794874 222.029
4565.05 9.2306 20.5392 13.6631 16.9129 60.2931 34.4395 43.657 1.08211 16.2657 46.8585 8.06363 4.69897 43.4908 30.4458 17.6532 25.4541 3.5803 15.8923 13.409 15.5566 29.752 0.000794874 220.991
4565.05 5.44204 24.7573 15.0046 14.1858 64.0809 30.508 33.1701 10.2253 20.6944 48.4912 9.90557 2.1461 37.9996 27.9535 16.1974 37.5005 7.20625 4.95418 9.02729 10.1543 5.91114 0.00232327 214.872
4595.36 4.91015 20.7301 11.4245 14.1858 67.2373 33.4539 33.1701 2.94113 23.6474 48.4912 9.24261 1.40588 40.832 29.8519 15.8366 16.1775 31.4273 8.72419 1.96333 4.27978 19.1093 0.00958905 217.929
4617.03 3.53751 19.5823 11.784 17.7315 59.9792 32.3463 28.1303 4.02365 27.77 52.0343 6.67728 1.92532 50.569 16.8111 13.6579 0.34165 2.36314 33.7138 0.874552 14.2016 6.57913 0.127433 222.007
4556.52 3.0739 19.5823 7.78724 26.7335 55.239 35.5637 33.8158 4.93768 31.6742 52.0343 7.05985 4.82138 46.488 20.566 15.9013 7.36367 5.26713 15.9433 9.33566 31.8842 5.66973 0.0143592 217.499
4568.1 7.94815 33.7479 5.11423 23.0327 51.1424 31.784 33.8158 4.65963 32.2148 45.0549 7.05985 1.98596 46.488 19.0576 5.97544 4.5847 13.5562 2.2662 2.07646 46.1713 4.93626 0.08059 221.613
4485.92 17.3194 33.7479 8.47732 22.1432 37.0344 46.2525 34.4991 4.70517 22.7286 49.4888 19.6384 7.62602 51.2623 11.2666 5.26259 6.7077 19.5535 24.9777 1.44288 46.5303 14.1128 0.112773 224.974
4452.76 18.8358 30.8796 6.98508 22.7306 19.7416 82.3814 23.5421 22.0611 23.3662 34.1729 16.6885 17.6763 8.90887 22.0053 43.3407 4.57397 32.4255 8.78285 13.2266 19.9808 10.2843 0.0751006 221.209
4452.76 9.34219 28.8102 8.00375 27.4053 35.5736 81.8591 8.72415 25.3453 20.709 44.0225 24.0102 8.57413 14.6101 27.1974 23.4158 2.0679 3.93149 24.4275 4.276 21.963 9.26192 0.0769014 222.714
4452.76 10.8589 29.0755 12.0795 28.132 21.2787 71.5806 15.4017 43.1351 9.51068 23.6179 36.862 14.6331 20.6022 29.2957 13.223 8.24779 7.5661 37.1331 22.1703 9.20672 5.27423 0.0197569 220.17
4501.39 11.2958 23.6276 8.18305 30.6805 16.7122 71.4294 15.4017 43.1351 25.6386 21.1557 34.6784 13.5483 24.8042 13.5981 26.3972 23.9075 11.5418 2.01705 5.14796 29.8675 4.84792 0.0497979 221.411
4509.69 10.9501 23.5503 2.73008 32.0492 20.4851 71.4294 28.6735 44.4716 9.70703 17.9545 29.1086 9.8054 27.2147 35.0242 1.40082 6.11314 33.2542 14.6016 18.9878 11.8387 10.7104 0.00496967 219.767
4526.18 16.4599 37.3367 2.97089 15.0252 10.1664 76.9283 28.8658 37.2928 21.4744 18.1046 19.7535 3.33779 5.71378 43.4189 16.4497 15.7614 39.1639 51.8237 9.85647 18.4357 4.70131 0.0833321 232.393
4511.14 12.3058 37.3367 8.83847 15.0252 17.1976 77.131 25.9315 29.1433 19.4118 23.0997 21.238 8.27598 22.2745 38.8136 24.1693 14.8109 2.29215 18.781 12.8477 4.32999 3.34457 0.01855 219.422
4509.45 21.6686 30.2721 4.5438 13.8373 20.3644 77.5741 27.4829 30.1397 4.69114 32.9852 24.9368 8.12122 16.2424 29.2967 28.8276 14.9836 9.0567 19.2955 19.8407 18.7097 6.93472 0.0220097 219.944
4539.1 15.6829 25.2651 10.6003 8.67504 16.7624 82.3275 20.1512 19.07 18.0483 47.4124 25.2504 17.8556 10.3782 29.5517 18.3821 27.9527 9.80161 6.94596 23.3638 1.46963 5.64983 0.0155464 219.521
4536.6 11.6141 28.7153 13.7669 13.8813 16.7308 74.2845 26.8697 17.3177 15.2582 40.8738 33.3938 3.8506 14.1855 37.8361 9.02958 16.9682 0.299879 13.9432 14.1439 8.41107 7.56173 0.00119027 216.868
4527.53 14.1824 29.2587 17.3898 3.55281 17.5294 73.9087 35.3514 20.4448 11.9998 41.3661 31.9738 6.75302 11.6051 39.7152 5.6692 5.43289 1.44889 52.6714 18.5875 15.1555 21.7941 0.000192582 217.09
4522.83 19.6219 30.3818 7.96712 11.0918 21.7793 77.8025 34.1862 10.7976 12.7122 41.3661 25.4318 4.61551 3.50539 46.9373 12.2428 17.6052 14.3493 16.3382 24.0231 16.7835 8.71825 0.000527187 217.829
4576.85 17.647 16.103 9.83268 17.2823 18.2409 81.8528 30.6213 7.58075 11.3282 41.1529 33.9876 13.4891 8.01774 37.0492 15.5632 23.6069 5.73968 14.6259 4.05031 34.6092 12.9102 0.000209328 215.442
4536.75 31.6564 11.6999 7.63001 16.3905 16.0546 78.4716 28.2133 23.643 12.1877 35.0258 31.8765 14.4224 8.4681 35.893 14.0091 41.9118 7.24833 15.0655 2.93682 5.99679 12.2586 0.00050233 216.611
4524.65 35.0101 10.8446 2.16069 30.8351 13.3853 78.5906 23.1321 21.2617 15.6291 28.7953 23.3561 7.38851 8.0931 50.0838 19.9 18.167 2.88484 24.4601 11.6063 13.5259 17.1548 0.000385241 220.556
4517.74 36.5388 14.6495 2.16069 14.9946 12.8565 73.9891 34.7962 20.7465 20.2464 28.7953 18.339 13.2077 2.12476 51.3935 1.02945 34.8401 4.55334 13.3082 7.08388 28.4781 28.2167 0.0004548 227.1
4569.24 29.563 6.83353 6.29584 17.1835 30.4619 52.4566 9.00411 33.8068 18.1637 41.7717 45.7863 7.27132 8.35287 48.7888 3.22379 4.61272 22.388 27.6336 5.56674 7.73776 19.7072 0.00492055 225.268
4526.81 38.9758 0.992289 9.02865 17.6655 82.7432 11.7797 24.8795 29.8577 17.5659 32.6495 16.0644 20.9188 1.73786 55.813 5.70318 25.5428 10.7983 2.49874 23.424 8.11829 14.6206 0.0126531 220.077
4549.66 40.3484 3.30616 9.02865 7.97989 72.7166 12.2959 34.9696 23.4378 12.1098 30.9861 42.256 7.69382 23.8222 28.9889 7.83795 36.0136 21.5122 20.355 0.513458 11.8975 39.6392 0.0133418 221.109
4557.29 40.6021 3.91143 5.86708 6.51937 74.1243 20.4042 32.272 23.2559 12.77 29.543 18.83 16.8949 23.8222 24.5795 8.20462 32.7941 16.7292 2.73902 9.67269 10.9243 17.8428 0.0138282 220.619
4565.1 40.6021 5.66749 3.17746 6.04691 72.9419 20.3699 30.1813 28.6363 16.7567 36.9367 23.3313 12.4811 38.1192 11.5779 8.95873 9.85984 28.6335 14.9509 11.101 19.3106 16.9777 0.0132299 216.074
4579.43 38.624 5.62183 3.52682 8.43855 70.4276 18.5675 33.4873 25.5017 20.8274 32.5588 29.3181 4.35547 38.1192 14.4968 15.3137 6.87446 8.38855 18.9769 31.4894 17.6092 22.2834 0.0229791 217.61
4631.18 27.5452 5.90564 1.35347 10.8854 71.0514 17.5734 32.8868 39.6562 10.8923 32.5588 12.9043 0.673554 31.4932 38.2598 23.6545 7.32918 19.6816 5.86783 9.51109 44.5523 40.7241 0.00219158 220.399
4632.89 22.7167 8.48171 3.6926 9.51976 65.1998 19.8028 32.8868 39.5476 14.0896 34.7612 12.4699 7.78811 31.4932 32.4082 11.2978 10.5002 22.1522 2.86285 26.756 2.12988 2.41805 0.0110216 215.756
4632.89 26.7955 3.86234 0.225623 9.51976 61.3265 28.8404 31.5925 38.6269 8.18169 35.4087 16.2711 7.01573 28.3211 37.4959 3.48891 16.9605 22.7378 4.36359 9.91176 9.56911 33.4873 0.103888 219.972
4640.04 3.41428 11.1499 18.491 4.54817 50.5222 40.1775 31.3304 39.6104 13.2927 30.3502 27.3305 7.90309 25.882 6.52618 12.1953 32.2782 9.43321 4.51149 20.7482 12.2625 69.0218 0.123242 222.756
4640.04 2.48567 12.0462 18.9977 4.54817 29.4296 58.9037 29.1884 31.1509 10.9522 35.1388 24.9734 22.1678 31.7651 16.7797 12.73 37.2148 9.50693 2.94693 2.75062 11.2923 46.3297 0.114866 218.614
4640.04 5.56636 10.0265 18.7273 2.41706 47.2852 53.756 23.8052 37.3578 7.87129 40.8876 18.56 17.5366 26.8789 17.8043 10.0581 16.1655 16.3403 19.9054 5.82171 11.2264 30.4208 0.140978 218.3
4634.7 4.09888 9.35733 22.6352 6.07061 36.9795 56.2021 28.4825 25.9447 5.26122 37.851 9.21131 40.6215 22.8782 22.1182 19.7883 12.8204 16.8683 5.90246 16.318 11.1828 12.7054 0.0296934 216.541
4660.2 2.62241 6.86162 24.5189 6.07061 31.6972 71.1183 18.9769 21.2201 12.8067 48.4749 11.488 27.2898 21.7879 14.9226 21.9814 12.4846 15.9642 0.604689 23.8093 46.3738 47.3077 0.0202905 218.631
4660.2 2.62241 6.86162 24.5189 6.07061 32.8742 79.2547 12.4564 27.1673 6.20004 49.2351 14.4921 26.7494 17.8783 15.7259 12.967 2.23105 13.0649 18.9788 29.8672 28.4689 22.5199 0.0117116 218.531
4643.8 1.27739 8.53035 23.5441 2.63275 47.3393 76.8995 1.85277 44.5743 4.63874 38.0173 6.20911 30.4086 35.9828 4.32077 5.84185 6.27861 13.049 11.4026 13.6951 47.4921 38.8069 0.0757135 221.415
4643.8 7.12903 2.1107 25.2792 6.12315 47.0286 66.4371 7.95618 30.7754 0.727349 37.9652 13.1543 46.298 28.8557 4.32077 17.7838 15.9161 13.3929 12.7059 12.4169 1.50597 27.1712 0.128812 222.726
4555.4 7.34864 17.1851 30.2664 6.62717 45.7473 66.5757 18.2795 36.8515 2.75977 34.4669 0.83479 43.4667 19.9637 22.082 3.96154 23.015 3.6423 24.9754 15.7591 3.55548 40.3916 0.0134667 223.807
4582.64 1.64289 19.2259 26.709 5.01724 46.0799 74.592 4.85338 45.9187 3.03741 25.8472 5.46273 43.0709 14.788 24.9992 7.7543 30.0933 8.69972 2.15197 21.2274 24.2608 36.1322 0.0184074 220.935
4586.58 1.66828 19.2259 24.5085 3.81376 57.4079 63.7914 4.39779 45.9187 5.90168 32.5719 8.55477 25.8222 13.8888 32.6417 7.39267 26.542 10.194 11.6581 13.4096 44.0816 26.0528 0.0335435 218.151
4571.84 1.67839 18.4697 22.4167 3.81376 59.4253 64.4119 6.09933 29.8919 12.5707 35.3534 17.2387 5.37605 17.7301 53.0603 2.7955 24.333 9.13194 9.60572 14.499 36.5804 14.6517 0.118057 221.533
4579.19 1.67839 21.454 21.6542 3.81376 59.4526 64.4119 2.79775 33.432 8.90552 36.5775 11.2591 20.0157 13.5697 51.1985 1.74749 34.4045 16.8045 22.053 6.11211 34.5582 4.80345 0.0853271 223.427
4579.74 3.12925 26.0888 24.3683 17.8733 38.5123 53.7473 8.35027 25.5648 31.1683 43.899 10.849 7.78264 7.07741 35.5439 10.7812 6.56129 17.2886 24.3887 10.5246 32.1367 14.3649 0.00589786 225.025
4564.04 2.17861 27.57 18.4855 13.4611 28.5937 58.1106 16.3883 23.798 27.4475 60.2673 4.93981 8.7759 14.3237 43.071 7.02459 10.5996 3.9308 12.7044 25.5977 16.7449 16.688 0.00646 220.338
4557.04 6.75101 27.9617 12.5506 15.5251 25.8161 59.0872 16.3883 33.4157 32.1318 36.156 6.30669 6.14076 24.119 42.5308 15.8273 10.5996 28.9353 18.2321 25.8071 4.87114 3.77358 0.00646 219.396
4555.42 6.75101 27.9617 11.8089 15.5251 23.9998 68.3132 24.0872 21.4146 44.311 30.7941 1.76312 3.86802 29.3386 26.5593 29.3352 8.34819 22.3396 26.0331 2.34569 10.7443 20.1069 0.0215244 221.187
4556.65 14.2368 24.3137 9.92356 15.5251 28.2137 68.3132 26.7179 16.5048 53.0508 14.2072 15.2471 3.86802 26.6695 26.5593 4.74408 13.4285 27.6164 27.2132 30.1331 10.7915 4.54088 0.0466622 222.44
4556.65 14.2368 21.3812 18.3247 18.9156 25.7389 68.3132 7.71122 18.8073 49.9211 20.3464 11.3152 9.57069 34.8828 30.6842 11.6206 14.1373 30.2302 13.442 37.6936 3.15542 15.3124 0.111862 226.235
4556.65 4.96809 24.3902 21.6097 14.1131 31.8026 58.0399 8.66411 24.823 49.9211 20.3464 17.9491 2.14112 42.7122 23.9674 15.3123 13.2997 43.3583 3.90341 2.6782 22.5088 8.69638 0.0446744 223.019
4530.38 7.27432 16.8887 24.0707 17.9375 46.5182 60.1871 13.7021 24.4787 24.7951 27.1479 30.2089 0.119178 18.1961 9.23883 39.1221 16.1659 4.72045 15.1191 25.3823 36.9145 10.5747 0.0386219 222.239
4530.38 9.33092 9.49171 23.0078 21.3555 46.5182 60.1871 17.204 22.667 24.7951 27.1479 24.6969 0.415291 20.8955 28.0158 23.5014 12.1715 9.08893 22.9026 11.8458 19.9394 13.6012 0.049418 218.498
4526.77 8.83156 11.6941 19.9063 21.3555 44.5556 62.5342 25.5746 18.3415 20.0916 35.8288 18.5097 0.415291 16.9997 34.6611 16.8316 11.9059 21.5888 17.9512 22.7203 2.46698 1.998 0.00355571 218.72
4542.11 10.4197 9.97491 17.9095 21.3555 44.5556 64.3782 12.5326 38.6624 0.932345 40.9791 16.304 7.27544 17.3018 36.969 18.3552 6.55751 22.4413 23.5143 24.9208 27.5594 72.1886 0.000154375 222.723
4511.32 9.21876 14.9032 13.4311 46.2751 19.9049 75.8625 18.714 37.4602 5.94785 30.5195 13.4051 2.75265 26.1236 42.1061 9.9396 2.64615 29.8026 30.7862 28.1902 16.5168 43.7378 0.000552907 224.952
4564.04 4.35063 14.0491 10.4586 38.6004 20.3191 67.6499 15.5186 45.7368 7.85227 32.9781 29.0084 4.93649 6.16331 47.3917 20.0176 5.29822 15.8564 20.5287 6.81688 51.5942 26.7702 0.00116006 218.952
4664.25 9.20107 14.5819 3.61257 33.4034 17.2895 62.1271 17.9564 27.3697 8.71133 32.5675 33.253 17.9075 4.31943 40.7688 4.61931 8.62031 13.3962 22.0225 4.9059 9.00876 33.427 0.0242208 219.322
4663.3 11.7733 6.91595 3.61257 21.75 27.5897 64.3162 14.742 37.6365 8.81768 28.5254 22.2224 41.4653 12.3525 20.6734 11.6238 11.3601 20.1787 25.962 3.27939 6.42588 11.7673 0.0370407 220.903
4663.3 10.2175 0.303539 20.3404 32.1768 35.5537 60.7067 8.59717 32.4285 9.85003 15.279 22.4728 30.3869 32.4751 16.9854 5.17103 6.28071 28.5282 30.3493 8.91477 6.22009 9.93513 0.0070434 225.063
4667.03 9.23015 1.38878 19.9027 30.2946 28.1552 60.7067 1.05966 34.8352 20.7529 29.6321 18.0162 16.2652 36.2483 22.8484 11.6891 8.68869 26.4703 21.2166 20.2574 5.94932 5.18355 0.0070434 221.158
4678.67 6.79084 2.08077 19.9882 22.0508 27.3598 69.876 1.05966 27.7392 28.7035 32.5331 17.6807 17.76 34.5998 12.9788 25.374 11.7887 36.2699 8.35736 3.26039 5.86647 6.7787 0.00202342 218.242
4678.67 5.59856 1.57468 19.3588 22.8162 21.9591 79.1514 9.21572 22.7819 22.0075 35.1966 13.0849 18.824 30.6723 5.37525 20.9068 30.8826 58.0255 17.9126 1.08129 4.82209 14.7507 0.0895557 225.209
4605.85 19.801 2.49277 17.6465 15.9431 21.7689 62.9937 24.5773 31.6748 18.8289 38.1209 14.4658 26.066 32.2738 1.54086 6.27965 72.3678 4.85481 7.78723 23.2317 5.83117 9.80847 0.12581 224.823
4603.99 20.5942 7.83844 11.3586 18.2887 10.1667 75.1937 18.5835 31.15 17.0496 44.9759 23.167 23.9365 13.4106 16.9495 7.70508 29.8837 21.0823 11.3017 13.0573 7.87458 3.4257 0.0217665 219.543
4537.69 16.8446 8.17746 7.66874 29.5188 10.1667 79.7168 27.512 27.218 20.8209 42.2743 14.7742 35.2228 12.6972 20.9033 6.65523 16.1578 11.6012 10.4426 17.0523 17.9696 25.046 0.231278 218.229
4538.8 18.7878 9.09135 4.95804 30.0125 9.38186 83.2203 9.43249 22.1071 25.9837 45.548 15.2151 40.2391 15.5485 19.8286 20.9222 9.3301 12.6413 10.5433 16.8091 11.4192 7.92526 0.186386 220.948
4539.49 18.1242 9.59234 4.69917 33.0132 7.96252 83.2505 13.2191 26.3597 27.329 44.7974 15.8313 40.2391 9.5413 16.708 15.4739 8.03247 10.1216 10.8699 7.01236 14.0492 8.88201 0.0708821 221.174
4561.59 4.30146 9.28672 13.9861 32.6041 14.0994 90.527 13.1367 15.7512 20.5585 43.2001 4.12979 49.1075 15.964 24.3832 6.64024 4.68649 9.72806 28.0515 19.0606 1.68983 4.75116 0.0602595 221.084
4567.14 5.73554 8.04777 12.5874 29.0909 48.1735 66.5738 10.0777 19.5186 22.2477 39.9359 11.2454 36.2805 12.8918 20.3425 4.222 6.07729 14.7382 24.838 29.5934 2.87341 5.37549 0.150725 216.09
4529.6 6.74041 7.24457 1.20376 41.4976 48.1735 67.7269 7.44662 28.1129 22.6576 37.3586 14.6826 44.0425 2.5522 19.2809 4.2866 4.72539 33.628 28.1125 22.0752 9.63214 7.53719 0.151574 221.432
4519.15 12.7237 1.45931 8.03621 45.7542 28.0931 81.4019 6.55246 15.2279 25.5926 33.4411 15.0305 46.9452 14.1484 17.1669 21.5321 0.0222603 24.6736 22.6896 24.2356 4.07791 3.17282 0.0299475 225.086
4538.88 16.6303 4.25758 8.03621 46.3159 24.1366 77.194 6.55246 25.1915 36.9166 25.3287 5.22418 41.9187 11.6251 19.0843 16.766 8.40065 26.1794 21.9646 9.08831 17.5989 3.99992 0.120457 220.935
4527.29 10.3286 3.39196 12.5189 36.734 19.1015 69.1308 20.6808 20.8673 45.8271 31.2603 7.97193 27.2773 17.6844 16.2836 10.2913 12.7038 7.22845 33.3439 13.2238 17.2328 30.086 0.147564 225.011
4532.36 8.55122 6.00645 12.5189 43.6495 27.0158 49.4082 23.785 25.5863 57.5388 8.77584 1.43255 55.6433 10.0885 16.0312 8.2274 26.0247 22.7265 23.5088 4.09401 13.6513 22.538 0.00134827 228.854
4559.28 5.0447 8.06604 12.5189 55.9421 18.4645 49.8655 22.441 29.1172 57.5388 8.77584 3.93475 11.5893 56.8931 4.98709 4.80366 56.2929 2.02599 3.24651 3.04424 9.73643 20.5414 0.0606423 222.826
4529.24 5.11102 10.0526 12.2035 78.1639 18.7839 36.0605 22.441 28.9499 56.0125 6.81525 9.21367 5.5324 52.3067 6.57519 3.6995 28.4104 1.18913 15.4561 19.1774 13.7472 49.0409 0.185423 231.289
4528.31 6.54665 5.35395 12.2465 70.5706 26.3266 30.0827 21.3613 32.0072 66.3398 8.66111 0.0290363 17.2724 46.1069 8.36373 14.7926 7.71646 9.75091 9.30603 8.24078 18.4447 4.01729 0.242479 230.213
4532.9 15.9672 5.44519 15.7742 60.3188 22.8656 37.4588 21.447 24.3544 63.2774 4.30456 19.0276 8.41911 44.4322 2.43497 18.5144 19.0552 20.2435 4.38104 24.2771 4.16945 17.5948 0.0622174 223.214
4558.95 11.9428 3.89994 13.4262 59.361 31.8564 23.7457 21.5606 17.7807 72.4539 4.30456 11.2126 8.66618 22.8523 38.1101 23.2942 1.92174 29.244 3.9017 28.7696 4.14818 1.66001 0.0113997 226.646
4618.87 15.8879 1.73087 13.3632 47.1983 31.8564 23.7457 26.891 18.1128 66.5193 11.1838 13.5652 8.15523 9.26056 47.2553 18.2717 0.81239 14.3034 1.70921 40.8141 8.39266 10.6398 0.313656 228.689
4622.25 10.4215 2.18114 8.42787 42.4636 25.391 38.6638 29.5017 27.1864 60.1034 10.0177 2.1984 6.6131 24.7762 33.0363 26.3099 7.31004 22.1195 1.45534 68.062 2.41075 15.2859 0.287422 230.931
4638.41 14.1571 1.48478 7.94392 29.6662 26.5367 38.6638 38.3619 36.6055 46.7443 7.38715 11.175 15.8186 11.2375 46.5136 6.00393 25.2194 33.2147 0.0128508 1.62876 19.9475 0.0429116 0.268286 226.506
4638.41 20.188 11.7036 7.52426 34.0559 26.0974 33.7155 26.4759 29.1016 50.6995 7.38715 10.7308 5.2921 9.95913 67.1026 12.6616 2.01415 16.8546 4.74727 15.4498 16.4662 23.6462 0.102669 228.137
4550.18 14.5023 9.45804 14.8169 41.9585 29.9367 34.4997 32.282 28.5162 50.475 8.62413 5.48078 10.9944 10.0426 58.3067 7.9692 19.3433 24.9079 7.10004 30.5063 5.97973 27.4333 0.0487259 224.95
4529.39 13.9441 26.2269 15.2816 28.7136 32.7847 32.9931 46.6926 21.3054 44.6351 9.40357 10.1162 15.6472 15.685 40.8205 5.72674 21.8127 5.92598 3.01617 32.2412 32.0975 32.105 0.020573 220.685
4492.16 13.6885 31.1021 14.3105 30.1005 38.9588 29.808 40.3544 22.9467 44.0488 18.016 10.1509 21.0686 4.80176 49.713 1.5077 32.2619 1.32618 0.161599 8.25692 42.3155 61.5729 0.0326829 228.11
4492.16 25.5069 21.5401 12.1298 30.9883 39.0901 28.5535 38.1136 21.7602 44.6075 18.7788 11.7402 22.3984 10.9288 30.3709 16.8852 35.515 18.1635 4.60978 8.24818 1.26693 29.1958 0.0239812 221.602
4535.23 8.42091 33.1207 11.0951 34.028 38.9999 25.8743 32.9855 17.9519 39.1037 23.4076 16.7135 24.6626 5.42396 40.5928 14.2286 14.4758 19.6996 18.56 4.90477 2.2834 34.9481 0.00149164 216.424
4513.95 7.94008 33.1207 17.3844 28.2868 39.3568 32.1556 31.8139 26.427 17.8771 39.5231 16.7135 19.2917 3.56213 40.5328 16.2367 18.4233 22.4223 1.71218 11.6872 14.0572 16.0184 0.00805525 214.89
4482.88 12.4116 33.1203 18.7521 25.7732 39.5816 35.5093 27.6678 36.9746 5.88766 37.2265 21.8848 21.1699 11.0592 35.3753 16.4059 17.5142 2.96554 33.1884 5.83696 8.81308 8.68103 0.0877005 217.507
4482.88 9.84565 33.1985 18.6132 30.5253 34.7834 26.6878 44.8935 23.2008 11.3081 30.6819 27.1742 22.7013 1.91695 34.0525 26.2188 23.1384 31.9597 24.178 12.4026 44.111 9.01242 0.108143 228.913
4521.36 5.6705 33.1985 18.6132 28.2675 27.0992 38.5061 41.5254 14.0752 17.8922 39.1807 34.4482 9.23895 8.175 27.5437 35.9263 0.311529 0.300689 23.8794 12.2137 42.1812 42.2312 0.0202765 223.252
4521.36 4.33345 30.0432 19.9215 29.5478 32.7851 32.9598 49.9015 16.174 8.11577 53.6819 28.0795 4.26312 8.71762 22.413 24.4607 3.57877 24.8724 33.1548 8.42389 38.4525 39.1126 0.0361406 228.502
4525 2.7685 32.3315 20.8919 28.9191 25.5351 13.9765 70.6076 7.13906 21.5763 35.9276 28.1279 10.5954 33.0066 21.7133 2.94999 5.58337 23.972 35.5203 11.3466 34.7626 19.3698 0.00971918 225.024
4524.79 4.55915 32.3315 18.6717 30.8005 27.611 13.9765 74.9907 11.0555 15.1122 35.2185 28.1375 4.4728 34.3376 21.8296 10.5469 7.68701 25.9528 35.9723 7.80904 26.9742 31.6854 0.0172721 223.751
4518.94 15.3121 37.6791 2.92796 30.4259 28.5793 15.8731 70.6094 4.99413 14.1932 34.9374 27.0877 4.88682 37.7693 28.4794 2.56306 4.27732 25.4227 33.5437 21.1571 42.8524 0.197472 0.00330722 230.621
4509.82 7.97195 34.8084 13.9888 30.9705 23.9428 58.9482 11.5239 35.4106 6.00379 34.6204 26.647 2.30403 49.2425 28.1631 1.8693 6.82167 26.8915 12.993 12.0083 5.83735 2.21018 0.076432 224.254
4480.56 12.8751 36.756 12.5547 25.0648 21.5636 68.6628 13.2696 35.8756 11.6761 34.6764 32.9191 0.490921 33.4168 28.5335 2.82731 25.4392 12.9543 5.30535 9.04203 0.337403 9.90386 0.135546 225.972
4501.92 8.26314 43.1302 6.89205 28.4223 26.9094 72.0702 3.8683 36.5225 19.4298 31.6947 23.4188 4.15906 22.4084 29.1108 16.1924 36.7452 6.17954 5.13423 11.0876 16.6967 5.0296 0.0500828 222.412
4536.02 8.17613 23.2158 10.4753 17.826 33.4285 80.3057 25.46 17.2136 11.4993 31.4871 30.6798 7.97168 18.1402 29.4355 30.8263 19.644 5.46866 17.2035 9.01919 21.8178 0.888767 0.0221045 222.511
4613.4 3.13343 23.8292 6.20355 16.9841 22.7619 90.0029 20.675 18.9815 3.49076 41.9139 26.6335 9.01581 15.5733 32.8845 7.76042 3.82726 13.11 21.5178 15.1883 34.8973 0.773445 0.0239543 217.19
4613.4 1.97772 21.2991 10.2427 16.0305 22.7619 90.3766 9.08815 19.3669 12.1725 44.418 21.1011 8.15516 21.938 39.3934 2.77888 23.1658 24.5159 16.261 9.87025 34.3158 1.80521 0.0132214 218.755
4624.35 3.87533 21.2991 8.87525 14.9024 23.5233 88.5406 13.4701 17.9973 12.2042 51.147 4.53132 3.5847 27.2006 43.9642 3.32883 26.3622 33.504 1.03861 12.3778 13.1373 17.3179 0.0867966 218.405
4635.97 1.73314 23.2627 4.95995 14.4439 17.1366 88.3741 13.1848 18.0421 18.3791 45.4475 15.6153 2.83518 19.847 48.4888 1.4013 9.41058 37.8351 23.8564 26.0977 44.5178 14.9295 0.0818338 223.772
4589.61 9.09949 22.2971 5.10616 18.5595 15.1042 87.5091 18.0846 16.4979 24.818 50.9877 6.03676 9.07749 14.4812 48.4888 2.02122 13.9428 8.58015 31.512 16.3589 21.4646 30.2482 0.165772 223.471
4588.86 6.47044 23.9242 5.43475 20.6266 15.7331 79.8431 25.9006 18.9708 21.4412 44.1926 4.08531 9.66047 11.7742 53.2232 5.23533 14.6665 12.7093 25.9391 18.2145 18.548 24.023 0.0383082 216.019
4588.86 6.47044 22.5858 10.6477 11.9892 55.9617 43.4469 34.5837 17.8878 20.3368 39.7464 5.23147 11.9128 12.8509 55.544 7.7257 10.663 8.8859 8.9819 35.7355 17.3438 27.5209 0.009947 217.528
4605.35 6.39853 22.9792 8.65776 7.99974 43.3318 58.9103 34.5837 11.2077 25.1489 34.3153 19.5449 18.2755 12.8509 34.3303 23.527 2.85241 12.085 17.6726 47.7876 1.58226 37.3964 0.00898099 219.87
4605.35 7.89799 21.3713 11.107 7.25062 32.7057 61.145 30.0832 16.0888 26.0185 37.6767 13.7713 14.6774 22.3877 31.4289 6.05138 13.6074 21.4973 17.2059 26.6706 16.4745 6.51008 0.0340899 216.905
4606.27 6.23568 21.3713 13.5363 5.72414 32.3498 61.145 42.3825 2.26685 18.5547 41.8989 14.8812 14.6774 25.249 33.0709 7.06716 7.83305 32.2784 15.6212 8.29166 8.89765 15.3181 0.0324094 218.485
4606.27 9.84517 15.7142 15.3352 8.65816 25.6539 61.9994 36.2224 21.0229 16.9636 46.8147 2.16564 32.2998 13.3748 28.7792 2.47025 11.3265 8.36357 20.4136 31.9884 0.844934 22.128 0.0787011 215.816
4606.27 11.7621 15.7142 13.8253 16.6136 26.1752 60.6357 33.5512 19.7607 16.8889 50.4217 1.38326 24.5241 11.4288 34.7315 4.50796 3.1213 15.7028 24.3533 40.7417 2.19593 18.171 0.0344126 219.662
4600.24 12.685 15.1709 8.68366 10.697 30.34 64.704 30.6079 16.7631 23.367 45.9441 7.01572 32.6014 5.74919 36.2923 22.1693 13.5247 20.2433 12.962 6.23991 14.2374 28.4705 0.0519932 215.669
4650.71 6.40091 3.07272 29.9206 14.4842 29.9085 61.4144 16.726 21.5981 25.3926 31.7652 22.8777 27.6851 4.19821 34.232 20.8928 21.2533 13.6236 13.5049 13.4009 7.51608 44.6568 0.0588249 221.91
4661.67 4.95487 2.35348 30.1129 2.76855 24.156 75.4785 5.4953 49.4418 14.017 25.3764 25.2378 19.1218 11.1968 37.537 9.66587 5.51351 1.07289 22.5936 16.2137 31.9942 17.4296 0.0264324 219.998
4654.8 7.44619 2.60766 22.8254 2.76855 25.1878 72.1238 18.9362 43.5333 13.6406 25.3764 31.2121 11.8102 24.572 23.4738 21.6927 25.5744 1.94087 21.6066 0.285829 31.0082 11.727 0.0856527 220.272
4654.8 4.75725 2.1556 24.0689 2.76855 25.1878 73.5398 13.8474 44.0519 17.7425 25.3764 24.367 14.9171 29.0407 23.1266 15.9133 19.0658 14.3487 22.0332 1.26142 12.5712 0.543359 0.111311 218.357
4677.96 6.7189 2.04293 22.6941 6.31423 16.5957 70.6722 15.0135 54.8012 36.6887 8.76192 13.285 2.3784 38.573 23.3674 18.104 12.3308 13.6304 25.0424 8.66605 12.7749 44.5948 0.0193301 221.77
4672.17 6.23088 2.04293 22.6941 6.31423 24.3483 71.3858 6.36585 54.8012 32.7974 9.97309 15.3103 6.82053 37.4545 25.4893 13.8444 30.465 3.60501 3.15323 24.572 17.2357 10.7524 0.0184223 220.214
4672.17 6.34555 1.31126 22.6941 18.5436 26.5302 77.544 6.8258 45.1369 33.5565 4.10973 12.841 6.82053 36.304 27.6308 3.97526 8.87679 14.648 9.39638 33.0543 17.2785 11.9556 0.0192914 222.72
4666.27 4.3833 7.39838 14.4091 33.043 6.86192 77.0563 24.6776 22.4069 43.234 3.15568 19.5736 4.7442 40.4916 23.387 9.49418 30.1007 11.5043 10.8654 7.34897 3.74251 16.3898 0.0269804 219.859
4679.63 3.39159 9.0594 11.9733 24.0532 17.5593 77.968 24.2659 1.34713 59.7913 5.00978 28.0815 3.43802 35.4477 27.1925 10.9613 12.5639 19.2119 3.71209 16.7735 11.0161 3.31431 0.0221329 221.153
4679.63 5.12472 6.12312 13.4511 12.5443 17.5593 78.2744 27.9876 7.99849 46.7833 14.7629 23.5563 4.39148 41.7568 19.9699 8.18878 19.9889 16.0357 8.94731 18.8928 7.91015 41.3467 0.0234808 219.207
4583.99 20.3571 7.91309 13.7614 20.5527 13.8653 68.2317 36.0668 6.65089 16.6796 56.7253 17.4848 13.5559 39.7056 28.0936 1.82374 9.27441 19.8178 34.253 11.1069 23.4274 9.91597 0.0415486 226.036
4579.88 12.6218 1.51945 16.6357 29.0489 13.9709 68.2317 39.0565 14.5217 6.69231 56.5653 17.5556 9.81182 31.0826 8.67496 24.5031 16.1373 6.08726 46.1042 7.77806 2.9378 2.85389 0.128356 223.374
4534.4 19.5003 1.17838 13.328 39.1093 13.9709 68.2317 39.2476 17.3559 11.4595 44.3148 17.0475 18.747 35.6162 8.90491 23.2926 16.6081 10.2459 26.6315 18.6982 2.8822 49.9504 0.0652647 220.004
4528.87 18.3283 7.69288 9.82336 36.4842 32.5503 50.8327 42.7449 9.44997 15.026 43.481 17.9561 31.5893 25.9866 12.327 9.28608 18.419 11.3745 15.902 13.7273 7.98853 2.98808 0.0069206 214.796
4551.62 13.1276 7.5374 9.61957 37.1794 32.5503 52.4219 42.3108 10.0429 17.7881 39.8363 24.2495 10.6416 38.9984 24.8811 6.33792 27.61 19.3722 20.9254 4.6833 1.96732 26.4007 0.0270364 223.272
4536.16 16.8273 2.4793 7.6206 39.3039 51.8107 63.4119 12.979 34.0141 2.86474 21.614 29.9075 16.7706 39.8657 9.75002 1.54719 13.4988 29.2273 20.5077 25.4226 7.50734 0.54399 0.0210662 223.131
4542.41 20.049 20.083 5.90199 49.3847 51.6152 8.19627 12.9647 35.7581 23.1985 30.0832 28.9642 21.1277 14.5555 26.8485 8.8593 49.2797 6.95807 0.569526 10.6105 2.14619 8.26982 0.0394866 222.193
4553.66 17.6129 22.2809 3.46157 47.508 45.1063 11.9854 23.1629 36.3417 24.5257 28.9922 29.3733 19.8723 11.8083 27.1659 2.20261 39.652 6.65163 2.44239 23.1431 9.74331 8.32146 0.0177167 217.263
4539.37 20.9587 22.043 5.39671 36.4401 42.8136 24.2988 31.6591 21.7446 19.7586 33.1726 17.2641 24.9385 15.0304 30.5862 16.624 14.7325 21.6715 7.01612 22.7544 13.0293 7.61289 0.0387073 218.287
4543.32 21.9711 22.1213 3.82217 33.4264 38.2531 23.6545 51.9869 14.2023 20.1926 32.4589 20.4819 17.8973 20.1656 35.2304 12.9244 6.99165 11.1701 15.9804 15.7695 14.5647 8.36248 0.0280943 215.717
4525.82 30.4285 22.1131 6.48593 21.2059 45.4505 19.7743 52.7702 14.2023 25.0829 35.3492 17.1102 0.639246 31.3649 33.0566 7.08775 30.119 10.5073 14.896 31.1099 1.21303 15.3546 0.0660092 223.99
4500.76 32.822 22.1185 6.78717 23.3935 37.6463 24.8118 56.3141 12.5328 28.5973 28.7269 18.3589 3.15048 28.8632 41.1337 4.34087 14.7493 22.6314 17.8305 11.334 31.4701 3.09263 0.0735842 225.108
4505.68 11.6192 22.6316 5.6292 28.1888 50.6973 55.0364 25.987 9.88279 29.6827 28.7269 29.2902 5.91194 23.9751 31.0286 8.42348 16.8837 19.3431 27.3317 2.59347 11.079 11.7456 0.083801 217.804
4504.04 12.0612 22.1866 4.26465 30.2472 49.1028 58.0098 8.5651 9.47752 29.6889 49.7363 24.3608 20.5072 9.93204 9.62944 22.269 2.10332 35.5592 3.30024 24.8712 2.51176 5.61355 0.0171958 224.753
4507.56 27.0301 25.1702 10.2805 22.8431 46.4697 51.8874 13.1856 9.82708 34.9273 36.5727 7.01886 19.5324 22.2983 13.3547 24.9879 1.53369 29.2235 9.80791 4.37444 50.7565 10.2521 0.0467717 224.239
4458.23 24.1378 17.4953 9.25448 28.2184 59.8692 51.8144 16.7235 16.9761 33.5346 30.435 8.76388 22.5216 17.6959 29.1724 4.33083 10.4136 32.8678 20.9832 35.3741 10.7382 5.5534 0.0474913 218.594
4460.29 24.7012 17.2852 5.32681 31.102 51.4107 40.0979 23.5324 30.962 32.4795 26.5484 12.8036 31.1336 16.8124 24.5289 5.1117 10.3863 25.0187 32.6826 14.5009 3.3021 34.6632 0.098004 219.367
4454.91 30.7568 13.2963 5.53566 29.7135 50.425 38.3423 33.6987 20.2431 37.8077 27.8728 10.2051 31.1336 17.8127 25.9802 4.03329 15 11.8961 47.1135 5.81205 44.7075 37.6108 0.0832948 224.871
4454.91 33.5085 13.1297 5.06091 26.8343 52.2594 42.4143 32.0551 20.7871 23.9418 35.8801 10.2051 20.465 19.2194 34.2245 21.0935 22.1118 37.6194 44.8484 9.51704 32.7628 41.5467 0.0829662 227.935
4450.9 33.779 18.9735 4.52607 20.1146 59.003 35.2554 36.9766 4.86203 38.4549 33.7022 25.4206 5.73809 35.287 15.9312 19.5814 3.51665 24.3977 2.14042 29.0008 16.5238 8.18132 0.0849384 219.601
4389.37 24.0516 32.8274 7.69032 17.2913 62.4687 36.5353 31.0503 21.013 37.9395 20.5459 22.6256 17.8645 23.1759 24.4345 18.3831 27.3075 10.1752 2.05504 21.3116 18.8347 37.4152 0.14289 227.389
4430.45 18.3686 31.0459 12.5412 14.512 57.4662 45.2223 24.6093 16.2196 46.4793 9.89294 42.9358 5.32023 18.3261 20.2322 21.6036 18.9988 20.4068 24.1238 15.9487 3.7295 31.4646 0.114157 229.085
4479.53 2.43245 24.1387 7.38081 22.006 61.0319 45.2223 17.2794 18.4862 36.2077 23.0001 39.4177 33.94 9.69843 0.53221 26.8178 13.1949 2.27253 5.22468 30.5892 32.4497 10.6102 0.360961 226.842
4561.24 2.91547 6.28842 7.85813 16.1914 61.6043 47.5772 20.0804 5.79209 51.6639 29.5575 31.3174 24.0863 16.9426 13.2295 30.2553 16.8182 17.9006 11.3969 19.3726 15.9537 3.46258 0.33887 222.674
4561.24 18.1139 2.23679 16.394 16.5439 61.6043 45.6191 17.2425 14.3685 39.5004 35.825 4.26891 32.1314 11.272 12.2386 35.6844 33.182 20.7891 10.2835 10.9498 2.94563 36.8901 0.192064 226.213
4569.36 2.69452 3.8556 12.5294 24.2521 53.9735 54.1887 21.605 26.407 18.6587 42.1001 11.9081 19.2503 9.82628 32.1346 23.1674 34.3718 16.3399 28.363 9.69853 0.737024 29.2927 0.233867 221.65
4525.31 3.5199 8.10649 12.2327 41.1687 28.1193 85.6843 16.0375 25.2213 9.40957 41.0174 10.5055 17.7694 40.1591 5.58838 7.62752 39.2956 17.521 2.45877 9.33952 5.51449 19.3764 0.150267 220.61
4528.25 0.655055 6.92816 12.2191 45.502 22.6576 85.6843 26.7229 23.699 8.90874 39.5641 7.27544 19.2593 34.0877 25.2243 16.2251 36.1219 18.8127 7.93805 10.4733 3.36778 16.135 0.0075666 222.733
4525.25 3.58254 6.24125 8.1603 43.7641 31.2414 85.6843 18.7633 16.3454 7.55308 46.8077 4.21202 21.5456 32.8561 26.1951 16.4277 24.152 16.5429 7.8411 17.1068 5.14487 28.0743 0.00606229 219.844
4525.25 5.88154 3.6453 4.9044 48.8061 32.4806 85.6843 10.4793 30.4798 7.25106 47.8118 5.86517 22.2777 27.7786 17.818 4.5736 35.5015 11.1165 2.76802 24.5689 5.15825 52.7188 0.0433309 220.166
4499.42 4.13562 6.89162 4.17878 58.7951 32.4806 72.4608 10.9645 28.9311 3.61264 45.1612 8.68152 36.5513 37.9292 6.81727 22.9561 19.075 15.5412 14.1926 18.7866 11.3737 26.8268 0.0111416 223.577
4501.93 14.5337 1.18552 4.78399 58.7951 38.7664 72.4608 1.95176 23.4405 22.1923 50.774 3.96955 12.5064 47.3143 6.1536 5.16333 30.6073 15.1415 7.44194 5.99186 33.3374 17.5535 0.0114966 222.327
4477.92 17.4118 3.39809 3.73618 58.7951 38.7664 72.4608 1.95176 27.5498 23.2964 33.4281 6.04365 11.3693 26.0029 20.5133 10.1751 38.4036 22.532 6.83607 15.6434 10.2736 8.19041 0.000423386 218.897
4473.92 4.1466 17.9102 5.94218 64.2661 30.1594 72.4608 2.70801 39.1768 15.4649 33.4281 3.84613 26.9935 29.5351 20.3589 5.5133 12.1542 14.6989 16.4521 3.45346 10.1534 52.0428 0.000423386 222.809
4434.29 4.71912 18.9986 4.42176 61.4768 55.7308 34.3978 21.0347 39.1768 12.2445 33.1064 14.4585 25.2794 27.9876 20.4976 7.07829 23.3721 15.8922 4.58881 28.559 14.5728 6.62523 0.000423386 218.014
4469.1 3.18326 12.6631 14.4964 61.4768 44.6524 35.7887 25.1722 39.1768 12.3609 33.1064 11.9171 24.8973 23.6236 24.0271 4.00108 29.7213 38.6719 12.9374 4.90997 0.808201 10.4305 0.00430535 220.291
4484.75 7.8011 12.1114 15.6971 51.4789 47.3101 30.544 23.4676 33.8285 5.33678 58.8458 5.62516 13.4185 23.6792 17.774 17.8563 24.2422 62.7616 6.39218 9.94979 7.03722 23.2549 0.00450341 227.352
4489.6 8.19269 12.0743 13.4087 58.5716 50.4037 23.5304 23.629 29.7272 10.3543 43.0465 3.21206 47.5964 8.57973 27.3686 6.04921 10.9345 21.8469 7.99928 10.9386 2.92855 22.5929 0.00322334 220.119
4533.45 2.4047 12.1484 12.8955 53.9939 50.4037 29.0186 20.7506 34.8504 15.5364 20.1424 7.41854 55.9075 7.77343 34.7492 8.72146 8.97461 28.44 14.1947 12.2923 6.18898 12.8319 0.0186613 220.585
4533.89 16.6797 2.1548 13.2376 60.2443 35.1947 32.1755 15.5839 43.7661 9.8154 33.529 8.50831 44.4025 15.4772 21.9679 19.5288 1.46668 11.1428 15.5287 28.2766 3.5631 6.6205 0.0834051 222.346
4531.28 12.1152 4.08027 16.2998 62.6394 33.6259 29.4559 23.0985 43.7661 9.8154 33.1751 8.70026 31.6311 14.473 22.3239 20.326 8.547 12.791 35.3175 11.2436 18.2645 82.835 0.00703845 225.789
4526.69 14.9356 3.55037 20.9667 20.5412 60.8716 35.0314 26.3378 35.9848 17.8666 37.4178 5.701 24.8343 26.598 20.5792 28.3183 0.610185 25.5986 21.1493 14.2983 10.019 42.9221 0.110053 219.862
4539.15 7.26807 6.83623 22.7524 16.3182 66.139 30.7799 26.0097 35.8227 12.9513 39.012 26.6977 29.0607 15.4516 14.9465 7.92976 4.66034 23.8587 10.7892 13.5285 13.3213 6.98338 0.191976 219.193
4609.47 8.69116 8.61784 22.8526 1.81913 58.1952 30.7799 25.2807 40.3238 14.7212 34.5423 33.8387 18.5983 29.9013 9.34436 12.8388 5.22552 12.1676 0.898011 46.346 2.54648 4.84572 0.163118 221.612
4542.73 6.36151 3.6106 30.4306 9.03681 66.8272 39.9304 21.7234 33.7038 7.58565 24.5703 36.0753 10.2672 46.4287 3.86136 10.0126 46.7275 7.38572 17.2075 9.14604 20.0364 31.412 0.258991 226.004
4539.48 9.56248 5.94759 35.5162 3.9715 66.9729 44.8739 21.2195 22.3023 10.0028 18.7929 47.2575 11.4945 49.3683 8.82214 11.0852 36.4589 20.5113 16.8209 1.13588 3.03483 37.4078 0.0919737 228.629
4542.09 10.5188 6.58538 39.3324 2.14803 70.7576 46.1831 19.473 3.13324 31.5595 28.1774 32.8201 0.540648 47.6142 5.515 16.2346 31.7904 12.7297 20.8117 2.24535 2.114 36.4761 0.0395328 222.585
4563.08 8.13787 10.5875 35.1787 4.3626 39.1688 59.9417 30.4517 4.60631 24.5804 31.9334 29.3479 15.7098 22.2697 22.3796 31.6002 24.4621 0.809884 23.7278 2.24535 24.2009 34.6426 0.0464156 222.866
4565.18 6.09272 10.3069 39.1382 4.71591 38.8096 57.6468 22.398 20.2978 26.1969 32.126 30.089 15.1833 16.9429 25.967 6.04081 29.831 5.78467 11.9236 12.1007 25.4617 59.0675 0.00197663 218.645
4526.25 7.03504 33.2507 18.8369 8.11304 49.9643 55.1142 28.6283 8.15196 14.8156 18.026 39.7391 22.7321 14.7478 33.982 1.71748 39.6402 21.4911 5.60057 2.3179 12.4007 30.2379 0.00197663 217.481
4530.32 7.99704 31.299 14.8173 13.2464 52.2721 57.6189 16.1072 24.6928 8.11956 29.752 24.1668 22.7321 13.8295 34.781 13.3337 30.5866 12.2309 15.2775 4.26911 18.9536 28.7583 0.00197663 214.615
4505.63 5.88103 29.5701 15.1014 18.7171 50.2613 64.5148 19.3163 22.3745 3.0354 34.1637 32.9461 18.214 18.6161 21.4369 23.07 33.0391 13.5644 1.01188 9.93522 6.47921 23.4377 0.00197663 221.62
4476.61 8.34114 31.0556 14.7947 14.6469 44.9696 64.5148 13.9285 21.0361 16.7405 41.838 33.7105 22.4274 8.71583 23.9464 9.90936 7.95958 12.2523 27.5732 23.5778 10.5042 30.9107 0.116251 221.868
4483.28 14.1457 31.4678 20.3344 9.0833 46.9152 55.6005 19.4682 17.9519 16.1457 43.5643 25.2089 32.1927 11.9629 15.2229 12.5763 9.44643 11.3901 31.4372 6.42282 12.5412 12.8861 0.0890778 216.889
4454.07 18.8451 33.2054 23.9408 4.12283 55.1904 51.563 17.4576 23.2743 18.9612 37.9172 9.93605 32.8378 5.40687 32.8692 11.4052 32.6759 6.89403 21.4683 7.73122 7.96245 0.945037 0.0844694 218.319
4460.44 13.4167 36.6812 18.1747 4.12283 60.5764 51.563 17.4576 17.66 16.1209 40.9734 20.0356 33.5261 4.85247 33.2525 11.2667 22.3938 9.48263 16.8563 7.33025 2.39782 1.24963 0.131914 218.992
4479.34 22.3053 28.4018 15.9132 7.84088 58.1176 49.5309 24.082 17.1378 15.4746 34.0364 11.3605 36.8515 6.11748 38.0287 11.4096 18.3244 17.6056 9.52571 6.94039 20.7361 6.32137 0.0396966 216.568
4486.69 23.8277 28.4018 13.4661 7.84088 57.2658 35.7276 28.0638 23.5735 10.0608 38.4031 18.9778 35.6394 7.95223 36.2757 13.7275 7.59207 20.29 13.8321 15.521 26.5958 7.35853 0.0927909 218.754
4458.5 28.8719 28.4018 8.71719 16.6117 43.8368 43.9167 28.0638 27.7833 9.05361 38.7582 20.3288 32.7982 5.59979 35.8198 10.7154 10.2723 13.3609 10.8359 9.46337 31.963 27.7338 0.0507856 217.23
4605.37 1.02418 22.9038 10.7754 14.8968 52.9163 41.392 33.5409 22.3304 15.5211 36.0408 14.7116 37.3367 7.50342 33.8407 3.38636 26.3398 10.9037 12.1576 12.1949 28.9448 21.6328 0.0062512 217.61
4654.19 6.97851 10.1387 11.7659 11.041 50.0639 43.0219 35.5617 12.9124 30.4611 35.3027 6.55741 35.848 2.61815 32.0056 15.4344 19.7165 15.0659 30.6766 3.43939 29.1736 9.7396 3.2197e-05 212.56
4647.5 14.193 9.33555 6.47699 13.8557 54.2744 34.6682 32.2538 15.4029 32.8805 31.8108 14.2974 28.6342 10.6127 29.6802 14.2374 19.2341 18.7871 11.1161 10.5051 24.0858 23.8485 0.0107681 213.268
4453.05 24.8723 5.99283 12.2591 38.96 41.7214 51.7197 35.7589 4.05228 32.5948 34.152 20.4618 22.44 7.6004 34.9802 19.8399 5.72755 9.08989 38.4947 11.5779 12.0241 30.7014 0.00140007 216.491
4453.05 26.8167 3.37632 13.5537 32.5387 41.9276 48.9866 41.1211 11.741 19.7356 28.4308 26.3644 26.1237 14.5096 34.2221 14.2489 4.80422 11.8821 26.1908 12.8513 5.00448 1.87008 0.00636855 218.092
4461.9 26.8167 9.83232 15.4075 38.9737 42.3327 43.9612 32.443 13.9247 18.1811 39.0404 29.6586 9.43292 6.95378 40.3786 11.9953 3.6846 12.3086 40.2105 18.4873 12.1042 38.1786 0.00474673 219.323
4465.16 27.665 2.83024 21.9427 30.4227 35.568 35.9136 63.2949 12.4849 21.6193 14.4109 42.4949 11.546 7.14201 38.946 13.9541 10.1509 14.7499 17.1858 13.2336 17.5166 7.12978 0.00106667 217.77
4438.49 33.283 3.21325 12.2307 32.0221 35.568 48.0786 63.2949 8.02452 5.65732 9.42753 50.9367 19.3883 10.5865 42.9193 4.89485 6.91682 13.5108 24.545 15.3283 17.4753 1.21594 0.000309057 221.703
4487.36 35.2868 13.6461 13.2376 40.3842 40.9873 27.4229 38.4646 7.33045 5.65732 43.4923 40.8348 2.58812 25.8076 19.2211 9.79741 23.8168 3.7895 8.91933 11.4558 9.14827 90.2073 0.00882684 228.718
4376.64 23.929 15.3006 23.9682 66.9399 38.1161 41.1635 30.4404 1.91502 11.0377 40.9637 29.8482 2.69046 33.5635 23.573 10.5076 42.3024 7.83868 4.94168 6.78072 17.4433 31.6264 0.0203652 223.888
4312.01 17.9359 16.1847 37.0157 52.3162 65.1365 9.32824 49.5316 4.07081 7.93805 52.2195 19.8327 13.0797 20.604 31.4571 5.75669 34.87 6.53854 2.04942 6.98322 2.73412 12.1484 0.000783716 226.214
4457.85 9.11519 15.537 33.5703 55.7119 42.6167 13.3648 48.772 3.32449 15.4095 51.9745 14.65 20.0149 17.1556 28.8266 15.6298 17.0558 6.10005 17.2537 7.38229 4.92023 2.10478 0.0229586 223.062
4445.21 19.7987 13.5229 8.57376 53.423 56.558 16.2293 39.9173 10.9635 27.1596 39.3847 15.269 26.9993 20.6729 23.2041 15.3171 7.5824 20.5523 20.6388 9.12067 28.9303 10.6262 0.0497922 219.882
4467.32 21.7984 9.14451 9.2036 57.8679 56.558 12.0027 38.7061 10.4453 27.9826 42.002 14.302 19.6067 20.4032 24.0834 12.7849 27.532 6.38554 15.508 5.75544 2.19798 21.6982 0.0433386 220.914
4467.32 8.24281 17.7929 7.31261 57.8679 56.558 14.025 35.7616 13.917 29.7581 49.8628 15.0815 16.6957 20.2921 21.0393 4.26548 13.8372 1.09959 21.6546 11.2058 24.4725 78.7493 0.102251 226.698
4433.49 8.698 15.3185 7.31261 57.8679 63.2499 14.4717 39.6079 10.4055 11.0827 56.7982 42.7011 3.33137 19.9019 8.92121 42.1639 11.1326 0.931661 10.0079 10.6318 27.5498 4.25245 0.00995611 227.697
4426.58 4.7432 13.456 14.2627 57.8679 60.4776 24.4211 39.5266 19.9986 7.15671 26.0082 53.3591 3.57391 21.0521 19.5585 29.6906 8.11664 14.5781 21.8076 17.847 19.8545 13.1404 0.0432301 222.355
4571.54 8.77156 11.0271 6.59048 55.1786 30.9508 34.3752 35.5253 21.8816 23.5937 2.19647 46.2808 18.7626 7.83835 35.3566 17.0743 12.3639 14.4553 1.83318 9.22854 39.2262 11.0913 0.0367959 223
4548.79 1.16282 2.78308 1.62715 55.1328 43.9666 37.3267 41.3126 23.887 21.9048 4.65689 58.7155 19.3863 8.04582 29.4799 3.40391 1.0601 36.2392 8.87815 19.5025 11.0068 8.95034 0.0352551 222.501
4516.19 7.99681 6.02601 2.79167 55.1328 57.2463 29.4076 50.4664 12.8913 22.6363 6.49129 47.9789 31.0971 10.4063 14.2582 6.93342 16.0262 30.244 20.5669 7.63941 9.58246 5.5821 0.00541036 219.439
4520.12 5.34785 10.5516 8.81586 66.3518 46.7103 30.9942 36.0561 11.3951 17.9301 18.8981 49.0663 20.2222 7.0474 22.5427 3.67692 20.8328 16.4458 26.2469 6.07872 4.65254 15.6859 0.0181418 220.983
4551.09 1.09061 12.1133 7.10145 66.3518 61.0147 3.98125 27.8879 38.2934 17.9579 20.3992 20.2475 20.7674 21.4716 14.5649 5.6951 36.3136 8.50071 44.1457 0.775308 1.8647 21.0414 0.00627092 224.788
4537.94 1.53333 10.3324 4.0709 63.901 63.2077 7.10518 33.1102 30.0666 17.9579 23.8358 19.0771 44.1503 12.3658 20.5396 9.87817 27.903 12.1445 27.5367 2.71191 5.52148 14.5658 0.0100451 217.407
4508.2 8.11147 2.44269 6.31579 63.901 68.5311 7.91228 33.2964 28.2234 18.4198 36.6106 14.4345 40.2238 4.07958 19.8089 17.4179 23.4206 11.7594 10.6107 10.732 3.84907 7.07855 0.00186847 215.313
4513.45 7.2866 0.187848 3.96294 63.901 68.5311 11.2915 32.6511 26.6246 8.32904 36.6106 30.7343 13.7159 13.2423 41.2117 14.2537 8.37084 16.5524 16.7231 23.8499 6.20527 3.11768 0.00186847 215.566
4520.06 7.2866 2.82974 3.96294 63.901 69.773 11.6751 39.5355 24.6234 4.02398 40.0472 27.3491 1.65289 5.09176 44.137 15.641 9.06456 6.67108 0.889908 27.3742 40.5759 26.4133 0.000372136 219.162
4515.64 7.19726 2.27059 4.68263 63.901 67.5257 13.8266 29.5894 33.0838 13.4035 31.463 40.1296 1.51356 10.5266 44.137 14.2168 9.57565 7.60188 12.4236 7.73051 34.8626 18.3781 0.00968282 220.152
4524.52 3.5261 6.79891 8.01956 58.0385 69.3134 14.9751 29.9473 29.3508 10.9203 32.7008 28.7279 1.40254 12.1714 51.9974 6.93478 6.53752 7.60188 20.6176 18.4965 10.9614 8.86313 0.0176728 217.53
4473.25 10.7284 6.28896 7.47796 61.4419 65.4213 14.0163 32.0628 21.0728 14.3971 36.2604 35.175 2.00975 16.1649 50.6658 6.96347 13.3527 4.23599 22.3678 25.7479 20.7202 11.2569 0.0376802 220.814
4457.48 10.9527 12.2389 11.4113 58.062 63.4618 15.0817 36.4936 18.8964 2.9413 38.5703 32.6341 17.3612 19.7155 32.3651 15.9208 6.84471 3.96513 23.2002 31.0829 9.14604 3.97874 0.0181331 217.099
4457.48 9.48143 13.1735 1.68083 67.1302 63.4618 15.2749 30.7048 35.3098 2.9413 43.7242 17.9663 19.4743 8.95309 45.2318 14.3203 17.6125 5.56619 31.0733 29.6415 5.71189 8.20915 0.0199019 222.286
4462.72 17.7873 17.7858 5.52736 68.3634 45.6849 10.1613 41.0113 7.15587 35.1916 37.2359 6.49332 37.5112 2.93045 33.0835 4.02734 38.828 16.86 19.739 2.44416 7.76823 16.874 0.0927413 221.997
4428.48 8.79243 18.0824 4.69566 64.883 53.7423 21.8818 37.245 9.35751 47.0634 30.4197 7.55897 35.0213 8.65539 26.3642 13.59 0.915119 14.3 14.5815 27.4248 10.8221 6.78347 0.0137536 220.785
4478.63 11.0542 16.0446 0.508751 58.8981 71.0155 3.3298 43.4207 19.578 20.2598 40.02 9.28699 21.2202 17.9713 33.3372 20.9077 15.3356 28.0607 6.79021 7.40477 2.28311 15.4229 0.00209042 217.869
4395.42 11.0383 22.6342 9.48445 60.5953 71.0155 3.3298 44.7442 14.0936 22.5661 31.2355 9.89621 20.9894 14.0151 43.714 20.0891 15.8397 28.7055 21.9868 14.2291 9.18322 22.5001 0.00180703 224.251
4395.42 18.8835 21.8607 13.9159 59.7039 24.3969 36.7526 58.0004 6.05038 6.1713 36.5684 18.9203 47.3746 13.2744 13.2488 17.0247 20.0337 32.2623 39.8543 11.8488 19.3146 3.15836 0.0128069 228.583
4377.89 14.8622 33.8876 13.6952 53.9968 17.2868 44.2633 46.1856 16.6136 7.9073 46.7958 29.0047 30.9357 11.3744 13.4221 4.25487 21.184 10.708 20.333 11.8977 20.1173 7.87875 0.056143 223.929
4425.96 40.0221 23.6273 2.34655 16.5813 34.9396 54.5739 48.9767 3.82728 8.91681 57.089 30.471 23.5971 0.233161 31.827 12.3536 30.6064 12.2107 8.95479 5.70677 3.96991 32.6428 0.204812 227.425
4512.09 11.4444 19.9206 13.4793 22.5484 32.7652 59.6877 35.1943 13.237 20.3903 40.4552 35.7269 10.7493 2.28961 42.1625 12.4806 24.709 10.0463 10.7911 21.3228 6.46258 20.8337 0.115196 222.616
4522.95 5.76243 38.9274 12.2469 8.75057 36.0358 64.245 6.72782 21.9148 37.1733 40.0378 17.4568 10.7493 6.14568 44.726 6.34448 22.8845 20.7583 9.66134 19.2743 10.0109 13.2129 0.160438 222.073
4457.71 10.8665 49.4 7.29422 18.9997 30.2245 63.1733 7.66003 20.5894 28.9533 48.1617 13.4002 10.5377 31.6214 25.8239 19.0683 24.8775 19.6197 9.93826 24.1073 2.93789 7.92512 0.242463 227.398
4463.68 3.54851 52.2292 2.31584 32.2925 32.4628 65.5708 12.1564 26.09 7.2702 47.5561 10.6524 22.2234 36.58 13.4968 23.6313 3.46497 12.3081 11.3905 12.4972 24.2717 42.3388 0.126433 223.193
4471.83 4.45631 54.2173 2.32627 15.3691 49.5514 66.4141 10.6718 14.9084 25.0809 40.5032 13.9107 16.2888 33.1019 12.1432 17.5055 23.9343 0.887857 14.2881 19.421 9.12876 55.9043 0.0378521 220.666
4471.83 4.78692 53.1408 10.6343 11.8698 43.7567 68.3665 2.62098 21.4203 19.2271 42.2259 18.5367 16.2888 34.3624 15.4124 0.749494 55.1293 2.03387 13.3204 4.22519 9.12876 38.414 0.000605177 221.378
4428.62 1.52173 53.7731 14.0393 9.93375 48.5195 78.002 2.51929 25.6753 21.7271 27.4803 17.411 31.1476 20.3915 16.4671 11.3154 13.8754 16.0145 39.0965 0.926869 4.60433 3.40048 0.0633399 223.544
4430.89 2.89425 56.4957 10.4486 9.93375 37.3815 78.002 12.1679 22.0451 22.1151 31.6832 18.9179 16.7391 12.7977 19.4024 18.2863 18.5922 7.42826 39.953 19.7373 10.9426 4.08515 0.0527701 223.375
4426.02 8.24409 56.4957 10.5853 9.93375 34.8172 79.9474 16.0839 0.822117 26.9476 32.322 15.202 25.2596 17.3127 25.0172 13.9975 5.86656 22.6139 37.4684 24.1846 31.2173 4.20018 0.0122766 227.828
4423.76 9.66887 56.4957 13.3253 7.13262 41.2477 74.183 17.113 12.7781 39.7289 14.5208 9.90856 34.1243 22.1346 13.0709 34.6714 6.25984 19.3304 25.0958 19.4925 20.3994 1.47956 0.00452872 226.363
4369.16 15.1862 56.4957 16.6204 17.6232 18.1837 69.1901 11.9389 16.2722 68.7977 12.2213 15.754 30.7396 23.5233 6.96569 24.6591 7.14186 13.1006 48.9047 5.35803 18.0386 23.5957 0.00286732 231.217
4354.92 18.7641 46.0136 13.0939 20.6798 28.6934 86.9798 12.2343 16.4664 54.2015 8.69326 8.48262 39.717 15.0604 14.4714 21.1645 17.1103 10.2014 7.34304 4.29815 2.23831 49.533 0.0191778 226.481
4363.42 20.3391 46.7659 10.2474 21.9603 28.6934 86.9798 8.77167 16.1815 54.2015 7.98478 9.45137 36.6068 18.7767 14.6949 17.783 28.2821 21.6725 26.771 2.903 2.15299 1.72743 0.0470148 224.978
4369.75 28.7307 25.3686 18.2718 25.3613 15.1811 101.076 11.6537 16.2996 55.8475 8.1761 6.1827 38.2885 21.5708 2.39016 15.4584 25.9469 20.5961 25.8025 7.38701 1.15832 4.35142 0.0318496 224.796
4369.75 28.4623 24.3499 19.8562 28.2778 12.5604 105.098 0.953533 16.1479 37.8576 6.71359 0.461255 57.2145 25.9546 12.3701 19.9548 8.39129 29.9665 3.39035 18.9015 36.814 11.2156 0.0499506 232.012
4485.64 19.1345 12.3715 14.3537 27.5788 23.6226 81.989 11.7083 17.838 26.3369 31.9464 22.1305 33.9309 24.6494 11.7778 7.86764 10.3743 30.0793 3.24417 9.85779 49.7175 12.1418 0.0133768 219.791
4471.95 21.5929 12.8759 15.3091 29.1606 38.7268 69.1141 17.1158 14.2117 29.6538 20.8272 31.7191 22.487 26.0048 10.9149 10.213 2.95371 30.0965 20.7279 17.5184 49.7175 36.7937 0.0451083 223.165
4494.43 21.1162 9.83105 10.7168 30.5299 38.1489 56.4737 19.0708 31.287 30.4647 19.1269 27.5975 18.8821 33.8108 9.72654 19.9194 8.83604 30.0316 0.585734 17.3003 24.0748 63.7788 0.0460734 221.5
4528.52 21.5837 23.0555 7.40042 28.7206 42.3478 59.6512 2.78924 25.8761 29.5746 26.662 23.9503 11.0493 33.8301 17.0345 7.8177 29.4576 30.3428 2.94486 19.2945 10.2268 44.226 0.077369 220.33
4538.12 21.5837 21.7553 9.8151 27.8206 42.3478 58.2378 3.37776 25.9265 24.7741 26.6508 25.7111 9.67369 38.9396 17.0345 1.27639 20.3367 27.0843 8.30173 12.0514 19.2204 32.118 0.00226142 216.731
4551.42 17.749 23.2777 7.58085 28.4186 34.8555 62.3018 8.60848 21.0387 29.7132 37.3353 19.3152 3.34578 37.7762 14.7921 16.7102 19.2116 19.816 14.3051 7.63191 34.6231 29.1593 0.0165988 218.945
4583.35 14.3805 19.0476 8.2003 9.44784 49.8002 53.9886 16.8804 30.2657 22.4818 32.1531 14.0677 1.93914 24.8424 30.965 22.0959 11.4934 21.2662 14.1147 13.3042 2.20231 74.0384 0.000189125 219.859
4598.19 12.7678 18.7521 6.5786 9.44784 44.9023 58.6446 12.7756 34.6049 24.895 35.4052 6.46742 17.9072 17.0905 26.4485 38.893 2.56551 17.1542 14.6781 29.8504 5.93601 65.0881 0.0339084 221.493
4619.06 12.8287 16.2663 6.17298 6.25862 59.6678 52.7319 11.3871 28.3132 17.4947 25.3764 30.7106 22.1369 23.4738 22.0533 20.9455 9.63151 3.61823 16.7767 14.5215 28.4039 9.53735 0.0750485 216.822
4539.37 7.67894 26.032 17.7012 14.0795 59.6678 51.1543 17.0106 22.2201 17.2704 21.6179 46.8026 7.53817 16.9375 28.3227 9.35406 14.9179 0.784098 16.3904 7.89132 36.4676 6.15935 0.000803107 217.055
4554.64 9.93396 20.5029 13.8839 13.0116 53.0077 57.2262 10.8318 26.1084 9.03822 28.7682 52.8865 16.323 13.555 19.1796 1.71662 31.9151 5.49031 6.75222 27.0523 13.4103 11.5168 0.261307 222.701
4563.75 16.9598 20.4934 9.81146 7.00588 68.9561 44.1906 6.06095 34.6906 5.36492 34.0893 29.4698 17.5127 49.7855 4.24549 2.07374 33.3225 2.3078 16.8892 18.8633 22.9732 19.8872 0.115336 221.217
4551.97 16.3098 17.1845 13.9524 7.90873 66.8643 30.5597 5.05222 26.3345 26.0795 21.679 27.9025 23.1848 58.0025 4.24549 14.499 6.24077 2.6707 22.5479 27.816 6.70493 28.5011 0.189323 226.953
4551.97 14.0693 9.18903 10.1134 10.6283 72.5337 34.7581 18.8938 21.5552 33.4852 2.49772 27.6243 53.9701 19.3276 25.9126 12.7287 26.3739 31.7151 20.5146 33.7977 1.25127 25.4723 0.221863 235.244
4509.38 9.12422 21.1663 14.3008 13.1186 75.9614 26.8249 13.6157 37.5406 40.5086 20.4885 3.30821 37.8587 14.3578 22.0366 19.1135 9.35004 27.6495 1.04654 57.4228 3.03786 64.033 0.199191 232.892
4473.22 25.1226 30.3146 19.875 2.60196 42.2445 47.7948 33.8892 21.8259 12.8964 47.1478 5.04659 42.1243 8.09681 22.0366 14.933 6.52518 30.0699 24.2407 15.369 4.05121 44.01 0.0507941 222.882
4607.18 12.4527 10.0335 22.4521 0.755646 45.0103 52.3759 28.5535 17.2099 15.0386 39.8929 10.921 40.8769 18.7257 22.0366 5.2387 19.9785 12.3188 10.3224 31.9295 2.99144 30.5158 0.082928 218.917
4616.06 12.3337 9.97034 18.2081 0.755646 49.881 66.3746 4.86229 37.4383 3.09213 38.9701 8.05439 50.2988 21.1857 11.8415 2.44769 4.02626 2.94284 27.2832 27.5642 29.6733 14.2989 0.0349019 223.341
4607.12 14.0419 8.17338 18.6161 8.92221 49.0942 54.5477 15.9963 37.4383 3.09213 17.1124 12.5049 52.1429 33.6424 12.4521 4.90689 0.801288 8.00548 29.4753 23.4002 10.0493 4.6803 0.091664 220.14
4596.99 9.42491 9.30286 20.0595 8.92221 50.466 64.5516 1.58773 38.0148 10.328 26.0506 19.6906 34.115 28.6535 7.70379 10.7014 12.8317 15.3681 31.8288 8.26228 30.7797 34.8196 0.0635499 226.668
4595.72 7.4093 15.322 20.0715 2.90637 50.466 54.4049 9.63466 33.0716 15.2822 32.4303 12.9758 35.6758 31.2797 12.1667 29.5169 15.1516 11.7208 22.272 7.67466 4.635 15.623 0.0772849 221.631
4596.36 5.03366 21.5629 20.1094 3.21518 50.1182 44.121 12.9479 35.8025 14.9511 22.7006 18.2179 48.5058 35.5481 12.281 4.1365 33.8165 5.65195 7.23104 9.72866 18.1143 20.93 0.0323765 223.02
4576.41 5.71415 24.5081 18.7638 4.85269 73.4512 37.2195 12.9479 26.0393 21.4068 22.1669 15.5645 44.1335 14.3893 13.4993 12.191 42.9203 15.5897 6.31663 7.99404 13.2266 21.1823 0.0238518 220.17
4585.1 12.9122 9.27804 19.4292 7.61268 74.8666 35.9227 22.3976 28.5277 31.4272 10.9127 24.9252 12.7256 30.1684 16.3664 9.98392 36.8784 14.35 3.51544 11.2855 6.75295 12.999 0.0929738 220.999
4584.39 24.8744 7.74741 11.8736 4.56308 68.86 26.3078 34.9312 16.7452 30.6205 11.7244 42.0158 12.3914 38.7384 16.7822 4.15558 32.7972 2.60246 4.66345 7.8729 32.7504 27.3855 0.158678 220.37
4583.06 25.9721 7.01694 8.50183 5.93578 64.0512 38.9293 33.2339 12.7303 29.8651 22.1141 20.1936 12.8552 27.6064 29.7276 19.8058 11.4394 18.9223 37.2125 2.59183 11.6617 21.4909 0.148112 220.399
4595.77 20.6851 2.15397 18.4495 10.3904 50.8863 38.9293 38.7193 11.3458 25.2619 32.2891 33.2678 24.3206 13.1818 16.4178 24.4462 4.178 19.1485 17.1232 17.3634 22.3733 73.7778 0.0361093 219.292
4595.01 24.6215 2.15397 13.3834 30.735 53.8739 32.6384 16.5044 19.8457 20.8006 33.8904 40.5487 14.1215 3.48343 24.8278 18.1867 31.3998 16.6074 15.3504 11.9608 17.4706 27.1575 0.0144007 221.344
4594.66 4.99631 3.75355 16.8515 27.299 68.8525 29.5863 13.8103 21.7871 16.8581 45.6742 40.9018 21.3845 7.75904 19.3699 17.597 5.10668 18.3418 11.0497 7.10066 72.6024 17.3553 0.0144007 222.434
4572.05 2.70845 3.75355 20.4373 26.6322 70.865 30.4471 23.4284 22.2748 10.5908 38.8868 39.9095 16.8297 11.3064 17.7693 11.0436 16.1251 20.7654 15.4552 17.3844 17.1989 46.4149 0.0635642 218.638
4580.47 3.6873 11.3259 4.33539 30.1088 73.6347 25.759 23.7794 29.2586 9.63257 42.3095 25.58 17.1878 16.541 46.379 12.1118 19.4044 0.830032 21.8927 18.4823 13.8691 16.8685 0.0241109 225.381
4566.44 1.93121 15.6163 15.3849 25.1843 74.2399 19.8375 28.1757 13.315 26.3971 38.304 22.5374 11.3896 19.8965 31.6419 2.82382 14.2292 8.6688 25.5829 13.3026 50.4868 6.94779 0.0187013 217.38
4564.55 18.2051 15.9361 10.7234 24.735 62.5998 16.4737 25.0435 14.0831 31.5498 45.3715 21.0976 7.55834 20.4222 32.2717 4.96019 29.1772 12.4975 7.70648 2.29991 50.1887 11.0522 0.0525029 220.805
4553.32 18.7595 16.4567 11.6192 27.2973 56.7345 19.1779 28.6385 28.0046 11.0954 60.1531 16.2738 7.09804 19.7391 30.7398 6.66498 4.76616 15.2125 4.3848 3.59012 22.3719 13.0247 0.107877 221.702
4549.78 10.7117 11.9658 0.227987 24.2593 73.5889 27.8927 28.1241 27.4465 5.60282 55.7031 15.1139 7.87109 14.9855 51.7837 9.95623 18.2066 18.4782 12.9815 5.88041 21.5479 1.42899 0.243072 221.337
4588.9 10.3438 7.4002 1.79961 19.3936 83.2612 24.9689 27.096 22.1244 25.3152 26.2415 17.4318 3.8102 18.6364 47.9044 13.4235 25.7748 17.5006 9.29893 6.06317 35.94 5.88155 0.246168 223.149
4597.43 8.89936 22.0529 2.7515 6.05805 83.2612 16.5743 29.6958 15.3426 31.0816 35.5876 9.83649 26.7329 25.2787 7.89729 24.717 0.407957 13.0228 18.7901 42.2269 18.8182 9.31531 0.323114 225.685
4616.77 9.21436 22.0529 2.2399 5.03884 82.5047 17.4604 26.0198 17.8863 32.3303 36.1987 20.8713 7.99777 20.4764 27.7079 15.1165 28.1495 10.5173 8.57448 24.1801 21.1184 7.32429 0.193802 221.936
4590.14 12.6935 16.3895 2.2399 1.21921 93.6206 16.3092 33.5154 19.637 25.2428 38.0629 8.63819 21.0243 16.932 33.599 11.4097 7.169 16.9928 25.4307 28.0413 37.8683 4.70875 0.16369 224.954
4579.52 18.0719 20.9905 6.47631 1.21921 87.4087 27.3911 14.5256 13.0241 24.264 50.9065 4.44084 10.8399 28.4218 31.4847 9.41732 37.2885 5.52531 23.7131 7.72872 14.2819 16.2938 0.091085 221.589
4557.58 9.93053 21.6475 13.8609 3.60511 78.371 30.3875 27.2719 17.5289 25.4042 45.0653 12.6744 14.1051 2.34571 42.3915 13.0377 40.534 5.52531 13.3659 7.25951 12.9108 6.73019 0.131847 220.367
4596.07 8.00716 15.6515 20.0877 5.3293 70.1323 41.5837 15.3207 14.1781 25.5639 45.7086 3.73782 24.973 9.21977 40.9273 9.63699 37.6478 3.38441 13.6549 2.77705 22.9518 14.5565 0.0250661 214.787
4613.98 9.51088 14.497 14.2364 6.35387 58.8637 30.922 29.1812 10.8428 32.0278 37.9977 25.4286 28.5766 9.16123 30.5183 6.82123 12.8955 20.6615 2.33569 8.27215 31.3469 33.8675 0.102127 220.025
4613.98 5.83056 13.4162 21.1271 4.3004 46.0182 42.7064 32.6582 18.5641 26.3692 38.269 16.7314 22.3503 13.7382 10.9102 21.4165 20.7195 2.48064 6.70828 43.9345 1.45118 9.12605 0.120299 219.858
4616.71 8.41388 9.4061 21.0704 6.83963 23.6327 71.4458 22.9244 18.1617 28.9671 46.1776 2.37943 48.7253 1.01208 34.0454 1.74059 9.77461 8.84708 5.10965 40.6507 5.80091 5.29199 0.121937 220.739
4604.22 11.3206 13.3668 16.5444 6.97016 24.2133 84.0302 16.8121 13.3316 15.8714 49.9089 18.8377 20.775 22.7555 20.3322 7.44352 46.2571 17.9869 9.53047 2.06774 0.4592 11.1774 0.146367 217.969
4592.7 6.01118 16.9749 18.8936 8.22596 22.7674 92.9901 14.9964 11.6956 22.1361 46.5767 7.00082 18.6887 40.9327 11.937 23.1465 15.8407 10.3121 11.2067 19.5604 4.86772 21.5172 0.0150188 217.354
4595.76 2.06881 17.6454 17.7463 11.8096 31.5225 92.9901 7.13178 8.9106 24.8915 48.6546 7.30737 31.7681 19.1135 11.6162 21.4365 17.2303 0.396457 28.9412 12.0663 10.8416 15.5985 0.0890375 222.36
4610.22 5.4407 18.9441 18.7482 3.33384 30.8778 93.5992 10.6835 6.78294 20.0479 49.7869 7.56598 21.1756 25.1325 18.9994 19.1694 6.15161 4.70031 23.8367 16.279 23.3137 16.0523 0.00317261 217.781
4579.56 5.21851 26.564 11.2831 6.56059 27.1821 82.9133 10.6835 17.1846 18.5694 61.1207 2.62374 23.796 31.8277 13.8198 15.7395 17.1776 36.9582 0.797816 6.1233 9.08985 30.9795 0.226028 221.706
4633.2 1.9266 21.4768 10.6595 10.6858 33.8216 80.3898 15.092 13.4621 11.5121 56.8414 0.543629 24.7831 11.1482 26.2716 15.8753 51.8247 15.1305 7.84227 2.17894 17.2955 28.5761 0.0358305 220.605
4696.3 3.15748 0.794997 16.4109 11.1767 20.2231 98.1237 0.842485 6.55524 17.697 56.8414 33.7355 8.86923 11.9833 25.9457 12.4257 29.4536 15.9612 6.2506 9.47457 18.7285 18.5746 0.00691511 222.559
4569.77 2.29689 23.3988 21.1031 8.29947 33.1338 92.2581 2.49514 6.05963 13.6757 48.9951 15.0201 32.4192 4.13301 39.537 13.2456 27.5566 12.529 4.38585 11.0429 11.9492 21.8644 0.0335797 219.659
4580.65 2.06267 18.3385 20.4292 10.7011 31.9023 88.4791 5.33839 24.459 10.2747 38.5523 16.1345 19.9435 1.00955 37.276 36.3832 3.35376 16.5758 1.64397 4.78872 27.857 12.5012 0.0410675 223.674
4595.7 5.42204 21.5209 13.1767 13.0338 19.7254 96.3774 5.60774 28.25 7.65526 38.1458 31.877 3.74122 31.5113 15.5716 32.4544 15.1467 2.34383 6.96645 15.2298 17.9024 10.9922 0.00434968 216.154
4606.2 9.4494 21.1589 7.16511 19.0996 20.4061 96.3774 14.0484 29.2453 9.56114 16.7085 26.804 26.3323 21.0418 15.5716 19.7904 8.16882 8.3535 24.2969 10.8099 49.258 19.9772 0.00499662 225.012
4610.13 12.6696 22.588 3.56985 15.1382 26.3891 73.4942 26.6714 15.9898 24.927 13.2038 38.362 25.1845 21.6309 16.4103 7.73305 11.711 13.5924 10.2142 21.758 49.3904 34.269 0.0162843 220.834
4592.15 15.3483 20.0844 3.35252 12.349 7.85244 81.5492 39.3327 18.2942 18.1783 18.4609 37.6079 14.9084 21.3553 30.108 9.14364 23.914 27.1729 2.4951 24.4445 2.39709 10.4543 0.128186 218.799
4599.04 16.6462 16.032 8.05192 7.67218 7.85244 72.5857 52.8372 10.2284 22.8166 18.5552 37.6079 17.4831 11.0163 39.2252 5.44944 3.26968 32.4005 17.0718 5.85733 26.5743 12.4518 0.240027 221.082
4589.55 16.3605 16.5385 13.7348 6.05111 7.85244 72.5857 58.271 12.43 19.1109 27.4003 31.2264 20.8606 12.5645 30.8025 11.5443 6.36682 7.89309 51.2006 2.60893 18.2979 24.3667 0.100437 222.551
4534.85 7.94932 37.1736 9.83099 4.11445 7.95063 71.5025 58.271 25.3759 11.2209 15.8988 34.0821 36.5527 12.9519 21.7074 7.71157 3.17047 38.2428 9.75916 29.4786 14.6391 2.65526 0.110167 226.909
4553.49 5.42895 28.9123 11.2672 2.96716 38.0895 47.8715 32.7792 18.4226 39.9029 14.5114 29.5028 64.6217 3.34152 18.5068 4.39413 1.89554 15.3682 8.80246 34.9675 17.2246 9.69022 0.494195 228.709
4560.34 7.29364 28.6718 11.5748 7.28309 5.64813 94.8554 23.0389 23.9702 24.2308 9.95894 29.0228 52.7666 6.25067 9.95093 3.4869 26.7037 32.3534 12.3153 16.3542 22.6948 19.0635 0.230962 225.435
4557.49 7.9302 28.8473 9.94546 9.73293 5.64813 91.5474 33.1564 30.7819 17.339 17.0435 29.5154 35.363 2.60112 25.8997 1.39148 22.0157 17.7696 15.0545 20.5144 19.7445 9.46727 0.090028 222.738
4544.43 11.4954 33.6958 12.4209 3.96094 15.8657 72.4559 32.485 22.08 23.9581 22.3157 26.3925 38.9717 4.59722 35.4239 7.38329 20.1399 17.4248 4.25652 22.7161 12.1244 6.79829 0.0763215 221.459
4504.73 13.2592 32.1098 10.0735 13.1318 22.5675 72.4559 30.5405 10.9089 37.5674 19.0988 21.484 43.7201 10.1962 20.9367 8.47734 29.3307 1.88409 18.252 6.89771 13.7985 4.05973 0.147029 220.186
4523.96 10.8342 31.2604 12.0212 12.3448 20.4261 72.4559 42.5892 10.0305 20.7174 34.266 16.1777 33.4542 11.028 22.5963 25.4331 38.2945 7.75911 1.22145 2.2371 40.1327 30.4001 0.0179678 219.641
4523.96 7.25599 35.794 10.4337 12.4268 20.4261 72.4559 5.0039 49.7019 27.9851 34.2293 10.9017 35.3591 10.2419 18.4715 6.9557 54.7508 7.0153 6.842 3.64662 17.7259 0.330108 0.0253591 220.594
4564.94 4.95331 35.794 17.1738 7.68307 37.268 59.2685 22.2894 29.6871 13.7401 32.6291 12.6326 39.3994 22.597 15.7681 4.27344 19.8176 29.7708 6.31747 7.23412 18.32 7.34613 0.0266668 226.703
4587.62 1.35092 36.3973 11.7497 5.07961 40.0706 59.2685 18.5721 24.2942 24.9556 32.7441 13.3867 36.6765 23.3086 10.5179 26.1158 21.7535 19.6054 8.20934 6.27742 11.3974 13.2912 0.00682926 218.244
4573.71 7.27321 31.124 9.97612 1.3725 58.2122 59.2685 16.6523 29.206 17.8739 29.7182 11.4941 34.2099 26.4714 11.6734 9.87462 3.96825 17.9676 5.87488 22.212 23.7215 9.3401 0.0573074 218.696
4571.18 1.12167 31.124 8.5232 10.7002 48.6018 62.3989 18.6275 22.0893 22.8224 27.9331 18.9858 39.5759 24.6166 7.54549 3.03183 3.03899 8.81467 26.194 26.7314 40.6668 40.5798 0.043203 222.344
4572.35 1.96805 31.124 9.33577 10.023 48.6018 45.8256 22.47 44.8583 15.1906 29.8841 16.1797 47.4357 6.18967 13.6956 13.4047 2.81735 21.8121 5.56669 31.3511 1.02227 58.3087 0.088043 221.585
4572.48 1.96805 30.9019 10.8017 7.6568 48.742 45.8256 35.2905 30.9457 6.3763 28.6585 14.4005 52.252 8.51763 16.2368 23.4127 14.694 12.203 8.58888 20.2229 29.7127 4.53858 0.0868651 219.865
4573.51 2.94991 30.9019 8.92568 11.1902 56.2418 45.8256 23.3788 27.0489 6.3763 27.4265 12.2254 39.1693 19.6786 31.2156 2.70072 8.29578 20.9032 7.51086 1.70302 43.3747 5.74274 0.0715383 220.461
4570.92 10.6525 24.1262 14.7132 7.88411 56.2418 53.6349 13.7664 23.6985 11.19 27.4806 15.2436 31.2542 32.5483 24.3014 8.60323 4.20012 34.9971 9.63733 5.70668 34.6909 23.623 0.00989688 218.559
4565.9 7.85477 24.1262 11.087 11.446 54.388 53.9851 12.3411 23.2694 6.77507 43.7777 15.5849 33.0944 39.0919 0.80608 23.3869 12.5889 16.7892 24.5102 5.70668 14.5212 18.6299 0.0878667 221.178
4581.99 5.95292 24.1262 7.59234 8.9717 57.6952 61.3662 17.5203 22.3673 15.2822 35.2555 4.39771 39.28 33.6736 3.00407 26.8859 3.89137 21.2724 16.8179 4.39622 3.72333 1.78598 0.176819 222.159
4582.25 16.3168 17.9673 11.2276 5.76665 57.6108 57.3671 16.0058 29.3965 9.33357 32.1324 4.39771 49.1678 17.0632 20.3521 5.92736 26.523 28.774 2.563 23.4604 3.72333 5.03948 0.0182706 218.783
4589.73 11.4978 11.2028 25.3546 5.76665 46.1025 57.3671 16.2082 36.0088 12.8102 29.7268 4.39771 49.1678 8.90417 27.5746 11.0446 6.1734 35.3959 5.31552 32.1556 7.74302 29.9582 0.00306561 218.072
4576.03 3.31719 20.6756 22.6126 11.1702 49.1913 40.2528 26.1494 23.4198 16.676 27.5084 3.92588 71.5324 24.0217 5.62288 17.3145 1.10006 4.34004 4.92396 40.983 15.4889 3.26314 0.05639 221.583
4574.29 2.0539 20.6756 23.8023 18.9994 45.7608 37.6671 15.1452 37.6461 11.7186 27.1837 5.54984 71.5324 19.9355 2.59546 2.0238 3.93927 12.5715 25.1606 58.7991 11.5213 16.7485 0.010923 227.53
4580.63 1.63092 20.3779 25.0409 20.1452 38.1542 41.4201 14.1581 37.6461 11.6202 22.9348 5.54984 74.8543 18.3422 12.0002 7.67673 1.29412 7.91919 22.543 44.0297 3.91543 5.91801 0.0205862 222.866
4577.55 6.03224 16.3698 25.0409 20.7475 38.1032 46.4429 15.8905 33.9007 12.2952 23.1746 1.08898 72.404 11.8134 15.3592 7.52124 3.92866 11.2177 27.2809 50.2841 4.60232 11.1633 0.010816 221.916
4542.43 12.7075 16.7476 22.6575 31.021 43.6657 46.3756 18.5984 20.2091 10.9476 24.8649 1.08898 71.0165 19.9485 13.3097 5.72504 0.884749 31.5767 1.69278 19.0496 2.14125 2.43282 0.00377079 222.256
4553.36 4.59722 19.6999 25.4279 26.8347 42.3488 50.164 10.8635 31.1582 10.499 25.6613 5.33112 68.9983 4.49072 24.4378 9.76265 22.8941 5.55462 6.12879 22.3672 15.1115 14.6107 0.00105286 217.932
4596.18 4.70613 16.9327 30.3146 24.6717 37.6654 48.4359 7.02341 30.7229 6.06317 21.298 9.73123 68.9983 21.8129 6.71729 14.4832 38.8407 4.19432 13.2735 37.4842 2.94605 10.8621 0.0255108 227.084
4574.19 3.49991 24.0531 21.1383 33.7371 30.9535 47.3874 10.5804 29.036 16.7677 26.4777 14.0365 48.6987 7.723 26.6703 15.3242 26.9803 4.66336 15.0409 14.6861 11.0021 8.17546 0.0124396 220.517
4672.08 4.35598 8.155 9.81191 44.9614 35.0526 33.0374 27.2136 2.69967 44.4048 9.23206 65.4233 8.94168 5.27722 8.98433 4.61037 34.3976 16.3538 25.1203 19.5112 6.67204 1.73278 0.0213172 223.721
4690.39 0.122373 10.8656 7.01801 37.6125 29.1875 37.1084 22.6041 13.0676 43.8143 26.0913 37.485 24.5999 7.59508 2.6185 57.3307 13.3292 12.5243 1.16184 18.5917 22.1976 28.3807 0.0444893 228.527
4679.38 3.18397 10.1522 6.50264 6.88893 64.1273 40.6544 26.5683 23.4961 20.895 31.3967 31.7687 16.0086 16.011 32.877 4.743 7.23847 2.31472 37.9108 4.55417 16.5076 54.3735 0.0456319 221.722
4683.29 2.32959 9.86793 4.23966 17.0556 56.7693 39.4152 25.0488 23.1571 12.5112 29.6568 35.0687 29.0471 13.498 26.502 3.96247 6.43409 9.84615 67.9024 7.17172 16.4216 14.7266 0.0553615 219.826
4683.29 0.362484 11.5836 6.86345 16.6125 58.4161 39.4152 23.8082 21.2581 12.9237 30.2763 32.2122 22.39 13.9613 31.3459 14.7912 6.97255 8.07172 43.848 8.51317 6.50646 6.15146 0.056923 215.369
4518.18 9.89321 13.1191 3.17294 42.1193 78.4757 15.1827 27.3633 15.4601 26.9531 23.2279 43.3505 9.08395 21.9091 28.1041 16.3938 10.0854 2.5409 27.3206 9.37113 0.952775 7.37525 0.0492242 221.137
4518.18 5.59069 11.1436 3.62814 40.8866 82.4875 15.1827 34.5206 18.1186 15.3715 30.6563 39.2121 3.33099 14.6297 39.9285 25.6262 22.584 18.0785 11.327 13.4072 11.3646 14.2339 0.0376786 220.148
4550.35 17.0582 7.81625 7.61661 26.5277 82.4875 15.1827 17.9878 33.6609 16.0185 26.5274 43.5109 1.12982 11.5349 29.6926 27.0914 25.4738 5.55269 9.46061 13.6438 7.60705 67.4035 0.143911 226.013
4540.55 14.9441 6.05374 8.55561 27.2398 78.5756 15.1827 14.705 35.095 22.9359 25.8463 38.9987 22.5413 27.1805 4.58342 24.2188 26.9417 10.6998 23.6407 15.0214 8.24835 7.65856 0.149179 223.717
4543.4 12.1749 4.0078 15.5232 23.3163 77.4463 25.8127 9.00769 41.1609 19.6806 28.3452 14.3256 39.3686 23.2147 4.75672 36.7568 12.2408 3.79986 12.338 16.3024 7.64982 9.81112 0.0655561 221.468
4543.4 10.6176 7.81789 14.5537 27.169 76.6146 14.3833 12.2612 48.3405 16.3185 38.4277 12.9019 29.9316 10.7279 7.93503 37.9397 3.17547 23.7915 21.9265 5.14237 18.771 44.091 0.0410279 223.588
4539.26 9.30786 10.8227 13.6253 35.0601 76.6146 23.9699 17.8296 22.274 15.9064 30.8816 25.8354 26.9701 10.1518 12.938 28.8038 18.0091 2.47518 16.6278 44.0815 3.19459 52.1163 0.028995 225.38
4512.37 7.08818 1.89365 8.24542 56.7529 76.6146 25.6104 27.889 20.8883 10.8394 24.5742 49.358 6.43642 5.81791 1.29411 43.1326 33.0498 24.8541 11.3669 15.1193 23.157 17.5886 0.0236667 228.51
4448.87 2.65908 22.3151 1.72824 57.4551 68.6112 20.9451 45.5376 9.1454 3.5073 30.6972 48.9745 2.32332 12.5353 1.29411 37.9284 45.181 23.7201 2.23378 0.444496 27.1798 8.50287 0.00187483 230.747
4470.74 10.6673 18.735 3.51799 53.0757 61.101 16.8404 47.5471 23.0252 13.6758 12.2662 26.8891 49.0999 9.20546 18.1683 18.0783 3.34968 5.5947 16.4601 16.048 32.7474 8.55682 0.00970832 220.799
4476.04 3.59152 8.85407 29.969 42.3271 54.6189 21.0797 46.8921 23.7898 9.95853 13.1489 34.2405 34.5061 25.3123 19.0448 19.4247 9.68195 14.7472 23.0615 7.75459 24.5693 10.0042 0.0243811 226.093
4476.04 9.41613 13.6043 32.1115 31.9169 62.521 11.9083 44.5664 28.7909 12.0274 14.5852 33.479 31.6367 17.9757 10.8913 19.3559 7.19066 23.3336 11.08 19.8898 8.10493 2.79503 0.0029291 221.336
4526.58 5.65846 7.97352 29.2962 29.8988 62.521 16.8746 47.5805 20.4914 10.0951 12.9495 17.1445 45.3173 33.5506 12.3984 13.1185 9.91914 34.0458 14.7751 18.4925 7.22294 11.5312 0.0227315 221.269
4525.12 5.98463 12.2465 29.5261 21.7121 62.521 7.50558 49.8007 35.8565 14.3692 8.77712 16.4797 45.5322 30.5293 11.9638 2.75855 14.9601 28.9438 17.0898 15.5165 9.37524 39.8072 0.0359154 225.637
4626.43 4.24845 8.7772 24.3429 20.5684 59.7825 13.6034 46.3473 32.147 5.57935 1.00694 26.6129 49.4046 28.9175 15.8171 5.47464 5.03837 37.9436 7.26595 21.8854 9.4588 26.1878 0.00814512 223.761
4617.04 8.02278 8.92032 13.7829 33.336 50.1245 13.6034 37.6719 48.1562 7.74641 1.00694 17.0296 50.9178 34.3161 11.6392 4.66247 7.02353 37.2845 3.43858 9.33816 31.7801 19.8864 0.0127961 225.923
4602.77 9.93621 13.5847 14.5621 34.6909 49.2201 13.6034 35.2889 40.457 13.7297 8.04073 25.7722 33.6954 35.4912 6.4648 9.46067 1.46746 15.0754 25.9629 21.8204 12.3946 31.2422 0.017363 221.122
4602.77 10.3735 13.8711 8.33056 47.6363 46.545 15.4912 37.0448 7.61167 30.9761 24.2932 14.9046 33.5465 33.398 12.6761 8.58511 21.6318 6.94734 13.296 12.4403 15.6653 14.3541 0.0677344 219.054
4518.27 14.0684 13.3044 3.11355 50.3381 62.2973 15.4912 45.9698 7.27689 26.2944 32.9445 11.0228 31.3849 22.7833 22.6593 6.25189 16.7904 4.30299 31.7351 9.80588 18.6417 8.47964 0.117323 220.085
4518.27 14.0684 7.78806 10.6125 34.232 62.921 19.732 40.7119 21.2994 26.2944 35.1438 11.6423 23.0267 17.3776 20.8069 11.7407 37.0659 13.4298 14.961 10.4128 16.1836 8.52933 0.0268673 218.705
4501.32 8.68593 26.5552 2.16013 23.7491 57.4589 23.3427 45.5138 31.0485 18.6717 39.5079 3.90902 46.0071 14.0153 11.4834 21.6217 12.2571 11.0413 20.2591 10.5858 19.9038 8.96049 0.189932 220.899
4580 10.7611 26.5552 1.04769 27.8199 52.0987 31.4621 26.2756 34.8108 14.6515 35.9308 3.90902 27.1821 20.3075 14.2257 30.6036 10.2643 20.4047 24.5948 1.53601 2.83297 7.85643 0.202452 221.459
4549.1 13.4489 15.6981 18.8882 25.9803 47.6102 31.4621 30.0297 20.7248 20.1872 36.2912 13.0541 26.6004 9.84758 47.8844 4.61032 6.73172 15.9442 5.57418 24.5166 1.90801 19.5655 0.0608445 221.17
4574.86 1.05772 16.8886 29.7632 6.55649 42.9551 48.1027 37.4755 15.6579 23.3975 42.2625 6.26226 30.3519 11.4786 31.0582 6.28899 9.44277 29.079 12.572 12.4022 0.7363 10.0217 0.0136596 215.334
4574.99 6.18782 8.60326 47.6173 7.10127 34.2999 48.4411 29.0028 10.024 32.2578 39.1496 5.6476 34.6967 4.90869 38.9073 5.1782 13.6153 24.8586 12.0647 23.2471 3.25105 26.3621 0.033622 221.308
4497.38 22.9257 16.2626 27.3297 23.5629 45.4167 49.2163 22.6968 8.62309 16.7085 62.3024 6.72696 7.70165 4.46686 48.218 14.632 15.0609 6.32647 10.9458 18.2851 2.62846 59.6642 0.00316557 224.65
4474.9 24.4226 21.2873 19.2575 28.3139 44.6034 49.2163 18.3042 16.5213 6.28523 55.6004 8.1675 21.7548 16.5669 37.8105 2.77965 6.60118 8.06317 26.9518 20.8832 7.34876 60.8163 0.00710093 219.327
4431.16 29.9971 10.99 0.645624 44.356 48.9369 49.2163 25.0922 3.48565 22.3226 63.4552 8.28071 19.056 10.3398 36.2578 11.7007 8.83071 1.63917 28.0237 25.017 22.8926 46.4624 0.177572 228.735
4437.36 29.7016 11.8208 2.2704 43.5256 49.2967 50.2486 25.1347 11.6048 26.0277 47.3159 11.8389 15.6852 12.9429 40.5608 4.66949 6.96063 9.6902 11.8209 33.1418 29.0658 0.345577 0.0264094 223.843
4459.4 27.6647 9.00528 11.0031 31.6809 47.7364 59.0776 25.361 16.3766 24.0615 36.5459 1.03423 16.1518 10.8882 40.6912 14.2009 20.958 13.2596 14.3588 21.894 36.5055 18.2984 0.0203898 220.389
4452.13 29.5871 12.2726 11.9137 29.4101 43.4061 58.8895 24.9481 18.2185 21.1919 37.294 13.6074 17.8365 11.8537 33.7478 7.02433 4.37961 5.75278 11.6768 14.3325 23.1243 24.5306 0.00115026 216.647
4452.13 29.5871 6.45621 4.90408 39.8822 35.8487 53.2156 35.4856 18.3699 15.985 23.4529 27.5553 16.7992 15.8954 44.7019 8.80768 16.9172 9.11925 17.4417 7.43389 20.3083 27.2942 0.00196434 218.12
4440.07 32.0671 2.53568 8.6838 40.9002 34.1414 52.332 26.3664 33.1315 24.9846 20.0669 29.8496 9.97643 13.5834 42.7674 13.2428 29.4337 5.52748 25.5529 9.79948 2.32019 13.6409 0.00684402 217.325
4455.3 25.3581 15.3418 11.3859 30.066 32.1837 56.2674 22.851 32.8945 15.2939 33.0813 26.8772 3.48908 14.2236 47.7599 2.85773 35.7915 17.5933 24.1949 1.76881 21.1337 40.0478 0.00943633 220.793
4539.72 17.369 21.4871 13.6985 29.918 38.9822 56.2698 9.7268 23.249 22.734 32.1585 27.8832 18.0402 8.84605 34.1365 5.49042 17.516 15.0388 27.6779 26.3519 2.57617 10.5253 0.01595 216.766
4557 14.1413 23.0914 14.0837 30.6738 36.4258 54.1578 4.62152 28.2664 22.5248 27.104 24.5266 17.2234 20.8348 28.5066 7.07244 5.67703 15.7564 38.0823 5.53098 27.0691 13.5693 0.0278387 217.485
4424.33 17.3245 26.6188 12.3371 29.2545 47.9218 53.7341 26.9687 29.8817 14.0618 23.3248 23.2606 21.5884 17.0439 31.3551 1.00916 15.5954 15.7265 17.1664 4.97265 43.427 20.1173 0.000957458 216.551
4436.5 23.5187 23.5363 4.83034 27.2534 47.9218 48.1507 23.9495 36.488 23.6034 32.7746 12.0373 12.2406 25.8775 27.015 8.80093 41.7106 13.7427 6.08143 5.5505 3.9073 38.6936 0.0338933 223.038
4436.5 37.9902 24.0649 9.06336 19.4155 55.6273 44.9278 14.8685 24.8243 25.7178 18.7484 39.2279 26.8733 6.92124 20.5865 9.26915 9.34597 17.5192 19.7413 13.6604 12.3269 5.85725 0.00158289 216.41
4458.98 34.7349 19.5198 2.38856 20.4579 63.7465 46.4021 11.567 12.9441 37.4669 12.9114 49.9468 30.4479 7.45078 19.6356 8.46537 14.7425 11.7309 35.7804 16.4987 11.1896 34.2344 0.10239 224.322
4459.99 34.7349 10.6353 2.70125 26.9444 63.0897 46.6447 13.4119 7.6275 47.8947 16.522 47.2887 21.5186 12.1758 20.9187 2.05807 24.9321 8.4506 34.549 6.74321 11.5537 1.12217 0.157202 222.197
4478.77 34.4041 12.3417 1.66603 27.0163 56.2851 50.3313 15.7852 17.6076 40.3201 17.9089 44.619 6.13411 11.0642 25.6848 16.3886 20.6423 31.5473 7.60112 6.82103 5.14854 2.57397 0.108188 223.273
4552.1 34.1714 5.16311 10.4146 4.80762 37.5384 59.1713 20.5013 23.1062 23.7738 35.9932 49.4329 1.28812 10.0165 42.401 0.591328 27.5676 2.90559 34.6773 4.78487 3.29352 12.4473 0.162929 227.106
4571.41 17.4197 1.96067 24.0932 6.67957 50.4064 68.573 9.1164 19.8665 5.56516 27.4374 49.4577 2.5361 7.05479 35.4659 22.868 44.0199 3.99662 35.2562 1.05903 13.2611 3.43837 0.383632 229.765
4584.83 19.0155 7.97115 24.6209 3.46878 46.1084 57.2366 9.1164 34.0895 17.9912 11.6255 42.6306 22.9454 11.5607 36.6945 11.0232 10.9174 2.09876 45.0224 6.09335 18.0472 13.0141 0.00238747 219.007
4584.87 17.8601 5.66747 24.4372 6.60908 55.46 56.4714 8.71912 26.825 46.1624 6.65745 10.9326 31.4641 17.6967 25.9736 15.8197 20.6675 3.73209 17.3812 6.49816 21.3475 1.17396 0.0138656 216.117
4606.77 12.5518 4.41607 26.5541 7.41031 54.3205 60.2469 5.19024 26.8132 47.8397 8.39295 14.8835 36.0733 13.0186 18.7414 8.16465 37.1605 3.73209 14.0612 23.0185 0.948135 3.26096 0.00758631 214.674
4594.91 12.5518 6.89892 26.5541 7.49743 54.3205 60.3538 4.96793 26.8132 47.8397 8.39295 14.8835 36.0733 13.0186 16.1296 3.55352 36.5197 13.6751 19.4548 12.0606 5.04973 3.26096 0.00758631 215.096
4596.73 11.2941 4.81291 26.5541 11.9417 52.4915 60.02 3.71739 24.2994 51.0286 6.26273 14.2339 37.4572 13.0753 21.6095 3.40876 14.8468 23.5003 41.6972 18.1517 7.15287 5.58965 0.00758631 220.471
4596.73 6.12181 0.762937 25.2246 7.47248 76.1478 43.9277 14.8908 24.3723 13.681 36.4128 15.5735 44.6047 4.40383 24.312 5.74544 5.80371 16.579 27.8863 17.0365 5.65164 15.4657 0.106079 220.523
4572.47 5.10757 3.59263 29.505 5.67244 76.1478 43.3357 16.6776 16.609 10.3478 48.4312 13.32 50.8984 3.82785 17.2221 16.9858 4.30201 21.5726 49.9896 6.85903 2.51 22.6525 0.145996 222.709
4585.91 16.1232 2.9669 24.8542 2.55775 75.1299 43.8939 16.1511 18.9451 8.99093 66.4075 7.76852 29.4964 17.6962 7.52851 16.3028 17.8547 19.7373 20.2718 5.84893 5.71593 20.5305 0.102543 221.734
4594.27 15.9431 5.50914 24.777 2.55775 55.673 40.4754 32.0987 22.4819 25.7711 24.4857 17.5106 10.2002 28.285 28.5163 16.5464 18.3489 1.40398 26.5701 19.8653 4.60505 44.0919 0.0157771 216.848
4594.94 13.7089 5.63391 24.777 5.43862 54.5608 46.5042 29.8284 15.0545 27.5056 27.4917 14.4193 11.0896 23.4635 36.1823 25.2177 22.1854 5.11313 11.1531 9.73883 9.68779 2.63635 0.0415846 215.812
4596.24 14.0411 7.78933 25.0755 2.85115 61.2945 49.0946 19.6431 13.0675 36.9332 28.7628 8.16055 9.09212 30.7823 26.9809 23.6961 24.7793 3.85506 26.7255 6.19916 18.6026 4.2313 0.059024 219.5
4596.1 14.4803 4.96299 23.8181 4.21231 54.8736 52.4654 23.3222 3.19693 42.2046 37.8224 10.9539 9.35893 44.3627 16.4522 6.81803 32.9457 4.04614 11.156 15.6436 27.7473 4.11977 0.0865305 219.516
4606.89 14.6377 10.7119 14.938 6.49202 56.5317 50.1209 27.1428 6.9194 34.6401 32.1923 11.1391 8.04616 49.7701 15.3734 1.46152 28.7342 4.03165 15.7095 23.1978 10.2577 17.9443 0.0308723 217.351
4610.4 15.3489 7.57064 16.5373 5.88093 51.3822 58.313 26.8096 15.205 24.6949 27.5543 14.2896 5.23951 52.4845 15.3734 5.3205 17.9815 1.35165 30.1196 7.7405 39.5301 27.7814 0.00433594 217.91
4583.89 23.947 5.19379 7.85792 24.2763 42.7798 48.2907 26.2131 9.34511 41.5305 26.4799 14.9432 8.59356 48.6422 13.6683 10.0847 21.6004 1.93774 2.65558 12.6198 50.2975 21.7297 0.0204848 221.984
4569.87 7.89542 7.34964 11.9475 23.0078 58.1625 40.5353 30.9383 12.8462 50.7289 13.6747 26.8093 4.16523 37.6017 13.3484 10.8269 31.7806 14.8604 5.59766 15.77 14.5022 5.65151 0.036634 219.225
4481.29 6.17114 7.53033 8.92938 40.5107 68.8905 37.8547 23.8656 24.1562 39.5167 10.6642 32.8152 1.71779 46.7673 9.88381 14.4525 22.3808 13.5862 4.89699 7.5093 28.0465 34.1097 0.195473 224.555
4421.19 11.4231 8.80789 6.63588 50.6653 71.7597 31.3761 24.8831 25.4062 22.939 26.7003 36.8992 8.40431 38.434 4.15722 8.32173 18.9703 17.2542 5.75689 17.989 49.473 4.0569 0.167454 223.274
4449.31 18.7248 24.3371 3.39596 48.7969 60.2928 28.8443 26.3216 17.8308 7.48636 37.6114 28.9373 12.5969 19.5686 34.1028 19.2166 4.20637 18.4597 12.9462 21.3019 18.6254 24.7052 0.0428988 219.695
4464.72 21.8411 20.8662 0.451555 29.7076 60.2928 32.3188 33.7033 18.9372 25.6219 42.8027 16.566 11.1225 2.32819 35.0045 33.1095 4.20637 22.4353 0.951833 19.9682 18.4406 32.5068 0.157261 221.598
4463.47 22.7932 19.1149 4.8537 30.1868 60.2928 33.6874 33.9984 19.7808 10.5611 44.7708 21.7452 18.284 22.4854 18.952 27.6898 9.58388 16.2613 7.97109 16.4302 19.873 30.5423 0.090527 217.332
4463.47 21.4335 19.3563 6.73179 28.5774 60.2928 31.3184 34.7508 21.5436 8.05513 38.0031 43.3199 26.8617 12.8563 19.9203 1.71714 26.5576 8.40399 9.51647 7.649 35.8605 10.0228 0.0939017 219.536
4470.08 26.5054 30.0361 5.36305 14.7466 37.2624 54.8222 36.9484 24.0846 0.687006 37.3834 39.8278 26.1509 7.35917 24.543 18.8977 9.11225 9.36529 19.287 4.64248 22.0874 16.0422 0.0179522 218.513
4474.87 16.5632 18.9448 5.7281 38.5167 35.2739 51.1237 34.1263 29.7634 6.6982 5.76424 50.6117 27.1624 21.0213 21.8431 5.30444 26.1038 4.92048 23.4162 2.61631 25.6365 36.355 0.189746 224.664
4457.26 21.3133 25.8065 8.39477 29.8324 34.8269 52.3515 28.1793 11.2815 24.5929 10.7459 47.5818 27.3783 28.4986 23.1407 2.66722 22.1185 6.47136 1.28649 8.33368 4.15889 33.7937 0.301293 230.562
4518.27 27.2543 19.8923 3.42017 19.6388 37.4775 67.7525 24.0101 6.04422 24.7083 7.39242 36.5473 49.4279 19.6338 11.2497 19.4617 16.7907 3.75741 15.9314 22.5892 4.97936 22.7852 0.144498 223.455
4561.22 25.2664 16.2842 8.175 6.59786 25.3814 72.5814 40.8716 15.7221 18.4625 15.0343 55.4244 15.0664 14.1992 8.12688 23.9129 12.0548 1.07169 30.1838 28.054 13.3482 14.3125 0.0764126 224.427
4549.36 25.2664 11.9747 18.063 6.15538 32.3296 54.7354 35.224 7.74317 36.3556 25.919 30.5152 14.6707 26.7363 23.8109 8.7429 17.9069 22.3773 23.2524 10.2927 0.302141 12.0879 0.0802011 218.423
4547.43 20.6818 18.7742 14.6089 5.66345 24.7158 67.9632 34.4918 28.7491 24.9637 17.0814 41.9112 2.47088 28.592 16.9434 18.9597 5.26301 1.72321 14.0728 63.194 13.8662 34.042 0.0534009 222.909
4565.17 20.3856 18.7189 7.74887 11.5232 15.7869 67.9632 40.7971 30.1218 16.0281 18.1849 17.7421 19.7435 23.0825 37.9937 19.0469 13.6034 4.35815 13.6687 13.9906 28.2718 14.0285 0.188797 219.419
4563.85 26.4952 15.491 7.74887 7.04308 39.7044 52.0463 36.0148 30.191 29.6502 14.5109 19.4795 3.95236 29.2368 17.8109 35.4966 18.4543 7.45196 8.43856 19.1766 5.66885 12.7185 0.052543 221.943
4542.7 23.3484 18.3384 5.57166 9.49043 41.4719 52.0463 24.4679 34.0421 46.5342 14.6951 14.978 17.1192 32.1426 15.9512 12.4402 27.2043 5.61393 42.1685 20.5488 7.43818 54.1063 0.0937644 226.352
4543.44 21.6325 21.6826 8.68797 9.49043 43.8273 51.7836 25.9287 25.3539 46.5342 13.56 13.2445 17.9958 40.7233 5.4447 8.42975 14.7227 29.3745 17.3911 7.11851 11.0485 84.3486 0.0210331 220.276
4531.05 21.351 22.8093 10.9828 9.50337 40.7617 51.7836 27.1684 30.9033 46.5342 8.53719 10.696 23.8781 33.7683 1.92955 27.6288 10.2813 16.0568 20.9038 19.5326 1.25208 44.5609 0.0875909 219.548
4526.95 19.1962 11.6297 24.4367 9.50337 31.982 54.6605 32.3482 31.1057 45.7612 16.9367 10.6637 16.3314 38.5033 10.3342 23.4674 14.2357 7.01926 25.8344 20.9702 6.09809 51.0528 0.0023207 222.048
4516.85 18.7656 16.4516 23.4908 9.56351 35.1028 66.0864 15.1837 34.9104 31.8045 10.222 39.4734 13.4416 28.7519 1.66241 18.495 1.32256 7.94234 38.6122 7.82852 18.957 10.2396 0.0251894 223.349
4474.72 17.1299 20.6592 21.044 21.0766 24.5404 82.3914 12.6075 21.9026 56.7054 14.893 11.4293 5.28214 49.7077 3.08526 8.78159 6.9619 11.797 35.7751 17.752 16.6051 2.01668 0.00978585 225.471
4507.18 2.96094 34.1554 9.58965 25.0401 25.3789 82.3914 19.5064 6.40946 34.0868 36.1416 9.29642 7.12414 39.1803 11.739 16.4457 5.87231 16.6263 13.68 25.4525 27.5176 15.7657 0.0256583 221.934
4517.05 3.65822 25.5644 14.4806 23.732 28.8194 82.3914 20.5157 12.5214 35.9297 26.8578 9.29642 7.89536 48.5394 7.29927 7.00375 6.07149 17.5008 30.1605 24.4693 22.6902 11.2227 0.00616858 223.07
4517.05 8.98255 32.4203 10.811 19.3555 7.23959 70.1898 30.3403 25.4334 43.8876 25.3409 8.6347 6.60681 59.0016 6.40825 16.5886 6.72904 16.4452 54.1218 5.93235 22.0415 12.7377 0.463247 229.722
4555.26 5.70357 34.8692 7.45263 21.5263 7.23959 82.6538 23.4055 23.4961 32.6975 17.252 16.0535 8.02044 49.6794 15.5248 1.11453 21.0963 11.3481 30.5812 14.7881 4.29684 50.4227 0.0187509 223.923
4531.15 3.82583 36.1754 8.55259 18.5185 7.23959 82.6538 32.6697 27.5219 13.9933 35.9718 15.0327 2.94608 56.7773 6.10741 15.7484 22.7911 15.504 14.9731 13.9927 7.62179 48.5968 0.0532906 219.927
4531.15 3.26384 38.2381 9.42991 18.5185 7.23959 78.3987 33.0678 29.0349 13.1822 37.1513 7.95872 7.31875 56.7773 9.35825 10.9922 12.7145 10.8593 37.1699 8.15823 9.23535 35.7024 0.0998521 221.792
4608.99 0.826429 19.8499 9.42991 24.5532 15.9589 65.9609 46.1192 28.5562 3.0411 39.8206 10.0342 14.7808 48.7106 8.42249 12.0111 19.4981 17.5688 15.6727 11.5502 2.57828 17.4357 0.11096 222.663
4579.19 3.2234 24.9703 16.4581 22.6545 15.6888 55.3346 47.7162 13.638 2.02868 60.5842 18.0193 14.7808 38.0964 6.91058 16.4493 18.1339 19.6472 7.32443 15.102 18.845 49.4042 0.0201427 221.133
4516.34 1.50841 19.5008 27.0666 24.0304 15.9282 61.3159 43.2845 20.6172 17.8113 39.1165 14.8203 26.6375 26.995 14.4732 26.166 12.1745 2.32422 20.9777 24.5909 22.1219 19.123 0.043791 220.861
4476.35 5.54877 29.2505 19.8125 29.5574 15.8058 53.0088 50.8252 15.186 17.7362 39.1165 13.2871 12.8738 32.8612 24.7914 12.3001 3.16525 14.6275 37.8942 21.34 18.8896 2.96015 0.175892 225.946
4498.21 4.08257 11.0251 37.406 17.1524 34.3596 69.5479 32.1999 22.6987 15.8856 35.8748 2.85446 43.2237 17.4196 31.656 0.12491 11.7317 26.8379 16.3738 1.04007 14.575 45.3139 0.0522243 228.002
4455.47 5.25975 12.0256 31.7096 29.5281 30.4015 63.7662 29.0936 20.6809 27.4661 34.8233 7.63097 35.1112 16.6566 21.6083 11.1105 5.53804 13.8483 21.3122 16.531 33.6631 38.0229 0.0333162 217.124
4462.13 2.29807 19.3356 10.8446 52.1095 37.4877 65.1727 26.9427 12.2885 20.2561 35.5544 5.16725 48.0805 11.7817 21.1763 13.0555 18.3731 13.1625 26.2792 14.9306 3.32138 33.293 0.024458 220.897
4462.13 9.79273 10.4635 13.3812 50.481 45.7437 56.9563 11.4802 19.0674 28.7998 31.5138 19.8325 39.0557 8.27457 22.3668 6.08477 14.4913 13.5977 17.2523 17.4161 8.53395 15.2236 0.0218642 217.338
4462.13 4.43153 9.03569 17.0284 45.2438 52.6406 48.6362 15.9395 19.0674 37.6257 20.9089 28.0518 35.6837 2.04585 24.8877 19.5344 28.0699 17.1308 9.10588 10.9883 2.61037 17.2302 0.0202268 220.332
4536.92 11.9764 5.6245 18.9883 28.1714 65.4036 52.6362 3.45567 18.3115 28.8008 26.6255 7.83821 40.1905 2.18295 29.8752 12.8444 5.6965 31.4999 1.91971 32.7363 3.75934 11.3538 0.0135205 220.569
4541.82 11.9764 6.93085 23.0782 22.0254 56.1942 52.6362 15.4362 31.4903 21.2745 29.5301 0.998875 42.4092 7.39553 29.2259 16.9936 5.40089 23.5126 16.4846 23.3463 2.49301 22.3446 0.0132535 218.934
4531.36 11.8362 6.60844 19.7949 22.0254 44.1229 53.3443 15.3618 39.0339 16.1965 24.6693 22.8013 19.5705 17.725 37.2735 17.4017 5.34285 0.858762 27.798 24.276 8.40268 17.7256 0.0297975 220.246
4506.61 17.7966 3.63586 23.3551 19.8136 39.9977 82.4733 5.1671 35.8189 10.9327 1.82771 34.7167 22.3887 22.5085 33.7869 18.053 6.35669 15.702 18.5605 27.681 8.54574 8.08669 0.0460465 221.057
4479.16 9.82774 6.20832 23.3551 53.2987 34.2245 52.7801 5.56108 35.7844 7.36579 6.26884 51.7047 16.4649 31.1448 25.1629 10.4816 11.6111 20.54 34.465 7.3811 62.4783 3.60985 0.0716975 230.89
4551.46 10.0871 4.02319 23.3551 26.7891 36.8612 49.7933 8.57702 44.1443 14.7614 28.0462 41.2205 5.73751 31.8778 14.4821 20.5117 24.3065 11.8207 3.14436 0.734189 29.311 1.39294 0.0716975 222.754
4539.86 21.9173 15.7157 18.908 25.8999 35.1522 52.1879 7.66909 43.0489 12.3821 29.7559 32.2014 8.45742 37.0624 9.66062 14.398 30.9103 3.03916 22.6142 0.770029 5.63964 38.0652 0.0136686 219.008
4523.51 24.9036 14.1001 13.6352 19.725 51.3017 57.8936 6.51283 27.587 18.0111 26.375 26.8732 15.0649 16.1913 35.4841 11.6356 7.54835 4.04124 45.9758 7.33682 53.5736 23.5438 0.0250505 221.112
4528.28 16.0989 16.3882 15.2576 30.1386 34.9612 66.9214 12.4631 19.1447 8.98685 33.6502 42.0474 26.388 5.54707 21.6735 22.5154 20.4044 5.41444 3.21094 20.7237 11.1453 22.728 0.131667 220.224
4551.38 2.51446 14.8245 18.801 24.5714 37.1048 73.6547 8.14829 36.896 21.0123 2.06756 38.7688 24.2618 6.06601 40.3775 23.7214 8.74133 13.8123 7.03097 18.6398 5.34855 12.1195 0.0340605 219.082
4528.05 2.51446 15.6334 23.2146 16.7041 61.7429 58.4585 4.06311 48.3399 26.6112 5.38979 24.8126 15.9313 6.87377 42.8354 10.6069 1.03298 17.5951 13.7275 6.59205 23.382 25.3922 0.119131 223.481
4550.28 2.66226 15.0203 18.0717 18.4062 60.1324 39.0251 4.53445 50.921 25.0561 21.4122 23.7776 20.0879 10.7894 20.9207 36.9074 1.33822 3.12983 42.4124 16.694 3.22366 10.3721 0.122612 222.109
4577.22 2.66226 2.32452 3.4697 33.5079 38.2591 58.4048 6.68757 37.2137 38.5189 12.692 26.1702 27.526 30.639 17.884 16.1816 7.36217 6.11198 59.6074 20.2791 7.0425 29.0516 0.36976 227.5
4624.04 1.95274 25.9195 6.44711 29.1704 39.5397 56.6567 13.8739 19.149 16.5704 16.8692 22.1826 26.7269 25.5444 34.284 0.394782 10.7535 14.1365 27.3079 46.2052 14.8859 23.5139 0.0225014 221.286
4624.04 1.95274 25.9195 7.51033 29.1704 39.5397 56.6567 13.8739 19.5219 17.1165 14.9498 22.8947 26.2034 22.3738 38.3083 14.7363 5.73188 8.67791 13.135 27.0751 8.35508 4.86673 0.0225014 216.947
4613.45 1.95274 26.9105 8.38699 29.1704 29.7538 56.6567 9.10921 26.3925 11.5133 19.4029 24.8218 37.9981 24.5823 37.7552 6.77004 13.0878 12.2512 3.85435 25.5275 2.88603 8.13087 0.0383718 223.507
4630.52 17.6097 8.85445 5.9164 34.8745 31.2408 45.9149 9.38291 45.9275 13.0589 20.9777 25.2854 30.1927 22.8968 9.91093 30.2372 1.63356 3.46953 30.5126 20.3141 16.5348 36.6081 0.0383718 223.004
4541.01 10.7693 8.64005 11.0236 36.8897 41.9125 49.4674 9.38291 60.698 2.43816 26.6939 36.2681 42.4506 15.2791 0.113968 5.57725 25.5987 17.534 8.95456 17.7356 8.89996 0.76995 0.0383718 224.141
4533.35 5.8766 9.43947 8.46064 42.6139 41.9125 42.9064 19.6709 60.698 2.43816 32.3247 34.358 24.5409 10.8055 14.1935 6.20127 17.1581 5.23335 8.04149 23.9235 25.9364 6.98845 0.00087207 219.076
4572.07 1.10499 13.1819 13.9252 30.8848 45.2662 39.9086 27.8875 54.6634 7.83066 29.5396 10.4413 15.2491 12.6144 31.3172 11.6553 28.5282 22.2967 5.92235 1.55825 11.9039 7.02504 0.00087207 219.907
4591.92 17.833 0.842976 7.46676 42.0949 50.1347 23.0178 32.1356 47.4899 5.44217 28.6828 19.8337 19.6184 11.469 43.7321 3.53044 17.8814 3.59343 23.4904 16.3158 15.2843 6.88582 0.0150807 221.316
4638.3 0.941067 7.98912 3.09868 33.5986 63.5454 31.0668 22.883 39.0781 12.4955 26.7203 21.2383 15.2444 21.1679 34.8613 3.98002 0.647866 12.1679 8.81587 58.4013 19.6899 23.0567 0.0247338 221.05
4604.7 7.37814 8.19777 2.36621 27.0142 65.6177 29.9806 25.071 34.524 17.3834 37.6402 18.3331 15.2444 10.4699 38.115 3.98002 7.56275 27.2021 6.52746 10.5047 24.2231 4.64495 0.018079 217.533
4630.64 2.79171 8.05987 1.87523 26.8 61.5018 34.8055 26.5568 23.7596 12.9705 38.9239 22.3923 14.2016 1.88351 59.267 4.8335 10.9483 36.3688 20.923 10.0065 34.8097 11.1495 0.0163222 222.691
4637.17 11.433 10.1389 3.25627 25.232 54.0022 43.9095 27.7883 14.4417 12.6811 44.0287 17.9127 13.6193 4.36147 51.7368 3.27251 23.0023 4.158 24.728 7.71278 22.7945 2.54515 0.000299472 215.544
4600.19 12.1274 13.6732 6.28208 24.173 43.4823 49.8996 26.9214 22.4118 14.405 39.1317 22.1073 13.4323 2.61745 51.7368 6.21082 39.2246 42.1392 4.99554 3.62588 12.7233 11.8714 0.00300967 218.421
4579.36 14.4957 19.7614 6.74318 8.51025 53.5427 52.0771 30.7019 11.184 13.3964 35.585 20.6938 9.84781 20.8115 52.5524 3.42866 21.4611 16.4223 20.5055 6.52995 23.7994 14.1328 0.0687595 219.058
4586.55 11.0678 18.0804 14.8097 11.9538 55.6038 51.5968 30.04 17.8293 15.0278 24.9455 25.308 17.5805 0.147099 47.5373 0.733602 16.4263 6.31482 28.3784 9.76692 39.1349 25.3116 0.064754 222.314
4586.55 10.2738 13.3653 14.8097 18.6258 43.5631 65.442 19.8072 14.7597 9.09661 22.6736 36.5991 19.5933 9.95639 39.1109 2.96788 30.9771 4.68752 17.2485 11.9801 35.6559 20.0246 0.00846954 221.763
4612.77 23.3663 0.0129587 14.5379 34.3425 17.0147 69.2331 16.4482 14.9681 6.48623 22.2713 50.6397 6.91362 12.0452 50.4134 12.3331 14.1949 20.9031 9.85339 15.1074 10.8293 40.4723 0.0282439 225.854
4616.09 13.0026 4.7926 15.2313 40.2386 15.7692 70.1953 20.436 25.3113 3.83438 18.8736 38.5442 5.51022 2.02503 41.259 29.2097 14.3183 19.3929 12.7334 9.74589 4.74856 54.6364 0.00940576 229.818
4581.58 7.37929 3.11483 1.01684 45.8977 22.5807 77.8189 21.0326 23.0384 8.45392 14.7959 43.7649 7.7718 44.9427 10.2961 30.8368 4.75243 7.02799 5.44376 17.6116 7.72597 12.8652 0.00851495 221.268
4539.15 18.9027 17.1398 13.211 24.8643 24.0287 83.3072 27.6282 26.6842 9.54741 13.4644 30.9908 8.81554 25.3161 10.0162 32.572 23.6525 11.9856 4.37498 14.2217 10.8526 22.5383 0.00430527 228.337
4552.11 9.50554 11.0208 9.72201 36.4791 13.3175 73.4045 32.5233 19.2201 9.06901 24.8874 19.9131 37.9875 33.4691 10.6332 17.3666 31.5411 11.0203 8.83672 24.5056 7.14716 1.28094 0.010515 218.683
4576.41 5.19799 7.42142 16.0758 35.1553 5.00185 72.9236 34.8946 22.3791 14.9895 49.6453 12.3091 23.9076 18.2145 25.3844 8.36682 26.7381 21.6883 0.978856 24.7943 5.98405 20.6238 0.0331734 217.838
4567.72 3.58798 8.23948 10.3012 46.4035 3.63813 74.5667 33.3113 16.9777 21.7189 43.0089 18.8462 33.1057 5.37125 21.0926 3.73643 15.2431 19.0653 14.4799 13.3495 24.5376 9.54531 0.0321227 221.083
4511.27 5.24083 11.0633 11.2263 45.986 9.39 77.0046 33.6322 22.4135 27.4131 31.2394 6.00891 41.9395 5.37125 22.3464 28.2545 2.19076 38.0196 20.0539 14.1331 15.7067 19.1058 0.0397535 221.734
4525.29 5.25684 11.0633 10.1132 40.3832 9.39 80.8944 39.1631 17.4813 30.3123 26.4467 4.73989 49.8716 5.37125 22.5922 18.2107 9.0072 19.2294 19.8138 4.374 11.9569 21.2978 0.0356883 217.611
4515.81 9.89919 21.6408 17.0404 40.1868 43.3502 44.2927 21.6895 14.7505 10.5635 38.7132 20.4675 42.0002 4.05234 24.1768 20.3773 7.15905 11.2127 7.56225 20.4175 19.3225 22.612 0.0257863 218.479
4574.02 12.7078 17.0943 14.0541 27.7159 44.5982 46.9479 28.7898 22.0057 17.2069 36.9145 4.99059 20.5249 12.1074 35.7068 20.7018 11.3701 14.7038 5.67453 9.63433 22.8716 18.8853 0.00195272 216.324
4574.97 15.5458 16.8938 12.7702 30.4591 36.6264 43.4567 21.9342 22.8508 18.2833 58.6436 4.99059 3.1701 0.706775 53.1291 15.8269 10.3537 10.3533 16.8572 6.73522 6.30839 15.752 0.00417548 219.156
4590.91 17.5162 9.8557 13.1975 15.5342 60.6904 42.5072 19.7037 21.8791 12.5934 56.8972 13.3068 12.5362 3.21449 40.0131 3.77002 22.5502 9.7557 36.4176 8.51022 8.55142 19.5349 0.00190507 216.652
4582.25 16.666 6.93022 17.5699 9.94502 57.4612 40.3408 27.8254 15.7716 20.6346 56.8972 12.101 17.2934 3.4142 41.5995 1.62012 8.11095 6.46558 35.4449 13.9351 9.28172 17.4511 0.0395736 219.034
4588.26 17.1224 6.73268 18.9674 11.5544 60.0824 24.5286 35.9072 23.8601 17.0557 43.0338 7.8546 8.86264 7.10753 62.2094 6.13055 17.9242 30.8156 10.1658 3.24189 24.3196 10.2145 0.034317 215.311
4582.14 13.0434 10.32 18.9674 9.97141 60.2982 25.4211 34.3561 32.306 18.6415 54.7658 7.13481 13.7153 6.18253 32.9709 9.35338 13.3784 36.3442 7.92284 12.4658 4.94055 16.7535 0.0985952 222.606
4588.35 16.4403 13.9103 14.3127 11.8956 56.8761 30.3664 35.2352 1.13071 12.9191 54.7658 22.7312 28.1451 1.51708 42.8041 17.6813 7.07134 0.411637 6.54895 37.147 18.1192 15.7102 0.110925 221.517
4573.76 15.6179 15.5168 18.6486 12.5623 53.9946 32.4302 42.7393 8.76037 3.05875 52.8878 15.7481 26.0593 5.7871 41.8196 12.1129 0.429209 32.5106 6.31931 18.7958 29.1043 34.5802 0.0451008 221.269
4565.56 17.0309 12.637 7.36658 17.6013 46.096 35.3182 61.1057 3.79811 13.9103 40.2086 21.8468 17.8246 10.4007 42.8639 12.5209 1.46523 6.85719 4.82046 44.468 24.8128 4.00101 0.0449273 220.783
4584.15 18.7341 10.0517 13.3753 7.85344 54.6183 36.5494 58.613 2.56659 2.75015 43.5476 11.4716 17.8246 16.4154 48.5402 7.33993 2.11387 10.1578 18.9531 25.9514 34.7485 2.16226 0.0506345 220.325
4589.7 19.0453 10.3878 10.6586 7.23695 50.4748 43.0194 56.4354 1.60823 15.9782 39.7475 19.0975 17.8246 4.85386 47.568 3.84262 5.31174 26.2757 23.5389 1.83663 3.5348 14.4478 0.126284 218.156
4633.8 16.7968 14.4324 10.84 8.43737 36.5726 46.2293 51.112 4.3153 15.9782 39.1834 31.5078 23.8302 4.85386 29.4569 8.82364 4.11283 11.7329 20.6326 22.9654 9.57028 15.7096 0.0416336 220.583
4613.85 18.1358 11.7106 5.75744 15.9717 32.2389 50.6494 54.9536 3.89629 6.18129 43.2793 38.8159 24.3027 9.78196 20.0897 10.9366 30.0382 14.4214 22.0152 21.8166 15.4035 35.0262 0.0386538 219.863
4613.85 14.8388 9.15033 5.75744 19.6768 36.8638 48.5463 52.5832 4.70809 19.2243 29.866 13.769 40.0668 12.4021 22.2952 17.5803 25.7148 12.6049 20.1209 7.57617 19.5401 25.2198 0.152628 222.201
4624.49 18.3087 6.55555 5.75744 15.5289 45.6434 46.1285 43.2975 6.78491 16.2328 44.1298 24.0483 11.7319 24.9178 19.2783 26.5546 3.45098 25.0292 24.9162 14.3231 13.4891 8.13501 0.00931972 215.295
4609.69 25.5055 2.14986 8.7129 19.0959 38.5258 41.1409 42.7921 19.7173 9.41755 41.953 23.3124 23.5019 14.6121 22.1744 26.2242 25.9801 4.30381 7.11303 4.55468 17.4789 32.0947 0.118092 220
4609.69 28.1498 1.39939 6.99651 14.3075 57.2417 29.0056 36.1738 18.502 12.3881 38.9657 43.0697 11.7883 9.91953 27.1858 15.9905 8.34718 1.02447 16.2706 54.9255 5.86639 40.7535 0.12711 222.926
4587.36 25.5825 3.24612 10.8787 14.3075 42.5065 49.6539 32.6808 31.3604 6.08448 39.7371 30.5475 11.6713 6.78564 35.6555 4.02788 36.9811 11.0646 13.3861 35.8304 27.4258 13.37 0.0690326 221.18
4591.6 26.3535 6.1646 6.0683 14.4397 44.9318 47.9761 30.9223 26.6037 9.32202 41.5713 30.4012 12.5117 14.8191 28.5274 4.82816 32.3176 9.29427 10.8177 5.85547 11.6169 25.3116 0.0167911 215.284
4591.6 27.4593 2.67867 10.0254 10.7587 37.484 50.1626 40.1745 19.1648 19.3477 36.669 18.2578 13.2603 11.2358 44.3539 11.5703 27.1184 9.71501 10.7104 12.2986 17.201 22.989 0.00222125 212.684
4591.6 24.4816 1.84012 14.5833 10.7587 38.8317 54.8854 42.0873 18.585 1.8349 45.742 13.1334 20.1694 12.1052 37.4652 19.0421 35.146 7.9088 5.9682 13.7911 24.5897 8.2607 0.0222516 221.402
4611.56 26.6898 1.84012 6.391 15.1135 35.7447 54.6796 31.7368 22.8465 29.54 34.2796 19.0819 25.5958 6.36741 25.0015 5.68923 16.2066 9.83726 5.9682 15.2693 45.139 36.8436 0.0228561 217.999
4611.56 22.0418 1.84012 10.4881 10.5082 49.4445 60.9455 27.4274 3.77335 21.1255 45.3775 25.6927 32.3948 4.31436 21.1671 1.44345 16.4571 35.0516 5.38744 11.4027 12.7339 32.3727 0.00883512 218.523
4536.73 29.0521 8.9223 12.2519 16.4078 50.7481 53.7645 29.3264 8.00989 15.5547 46.6706 7.27818 29.152 14.7055 24.397 19.6935 22.3612 29.8731 3.46099 8.82398 18.7788 18.766 0.00239501 215.197
4553.91 27.6311 9.2416 9.41779 27.8192 33.0764 46.8013 38.6013 18.7063 16.0419 38.3824 14.0689 40.7494 3.43344 23.2967 8.69554 0.947049 20.1147 10.8371 36.7733 2.22306 18.4486 0.000304481 216.93
4612.07 18.7705 7.66086 8.73086 27.523 30.8446 36.9577 41.5563 18.28 26.4526 41.9486 17.3725 29.8023 6.31025 17.7271 2.47883 12.7244 13.6839 24.2217 32.2712 1.28469 19.1665 0.0057094 224.386
4599.53 21.0065 10.7443 2.68296 37.7429 38.0261 29.3654 43.0139 10.0185 24.126 42.275 20.1778 19.6067 3.11158 34.9173 5.39516 24.9794 25.8828 20.6563 8.11899 3.26958 36.2617 0.0358109 220.614
4487.98 21.0065 6.07825 15.4869 37.2047 41.6086 29.3654 49.0804 19.9383 30.3848 27.3276 19.2711 17.81 9.2292 38.85 6.811 19.3672 25.1843 2.89561 13.3226 7.39011 10.8639 0.078653 221.353
4481.37 27.3588 9.92819 4.90289 31.2995 42.6648 44.3928 49.0804 14.7102 20.6458 29.4415 31.4272 14.8593 5.62184 37.942 8.59754 10.1519 30.5181 45.6713 6.20192 12.5783 7.61603 0.100543 220.767
4460.41 27.3588 12.2565 8.5859 31.4562 42.8676 49.1197 49.0804 0.740241 19.3199 28.8665 31.6303 19.3886 10.4739 36.0827 10.0392 30.4087 25.1516 10.2215 2.30314 2.74861 4.872 0.0497168 217.637
4472.91 35.7246 6.86734 10.2897 27.6741 43.0725 48.3461 30.0629 14.791 31.1501 28.3178 20.0236 28.7283 11.7637 21.1369 29.8301 5.94578 10.3054 9.75595 16.774 39.9395 17.7314 0.0263326 222.837
4532.72 32.1096 3.18272 21.1238 7.75365 42.9121 60.8312 23.6222 10.642 41.5147 30.9925 18.4736 21.4377 19.1489 14.4653 5.53111 24.5853 12.6411 5.02219 10.7637 34.0796 28.793 0.0126043 220.263
4518.59 35.3448 10.0768 11.5666 24.7062 49.8532 58.6015 12.3724 13.9435 43.1864 17.8193 4.20679 33.6609 15.7824 22.8626 14.4968 25.9617 4.8189 34.2461 2.15253 4.97702 5.05697 0.0204768 222.626
4522.24 35.8095 8.67706 13.399 25.045 41.509 54.4101 10.8145 19.2371 41.7144 16.5562 20.9897 14.6585 12.3856 40.0483 13.1356 25.6271 0.250397 29.5379 6.4317 20.9334 20.0187 0.0693424 221.889
4522.24 34.4343 10.0419 6.14674 33.8249 44.5761 46.4293 8.2395 23.9076 35.6369 18.9854 27.3173 22.2712 12.7769 30.9633 18.6611 2.54768 11.3567 9.93564 47.5865 9.30142 30.6629 0.0478629 221.558
4538.21 34.4343 5.23024 10.1707 31.038 42.9088 43.6394 22.164 21.6865 15.0125 4.59771 55.5616 27.0483 4.58227 29.5395 4.8713 7.87476 12.6864 15.7794 2.43942 14.8442 18.9972 0.0374968 222.414
4547.57 11.7173 9.44619 13.2118 45.0437 39.9938 35.3539 32.2318 20.3912 17.3064 18.3471 52.9318 23.3456 5.28694 26.6523 17.8984 4.01382 2.37996 33.3525 5.37649 18.3683 33.0364 0.220511 224.621
4547.01 17.6914 2.12567 6.47851 52.4534 39.284 34.9443 31.8118 23.2971 20.9581 20.7464 42.2445 27.8414 8.56652 19.8731 11.3902 4.79336 4.63195 32.0651 21.2528 14.7468 19.6827 0.0638173 216.64
4488.98 17.6914 3.62099 6.72675 53.5736 38.1671 40.8978 34.5839 31.8393 19.9274 16.2392 42.6468 26.278 4.56657 20.8309 16.032 5.47447 1.06527 37.6805 10.4736 39.0794 17.1057 0.0359618 222.203
4463.96 26.9665 0.616971 4.53304 68.5036 37.1286 30.6166 30.9002 33.9335 10.5551 22.0706 46.9523 17.2941 13.1723 23.9793 0.178233 15.6989 13.2262 34.7945 4.18409 16.2584 6.93527 0.026367 220.593
4463.96 25.5862 7.67787 6.77755 68.5036 24.241 34.0932 30.9002 27.229 23.0155 13.1261 46.1597 24.8165 7.59098 25.7061 5.14117 16.6634 7.93275 41.8571 8.93519 1.43702 2.75144 0.00453401 218.648
4463.96 27.8619 8.31519 5.50479 35.0772 54.2175 41.8942 22.904 31.3474 17.0393 22.8672 24.0036 12.365 41.5605 20.5476 11.751 22.5687 6.86065 19.1807 5.93252 23.9818 11.0326 0.00042237 216.637
4463.96 28.177 14.1018 3.31132 35.0772 51.4534 50.6168 19.1343 23.9584 27.1806 21.7446 31.2732 11.8283 19.2607 30.7564 11.2199 12.026 16.0988 28.1205 0.802321 40.9272 5.54351 0.00042237 216.39
4435.52 35.8944 13.2641 2.65481 27.4866 54.1215 43.1078 28.2157 21.997 15.9961 40.0661 30.2002 21.9314 27.4139 6.84477 16.9177 3.14507 24.5572 12.0556 29.4765 2.29268 6.64039 0.00042237 217.357
4660.35 5.41545 13.9442 7.02612 19.7342 38.2403 45.3231 34.8479 22.5836 20.3788 26.2197 27.3475 21.7257 28.5529 14.0817 21.3973 10.7389 26.2779 12.6007 6.39309 4.6865 12.8981 0.0125896 215.035
4672.44 5.20823 14.4918 3.82153 35.8642 38.2403 32.6493 31.5701 20.6525 23.0793 30.4469 29.6414 21.7257 22.5055 9.7183 17.0119 5.53449 27.116 22.7092 9.20571 10.1659 5.87003 0.0164317 214.694
4672.44 4.26908 11.6621 2.36715 39.7685 38.2403 28.9958 31.0567 27.1005 24.5658 25.6997 16.2638 24.512 13.8726 34.0139 15.4904 10.0863 20.6774 19.6617 9.31483 37.5476 0.33817 0.0199992 216.827
4674.47 1.89804 11.2741 9.82079 39.1511 37.1441 27.0736 29.0423 27.291 27.6944 24.3152 22.3569 19.3227 6.66028 39.4259 5.1887 1.30772 5.74881 21.7354 12.7541 18.469 3.54481 0.0730307 219.049
4570.61 19.6995 9.71721 15.932 41.1351 42.1025 28.6382 22.625 17.0562 29.2764 35.6659 13.3792 19.028 2.91633 52.0314 17.9302 12.0224 12.823 15.7818 5.47427 8.99513 4.31727 0.0764633 218.843
4697.47 12.2907 3.73304 6.51013 26.6664 47.122 24.6356 28.8594 13.1469 33.5868 42.9771 13.1682 16.2527 1.66548 50.9952 9.14665 8.65417 20.4937 37.2897 6.55328 5.45848 6.70469 0.0335692 219.049
4707.62 14.7988 4.64278 0.672369 24.6487 57.0493 22.8615 29.8766 14.0991 29.914 37.8269 13.5215 21.0662 1.46046 48.2602 8.80037 22.1161 23.0667 9.70731 7.34158 22.9899 28.9375 0.0747042 219.814
4626.82 7.14066 8.41962 3.15708 36.1021 54.6214 25.9708 31.9722 16.9406 30.8748 34.4966 12.2529 22.3104 5.56203 36.8125 15.2353 27.0163 14.2842 7.96525 11.4963 13.1318 31.8533 0.105641 219.66
4649.44 9.38705 1.03468 3.20948 36.1021 54.2313 22.0369 40.6541 17.5547 35.9162 29.3217 1.5678 22.3104 6.50445 47.8652 8.90329 28.4198 20.8317 14.6057 8.07552 3.11006 24.5464 0.0230976 221.59
4737 6.42864 2.14478 8.58993 10.089 49.5759 44.2461 27.1115 15.6136 37.8641 23.1005 9.92243 22.8556 8.16589 47.9317 8.67297 22.285 21.3942 12.3458 13.8927 7.9525 23.9954 0.0788604 222.423
4651.43 6.40465 10.814 8.18849 16.7605 54.8522 34.3751 27.778 13.2102 43.286 26.9775 12.8548 28.7618 2.66919 32.4664 18.3847 24.1404 11.4511 14.8097 12.56 26.8693 7.22834 0.0256031 218.144
4641.14 5.82047 16.0589 8.85701 32.1061 49.7051 24.8074 28.0087 11.3486 37.9446 33.1299 12.7427 28.5373 2.94077 44.1648 16.1987 11.8194 15.1027 14.4295 12.2535 2.16145 6.92821 0.00409155 215.787
4641.14 5.82047 15.3961 9.77417 29.4023 53.061 26.492 28.5151 6.25046 40.0766 33.8735 5.68641 28.5879 7.75719 41.8823 11.4024 1.57428 4.52562 9.00875 20.3092 31.7438 10.7662 0.0353316 217.032
4641.98 1.86008 7.78493 5.12617 28.8047 63.8838 33.9616 31.1211 4.0226 35.4489 38.2558 7.35955 28.5875 5.8993 39.0227 15.4633 10.8633 4.32654 9.1944 31.5317 34.419 19.2927 0.0549747 219.125
4591.82 1.86008 16.0513 1.53805 36.4891 65.0936 21.6701 34.1929 3.28691 34.7642 35.4857 6.72337 28.5871 6.22668 49.7889 6.34664 13.1405 15.1017 9.64866 32.0902 20.8774 37.4502 0.0311666 222.9
4591.82 1.86008 12.219 5.63553 36.4891 65.0936 29.587 30.6806 9.93458 31.7689 35.221 5.87716 28.4161 15.1878 38.1095 8.60597 21.799 10.1602 6.81292 12.2889 29.3411 24.7948 0.0237039 217.068
4600.73 1.59422 26.901 11.1778 7.16732 65.0936 35.6885 38.6856 9.56515 20.1404 33.3872 27.5869 10.7519 7.11137 43.1752 6.59524 17.7261 16.4722 3.72903 11.6816 38.7093 32.8237 0.069051 217.487
4600.73 3.09034 25.8765 2.96025 16.3458 61.9157 32.7341 36.256 7.42455 23.3947 33.5066 29.6338 15.3499 4.75821 49.4136 4.95954 16.1478 30.4043 6.99026 3.70256 54.3082 31.2785 0.0840593 223.84
4613.63 8.98648 25.0308 4.686 10.5518 60.9839 35.5698 31.4179 2.81701 19.5341 48.1076 27.4326 14.0448 10.5438 36.6659 8.56564 10.3691 30.136 11.3818 0.791499 27.6678 18.8454 0.02542 218.873
4590.47 6.77849 26.0617 6.8385 14.7192 60.9839 37.9855 30.8572 10.1411 18.379 39.2929 29.3296 11.432 0.536602 49.8572 7.30043 4.0575 2.02777 44.3034 20.6749 3.7431 1.13098 0.0030627 215.483
4590.47 6.57169 24.7033 6.8385 12.4216 52.4101 38.0931 32.5089 25.1504 24.4534 29.0504 23.7516 18.9758 12.675 36.6183 7.43823 21.739 4.18644 14.7742 7.73986 23.0875 4.19914 0.00789921 212.455
4599.5 8.74664 22.4919 3.66056 15.6295 55.1047 38.035 28.3598 33.6348 20.4525 30.41 16.2837 42.3896 16.9881 5.49473 8.94194 14.8643 27.2183 2.74236 12.7111 12.9009 22.5115 0.00112804 217.002
4592.22 10.2054 20.8315 5.51046 15.9892 70.5143 26.0076 29.4415 16.2621 30.8598 30.0278 9.93314 39.9804 22.8036 9.38828 13.7551 6.31918 18.5338 37.8088 5.83202 12.0138 24.3629 0.00922617 215.506
4585.52 12.4923 20.5393 7.93262 15.7883 56.5471 31.7315 35.3731 11.1467 28.4022 32.5976 35.514 29.2005 26.7315 5.157 4.93115 12.4744 3.98261 52.6526 6.14527 12.9046 21.5888 0.00385283 219.327
4576.31 11.3603 21.7395 8.76493 11.7595 70.1095 24.0303 50.4115 2.2166 34.4611 24.1241 8.70445 37.8862 27.4252 5.79085 18.2424 9.62879 4.48511 45.4519 23.7487 2.18869 38.8139 0.0218425 220.96
4573.39 8.98999 26.113 8.76606 11.7595 65.9944 25.7702 32.9854 2.2166 34.4611 28.7102 8.70445 58.2474 20.3097 13.3942 3.70317 17.1536 2.96099 17.5203 25.5995 10.1884 16.7414 0.00588241 219.57
4574.44 9.87548 22.951 9.60207 29.4105 58.018 17.938 35.6014 13.3698 19.1687 23.6292 7.10189 58.2474 19.3546 14.1663 15.664 1.03191 35.8489 20.0756 14.6033 5.22005 17.7493 0.0371418 218.803
4562.87 11.0982 23.552 9.60207 29.4105 56.7346 22.1667 35.6014 13.3698 23.6799 21.1291 5.66044 58.2474 21.299 11.0878 16.2167 6.73066 1.67645 32.001 5.23584 35.2335 18.5552 0.0248453 218.65
4566.92 16.3765 21.3086 11.4708 28.8726 64.0833 5.6134 40.6983 7.00137 24.2458 27.8096 13.2866 60.7688 15.7926 4.7424 20.8854 5.99141 4.90846 36.5779 5.06268 24.2535 7.01474 0.0256186 224.043
4566.92 14.9151 16.8081 11.4708 28.986 57.0788 11.984 49.5156 8.1752 27.9679 39.7286 6.28421 29.7618 9.39726 14.7894 35.3524 0.607653 28.1334 11.8494 25.4173 27.2504 1.12606 0.0145139 221.505
4570.27 7.31502 30.4132 5.00159 29.6507 1.05991 55.1111 57.4561 17.0326 21.833 21.0804 37.6293 12.0651 11.7828 37.5894 11.794 5.60042 21.0909 16.9323 18.5153 32.0756 24.1144 0.134494 223.863
4559.49 9.49178 32.0147 5.00159 36.3815 1.05991 64.7341 48.9882 8.80916 19.9566 21.1294 41.6094 17.2465 3.96575 38.5583 3.17469 12.1951 38.3911 13.2106 12.5744 18.7385 13.6364 0.00503948 219.851
4541.83 7.99152 33.3813 5.00159 37.2623 7.88302 63.219 35.4837 19.451 20.4571 16.3037 47.3569 15.3856 6.29008 35.2333 5.18312 13.79 21.962 38.7915 6.67114 18.4086 8.89755 0.0019856 216.776
4544.85 9.48381 24.3022 13.1574 39.6178 7.88302 73.0242 36.4268 1.60418 5.62776 39.8736 47.3569 10.6786 4.29776 35.0924 6.83426 13.6436 15.9793 15.813 8.26758 5.78236 36.804 0.0292928 223.273
4562.95 6.92077 24.3022 14.3459 14.3925 36.6482 73.7563 18.9128 19.0204 4.6752 32.7718 40.3539 9.81509 20.4009 31.3992 15.9972 14.325 3.89196 22.5155 18.9563 7.71819 27.2416 0.00556552 215.468
4517.26 28.0426 19.7025 14.0825 12.3497 27.3709 72.2934 18.9128 16.119 5.57237 56.0775 31.8097 0.30877 36.8913 21.3406 3.39374 13.07 3.76127 8.79984 19.1191 4.83948 21.7632 0.344315 227.854
4434 21.4796 12.8202 13.9217 33.3242 28.1866 58.8882 47.9279 17.5081 1.28059 15.4822 51.0854 3.06961 36.8913 33.7521 5.26769 12.1124 31.8566 21.5412 0.753866 20.7721 25.5686 0.113505 226.661
4431.81 14.4026 24.8859 22.4439 23.1071 29.4849 45.2382 62.3249 11.2416 14.3209 1.78341 61.7092 11.1412 38.369 9.40656 16.2719 10.8074 15.8919 1.13378 12.7974 4.14751 24.9494 0.057611 223.801
4431.81 12.5383 27.9101 15.9383 24.2845 33.47 44.8873 62.3249 11.2416 10.9153 2.18864 64.5633 19.4732 33.2136 9.40656 12.0304 5.44815 9.36206 11.2075 16.3375 27.44 72.2923 0.149376 225.506
4423.72 16.072 27.9016 14.0801 26.9224 40.154 42.2225 60.8131 5.7247 8.46897 23.5046 64.5633 2.83288 20.091 11.154 25.6636 1.71049 14.6097 24.4515 19.7005 36.926 79.7132 0.150231 230.767
4455.69 2.45539 38.3043 14.0801 18.8539 45.5956 50.852 39.6611 15.9397 12.3254 28.4539 62.1484 24.7293 6.96444 6.29745 4.42835 17.2599 14.4298 38.9951 9.63475 27.228 8.78857 0.0694711 223.59
4423.39 7.89269 9.87516 15.1966 43.7388 48.715 29.4369 52.4431 27.9644 7.59544 21.8801 53.4755 14.782 3.72697 31.7127 18.799 34.9932 4.66134 10.8596 8.38653 35.0504 16.9157 0.104558 229.54
4468.01 10.9093 6.50192 20.9232 41.619 48.715 29.4369 54.5854 16.9144 5.72109 9.80772 56.1833 10.3097 22.5419 25.8117 15.7961 15.4474 2.42812 18.9276 17.1354 22.0759 13.9934 0.0157575 220.761
4463.41 12.493 4.35083 24.1813 36.4433 48.715 29.4369 48.8475 17.0543 10.1643 11.6517 70.0312 6.03781 14.3964 29.8335 18.9161 25.8626 9.07604 12.324 11.8953 26.009 15.9247 0.00480931 225.004
4450.36 18.6139 10.4318 28.7671 22.4094 47.0722 37.4205 55.0662 14.1723 5.38884 7.98669 65.2031 15.7133 21.6727 18.0901 5.0298 4.01297 35.7449 21.8997 0.988416 5.26433 25.4839 0.00242737 222.317
4527.29 28.1202 8.13314 28.9128 14.4446 39.4152 45.3335 45.5394 14.8642 6.36167 6.8932 65.2031 6.86731 16.0966 27.69 9.48125 4.39853 9.39094 50.5213 0.505457 6.58378 15.1708 0.132426 227.669
4563.17 18.5139 3.89666 29.8489 11.9694 47.6642 37.7446 24.7451 30.6738 8.53901 31.8756 30.585 11.7766 32.6715 27.0418 20.4342 4.17593 30.3321 11.546 3.33638 18.3129 1.81479 0.213585 221.777
4572.68 15.6089 8.28447 28.3183 2.63076 47.6642 43.3991 30.5273 23.0185 14.605 42.5175 33.3826 19.5235 22.0883 7.5859 15.4076 5.3741 15.7194 11.5019 22.5048 10.9352 50.897 0.000955521 216.453
4571.29 7.70379 21.6219 27.9818 1.14205 45.0479 43.3991 34.9518 23.0185 12.4481 41.0682 34.3324 13.9151 25.5689 7.5859 48.1265 13.1501 28.8246 8.96033 5.71164 13.7709 22.8169 0.00236288 227.013
4567.84 17.582 11.8137 23.6629 1.71339 62.8711 43.6483 16.0549 21.152 19.5345 41.5274 33.2016 9.63321 31.3915 8.27723 15.346 29.7422 12.9381 12.7781 12.5715 10.9779 26.958 0.0518373 217.351
4567.84 20.1052 9.37712 23.1295 1.88138 62.8711 43.1056 21.4512 17.9946 10.1043 44.1288 33.5284 13.4385 33.1448 12.6432 11.4407 28.597 11.9326 13.5759 8.09639 7.5115 26.4578 0.0631538 216.658
4570.27 16.5897 5.15274 28.1126 14.9816 59.6006 39.748 17.3213 23.641 9.55377 37.6132 40.8573 8.80324 29.4905 12.3563 7.17088 28.4303 8.08607 26.007 4.78173 6.98572 18.8173 0.0937281 219.358
4565.81 28.0659 0.754677 7.93298 19.1797 32.9787 60.8992 7.73051 43.8144 17.1448 24.0437 36.3484 7.16483 41.8684 8.09242 14.6661 51.8546 8.31504 16.188 16.12 18.9113 51.9002 0.062792 232.258
4565.24 26.2297 7.40379 9.8471 19.1797 42.9023 45.4727 4.25879 46.086 7.44671 22.4464 64.2991 29.7967 23.5013 9.09422 14.8264 31.0739 2.69085 16.4686 4.60003 17.3712 21.3103 0.00597905 232.838
4524.6 24.1886 21.1023 4.93302 36.431 14.6223 64.6843 15.9991 31.2197 5.4581 11.6599 72.3047 24.7155 17.6584 6.94453 4.48583 38.8644 20.4024 16.0815 11.8755 28.0956 16.0749 0.00321091 225.335
4495.05 32.8453 21.1023 3.91798 25.0864 22.9588 69.3252 5.89059 33.827 16.7481 34.9655 38.1305 18.8795 13.7834 19.178 12.1991 13.4012 32.1263 6.20073 37.2127 8.95445 18.9757 0.0384209 226.015
4583.28 11.228 24.035 7.37046 31.7918 24.3523 66.2498 9.41017 30.2086 7.09142 40.7419 23.4824 11.6808 24.4702 17.2719 17.4072 16.5785 6.33384 28.8574 8.65118 18.4546 11.4995 0.0384209 218.369
4515.45 9.69252 18.5777 32.6029 18.64 23.0109 81.7799 2.71164 39.1492 15.6051 38.7239 5.42038 30.3257 26.1583 7.10922 24.8496 3.16165 13.0549 48.7112 0.976672 5.16714 11.8768 0.029168 224.12
4531.69 0.915118 18.547 26.1681 20.0159 33.4362 80.0161 1.14333 45.0623 8.76632 45.5158 2.93031 17.2626 47.156 4.25329 14.0626 9.45386 14.9698 27.0316 19.12 7.31571 54.8103 0.0326214 224.625
4539.9 0.915118 7.72836 32.6932 20.7515 21.9261 92.9513 7.73288 20.5495 16.127 36.2839 11.9203 5.11239 43.1957 15.1135 31.618 13.7005 2.32482 9.3966 47.5604 4.39342 45.5951 0.231643 228.623
4549.85 4.44832 7.84727 32.6932 9.78249 21.9261 94.7752 11.3932 6.22466 36.5328 29.4616 20.6906 11.4277 44.9502 12.1912 11.4271 6.72221 22.2228 4.2317 18.3449 37.1513 31.2775 0.199101 222.123
4548.75 7.01466 6.1411 32.6932 8.79579 42.3445 67.7834 13.9863 13.1284 36.5328 35.7607 30.8484 1.44341 41.6393 4.97221 14.2579 12.2775 29.8228 6.63003 9.50522 21.2067 6.61505 0.14942 222.343
4549.01 13.2745 10.4385 32.6932 1.01455 42.9232 73.4392 16.0669 9.67491 28.955 27.2055 35.0124 4.15254 35.9527 19.6347 14.5094 18.147 28.8019 3.1813 15.2733 22.7651 1.40265 0.218453 223.769
4524.19 11.7098 6.09662 26.2142 8.94317 42.9232 71.8808 19.7416 18.2397 24.7699 27.2055 35.8212 7.25138 23.9744 24.8012 15.4383 8.28446 8.35362 9.86067 4.96413 19.1911 15.6839 0.247334 219.584
4546.18 9.01272 17.8606 25.6368 6.81241 41.2306 59.3294 22.2034 25.0459 26.6107 22.7264 24.9772 7.25138 46.7085 12.1705 7.35956 13.8784 9.80103 19.8085 37.7296 29.7619 14.9296 0.21489 222.368
4563.67 5.62783 17.8835 25.2353 7.18772 33.0958 59.3294 24.1444 24.2591 21.3188 35.2496 26.3682 15.2913 43.2005 7.40625 13.0682 23.0063 10.4777 5.86164 3.81982 41.2076 14.2738 0.0148766 216.668
4579.09 8.52322 14.0641 23.1479 11.232 33.512 63.5922 26.1752 20.6857 21.9404 29.5507 24.467 19.8933 35.6457 13.2916 13.6469 5.40085 7.27737 15.3884 14.5846 23.6191 2.08468 0.0110286 215.302
4579.09 9.62986 11.4085 24.0191 10.9603 28.1027 63.1093 34.4278 26.5911 5.65566 42.2867 24.8787 30.5194 35.456 8.27331 12.723 2.18472 1.05135 17.1097 18.1069 26.1687 24.4326 0.0110286 223.486
4575.47 12.835 15.1978 23.369 5.78536 15.5046 73.3801 24.8217 27.8024 13.218 31.6366 21.9403 20.879 56.0308 7.6226 1.12211 13.4785 31.9067 9.73559 14.1816 23.5944 41.265 0.000338436 224.936
4597.72 7.65038 28.0498 6.84405 7.35059 26.3949 65.6059 23.5574 9.05154 56.5834 27.8214 21.6163 0.88312 47.1922 9.16348 10.4584 3.58089 17.2623 13.6628 10.7176 16.4427 41.4014 0.00967582 224.445
4601.41 7.40723 28.0498 5.84595 9.55748 63.7435 36.8444 19.109 10.9556 40.1575 33.5421 19.4617 5.79034 39.6068 18.3665 18.6554 13.1583 25.7387 14.1896 27.3848 9.80453 3.15829 0.0229282 219.383
4581.53 5.65132 28.0498 10.1161 9.19536 70.5449 36.8444 21.3858 10.8251 30.163 25.9327 25.5011 3.28708 39.1918 20.5252 8.98423 16.257 12.7877 20.0522 21.1414 16.8723 19.9632 0.000686922 216.097
4595.6 4.97489 22.6701 9.83833 11.3321 70.5449 34.2593 22.8432 10.8812 28.4759 25.9327 28.007 3.28708 36.4485 29.9848 2.24983 3.50852 17.0507 2.465 16.3063 11.3279 78.0606 0.00432296 221.134
4584.37 10.291 25.564 4.67028 12.7105 66.8696 38.9187 28.0634 12.0246 26.9221 23.0011 34.2971 9.5928 13.9248 22.0577 30.1472 12.3274 6.73793 13.1682 24.6893 21.516 14.7987 0.0303206 215.638
4576.94 11.0466 25.564 4.08498 11.772 74.7115 38.9187 25.2124 9.56241 24.5415 20.1094 32.9224 15.0104 21.1647 27.9194 13.3073 2.32655 11.135 29.7533 14.3843 20.8937 6.21088 0.00583855 215.043
4602.95 9.09102 25.564 2.77983 14.7351 63.6318 18.8252 54.1464 7.66469 24.8517 13.0785 30.0753 30.2695 14.5331 30.1277 6.92722 17.8645 6.56862 69.4335 11.2801 12.3865 4.99221 0.00254853 221.468
4594.48 13.9479 25.564 3.07604 9.66706 67.1116 38.5895 17.7478 16.6956 24.207 30.482 13.0597 40.4764 0.63488 36.9538 9.86093 22.7399 10.0454 26.8134 8.67099 14.9984 75.797 0.0207297 222.272
4603.42 7.25958 20.6221 2.74487 16.4658 58.0993 37.8852 23.9546 19.2163 23.9085 46.0052 13.0597 39.1231 4.17161 26.445 9.51511 18.5791 0.62514 14.5901 10.5087 30.9321 14.9853 0.131256 220.141
4603.7 6.61283 28.8444 2.25306 16.055 48.0595 39.3979 38.7279 14.5616 18.4495 37.2731 13.0597 45.9226 8.937 13.9127 19.8999 19.2943 27.9139 7.88431 6.28693 23.8426 17.7269 0.0265873 216.957
4605.33 3.92678 28.6936 4.46072 16.055 45.3476 44.4615 40.0862 23.441 2.45969 34.6288 13.0597 45.9264 11.5572 21.5898 9.28934 19.2267 3.43687 3.08254 38.0279 2.09007 14.718 0.0208414 218.226
4603.99 4.66491 27.4235 9.05932 8.00289 43.3108 48.5658 41.4255 26.3604 5.38752 40.271 5.87893 36.2707 20.6168 23.1553 11.2409 8.47677 7.1435 6.63305 49.4489 6.13835 27.6396 0.0246657 217.934
4596.17 14.1637 20.0299 7.59056 8.00289 40.0413 43.557 38.9838 30.4598 15.0011 35.6344 5.87893 44.3905 14.1586 18.4696 15.782 15.5802 4.56145 9.55237 12.0183 1.76313 4.78185 0.000448916 217.123
4576.3 12.4458 22.2158 10.9762 10.5255 40.0413 48.5026 38.0481 31.9952 15.2753 46.3455 5.61264 23.0194 22.873 14.4279 4.17559 35.0036 6.56775 21.4352 4.97859 10.2877 45.0489 0.0131494 218.94
4562.17 14.0101 24.3491 16.1861 4.84721 47.6491 59.406 12.4308 34.5133 12.5576 18.3599 30.7389 24.3988 19.9097 28.6384 13.8336 4.18818 8.88373 42.2363 2.66436 1.77223 29.3572 0.00226848 218.609
4548.21 15.3294 24.3491 10.8128 8.46819 47.6491 62.588 16.0569 25.0792 21.3926 16.1721 32.9037 25.8841 16.824 27.5338 5.73313 0.2954 3.60329 54.0084 30.036 1.34578 13.3199 0.00226848 218.86
4536.38 20.8268 24.3491 8.97909 6.55874 49.6832 59.604 13.1602 21.2271 22.8883 32.5849 17.6784 23.5754 33.2461 22.021 9.80113 20.0415 9.52659 35.7203 18.9371 9.0113 11.6049 0.00494339 220.31
4536.38 14.2352 26.2413 11.7575 11.2062 53.8841 59.5346 13.1602 18.9485 27.2823 30.9364 16.1688 30.0036 32.4172 6.93126 4.02778 14.9959 21.3289 10.3688 28.4902 42.2403 34.5311 0.0162626 219.907
4556.84 7.59448 35.2336 9.65572 3.79749 43.0766 60.8421 16.4394 29.0997 22.1645 26.9021 17.6242 30.4377 26.3951 11.6897 5.57723 62.9765 17.069 1.56071 3.0602 15.2983 25.6509 0.0565399 222.645
4544.82 8.946 34.7254 11.981 3.79749 36.6066 75.4978 16.4394 20.2522 23.6754 25.6565 22.3863 24.0558 19.5781 23.6659 18.6827 6.12279 11.3661 26.7139 7.00528 18.5155 14.6402 0.000352835 214.593
4523.17 12.948 34.1129 11.0156 6.49836 30.9309 69.1384 28.8394 27.4708 30.0948 18.3091 19.7169 16.935 20.0095 28.3896 1.63054 7.3093 19.1307 33.2279 17.5608 38.3579 22.2391 0.000523098 221.889
4526.88 12.948 22.8412 18.0353 11.0749 30.5901 70.1541 29.6957 27.4708 28.0694 15.433 17.7685 19.0343 19.8041 33.8963 0.932865 1.63307 32.2523 23.8756 3.04762 38.3579 36.5001 0.000301841 220.11
4526.83 18.5485 22.5825 13.8527 12.734 30.0914 67.7705 24.1289 25.5922 37.5675 15.433 20.5181 10.3865 17.484 35.906 17.3929 14.773 31.6118 47.1204 46.4556 26.7514 17.8596 0.00159311 226.38
4524.97 26.7113 16.101 13.2179 9.88029 34.5142 66.6054 42.8667 6.83553 23.7773 23.1132 37.7206 13.1884 17.4525 20.1127 5.03048 18.1786 1.12332 19.9562 48.4369 8.97069 11.7162 0.0023583 219.157
4552.78 24.357 16.101 11.354 11.2085 27.212 60.9658 42.8667 11.4324 21.6752 21.8238 42.6683 16.5396 16.3917 22.2809 16.9385 5.09634 5.05625 10.7936 42.7443 3.65592 11.9141 0.00665742 214.987
4568.59 23.4841 16.3684 10.8153 9.29399 26.4653 54.2394 45.2927 17.0364 28.6764 21.8238 34.7743 16.9645 18.8617 23.9809 15.6093 3.28988 5.1465 10.3761 20.0919 36.3327 21.9676 0.00767394 217.521
4565.3 22.9236 13.0211 3.36891 21.5379 28.9684 59.0464 45.2927 4.53659 26.6285 21.8238 47.8437 21.1719 13.3204 19.3985 0.724641 17.5835 7.23505 30.9275 21.4119 13.9033 29.4654 0.0311873 221.514
4603.74 20.8683 12.1927 3.18346 17.7031 24.2912 56.2104 43.7847 18.4447 51.8618 3.51566 13.1 41.5079 4.13038 22.9335 12.7884 5.33319 11.9458 36.8233 21.831 18.7103 17.0744 0.00321646 219.161
4596.41 25.6344 13.6608 3.36465 13.0883 25.585 59.4691 43.9348 19.5565 47.2071 3.51566 13.4394 46.823 2.26974 24.4056 15.3489 10.9293 12.7729 23.4315 24.6781 8.18276 8.83598 0.00142306 219.877
4568.56 24.6457 11.18 6.735 18.3828 31.066 53.3203 39.603 18.9397 51.1714 7.17031 18.8398 38.379 4.25532 23.0308 5.15081 5.91123 12.7729 38.7006 8.52221 3.62707 3.79246 0.00061138 215.558
4587.54 24.6457 7.24683 5.92686 19.3247 32.069 52.4302 31.2863 14.653 51.1714 7.17031 28.0094 39.9559 3.94422 20.3072 13.023 4.28175 27.3112 43.7343 5.96019 7.66808 28.9495 0.00336341 221.238
4574.83 32.9897 1.22775 9.0328 25.8927 36.7073 52.3146 27.8499 23.7441 41.4247 7.17031 31.1915 21.1769 10.4454 21.5835 7.56685 10.2928 15.7911 37.7057 3.71419 11.574 10.9476 0.000411569 218.601
4558.79 33.8487 4.12711 1.64808 24.1138 41.3852 42.316 37.7783 28.1115 35.7705 11.8128 25.5164 30.0478 6.00706 22.9957 15.487 13.669 6.40932 49.3952 6.33653 5.81874 18.7149 0.00683899 221.559
4558.79 38.231 2.20356 2.71652 17.8921 33.69 33.5485 61.2261 39.2955 26.749 0.794171 21.8035 35.088 7.94578 21.6451 6.52396 21.2451 3.90623 20.7756 25.0721 22.7742 13.4831 0.000339666 225.773
4550.14 38.6166 3.23798 2.23967 19.0454 5.80177 78.4773 38.7827 21.8648 20.7841 6.84862 23.2913 49.5265 25.0027 12.3605 15.6588 9.41626 16.4012 9.87381 6.27854 54.496 24.6169 0.000305307 218.725
4552.89 38.3101 12.1071 2.17072 18.2978 6.91999 75.3231 27.7082 25.4412 22.1795 6.38723 21.9833 58.0689 19.2552 13.0082 0.711132 3.13724 23.3526 18.5665 15.192 23.1195 13.9045 0.00153101 220.707
4532.67 38.8 11.5461 3.31855 11.1652 11.5624 75.3231 27.7082 25.4412 25.9958 6.38723 20.7905 56.286 22.8682 11.359 8.82436 6.93593 16.8036 18.2418 15.4567 17.3166 15.9564 0.00218099 220.7
4546.16 41.5227 5.48015 4.98639 10.6195 14.2746 91.1665 13.9728 32.5833 26.6382 1.31302 20.2326 47.4101 25.5369 11.7431 8.16981 11.1974 0.903993 24.661 12.4753 3.11121 11.7593 0.00761073 221.509
4560.11 41.586 4.45333 3.17509 9.33105 14.2746 91.5128 13.9728 26.9453 27.4547 6.90212 20.2434 50.6524 15.5892 17.5464 15.8338 11.4008 24.146 19.9597 6.58573 23.6541 31.3622 0.00116041 217.351
4578.42 41.586 2.27674 3.80676 11.2513 14.0997 87.9753 6.26778 26.9453 27.4547 11.1942 20.2306 50.2211 23.789 16.0345 14.8473 17.8727 0.738042 18.5916 16.3714 44.1373 12.04 0.00116041 221.569
4580.87 32.456 7.2957 5.29397 15.8547 20.6118 83.2137 6.26778 26.9453 27.4547 8.4096 20.2312 48.8524 18.6559 15.3272 7.40691 36.3932 5.70898 18.1759 7.36265 23.7102 9.87968 0.00754253 221.627
4584.93 32.6345 9.69259 2.75398 7.98574 21.2702 83.2137 6.26778 34.5258 25.3691 12.8557 20.2129 48.6566 20.61 17.5879 8.45932 31.3544 9.1177 17.8418 4.15244 26.4909 12.116 0.00754253 219.1
4587.85 33.5656 9.19859 0.566524 6.96288 19.7824 90.4688 6.26778 34.5258 23.137 20.0312 23.4925 36.7016 20.6069 12.5891 11.2703 21.8476 13.1 4.64278 7.18157 26.4608 6.28248 0.00754253 219.041
4590.87 38.5713 4.56821 0.417063 20.1702 5.15568 95.6202 6.26778 36.2023 23.4048 20.0312 31.9384 9.52165 31.5371 4.46096 26.8627 20.3529 20.5639 3.06471 29.0421 22.4826 6.25922 0.226698 229.43
4581.46 38.5713 6.22453 2.96481 11.6746 7.04263 95.6202 4.90987 49.9368 18.1911 6.63818 37.361 16.332 30.1232 25.1663 14.0744 2.97966 27.6979 1.76549 2.67255 30.8893 13.3007 0.165505 224.881
4605.69 33.6481 6.45294 4.76412 9.63234 9.30669 95.7744 4.90987 47.1941 14.3222 3.76025 24.6226 26.8276 19.8849 33.495 23.9735 1.40123 5.73514 5.97746 33.4541 37.4364 10.5424 0.14683 223.742
4618.6 33.5752 2.24789 2.06384 9.75978 5.92311 88.6681 4.90987 47.1941 21.7985 42.7711 20.0415 16.8292 11.6052 30.8814 7.49799 10.8507 22.4404 6.81043 9.90775 27.1129 12.0163 0.323354 224.816
4619.55 32.6928 2.24789 2.73284 10.6502 3.65998 99.3454 4.90987 27.469 18.6445 43.0879 26.299 15.5028 0.866613 34.1647 17.4973 12.2007 2.19585 29.7614 6.7955 30.0702 11.5268 0.124756 226.966
4618.61 32.4265 5.41838 3.56876 7.38248 9.30134 87.1598 4.90987 45.5636 5.35691 45.5335 16.1095 37.224 0.866613 28.3162 13.0687 7.52686 2.40042 5.50202 27.8179 41.798 12.1035 0.114191 225.599
4628.36 23.9167 9.96037 1.98762 5.562 33.6772 68.7348 27.8933 30.8279 7.39111 45.5227 20.06 22.8332 0.866613 39.2009 5.24695 3.89929 17.5932 10.7492 24.2323 39.6392 8.8363 0.177732 221.936
4629.07 12.9674 7.64033 16.8111 4.76239 37.6807 61.1445 32.7241 19.4417 2.04787 55.3695 14.0283 22.8332 1.85214 39.2009 16.9445 16.9332 13.1833 21.7172 3.072 15.1934 9.97224 0.147171 216.698
4542.86 13.4261 9.83961 7.41503 22.5943 51.7537 54.038 33.0404 27.9213 4.35563 39.4405 32.3367 26.7085 3.57051 16.3472 16.8597 27.4458 4.132 4.56347 24.6145 12.8223 3.92262 0.161979 220.514
4530.07 6.30242 9.76428 26.2813 23.605 42.8393 57.1455 18.1657 21.3895 26.0001 33.1485 26.9574 37.9466 7.25579 16.9945 0.979369 11.2683 24.6903 16.5619 11.8236 38.9468 2.19964 0.0365821 218.966
4530.14 1.08986 21.4336 21.6886 24.7895 42.0149 45.8045 30.1524 37.2574 16.3998 14.9336 20.4664 46.486 12.2309 14.4789 8.7821 5.29371 11.2511 15.859 10.2769 24.9717 26.4695 0.0369611 222.211
4520.93 25.5094 19.1792 11.7779 14.517 43.6958 43.2704 38.3084 25.9825 15.7872 13.7628 5.28753 48.0183 41.7004 11.8631 9.18053 18.5179 13.8799 1.87616 31.6166 6.41935 4.59548 0.122334 220.666
4597.95 9.32399 16.1007 11.3487 12.2921 33.5345 56.5627 47.4323 23.5789 17.3895 21.031 6.70636 34.1219 38.9679 10.7441 9.16516 19.0565 22.2112 18.4532 11.4499 28.8469 3.2608 0.132234 222.257
4586.86 15.9882 13.5199 10.9943 11.5338 27.2162 56.5627 47.4323 27.2677 11.023 15.0195 11.2153 36.7086 41.3025 15.9285 12.4578 15.7128 3.73581 35.3757 30.1566 2.11831 3.87254 0.178389 220.276
4570.37 15.2783 19.2318 11.2493 11.4837 38.7529 45.5814 48.6238 28.682 9.96164 11.1463 11.2153 40.5343 37.1138 15.6282 3.50932 11.0548 3.43608 41.065 13.4394 23.3378 4.99861 0.149991 221.348
4614.88 12.4408 10.1652 14.5791 3.94817 42.4292 50.1626 30.5721 40.0234 10.0284 13.5636 16.3768 33.8964 46.8843 10.2837 11.6451 11.4853 10.9984 43.7462 14.6249 3.32005 11.278 0.104633 221.081
4591.52 18.9712 11.1046 11.8635 6.81615 49.6512 37.8605 27.3467 35.1862 23.4867 8.46798 7.4643 38.3675 51.212 11.9135 14.759 18.6063 18.5385 28.6313 6.46269 26.2628 10.2536 0.356758 224.449
4636.95 16.1031 3.23165 12.434 3.47482 69.6338 17.089 53.0366 21.4754 19.4631 17.2503 9.91097 20.4695 51.212 17.1866 10.5218 4.94237 24.0337 21.5184 11.5962 7.10356 1.94943 0.146656 222.52
4610.64 18.2242 3.68008 13.272 1.92403 64.3754 18.1988 53.0366 24.562 27.9656 8.87191 12.967 31.0997 52.4786 11.2543 10.2186 1.78459 22.7823 27.5081 18.9258 2.32015 18.6037 0.470764 228.524
4583.31 26.9652 4.29467 6.65317 3.13841 60.4486 19.776 52.4534 31.3955 17.6788 22.0109 11.4437 36.0451 46.7605 11.2543 2.06572 0.918018 20.3057 41.4813 16.626 2.32015 11.7279 0.470764 226.721
4579.31 20.1707 15.0188 6.39023 4.36922 61.3796 28.1389 52.4534 22.2925 17.8359 21.4557 13.7081 20.9286 49.4416 8.46445 11.1422 3.65706 20.8752 25.1624 4.96788 11.3105 5.03213 0.309099 223.967
4593.31 27.6053 0.285129 11.0269 4.36922 72.0151 21.2024 36.5075 35.9318 16.5122 22.5232 18.606 36.6097 21.9175 13.8755 24.4862 1.9733 9.90177 22.7303 6.90289 13.5452 11.3217 0.204328 221.301
4577.51 30.8367 6.24817 7.60794 8.12234 74.0914 19.3153 31.3246 32.8162 16.1234 15.4758 10.1516 41.0905 27.1946 21.9773 21.2655 5.12846 5.86686 9.58745 28.4445 7.60436 12.4152 0.0441904 218.195
4600.86 13.1794 9.58669 16.6585 8.59074 74.0914 19.3153 32.8891 32.8162 13.0706 14.6185 7.20658 43.0195 37.9685 13.4178 25.4353 10.0294 9.58677 2.43504 24.7398 18.966 50.0252 0.0751996 219.663
4600.86 13.6396 9.04049 20.0117 3.87844 76.0056 20.7425 28.9787 32.8162 17.244 22.6397 19.8567 33.3644 21.9285 7.38679 37.1359 2.85082 16.3999 18.9424 22.7483 18.8974 48.0762 0.0497592 220.024
4588.91 6.97119 16.9137 19.4551 3.44885 78.9295 20.6361 21.7014 33.2941 16.3565 34.939 22.2448 9.34964 32.2064 8.05557 33.1228 0.847348 13.9274 32.7917 3.25687 16.7064 2.68911 0.034778 218.59
4608.63 6.46282 21.0065 14.0526 2.30589 93.6699 4.59068 27.7186 22.4605 17.1159 44.9664 14.1359 20.0908 21.6717 7.33339 44.7629 5.9223 4.60023 4.66396 7.75944 46.3299 30.8447 0.0540228 220.861
4648.73 6.46282 15.2387 5.60678 5.43699 86.673 15.1237 35.6699 14.6606 11.4562 45.672 23.826 15.4096 40.5188 3.34577 20.8561 0.638357 14.8458 13.623 6.40541 55.3237 30.8202 0.0719225 220.32
4648.73 4.82282 13.4149 8.40912 8.99229 76.3371 19.606 38.0292 18.6591 5.7317 39.407 20.518 23.6977 41.9752 2.40518 14.2507 2.55741 21.0691 14.7452 33.2577 7.22214 9.59144 0.076955 216.956
4648.73 7.96145 17.8354 6.62157 1.0627 76.3371 22.0638 31.8143 24.089 16.7756 35.7056 14.3423 23.6547 43.543 4.14081 14.3167 9.44828 12.6953 33.4727 7.47784 44.8055 8.24093 0.0762356 220.725
4648.73 7.96145 11.2857 8.2462 1.0627 71.1027 27.0747 36.895 21.4444 17.5164 45.3721 5.8985 19.3944 45.8491 2.60186 15.646 26.8307 16.4091 11.2822 29.0785 14.2226 38.334 0.197981 218.651
4601.29 6.60734 13.4369 20.527 2.92648 68.4382 19.7187 43.8779 15.2773 21.4488 42.1626 5.8985 13.6024 39.5837 10.4807 16.7461 25.09 5.80954 8.26582 30.4078 5.56692 2.82754 0.212058 222.951
4584.72 10.4724 10.3498 21.0555 12.2469 63.6671 20.4922 45.8805 22.5621 2.94585 41.6635 23.8153 16.5724 36.0643 14.0749 9.76119 15.7499 15.1743 14.3926 42.8699 9.67518 18.2631 0.105918 222.401
4623.54 6.56043 9.11944 21.4251 7.81036 62.3013 21.3612 41.5055 21.3851 11.3922 45.8816 16.6797 14.5535 32.7518 12.1325 20.6834 32.282 11.0252 5.04688 28.4505 2.14137 15.9883 0.0773423 216.353
4623.54 10.9018 6.60887 21.4251 5.40816 70.3695 13.6121 41.8301 22.6904 16.8085 21.1394 39.2014 6.56213 27.8452 27.9246 7.83972 43.4043 17.5943 25.9736 4.69807 15.1747 11.7262 0.0255825 218.408
4623.54 4.3236 13.6661 22.1719 5.40816 70.3695 13.6121 41.8301 26.5286 16.8085 21.1394 39.2014 6.56213 27.8452 26.3263 7.83972 6.17001 5.36378 25.6845 35.3155 25.6041 12.3273 0.0255825 218.736
4622.63 4.3236 12.9991 20.6101 14.8883 71.7578 13.7577 34.1908 21.4782 23.0703 17.6899 27.039 8.52148 41.0976 24.2229 11.4443 15.713 1.43451 38.125 5.66106 39.0295 6.88556 0.0340559 219.216
4622.63 4.56056 16.3351 15.9031 14.8285 71.7578 11.5619 31.0439 30.6372 13.8513 26.0018 23.9877 5.1177 40.2996 24.9667 22.2404 19.3892 9.10149 8.52944 2.55277 21.7139 7.3459 0.142908 220.252
4589.84 5.65789 19.7213 19.265 6.023 64.2877 22.9221 42.214 32.5925 4.00119 21.6849 34.8452 1.35823 25.5014 32.7611 7.22911 1.27847 49.3376 15.9599 7.64585 6.61527 11.7253 0.0809413 224.394
4592.78 4.72891 24.9178 12.7439 3.66338 62.219 21.6509 44.3714 44.3684 2.36971 21.6849 28.8534 13.9199 29.718 22.8624 1.77434 21.0145 31.6586 4.56946 8.14028 1.6354 31.6669 0.178618 222.606
4633.35 12.8407 16.7063 5.52729 3.66338 59.273 28.1142 34.6804 33.6259 4.24391 27.1206 34.4909 9.50464 38.9779 21.5191 11.7516 5.09053 55.9778 11.081 8.22749 14.5642 17.9984 0.111323 223.755
4632.61 14.6291 10.6979 2.03082 11.4396 69.8226 37.1085 23.3186 41.0285 4.24391 14.0163 22.8354 10.4137 45.9954 22.3921 19.2758 6.74311 24.3793 14.0722 6.21479 7.66156 34.738 0.106197 222.872
4651.7 16.5103 5.49613 4.50407 10.9708 69.8226 19.6351 24.7031 58.5948 7.32505 16.2885 14.6688 1.3335 52.6587 18.7313 16.4107 24.8304 33.0981 14.7051 15.882 5.75037 8.10246 0.302584 228.533
4624.56 9.72946 8.37921 2.02621 15.1212 72.8374 12.4984 25.8112 53.7833 10.5798 15.6336 24.1968 16.4956 52.6587 9.17951 15.0698 19.9536 13.7505 8.00064 10.5104 1.53986 37.6495 0.392412 222.448
4649.08 3.04716 4.60671 4.84637 14.5669 70.6917 15.1668 30.4743 56.669 9.76339 10.7207 24.6969 60.4321 4.95079 7.93719 15.0934 31.1372 19.2581 1.6237 21.7662 9.12877 28.8662 0.405312 228.717
4458.67 1.03532 2.88414 15.2171 53.1321 66.0769 14.1807 25.4511 66.2895 3.13324 14.7062 20.2469 46.9056 15.8601 7.53466 41.0512 6.51707 1.2714 14.3008 22.3143 4.98276 32.6906 0.390639 231.008
4459.38 1.10454 2.78012 18.178 53.1321 56.8014 15.185 19.8333 74.4605 2.46648 19.4302 11.3529 51.07 14.39 7.0655 40.437 2.38246 9.86392 1.75434 33.195 27.2888 2.71956 0.553945 233.426
4450.12 15.5628 4.82091 8.71775 55.1878 53.0799 18.8042 9.70879 74.4605 7.85131 20.8128 15.9435 53.2834 24.1729 5.78472 27.6027 3.85761 9.25682 5.05511 27.9848 40.8282 8.483 0.553945 232.431
4531.4 9.04004 5.83786 12.2842 41.9526 48.5271 27.6707 8.69192 81.1659 6.20781 8.07693 20.9416 42.0694 18.2049 0.966226 48.667 3.85761 22.7097 5.75642 21.925 14.8996 18.4706 0.393977 231.192
4533.4 8.11078 8.13719 20.3935 31.2064 47.3252 35.6508 8.37514 76.3474 8.55072 0.320325 7.45124 49.445 34.4817 10.6922 9.76308 12.4452 10.7542 15.6456 3.84924 5.67844 22.2446 0.492803 234.459
4535.42 11.7536 4.62874 16.7519 26.0357 58.6207 35.4837 4.06281 75.2252 8.55072 0.386453 3.5875 49.445 41.5493 14.7142 8.57457 8.40543 16.5181 14.6363 6.54031 17.8369 34.3879 0.164836 227.711
4514.88 6.70671 3.08826 10.8529 54.0332 32.6421 47.1104 18.0813 53.4109 11.3779 10.589 31.486 29.2967 35.176 7.18634 6.88434 29.6866 16.4318 19.2586 8.54505 28.9209 25.7636 0.405307 229.945
4522 2.88275 4.36043 17.0829 56.0152 31.7428 51.1148 31.8669 26.9408 2.3526 8.67982 27.8182 48.602 18.2828 18.6725 4.53698 32.0586 9.06042 21.9822 13.6707 4.09426 13.434 0.137293 225.27
4478.42 9.20386 7.7029 18.1599 56.0152 27.4793 49.3586 41.7339 15.3591 4.80779 8.77664 30.9276 50.0284 17.0766 25.5395 8.95339 11.7723 21.362 13.524 20.0744 14.3884 23.247 0.148144 224.76
4458.73 6.68897 4.6149 15.1286 56.0152 65.7195 42.1421 16.3076 11.4999 32.0873 17.0292 23.8537 25.7443 18.9034 30.3821 5.21003 23.202 34.4518 6.78914 6.89359 22.1589 12.1477 0.0431144 221.046
4455.37 6.24277 16.0554 7.02392 52.7856 73.1845 39.1903 6.72735 20.9326 26.4767 27.2426 32.3934 21.5696 10.9938 33.5817 9.64664 30.6126 17.215 21.9528 5.41399 3.77226 23.5262 0.052763 224.59
4436.14 4.09328 25.4983 6.45063 51.3693 63.4665 38.691 17.7005 24.3626 22.3047 32.6487 25.5288 24.9745 20.5256 13.3438 8.63137 6.67653 5.54286 6.67616 15.0153 32.1819 33.7632 0.00537637 218.897
4441.07 5.75425 20.7354 8.94218 48.2639 68.1639 30.4549 22.5704 25.3647 17.2477 32.4177 12.9233 30.7903 31.8642 10.8223 8.44708 35.0298 0.324128 7.31098 17.058 36.7152 20.6296 0.00329475 219.216
4442.4 0.34653 45.829 1.57791 39.8332 74.6628 15.5424 27.7381 25.0558 21.8576 33.0459 12.6032 23.6637 24.5808 24.5182 9.55622 25.7256 13.2225 5.01591 1.51112 33.1305 5.55247 0.00329475 218.503
4428.04 0.428327 21.4152 7.85035 60.8676 74.6628 18.4437 19.9395 21.6007 21.8576 45.5875 4.08583 24.6947 14.405 25.3667 9.64653 38.5842 13.2275 35.7366 9.73457 14.6308 51.247 0.0811936 229.648
4641.28 1.18888 4.98697 15 36.748 55.9874 20.761 9.08425 26.557 32.6808 44.5527 11.4325 38.6241 14.405 22.0978 4.28917 22.7733 26.0537 8.10752 23.5786 12.6143 28.0143 0.0111885 223.096
4583.09 1.9485 8.59925 24.6433 38.1926 52.3929 20.8295 5.78542 17.4551 38.402 44.0525 10.8705 39.7412 12.5717 28.169 7.59605 5.75921 31.8029 15.0542 10.4938 10.8006 9.66316 0.0207956 222.551
4531.18 17.8844 14.1079 24.9417 18.4987 49.645 43.3459 12.5222 7.69672 47.0618 38.2306 3.61822 9.31012 29.9566 39.4248 5.39649 7.59686 27.6935 16.2077 15.2516 11.7351 17.5378 0.108172 221.111
4489.2 25.8186 14.3453 23.2963 6.79675 55.9304 60.0797 16.3126 20.9497 42.0452 13.0779 8.36946 9.11897 23.7396 41.0936 9.59518 14.9735 2.64547 1.38179 53.3432 38.3366 30.3743 0.0109636 224.142
4512.41 27.1421 14.3453 18.5104 2.99188 55.9304 62.0522 11.3098 23.7334 46.8027 10.4588 13.4795 30.5592 9.37094 32.3776 7.69063 16.7829 3.3835 10.3228 0.60415 63.6969 43.8172 0.0424641 223.447
4471.51 29.541 11.4266 27.2956 3.22986 55.9304 67.4609 2.21813 20.9074 47.6232 4.5244 23.0775 29.3239 16.7874 26.095 12.5057 8.63934 3.35353 12.2025 23.8108 26.3532 70.5584 0.0107768 226.349
4449.82 22.8462 21.4843 34.6321 2.90015 54.0102 64.6528 4.99501 14.9752 57.5138 8.08409 16.1244 29.3239 18.3501 20.6316 7.18897 21.9285 10.1071 17.2382 25.4125 2.46943 0.914072 0.0605223 221.38
4436.56 22.7677 21.4313 34.6321 2.90015 51.7179 66.559 10.1601 12.28 57.5138 8.71749 12.8809 28.816 18.8151 24.2539 4.99727 24.3422 10.8724 14.0229 10.8265 2.04521 34.8194 0.0462718 221.693
4452.31 20.7086 28.2973 27.1613 1.98148 31.9647 61.0621 27.7512 11.641 43.9582 24.066 25.1681 25.8209 5.102 13.324 18.2648 28.046 4.30242 31.2456 7.15631 1.94613 20.1932 0.0231502 223.311
4478.37 21.1693 22.7977 24.1032 2.28725 50.7057 66.1989 10.0475 11.9296 42.0618 21.5251 32.5755 25.0852 3.83826 13.284 53.9729 9.86784 16.8917 22.4161 14.2356 8.96058 17.9645 0.0992962 226.891
4464.62 24.3811 12.679 22.7183 16.3122 52.8459 66.1434 10.7941 6.95327 32.7331 19.525 36.7756 18.4136 13.2906 24.0048 42.1653 17.8575 21.1443 9.23672 7.91278 17.6244 13.3631 0.0224386 225.029
4419.87 18.9559 10.067 23.0295 35.6536 30.777 65.8878 28.9349 8.11897 32.745 32.919 21.2404 30.5712 13.2052 14.397 28.7642 5.54281 19.5834 7.63004 1.95367 34.3365 12.7519 0.12594 221.272
4421.16 14.4091 9.27093 25.7454 35.5995 29.649 68.554 28.8563 7.65382 33.4135 47.9026 10.9679 36.81 11.785 1.94267 35.763 0.975258 12.9819 7.79922 4.64403 39.7007 70.5307 0.209746 230.705
4493.66 4.70578 7.39528 41.259 36.3394 14.9562 80.1495 29.4673 1.17104 51.7736 21.0123 5.46832 34.5906 11.5373 5.86094 29.065 0.617291 15.0694 4.1377 11.5124 41.4223 23.6538 0.164246 233.343
4527.86 8.06279 7.18108 26.7005 37.1773 15.8219 78.2634 27.8565 2.33489 55.5767 13.3227 3.46642 42.9526 10.1661 21.5969 16.1076 7.56959 10.1803 15.1998 26.1673 2.53635 38.1275 0.113447 224.466
4623.72 6.63377 8.77921 23.4019 27.8146 9.43112 79.8126 14.93 3.50392 67.9315 13.2605 2.37531 32.1701 8.95866 29.8802 17.2479 8.51012 26.6294 9.7954 23.2975 0.442095 30.3301 0.0665394 222.413
4637.22 6.38576 10.2734 1.51451 27.7393 27.4452 91.4136 4.24709 2.05507 67.828 16.8214 2.14151 33.4807 15.9506 22.6061 16.6414 19.4996 3.55283 39.9257 9.61563 9.98428 23.4414 0.0332654 220.958
4634.03 14.8053 8.32281 3.48037 19.0133 22.6194 91.7486 7.42414 6.12415 67.828 12.4118 7.0083 39.8293 8.82828 19.0015 17.3337 13.6631 3.83346 43.0969 4.66701 13.4186 9.89845 0.0338894 217.203
4653.99 9.92651 6.93966 9.12755 25.718 17.6048 88.423 10.5609 11.2333 63.0116 12.4118 3.1618 37.9697 11.499 28.0565 9.15843 6.87894 9.45234 12.3544 55.7455 7.97134 53.0613 0.0187199 229.191
4637.24 14.4801 7.30472 10.3721 23.0061 19.1617 78.2954 13.0823 4.19619 57.0472 26.3899 1.39342 42.1451 12.9018 31.7507 9.85967 8.22961 3.44767 2.59156 47.5912 8.22598 9.25556 0.00357774 224.218
4632.75 12.816 3.60421 19.7136 23.5682 25.0694 77.4845 17.4422 9.43759 57.0472 8.56577 1.39342 31.1924 8.69294 32.5111 3.42242 21.0516 19.65 20.4463 23.4253 2.00101 8.63168 0.00011617 220.168
4609.83 3.31155 9.84672 18.7374 18.4371 16.3292 94.4677 11.9714 16.0849 57.7233 9.60742 1.92171 20.0148 17.8223 25.3327 13.1634 21.1458 31.9116 7.81741 22.6892 8.01021 14.3328 0.0808732 224.652
4606.36 2.16041 4.03842 18.7574 26.4992 16.3906 97.5256 6.14931 23.2395 26.6118 10.3791 24.8055 35.8598 7.54361 35.1924 12.9277 31.0553 20.4429 18.8946 27.2504 12.0912 18.2356 0.0357339 220.124
4578.98 2.83776 2.24132 18.4862 35.7438 13.8138 84.2625 16.925 37.8571 3.02855 21.9594 38.1301 18.4384 4.30457 48.9561 10.116 8.5618 9.31521 2.77446 6.43929 51.565 14.073 0.0958946 221.814
4602.64 4.07383 1.99316 15.3168 27.7442 13.0798 85.4383 18.9003 39.2092 9.32181 20.3659 32.396 17.2431 8.31155 41.4608 8.38919 21.9063 22.8091 6.90391 3.968 18.7178 28.6678 0.117394 218.554
4598.17 4.07043 1.3559 13.3796 29.6028 8.1907 87.7287 27.0371 43.7559 10.4528 19.0172 24.639 17.8655 13.788 42.8446 5.84634 15.8041 36.9291 3.81404 2.91402 19.5333 20.6859 0.185099 222.209
4616.74 3.62133 2.43114 12.0122 29.4915 21.7563 68.7378 21.1148 47.0395 16.7011 17.0646 27.6045 10.1138 31.8747 26.2191 5.03413 13.8223 23.0944 15.6139 1.1152 17.3983 4.59431 0.118467 218.833
4733.46 3.7476 0.779816 10.1777 9.02938 25.014 78.936 19.9777 49.5809 27.5739 1.45141 22.7547 7.51003 42.2141 9.24217 8.49776 10.0884 16.817 32.1146 21.7918 39.756 18.1438 0.00565386 225.279
4733.46 0.347356 3.24506 11.1709 9.02938 20.9927 76.8531 18.8212 43.5819 28.6137 17.7605 7.61646 8.24484 42.9135 25.2623 11.7429 10.177 20.5541 6.29393 7.02358 51.1114 16.0748 0.0125252 221.536
4756.88 1.50463 3.43299 3.64374 6.91553 29.3567 84.234 12.4165 27.0568 25.3655 14.8125 17.8592 36.6486 35.631 1.63639 12.0307 8.70249 20.1864 10.6412 3.55968 47.8375 7.93559 0.0646634 222.07
4756.88 4.53349 5.06253 1.71482 6.43652 34.5469 83.2175 7.20349 21.4649 27.155 7.81342 24.8161 38.5178 35.631 8.78491 0.202076 13.9347 21.481 12.754 6.43381 31.7789 11.1949 0.0543269 218.811
4755.53 0.633662 6.4425 3.00441 8.86697 35.059 78.6419 12.152 18.6212 11.0229 31.5876 41.917 11.2226 34.3792 11.0594 34.7385 8.46863 12.361 1.27107 1.3472 63.8993 3.87633 0.0324316 222.64
4757.32 0.554326 5.79237 3.00441 17.687 41.601 71.2829 4.74302 19.9215 15.8129 38.1481 34.6305 2.08774 33.2579 19.2485 24.4998 21.6485 8.12489 5.15917 8.81184 22.0929 52.4838 0.0211802 222.706
4767.09 1.78487 3.51405 1.13494 13.2817 33.1504 68.6524 7.86999 17.6035 18.8687 47.7119 31.8122 13.5437 33.2579 10.3682 14.8031 28.259 2.41684 14.765 8.11383 25.1465 24.3061 0.0210888 219.158
4773.33 3.94511 3.65442 1.98963 23.5632 28.6226 73.5774 3.61095 20.9953 11.6674 36.2068 26.3922 17.021 30.3745 22.7689 9.83914 0.93278 2.93717 48.3383 29.0271 12.5394 16.324 0.0236482 221.534
4779.2 0.483259 3.86892 4.23868 19.2227 25.214 82.716 5.17946 20.39 18.4144 32.8373 19.0584 18.8354 23.3931 24.778 17.2819 0.459478 24.981 21.6359 19.1347 9.31792 33.4567 0.00219306 220.067
4706.17 8.68055 2.91352 4.24352 32.1833 10.2214 77.5354 12.9007 20.2424 36.0431 30.4702 2.52675 17.0948 39.112 16.7653 14.4173 5.3073 35.1944 17.5317 3.27333 7.35461 16.9033 0.0366338 223.126
4724.8 1.48059 11.8693 5.10775 29.1098 3.43426 87.5997 12.9007 15.9462 42.9506 25.8549 2.57651 18.6656 36.8092 17.1607 5.90132 3.69163 24.8361 3.58699 8.15915 18.7149 19.9909 0.127641 226.557
4724.8 5.90162 1.55486 4.7394 13.4919 2.82536 113.609 8.03306 15.2357 19.9239 29.2732 19.0701 29.8601 26.5461 20.7954 20.9807 9.97567 9.28405 8.23275 16.1435 20.9163 11.7352 0.0946987 219.488
4684.29 4.40666 8.91076 10.8561 9.14203 6.20529 115.104 1.83034 23.2593 28.3532 29.8182 11.8333 14.6385 44.629 11.9687 16.4733 24.4417 2.02906 25.9597 11.9014 11.4447 26.5827 0.0657405 220.658
4663.08 10.2896 6.34728 13.4706 7.75155 6.20529 116.969 1.83034 19.1109 29.8802 31.9274 10.3539 23.716 30.0688 3.59509 38.78 17.3662 2.0524 9.19978 35.5755 7.04831 11.672 0.0589138 221.43
4666.36 4.46662 2.85303 14.2494 19.4949 6.20529 85.1865 23.3201 27.5462 22.6116 31.3758 17.7355 30.8929 31.7918 1.592 19.0672 20.4601 19.318 6.07979 13.1689 23.1141 2.80041 0.0458346 218.692
4609.79 14.2687 12.6441 7.14012 17.9021 6.73653 73.2629 31.5386 35.0141 20.4508 38.5445 15.2093 14.6465 31.7918 16.4993 8.94122 11.7769 6.64838 3.3698 40.2376 10.4286 39.0789 0.0852971 221.374
4589.43 4.0599 13.1507 23.4633 10.5928 14.3606 82.935 28.3239 16.5692 6.93702 46.9004 10.158 21.2571 42.3385 18.1816 7.24504 9.54955 34.5519 7.18848 21.1607 35.8884 12.4125 0.125096 224.393
4588.54 11.5571 13.2064 19.2203 6.42566 37.5682 77.376 22.4792 13.5329 8.71084 30.8669 6.69603 28.8205 36.6413 25.6396 2.6888 30.5271 15.4702 3.42649 36.5867 32.0739 81.6649 0.0324674 228.976
4610.32 15.6236 5.61006 22.2813 2.98188 37.5682 77.376 22.769 27.5589 7.26733 35.6973 11.531 25.2538 35.5803 8.86597 13.9924 24.4278 16.8609 22.726 2.4958 8.11559 34.046 0.0334205 218.57
4583.27 16.8394 8.2172 20.8902 5.64188 37.7358 51.5962 34.3102 36.4247 9.43786 39.0676 11.4639 31.3097 18.087 13.1935 17.9329 10.0624 11.8481 31.1308 7.10549 9.35127 4.24363 0.0240037 215.153
4574.56 15.935 9.24206 20.4244 11.9396 41.345 44.3284 34.3102 24.9255 17.4504 38.368 11.8461 21.6826 22.6531 22.3125 7.97877 35.3318 10.6955 32.8867 15.0815 0.52132 29.7699 0.02931 219.783
4574.56 8.15653 11.7378 26.9928 11.1303 41.345 44.3284 36.8255 21.8916 19.9781 41.5866 10.3794 5.1855 53.1826 10.0019 10.8704 29.2298 23.6187 28.4449 1.53464 5.66136 7.33261 0.0252113 216.758
4575.35 7.81844 11.609 26.8685 10.9834 41.345 42.6117 39.7502 13.1616 18.6141 46.489 12.155 7.21425 59.2509 2.75001 9.56923 42.6812 1.15458 34.6813 9.99231 23.6689 12.47 0.0770614 221.368
4569.91 8.49706 24.0022 15.4074 9.844 41.345 49.5096 34.5267 13.4428 12.4078 59.5179 13.7622 1.98484 53.962 3.74394 9.75739 25.5492 3.51277 21.246 16.1057 24.8999 1.72534 0.1095 220.482
4572.67 14.3016 17.4764 13.7516 8.03243 50.8562 49.5096 22.1118 15.0596 19.227 52.5585 15.3774 14.508 43.2466 8.62942 12.4333 4.98116 32.2993 11.6464 12.9114 10.3425 8.05027 0.0742081 217.383
4598.26 11.6934 16.4865 13.2948 12.8814 56.5992 49.5096 7.41678 37.9271 4.61241 55.7196 2.24231 20.209 42.6884 5.4004 14.2821 14.1037 10.4568 28.7998 10.7752 5.5636 17.0479 0.0163738 215.718
4591.22 9.22903 16.3568 14.8348 4.69601 73.8599 37.8117 10.5441 31.4561 10.932 55.9859 1.12516 32.557 26.41 10.1587 22.7928 6.88879 11.0904 43.7574 2.28041 5.5636 32.3051 0.0708736 218.556
4517.15 27.7062 18.7011 12.1819 3.43881 78.1154 36.9974 0.868913 35.352 10.0302 50.6289 1.3958 28.6965 28.4439 4.24759 17.0718 11.0137 16.1951 41.9437 6.08297 19.1733 53.4826 0.015755 228.794
4528.86 33.2336 17.6912 8.68789 0.982928 76.96 34.6797 7.02692 38.8772 10.0302 42.5985 15.4862 19.1828 31.2123 17.2447 12.408 18.2556 13.3065 16.0977 27.7516 0.217525 26.104 0.0312457 221.678
4534.32 38.7503 15.5897 2.09003 4.8812 74.1158 36.9827 8.15144 38.4242 8.96044 40.934 14.7005 18.7057 31.042 19.8948 12.9249 12.3676 22.7733 4.37771 25.3741 7.14467 25.4951 0.0163378 217.642
4537.92 30.0911 15.8954 12.0205 0.935756 71.2006 39.709 6.32653 34.3116 14.356 44.3512 16.9585 17.1895 27.9975 18.3759 8.08077 26.8385 25.7656 1.14764 4.04194 27.2451 50.3181 0.036444 222.44
4537.92 25.4578 18.1025 8.30067 5.79418 80.536 34.6157 7.918 32.7685 17.5654 43.502 18.2476 13.0333 31.2515 13.6563 2.48071 17.7427 48.2092 14.1671 11.3827 10.2279 15.1674 0.106695 220.976
4538.72 27.6463 14.8764 12.4234 4.64535 79.3571 16.1963 20.5093 32.476 5.62926 43.7278 18.8526 16.9146 31.8018 24.141 7.26482 3.32087 28.6086 35.602 18.9852 10.7436 4.42938 0.0102417 219.725
4546.51 27.69 5.84392 21.5892 5.19253 41.4135 76.3612 10.049 28.8455 6.10988 32.0064 35.496 25.6779 9.64574 19.4402 11.4654 22.2884 4.24704 29.9203 14.1469 15.7923 12.6197 0.0113716 216.154
4630.21 11.2805 5.4826 17.4632 7.12063 41.4135 69.4995 8.06384 43.2774 8.31557 34.9142 30.0601 13.4009 9.1735 25.0401 28.0594 12.1442 3.91836 6.18472 33.8806 8.31515 40.7903 0.0117442 218.85
4647.64 11.1482 6.3019 18.5735 0.836785 52.8423 70.6977 1.80317 24.8003 9.46221 39.6665 44.8574 12.4488 13.1217 21.387 5.33584 20.3916 3.31053 11.4483 20.6023 23.6458 12.8915 0.0104558 216.793
4621.15 19.7994 10.1832 10.2146 6.35338 51.5018 70.5333 4.83402 23.0738 2.47263 38.2081 44.6568 3.51568 20.3673 29.8466 7.93666 34.2039 3.23694 14.751 18.3967 6.78788 4.05397 0.00853169 218.11
4622.99 21.4458 11.8637 8.70069 6.7581 49.1136 64.0367 11.848 18.7913 0.757457 45.2851 52.6641 9.84144 27.4338 1.54748 9.42409 14.8208 2.41135 12.5022 19.2015 5.30103 16.6422 0.0140076 221.394
4625.22 21.5427 10.3461 2.86634 7.3273 45.4146 62.6268 19.7965 18.7913 9.12384 48.1066 43.7188 3.46256 30.1314 8.95362 2.59865 13.5237 32.6773 10.6616 26.0312 17.3241 4.74206 0.00115155 218.995
4596.09 10.7376 10.299 2.27036 22.8358 46.1202 73.5665 12.3088 18.5305 16.3485 37.0599 34.019 10.5128 30.4854 8.8081 17.4817 18.1578 32.4233 7.05036 16.3116 13.9921 11.6186 0.113853 217.452
4588.12 16.4284 8.89872 1.42489 31.7609 41.0622 62.7463 11.6636 16.3012 22.2529 33.0339 23.2495 15.0399 26.2795 27.7495 16.2813 14.4256 36.6689 7.13056 7.39331 16.1712 4.51122 0.0503973 220.038
4588.43 13.3363 11.4091 12.9917 36.6535 29.2469 62.1523 8.17887 9.24611 38.6896 40.6712 9.56181 20.1793 27.6114 22.3062 16.7155 2.45564 38.4077 8.14999 31.5242 17.1985 19.8095 0.122189 222.289
4630.28 19.342 7.96083 2.62357 36.843 32.155 60.1557 14.2499 2.98032 38.6896 38.9474 21.7275 10.1388 21.7192 21.4909 15.7431 19.3508 8.36584 0.643595 33.6326 9.45888 14.8744 0.0304099 219.387
4592.97 7.94942 15.7411 2.62357 31.686 42.2346 42.5244 39.7929 5.15107 38.2003 27.7665 39.6137 4.40897 10.3848 29.711 6.88858 32.9986 23.7522 4.18949 19.9342 8.53105 7.59478 0.0438466 222.032
4599.39 29.9951 12.6713 2.86927 9.19893 39.8075 45.1248 42.8354 13.8372 23.4418 27.8933 36.7163 5.83455 27.9478 23.6793 2.79868 11.8307 37.2753 6.27534 18.3911 13.4231 2.3155 0.117576 218.774
4605.12 21.2986 7.03861 8.32807 10.0455 46.2858 43.2314 44.8639 13.7419 13.0278 27.8933 42.8401 1.94426 19.0008 25.4027 20.6624 17.0897 13.0227 12.4705 36.8192 3.60241 8.36268 0.100088 218.761
4593.23 23.7271 9.01716 4.03792 14.643 51.6669 32.8703 44.8289 10.8687 17.7425 49.4393 12.4277 8.83832 34.9484 21.8775 23.3885 5.64183 4.98579 5.37403 38.3615 6.66631 17.0281 0.0161597 217.113
4595.29 26.7712 13.9367 1.35889 11.4607 51.6669 32.4544 47.7042 17.0305 7.08071 55.9418 4.74301 2.72355 42.2673 24.7444 7.91406 3.40654 16.677 27.2549 40.9206 17.0939 28.1833 0.0201153 221.045
4452.07 23.8128 22.8496 17.7319 33.3956 59.3539 16.0441 39.3663 17.6629 4.30894 65.8129 7.11623 12.2395 41.2307 5.72764 17.6179 16.6315 14.7927 52.8989 14.2206 3.36082 21.75 0.0172526 225.594
4471.85 20.8891 12.1501 15.7743 27.1938 62.7342 19.3532 51.195 12.1777 18.1495 36.2403 22.9324 10.2414 39.2875 4.55331 21.4563 19.5182 22.4026 28.4984 6.78119 11.0029 9.36581 0.0174478 219.969
4577.09 17.5376 9.20836 20.0197 16.035 53.7447 19.3532 51.856 13.4488 34.6961 25.982 22.9324 7.25973 40.1485 8.67865 3.40109 16.7568 27.3435 23.2981 7.76815 1.5747 14.2031 0.019558 220.579
4576.76 6.65151 16.4273 21.1503 16.035 36.121 37.95 52.4384 11.5238 34.0626 28.3232 15.2181 16.3147 19.0161 10.7759 27.1527 18.6135 28.7857 10.1894 11.2035 7.03653 22.705 0.0180661 221.391
4576.76 11.7217 16.2987 17.5489 10.4655 49.3756 39.2469 51.9382 9.57801 34.1247 22.9095 12.9494 16.4874 35.3409 10.9154 14.0028 26.6034 42.2914 7.29174 10.3417 9.48522 43.8693 0.102503 224.877
4595.78 14.7148 5.36612 21.3471 10.4655 15.5061 88.2952 5.96286 14.6546 63.2301 14.9655 11.9525 23.6268 45.6496 3.67954 5.54355 3.78031 44.6669 34.5543 17.7879 19.4658 27.2104 0.0744354 227.825
4492.78 5.66361 8.19714 27.6048 20.3687 21.788 95.0844 11.6208 16.0965 59.9313 1.86176 23.1952 34.9904 16.9673 1.71623 11.372 31.5046 23.6483 7.47531 9.13912 27.8623 12.2975 0.35185 229.281
4500.86 7.26321 9.58117 26.5822 23.6802 28.4294 90.8091 8.90208 35.8085 38.7864 2.60431 12.0758 25.9821 38.1414 4.98647 11.2992 19.2798 25.4571 12.4825 9.15148 16.926 4.63675 0.133703 221.766
4552.94 11.3217 7.66741 38.7608 4.83757 12.9691 96.5356 4.60968 41.4847 42.225 7.98255 11.8428 9.80472 55.8303 4.00941 5.2322 2.64174 35.6419 14.6703 5.6743 14.2661 26.5439 6.03167e-05 223.844
4531.97 8.2949 12.0566 38.7608 4.83757 1.01013 94.0141 13.4139 41.4847 45.6854 7.98255 13.2201 17.7871 48.9419 4.00941 1.50498 1.84583 47.5011 22.8436 6.68159 15.6196 15.3946 0.107063 226.005
4515.67 11.5734 13.9793 24.1572 37.6384 11.9209 83.3488 3.27308 11.3782 43.1988 19.7284 24.7966 9.90117 45.2302 15.7174 11.4626 20.6041 50.2666 10.0933 6.29403 8.22944 0.708663 0.0364493 226.63
4444.26 15.7556 18.1957 25.1716 21.8663 13.6698 97.643 12.6692 7.07108 43.9919 24.4781 25.9051 1.23074 42.4952 15.4354 4.26453 37.0961 30.7926 2.0402 4.02397 24.0061 15.701 0.0550564 225.742
4433.6 19.4211 17.2116 28.6952 21.8663 16.6381 90.2927 19.398 3.86087 38.2637 12.9411 30.3221 6.1383 59.7259 10.6059 11.165 7.72138 27.5827 4.58671 5.98514 44.1347 6.06982 0.00975633 225.377
4431.66 15.8911 22.9569 28.6952 18.1658 24.5218 89.9704 19.398 11.2639 9.29036 42.3623 18.6043 6.1383 52.6278 12.6458 10.4142 4.55818 13.6154 17.5986 24.0421 16.0922 1.60798 0.0059887 219.576
4434.44 18.9555 22.6328 23.9924 18.1658 20.8207 88.6401 19.398 13.0163 10.37 45.0079 18.7999 6.1383 46.5297 16.8138 20.1359 13.0728 18.0428 9.03001 7.02595 4.97613 4.94095 0.177293 223.462
4408.71 15.5127 26.5056 24.1624 23.8998 26.09 85.518 16.063 16.3052 12.2358 45.0079 10.3427 19.6165 43.839 7.18813 24.97 11.3583 18.3926 5.91999 11.797 6.40386 2.79904 0.00913255 220.294
4417.57 15.4003 13.4807 51.0082 10.1573 33.7312 74.3615 15.1649 19.4925 5.9096 54.9579 9.52863 18.9147 16.8011 40.0675 7.74945 13.7315 27.6625 6.92117 33.9031 2.23634 11.8774 0.00642277 221.393
4431.83 21.4674 11.1314 31.7484 16.4593 45.1514 77.5318 15.1649 9.56305 27.1983 30.2334 5.34258 37.4171 3.09487 34.3662 17.8397 8.71226 18.0116 8.56252 26.5812 17.9429 5.36831 0.0666578 224.798
4416.93 18.3738 16.6861 28.5101 30.5954 39.2232 73.2634 15.5372 8.15458 23.2549 31.4841 19.7052 37.1777 9.71599 7.87339 42.667 9.04865 19.6734 9.02288 38.3901 16.9553 41.852 0.253933 231.697
4368.44 43.1218 26.2702 27.3902 17.6203 28.2321 76.1279 19.2013 6.80059 8.33387 23.547 25.8606 26.4567 28.9955 10.8416 36.953 10.9119 14.7474 8.67781 14.0105 13.8969 6.76817 0.126882 232.395
4351.99 40.6759 28.1135 29.0745 23.0998 30.6102 71.2652 19.2013 10.6248 9.30626 37.4531 28.8456 14.9156 38.2114 6.94158 28.4299 14.9753 19.4782 9.24044 9.55197 30.5615 15.9897 0.405668 230.313
4357.21 30.2534 27.2429 12.3015 31.7109 37.6626 74.6233 9.51815 29.019 7.01216 31.5984 26.6489 21.3108 33.5299 1.79747 22.5095 44.3531 3.86264 15.4479 3.85794 36.6469 30.349 0.0165062 225.884
4357.21 34.584 27.1139 3.87627 35.4441 37.1188 72.2537 12.3123 22.9855 14.7634 26.9797 45.9632 29.0645 8.59195 5.33032 12.0895 16.4336 21.1189 24.7491 2.40761 32.5264 22.2743 0.0317461 225.163
4350.22 34.584 27.1139 7.95237 36.8736 24.281 77.242 18.2662 22.5426 18.9359 19.2203 46.0141 30.4148 8.28333 13.2905 13.5882 35.6384 34.8503 7.66387 10.4223 6.63398 12.0371 0.0743272 224.688
4350.22 34.584 22.1683 11.236 40.7849 17.8344 76.0718 20.0273 15.158 34.3667 3.6641 59.6834 43.3555 8.96769 7.9884 15.2647 22.8207 7.95163 27.1403 10.767 9.01057 12.2028 0.0391345 231.66
4351.5 31.6261 14.0988 8.27961 44.0303 23.1041 78.6378 33.6638 10.0206 37.5263 3.40511 5.93137 46.6093 2.78829 51.0149 24.2297 18.2586 3.93558 22.4018 7.19793 9.93464 13.6964 0.0697546 229.979
4361.83 28.1384 16.778 7.70188 53.6088 15.9396 68.9736 25.7172 15.1945 42.5909 3.77306 9.60213 55.2136 15.0808 14.3041 33.6536 14.7958 14.1888 9.46392 19.1434 26.6503 5.1297 0.12012 227.427
4488.68 38.033 10.2731 11.6071 42.7385 10.8975 55.0597 25.2537 11.8768 40.2923 32.9268 13.55 37.8197 7.92911 10.236 21.2932 27.2674 3.1485 15.5437 5.86674 23.6174 4.75011 0.0167604 223.015
4488.5 38.033 9.20109 12.7503 49.04 8.24823 45.2774 25.3174 26.5069 26.6538 34.0585 15.8778 36.6051 8.53511 23.0627 2.19711 13.0885 4.0781 33.0238 31.9283 33.6781 7.17748 0.0599415 227.38
4539.95 31.6826 10.7668 9.98035 47.925 11.7171 55.5584 36.3103 10.2247 19.6271 38.4691 5.44426 32.2279 13.9953 9.82234 39.5091 5.16155 9.95094 16.1511 19.6474 36.9793 26.7133 0.214045 227.365
4515.52 4.49192 8.69391 10.5394 29.8264 56.384 57.543 29.5153 10.8781 21.602 37.255 6.84833 31.6462 19.9036 33.6656 8.92663 13.4726 20.9133 7.52113 4.18953 18.9387 36.3916 0.268275 222.439
4530.8 3.18464 10.0194 13.5901 28.8558 42.0068 43.8487 54.4499 10.2181 17.1652 45.8706 5.52678 21.4635 24.6521 35.1391 5.46079 7.9358 12.953 4.58658 2.74446 13.2051 55.8731 0.229302 220.965
4534.32 4.13749 24.1974 3.52633 25.828 68.7112 21.006 45.3809 26.7242 4.03182 46.3459 6.92687 22.8201 25.8076 29.2118 4.19162 9.92315 6.64333 60.5455 2.65584 5.09053 15.3832 0.0438717 219.518
4534.32 3.51873 26.1519 4.80873 30.0373 68.7112 21.006 40.7651 20.8356 14.0664 40.7835 16.9532 4.64536 36.6141 25.4055 8.36491 32.3002 5.92331 3.77407 2.98212 41.1374 57.4123 0.00382217 220.609
4483.12 9.29364 28.6613 3.07841 32.3581 68.7112 19.3466 38.3457 31.068 8.37221 42.8855 15.073 12.7318 19.3966 27.0069 4.32139 6.72637 23.2425 6.18665 7.78276 59.896 15.0458 0.0424739 223.434
4483.12 12.8499 27.9329 3.72187 28.0868 62.4669 19.3466 39.056 27.261 9.02835 35.0569 53.7789 11.2776 12.4995 19.8474 12.5993 22.1576 25.6449 1.51593 10.0731 6.63377 7.20755 0.0398198 217.596
4550.33 17.0687 9.08764 1.44953 26.3634 83.7901 2.2474 42.0607 29.8437 5.13878 18.4579 57.1767 14.107 20.2827 16.0953 23.9876 7.32507 5.65159 31.479 18.1501 8.19059 7.7545 0.228958 221.532
4553.12 8.14755 14.4959 5.68378 34.4806 54.466 31.3667 31.5924 35.2029 9.17143 19.4163 37.3226 15.6801 10.167 21.9333 27.1217 15.0286 3.93454 43.0171 5.71252 4.99439 3.11539 0.00543797 218.55
4541.49 14.6257 14.943 7.30357 26.622 53.4155 30.9076 38.779 35.2773 14.1071 19.2628 33.9013 7.97611 16.2167 34.084 17.5291 25.4997 6.36956 22.2142 2.2195 8.33276 7.09662 0.0192736 216.117
4563.44 10.7449 12.8395 5.20829 26.5749 61.3729 30.395 34.9573 30.977 13.3097 33.1505 27.1818 1.45807 23.9501 31.1367 13.7723 17.9552 11.1891 8.79039 28.0472 23.8641 31.7025 0.00622658 216.388
4554.91 11.4785 15.1627 3.76964 23.8019 66.2115 24.2246 46.1049 2.17289 14.5935 60.414 18.4236 1.93085 28.8042 27.5227 15.2115 6.46296 26.4592 0.645728 27.9605 5.05401 17.2646 0.110401 222.662
4548.46 8.67301 11.983 23.7291 16.4322 67.0044 31.9983 37.7299 10.6577 12.5588 42.6463 18.5245 2.23181 40.2054 22.4672 13.9516 25.7885 16.789 10.6523 14.7133 3.04657 22.3379 0.0495078 217.617
4590.88 6.41869 18.2717 12.8731 12.9588 68.0454 30.3991 32.9579 15.1199 9.53437 51.8354 18.3866 0.185417 36.1125 33.4043 19.0126 18.1254 25.1991 9.34605 15.8099 1.73564 15.3952 0.028723 224.278
4596.4 3.19832 18.2717 16.2781 12.9588 67.2436 26.7439 32.3489 20.7106 10.2728 43.8849 23.4876 9.72864 31.5066 23.0623 12.0165 3.21523 36.907 0.852392 26.7749 16.0651 14.5468 0.0287353 215.228
4617.23 3.97087 21.0325 10.9489 7.56695 63.5779 30.641 31.9136 19.4188 12.4419 55.4279 18.3846 35.4786 3.83234 19.9728 3.16432 6.68436 34.4835 8.88417 16.9078 14.9696 5.62687 0.0582467 214.997
4617.23 4.56492 22.095 10.9218 7.56695 53.5326 37.5349 27.735 15.3201 10.328 61.2447 23.3268 18.4548 12.3607 25.2216 13.5339 8.72534 30.8229 3.35382 0.483056 27.6332 28.5754 0.0740458 222.206
4576.98 2.38804 22.095 18.4987 7.63367 56.0515 37.5349 39.8342 12.2257 20.1517 49.5399 26.6237 1.85306 13.5769 19.5025 43.242 28.7696 21.0572 8.20878 15.1144 14.9255 33.9841 0.00257727 225.534
4578.95 1.57282 27.8253 15.3568 7.63367 65.4298 25.8587 39.8342 4.76741 20.4131 36.751 27.8888 24.8315 5.97329 24.8379 27.5347 17.4579 20.8156 16.9001 2.98035 3.26654 7.96648 0.00472813 216.891
4609.16 2.44139 24.4214 11.7062 7.63367 58.2245 29.24 41.4563 26.1292 20.5813 36.6608 23.4495 20.0556 8.83903 24.2428 4.23967 16.5376 13.3861 28.6409 15.7504 13.016 0.850344 0.0314138 217.576
4573.32 0.101706 25.1488 22.5691 7.63367 58.2245 35.6441 38.9145 13.7336 11.7029 36.5768 21.8504 30.0646 16.2692 23.2532 17.1555 19.66 6.61834 11.4036 28.4264 13.0768 6.49884 0.00181739 212.878
4578.24 0.101706 25.1488 23.5288 4.90709 56.3536 35.6441 38.9145 13.7336 7.15914 46.074 33.9238 20.0428 5.63244 30.5787 12.1658 20.072 2.78713 18.7927 16.1125 30.2497 5.74597 0.00181739 215.719
4571.09 1.56853 26.6405 23.7113 4.0164 56.3536 36.5863 39.9399 11.1685 17.3285 49.4021 5.81117 24.8976 16.7328 26.4858 19.2514 19.9659 4.50239 3.93585 3.81728 38.9228 7.17994 0.0256247 216.002
4571.09 2.63161 21.1452 22.0854 10.7827 63.649 37.1365 27.294 13.4446 23.7703 39.5087 13.6065 28.7757 18.7282 16.0181 15.7652 20.3274 26.3066 19.3557 3.6354 25.0345 9.12598 0.160934 219.725
4621.19 4.57774 21.6261 7.21705 9.15709 63.649 37.1365 37.2689 18.2733 16.7871 32.1015 9.20026 24.963 25.6132 17.7475 12.4576 37.3543 20.1886 11.1179 1.05757 16.4897 36.3093 0.0692718 222.428
4621.19 3.84897 20.7924 8.08779 6.87772 63.649 37.1365 37.2689 12.6906 26.8842 34.3653 11.5104 8.10521 39.0202 21.0924 6.52167 3.19572 11.8269 17.5302 8.38262 17.652 35.9054 0.0832719 216.941
4608.92 2.54698 19.5858 9.38125 9.859 58.3071 36.5597 31.017 27.3378 34.5622 15.4886 16.6125 9.29497 33.4718 35.5112 4.81322 12.7187 20.7336 22.9601 8.04483 6.74478 24.1175 0.2947 225.805
4583.99 5.06967 21.0802 8.52268 6.2068 42.4692 59.0871 28.4379 17.261 34.1762 8.34391 31.5287 10.7381 17.5342 47.1559 13.7136 13.7763 7.61507 16.0412 2.59148 10.8163 6.17872 0.350087 223.848
4560.85 3.80511 22.2352 12.0566 13.1291 50.7394 38.2696 31.4886 23.3988 13.1891 45.767 34.3219 19.8704 4.80396 23.6927 21.285 41.6604 3.50483 3.35353 13.218 21.4725 32.5641 0.410889 224.322
4580.66 12.7844 26.8223 7.99105 13.1878 43.0456 40.766 36.4275 10.3952 17.4643 37.3267 32.5499 14.2864 13.1205 20.5061 29.4025 15.6036 17.9448 7.72885 7.42252 20.027 11.8027 0.235404 222.669
4552.37 9.45659 34.6545 7.81028 5.63792 48.6151 54.0541 27.838 2.71707 39.7677 28.8834 36.6159 24.7841 6.95771 18.2541 14.7243 26.473 11.9031 30.4651 3.12032 8.5653 0.562753 0.0356601 217.282
4535.92 6.28145 34.4047 6.51073 13.0555 45.8935 52.0286 29.4858 1.84093 39.7677 23.716 44.7439 13.255 19.554 12.3756 20.215 16.5447 5.8154 22.5497 11.8137 9.80831 6.79097 0.0330306 219.48
4548.83 5.80988 36.8109 5.0728 10.9562 45.8198 38.6247 40.6066 13.0737 29.7679 14.5038 56.5356 10.571 10.2822 8.35289 25.8915 51.8158 12.7339 16.3329 9.73122 6.11472 7.40209 0.133561 223.792
4567.53 10.2227 36.8109 4.19465 3.87043 42.9479 46.8008 36.4858 3.94684 47.2617 5.61298 40.4955 29.0909 18.1993 9.92155 22.5123 22.4054 19.0824 8.30489 3.61145 11.1706 37.8366 0.122812 222.938
4513.47 8.49479 36.4943 13.1007 4.28285 43.7302 50.9918 33.9964 7.41527 42.1927 5.17391 41.9699 26.6674 5.12357 42.7089 3.0027 30.8972 17.3694 7.91888 4.81788 10.6205 13.046 0.155888 220.67
4516.29 7.6058 30.9498 14.9887 9.2291 42.0433 49.8479 38.2592 4.2509 39.8879 6.51774 47.069 10.6607 6.59034 45.0356 0.960719 46.7025 37.8632 2.35351 9.69592 5.56846 11.0521 0.155888 224.058
4526.28 10.504 33.7647 12.4514 5.42495 42.0433 50.5469 47.8296 7.53594 32.2402 3.95153 44.4262 13.2329 2.65696 39.212 10.257 14.1209 20.9948 3.54076 10.7465 12.1355 15.4085 0.0689368 223.052
4492.74 33.4854 21.8874 4.86232 16.1067 50.7913 50.5469 25.5018 4.58381 31.6589 16.1646 49.4721 6.63851 9.64565 37.4698 16.9567 7.77069 7.73352 6.91546 10.4066 24.4546 31.9356 0.00810818 220.54
4497.38 32.1689 21.7564 4.86232 16.1067 41.5252 62.4019 27.0864 10.8865 24.3623 23.5322 48.7097 6.63851 2.75094 42.7334 16.9027 7.7037 21.4251 2.92978 17.6505 16.181 46.4177 0.0433036 223.375
4501.95 35.9175 16.3828 6.97698 27.85 26.1949 64.7943 16.3864 22.0382 24.2248 25.7499 44.4045 13.2525 0.859786 31.9061 17.927 17.1818 37.4517 2.45538 1.86369 8.24052 49.9775 0.162929 223.259
4488.56 16.4842 17.5301 7.31548 34.3985 36.8171 75.4557 4.64486 17.5941 25.4707 26.3671 43.5774 9.42638 2.21762 29.7925 25.4534 30.6999 34.591 2.56221 8.73742 8.53021 29.1156 0.0914392 223.634
4512.7 13.5345 10.123 7.9377 33.8228 38.7996 69.0092 14.4093 16.6208 21.8471 41.0066 36.0889 6.91315 2.0258 43.6514 24.6217 10.0844 26.5902 2.56519 10.0296 11.5278 23.8907 0.226718 222.901
4515.25 10.6372 4.78368 8.82488 47.3918 32.569 70.8491 26.1199 13.9068 9.79865 29.4391 29.0934 21.4832 14.3429 34.5909 5.58839 38.9909 16.4783 4.66716 18.3576 16.4452 18.7113 0.142135 221.119
4535.46 8.60422 11.4361 5.49939 32.6454 40.3401 82.2469 3.84941 22.9123 14.8494 31.5623 22.6118 16.4752 13.9356 43.1477 5.58839 38.4016 12.3461 6.1876 6.48926 11.9115 17.8821 0.14582 219.578
4540.73 8.60422 16.8782 4.75793 30.5672 40.5356 82.2469 3.84941 20.5631 12.7703 35.5899 26.6395 11.9825 11.1761 51.4961 11.6838 32.2525 10.7167 5.26338 1.05215 15.4624 7.54736 0.0661789 218.252
4529.48 8.60422 16.6146 9.08197 27.0544 40.9606 83.6309 3.20431 21.8697 6.53266 39.712 26.6395 16.2567 15.1269 42.9562 0.388122 31.1249 22.3891 5.3103 2.86179 18.974 63.4541 0.0397117 220.774
4526.95 8.04738 17.098 10.7186 27.0544 40.9606 60.2758 24.9365 24.523 3.57573 49.3282 26.3928 9.2882 15.8449 35.7957 4.8599 29.1018 16.3151 5.95608 1.37757 15.053 16.7835 0.0382591 215.359
4526.95 6.36223 19.5186 11.2128 25.9881 43.147 60.2758 21.3084 23.5687 3.41977 49.3282 24.1223 12.408 14.1904 36.977 9.27966 26.1161 9.09381 2.02206 31.7024 16.4754 5.10688 0.034091 214.835
4457.15 8.8683 15.8691 19.752 32.4544 35.6855 68.5949 25.5986 20.5455 11.6847 43.1858 21.5842 21.0825 5.87375 36.977 13.4216 25.4709 4.19682 21.1441 20.5468 8.01609 1.81682 0.0430163 218.08
4459.07 9.15167 15.4417 20.0676 33.1776 38.2876 72.4368 25.7653 17.1078 11.6331 39.6528 24.8374 15.2183 11.7026 33.5847 12.0812 21.4719 0.180796 10.1364 15.8466 5.43367 5.36796 0.00137803 218.855
4473.06 4.26273 16.4333 18.0745 32.6969 38.6515 69.8828 24.4726 15.3 24.7067 33.204 18.3473 15.4962 15.6938 18.5165 44.7292 5.25187 22.9267 14.4048 25.2707 7.72004 14.4155 0.101424 220.391
4516.66 4.26273 20.966 15.4189 24.3948 34.4551 84.0203 8.61472 20.0946 24.1044 21.3845 47.0551 15.7766 8.30087 14.5307 35.0024 11.2025 7.82613 15.829 17.1452 6.16268 33.7721 0.0713128 218.977
4515.96 4.26273 20.966 20.0709 26.2244 26.5276 78.3066 11.2435 24.2643 19.6796 24.5031 26.1534 26.7068 13.6596 19.844 18.9272 16.3465 5.81534 29.1209 16.2049 6.27956 36.3532 0.0513018 223.122
4478.32 4.53367 18.4283 26.5564 20.9609 32.2073 82.0778 13.3494 20.7668 24.8025 24.4265 28.0896 26.0864 26.6363 13.2049 11.194 26.2841 1.86903 26.5083 9.0321 16.3978 39.2838 0.0991436 219.967
4504.64 6.66621 8.06335 30.5035 19.6402 48.1217 69.4059 17.2137 6.9663 24.654 32.5336 32.4732 4.54931 15.0739 31.0514 9.01989 33.0987 17.7215 1.27282 19.392 29.1596 15.558 0.138876 222.802
4509.99 7.70086 0.697354 40.1566 26.3319 32.49 74.1343 29.1571 6.9663 14.6664 32.5537 30.117 14.0119 9.02684 36.0546 17.3798 19.7194 13.8959 11.0392 4.59757 26.7877 13.83 0.0935124 221.308
4520.49 7.63868 10.9206 25.3405 27.7932 28.636 75.329 22.9701 19.0026 25.5993 32.3671 15.0252 24.2538 2.33962 36.0546 11.942 27.7001 26.2163 1.04731 1.71689 22.7126 16.9927 0.00150889 219.674
4524.97 2.1874 6.52797 25.7288 29.7795 32.7853 53.1594 41.3051 7.64753 22.4763 27.055 28.2647 35.5034 15.1198 25.6672 3.06922 41.7151 12.3764 1.31087 8.93095 18.6502 20.4048 0.0399567 221.073
4481.07 4.58545 8.38668 26.8886 35.079 28.7409 58.6484 31.5107 11.4327 36.2954 21.1972 42.7278 23.5421 15.2167 15.3702 10.2268 12.5895 7.73288 22.2415 3.46002 25.8189 29.8606 0.0838772 220.015
4479.8 2.8138 9.28988 25.4693 35.079 28.4782 60.6104 36.1544 11.2139 38.9355 11.2212 37.7983 10.8377 14.1372 45.6149 2.39234 26.7439 8.12157 15.2087 8.4447 12.4364 68.7752 0.0963878 223.206
4585.35 9.66464 6.92717 2.90966 42.1874 10.7722 73.1315 36.507 11.8842 30.8599 20.3794 29.5073 15.4039 5.28217 46.4751 12.6639 26.0325 6.26499 22.3676 12.8702 14.3306 6.36291 0.064953 215.593
4585.35 8.577 7.59958 2.90966 32.0815 21.728 73.1315 39.4831 12.5112 25.5737 10.2156 31.2452 15.4039 17.0145 53.2433 1.37511 36.393 6.12424 14.5094 12.9866 11.254 31.2063 0.0655242 220.692
4585.35 8.577 8.38009 13.5652 37.9464 36.0813 36.82 41.4113 16.8146 21.8138 22.0323 22.9424 21.1138 12.9155 46.0471 0.6785 21.6674 12.342 14.5984 18.7717 3.77319 41.723 0.0654599 222.808
4554.81 13.3449 6.61172 6.50197 37.7135 51.6314 40.6532 28.539 4.53533 17.9816 27.2607 26.1806 18.758 0.223462 56.0004 17.9703 31.3983 26.583 8.7786 20.8006 28.7596 32.4434 0.0660932 234.343
4533.25 22.3638 1.33307 18.3682 36.7545 56.3102 27.5928 38.6609 16.0591 3.80852 46.0231 18.5857 3.50721 4.98138 32.7733 23.9999 16.3191 5.12245 13.3009 3.42416 14.1101 8.0714 0.029266 227.039
4529.81 10.8522 3.39039 28.3608 36.1775 47.7585 31.343 33.4352 21.1317 8.60924 38.9955 32.4429 8.64042 11.0059 41.8532 10.1073 22.9455 6.66289 23.1055 11.4675 1.71993 30.2861 0.0186006 215.989
4546.02 11.0505 5.66266 18.423 35.035 48.9278 31.343 37.4652 21.1317 3.88681 37.8085 33.1477 11.606 12.8005 41.8239 13.1655 25.8787 4.71901 25.8524 7.58605 9.73235 3.24667 0.00572407 213.594
4546.02 10.7449 6.41634 11.0822 33.499 52.5712 39.4987 39.4541 15.844 17.0969 34.7213 32.8549 11.606 14.6906 28.8416 17.9562 8.23426 8.20618 23.2264 7.01505 13.8784 28.1709 0.0598501 214.324
4552.9 15.8661 4.0676 5.40413 30.6492 47.8322 35.7947 50.768 16.0953 21.8754 30.2173 30.2473 9.9974 9.33442 37.4154 15.6488 14.7921 26.7403 20.8503 24.6116 13.8643 1.83025 0.200057 218.814
4556.81 13.963 4.63074 9.59037 30.6712 47.8322 35.2494 48.0599 16.5085 23.5491 19.8599 29.8572 14.2289 19.187 36.76 15.912 15.118 15.6229 16.6651 34.6601 12.513 29.205 0.0123541 218.263
4552.71 13.3873 4.75752 9.97949 29.8735 52.8795 30.8566 46.5827 16.0257 16.8537 48.1793 18.3239 10.0305 17.8033 28.716 16.7838 21.7949 13.4402 12.2069 32.0673 23.5601 8.44977 0.101922 218.848
4542.34 7.1761 2.60131 17.5988 37.7078 47.9015 33.5201 47.571 11.579 11.1433 43.8768 18.4647 23.0659 20.0633 32.0394 13.5325 3.05311 4.19811 3.04483 22.8057 27.0062 58.3713 0.00652173 219.591
4449.78 9.00162 5.41575 27.1637 37.8036 73.1449 16.6358 43.8574 11.9774 19.5402 28.3578 25.3447 34.221 9.75266 22.5667 18.2979 16.9401 12.0745 11.5313 32.4963 20.8155 8.56361 0.000601519 219.039
4436.53 9.39708 2.26008 29.4015 42.0256 76.3899 15.277 47.3638 11.4131 17.7556 19.9456 43.7261 31.9796 13.5163 20.8713 0.871552 16.8231 31.3485 4.43362 43.687 5.72056 5.13786 0.0051658 228.514
4487.86 12.7104 6.94654 33.6694 23.3191 65.9565 14.5623 52.2715 2.78264 16.7075 33.1895 25.2809 49.1685 9.04863 8.64814 23.7277 0.90763 45.4316 3.29517 13.8934 7.45834 13.0645 0.0354142 224.403
4519.31 7.7666 7.10874 26.8672 26.0751 69.563 18.757 47.074 10.3265 17.8209 23.8142 28.4721 37.3907 10.8677 13.2206 37.4157 17.8384 7.44347 4.83022 14.6791 36.4459 8.36105 0.00310081 219.798
4537.84 4.8682 11.9256 29.6425 17.2962 64.6219 14.0473 64.4086 1.11612 22.1655 37.5489 14.1142 28.8614 9.37589 30.0818 8.13131 34.4475 15.4986 20.7454 0.749332 9.73597 65.6836 0.00111802 220.314
4558.96 19.953 4.57944 14.1212 16.3734 64.0451 49.9265 19.4854 15.6206 34.5882 31.5445 9.44649 20.3304 7.93015 32.5313 12.8516 3.29621 23.4053 28.1739 1.62532 26.5728 8.76456 0.0397513 223.525
4511.68 22.1269 6.37282 2.39974 33.6258 49.688 45.0092 24.1142 22.5564 20.4591 34.3005 38.4886 14.0583 10.3619 19.4151 11.9542 31.9154 26.9199 50.2779 5.1435 0.441234 4.41044 0.146994 228.242
4516.78 18.4112 11.7241 3.35139 33.6258 55.528 50.4535 24.1142 24.1704 20.128 17.0868 41.16 20.6183 16.566 17.295 8.35309 12.8579 21.608 16.5045 5.52513 24.2989 10.6815 0.127674 218.88
4504.38 20.4843 9.06861 7.20383 34.75 48.0613 41.4115 24.1142 37.7029 21.9547 31.3908 27.2001 19.8921 21.3447 11.9972 6.07059 2.49569 13.6325 2.94062 12.3161 13.4329 8.29533 0.000943352 219.39
4519.54 20.0514 6.92417 4.40046 36.9383 46.1499 40.7195 23.8721 33.2688 20.1056 19.3757 12.3894 45.068 37.8677 13.9255 8.58842 1.53638 23.5651 16.5851 19.7415 5.15778 4.71389 0.157879 224.193
4517.73 29.5378 18.257 7.15774 28.8617 45.9172 43.4009 11.4697 32.5718 17.5034 31.3843 15.1473 12.3949 32.655 15.2184 15.217 7.9646 16.3128 13.8865 30.4787 41.1653 12.9891 0.0848925 222.873
4524.22 19.605 21.9005 13.1875 27.1259 51.0469 41.5784 4.11904 39.4896 4.07011 34.5596 26.842 5.56705 58.0488 7.44952 6.02282 14.4531 2.14228 11.9174 11.8076 108.447 2.11374 0.00669078 227.978
4540 9.36074 13.4982 7.08285 33.8529 52.8039 48.022 10.2422 40.0196 2.06257 32.905 34.1085 13.8206 42.1577 9.92204 6.93085 7.04786 20.1256 28.2768 3.93209 38.0935 8.76571 0.0179341 218.973
4562.9 14.0738 8.81945 6.39634 31.5033 50.2664 43.1737 15.8491 34.1511 6.78807 24.4892 32.3682 28.2952 29.1039 9.3921 16.5263 14.3279 11.3887 24.819 10.2544 5.53816 27.8961 0.000471971 222.445
4474.19 25.6945 11.584 11.9599 30.3649 48.2416 35.2477 21.6748 49.3414 8.15515 25.8745 25.8016 18.9858 20.6169 32.1563 6.30642 9.84831 19.2273 25.8884 3.46561 5.02796 10.1755 0.0794865 220.631
4478.52 23.2354 11.2844 9.8534 23.6532 58.8709 32.2764 35.3033 41.3903 5.00958 23.1237 22.0335 21.3924 14.7487 44.126 10.6154 12.3883 27.8557 12.0238 10.4467 40.5841 5.51944 0.213719 222.086
4469.95 20.6453 12.1318 14.0083 18.8102 58.3523 36.0803 49.7339 25.8935 2.08521 18.6586 9.55755 72.8226 14.9389 11.7436 6.91777 12.4917 1.23176 21.7391 42.3064 39.6325 1.70278 0.2298 227.737
4452.91 26.2235 19.3675 4.37028 18.8102 58.3523 32.0334 53.6665 9.94794 20.8027 9.48843 10.2921 72.8226 8.24135 22.8546 6.52366 14.3451 7.38848 15.1561 18.3294 29.9006 3.72732 0.248516 223.227
4446.34 34.1561 17.4992 6.34219 24.6875 76.6304 24.2257 35.7963 8.8194 23.4716 9.22233 10.2921 72.8226 8.84867 15.6137 6.70176 18.5297 20.9957 25.3741 6.29504 7.14362 18.5719 0.0103707 221.146
4449.68 28.3479 17.4693 7.80443 24.0587 64.8325 25.1114 56.1054 8.52955 15.6955 11.4971 10.9714 71.016 8.55563 23.3812 8.39205 25.5193 25.8304 20.8394 0.31367 1.912 4.48358 0.147293 221.735
4449.68 39.3375 12.3297 3.17468 18.7598 66.7174 21.2016 60.6121 7.37344 19.3931 11.4971 10.9714 71.016 7.40352 26.8553 4.21505 24.7252 28.9531 21.3791 1.92795 1.51898 8.17626 0.224643 223.701
4435.19 36.5556 16.6731 7.06497 27.2607 68.6479 21.2016 39.5979 1.31584 35.0318 26.42 10.9714 43.771 10.8782 28.099 6.98123 23.8325 19.8368 6.71801 20.2858 4.24294 27.4905 0.134751 224.926
4440.37 25.3959 18.1084 6.03042 26.1031 83.4256 12.1581 49.7811 9.41608 24.1641 10.504 9.42815 55.1891 11.8054 30.5831 5.14074 17.6504 24.1436 7.79663 23.4998 4.8048 16.4171 0.097085 221.99
4532.88 22.1787 17.9649 6.56677 24.8532 78.7006 3.81247 46.8069 10.6442 23.5644 17.3516 23.4847 36.4848 11.0767 31.2539 11.3268 11.1214 10.9849 13.5081 46.8137 4.70443 17.4022 0.112068 223.106
4548.46 21.9542 17.9649 5.01609 25.1717 70.3198 10.5553 43.4741 18.6562 3.11265 40.2691 23.4847 25.2918 8.72566 33.5633 15.0473 6.6609 10.0644 21.8 15.4681 5.60575 19.7625 0.136586 217.92
4555.37 28.4246 10.2827 7.68695 24.9638 70.3198 8.00579 28.8922 42.6341 5.83264 32.6292 38.1354 16.7383 4.34983 29.1656 13.8652 4.34541 9.92395 10.6372 5.54475 10.7635 10.6123 0.0939747 219.907
4570.15 28.4246 10.8357 6.22327 24.9638 65.4662 8.00579 30.5658 42.6341 9.0377 30.6381 31.399 26.8103 6.59116 23.1647 25.8413 5.35378 4.09694 23.9978 4.63338 21.154 5.04896 0.0387851 218.569
4536.43 27.2809 6.46358 18.4129 24.6945 63.6593 8.00579 31.9971 48.454 2.85122 18.4279 49.5827 21.3785 9.53329 2.86787 30.9892 18.1655 2.5961 8.92374 10.0371 4.51443 6.02645 0.115033 225.396
4510.8 25.5644 10.2782 10.5405 37.7232 59.9037 14.829 38.39 22.7502 2.85122 22.6288 58.5659 20.9267 19.262 1.93486 13.6534 9.49605 22.5105 10.6885 29.2826 1.27012 8.02575 0.116361 226.426
4463.29 14.1698 9.87876 8.4193 45.8577 56.0303 37.411 38.011 12.3266 18.7189 31.4914 36.6004 11.6569 36.0586 5.17371 11.3612 12.2904 7.16353 9.75113 43.1257 2.62286 34.4195 0.0843692 220.714
4559.99 10.2741 13.8906 7.59423 44.95 37.4982 31.4658 37.499 32.7041 14.2903 33.8948 13.4283 16.3022 37.6741 11.3713 4.47933 5.56029 21.454 18.4208 38.6727 2.59892 12.8906 0.00761591 217.85
4575.6 5.87941 13.4059 13.1758 44.95 37.4982 33.7517 28.6706 32.7041 12.8819 38.0228 18.143 9.54143 42.2284 13.2546 6.42797 2.9428 47.6524 19.7767 1.33872 7.38982 20.3061 0.0209622 219.1
4588.96 5.5899 5.02089 17.2588 44.95 39.8042 30.1297 24.8271 44.2004 15.8775 35.345 9.13207 22.2114 42.2284 1.60905 11.2439 2.22688 5.98171 45.8593 28.997 5.16588 28.4278 0.033385 222.799
4505.89 9.8606 9.8143 3.17729 48.4051 20.3267 59.5527 28.545 48.4884 12.6248 34.0878 11.1702 23.9665 19.683 6.28916 25.8276 4.75187 21.0378 21.0931 33.353 4.28782 10.9035 0.113764 223.87
4487.4 15.958 8.32471 6.67358 45.836 15.8045 67.8872 26.6311 22.2547 20.1307 33.4366 27.257 25.238 16.4462 9.01005 37.1459 4.72551 1.96466 8.00869 16.5502 35.8808 27.4499 0.196622 225.356
4490.7 19.4947 9.79361 9.88357 34.8164 16.7659 64.9088 50.1449 24.0589 39.7929 4.07215 24.5291 11.9515 6.90148 47.7801 12.4434 7.5246 7.16877 16.3568 2.96196 28.6721 55.0971 0.0932175 223.184
4455.94 28.3365 10.8269 13.2868 28.6018 20.9331 64.8044 48.9836 20.8889 25.4496 12.8616 24.5291 20.4403 12.0126 35.0758 0.787266 14.6238 13.2644 24.1105 4.95484 52.0654 21.2313 0.0484421 222.073
4445.38 29.1906 1.34749 2.70052 45.8897 36.2786 59.6435 36.5942 19.7603 16.1295 18.4229 13.3278 35.7772 11.9478 45.5299 3.55734 11.2559 14.1182 17.0493 15.3171 31.2657 89.735 0.0752395 226.31
4459.25 16.124 2.33101 5.3088 58.3469 31.4013 66.0816 31.088 10.0647 27.3283 13.5892 11.8451 35.8036 18.7867 41.2838 6.92067 13.2062 12.2116 8.471 15.4954 28.7429 46.703 0.0677865 224.692
4453.22 18.8166 7.07177 14.2153 47.8292 32.1971 57.2312 33.5856 6.76125 28.1433 11.3379 22.4542 34.5454 11.6021 44.3485 8.72572 12.2713 8.21238 11.5859 25.1046 29.6596 13.0037 0.0432892 221.987
4552.64 4.46385 2.43268 8.43219 44.7079 38.4929 54.2494 30.328 6.76125 39.5732 1.30214 31.4155 34.148 10.3199 44.349 17.0453 9.67085 5.33086 10.3501 9.0857 31.1129 22.8114 0.144577 224.241
4559.27 6.09692 6.66525 17.1394 43.2962 55.8318 27.8213 36.3149 4.11716 32.1425 12.0874 35.7008 37.793 7.33249 21.3153 26.6624 9.74778 13.7645 13.9878 8.2085 29.3509 4.84722 0.0550771 220.186
4549 8.58151 3.90496 29.5132 40.0915 44.8302 27.8213 29.8965 9.35519 35.3161 28.9786 38.0809 7.06917 3.03318 38.9093 12.5866 1.4948 17.724 10.5658 14.591 33.1751 20.1965 0.00682861 218.53
4514.28 9.09028 11.7602 29.7662 40.1444 43.5311 27.8213 27.6766 23.0436 27.4416 26.6771 26.0181 28.2114 6.93098 28.0799 23.4533 2.57779 21.8198 24.0571 8.34732 32.5091 6.1876 0.00607438 220.795
4499.23 5.10833 20.7448 14.8467 42.8001 44.6203 27.8213 32.7772 29.9693 31.67 26.7135 10.9817 25.5813 21.8321 20.6819 21.0385 5.97544 3.2291 3.71764 34.3342 30.5738 5.74974 0.0843906 221.053
4521.64 5.58215 10.3037 17.527 39.344 42.0183 39.3099 32.1126 21.6945 21.9219 41.9236 12.6776 32.8469 11.2206 25.9253 9.55235 15.6574 2.85216 18.302 19.8454 18.264 5.6439 0.0874262 218.294
4553.49 3.34878 10.3037 19.6176 34.8303 43.3175 40.424 41.1925 12.4236 13.8617 32.0415 24.7685 27.0864 25.1447 17.5355 10.7592 2.81346 33.3924 18.9122 4.39906 13.6042 10.79 0.0725198 217.843
4541.7 8.86089 8.19188 14.3961 34.8303 43.3175 38.9894 44.3301 12.4236 16.2299 33.157 32.3001 21.5459 8.77616 20.7482 29.1361 5.11233 47.4377 2.35352 6.62686 0.519191 3.58833 0.000148956 216.239
4549.1 4.92257 11.1922 18.5342 44.5608 44.3488 21.5981 49.4401 11.9359 18.8219 37.8006 30.1316 17.6931 0.420951 25.658 36.0386 3.07524 48.2127 14.4756 5.15003 2.25007 20.6575 0.071288 223.511
4570.57 4.46258 3.10241 27.0247 44.5608 35.6876 21.5981 55.1039 12.7645 19.5626 28.8559 41.955 17.0563 5.49903 25.7833 7.45935 3.49553 33.65 19.1304 25.9838 0.574827 28.1812 0.0252072 221.006
4583.21 3.88885 5.97619 22.4808 44.5608 35.6876 21.5981 55.1039 14.2263 19.6907 30.704 41.0693 17.2041 5.50009 25.5881 8.47777 15.0253 28.5709 11.9229 21.6997 2.10794 31.8531 0.000373956 218.135
4608.18 8.79432 14.8492 11.5658 46.149 42.1292 6.99306 45.1859 14.0721 27.8959 22.8845 29.1008 17.2196 13.5441 21.0769 8.14723 19.3582 13.1381 22.9734 21.8664 2.15472 7.34364 0.00356849 220.927
4608.18 16.134 7.05391 14.6465 44.0131 41.2299 8.58386 44.0478 10.9366 30.0424 30.4694 22.2684 18.5807 18.0774 35.7347 5.46991 25.1815 20.7355 17.6307 23.8281 2.87945 17.0178 0.00356318 219.753
4578.62 20.1082 7.05391 14.3148 45.2344 44.2658 8.58386 44.0478 5.51806 35.9592 26.1046 23.9518 20.6929 5.87883 49.1835 13.9587 23.77 5.43173 7.87097 24.1642 7.10833 11.9421 0.00352596 218.054
4593.25 17.4416 7.05391 12.8486 47.9231 52.6064 8.58386 44.0478 8.62901 24.6714 19.3311 23.5831 20.228 1.31639 50.1875 25.4073 15.2054 14.388 1.59441 18.2082 17.1933 4.80853 0.00439983 221.501
4569.62 22.4377 14.6498 6.82699 32.7451 49.2851 8.58386 45.372 27.1178 2.93457 42.7366 34.5599 27.2269 13.7912 14.193 14.8493 1.10845 14.778 24.5924 8.2619 5.76366 31.6696 0.00799664 219.969
4551.02 25.2209 15.561 9.04135 41.9721 49.2851 21.6588 22.4767 22.7079 2.93457 44.1887 27.1241 12.9355 23.3352 31.3498 20.343 1.05153 30.492 15.8444 7.64193 5.28663 20.595 0.0035945 218.675
4570.92 25.2209 6.26617 13.3263 41.9721 40.8972 23.052 29.7918 31.5535 2.93457 44.1887 30.6831 3.87252 15.9245 32.3539 11.7485 26.8866 2.07255 5.89693 23.3755 4.1136 6.83309 0.00299741 217.312
4578.8 23.5766 3.78118 22.5581 36.833 39.3718 24.0014 29.9325 29.3939 2.93457 21.0632 33.4361 27.7735 12.9976 32.947 3.16795 36.1004 8.71391 7.25621 24.5772 15.3335 11.848 0.00857919 222.216
4586.43 21.6469 2.93519 22.5581 22.795 39.0813 24.0014 22.9847 44.6293 6.62887 17.0325 37.813 18.2976 16.1169 44.604 26.9137 3.87654 2.64406 12.85 45.8447 14.1576 3.41382 0.0389787 229.55
4586.43 21.1421 2.09594 22.5581 11.0354 43.0489 47.1724 28.3264 33.5092 10.0095 22.2015 37.813 14.6614 7.15974 25.2403 34.688 6.99055 4.25361 13.0462 31.1078 11.9446 6.40915 0.069842 217.788
4626.42 21.2483 0.111516 15.9086 11.1805 50.5695 62.446 8.03071 34.5557 15.2498 25.4823 21.9844 11.7548 15.4748 10.7129 31.8478 24.0169 4.1498 11.5861 29.7134 22.937 21.1156 0.0806237 224.847
4615.67 11.3658 10.2905 11.4564 9.20153 49.1373 60.2468 29.0826 12.685 25.3882 30.8487 13.6042 5.25036 28.8217 20.8555 33.9242 39.475 7.97049 0.0697953 12.1821 0.944466 46.2397 0.117332 223.595
4600.4 18.3492 7.95376 13.8506 8.24053 52.442 64.3693 21.3467 6.27642 27.6606 22.2125 29.1623 16.6664 27.4313 8.15158 26.9575 19.4487 16.8213 16.0116 13.9382 5.198 22.5149 0.0801109 218.972
4600.4 22.0857 4.63583 17.3298 8.44661 47.6645 71.4941 9.70244 12.1656 12.4187 24.8432 54.1717 11.0855 27.406 3.77831 22.1596 11.2993 21.0038 13.0018 34.6931 4.16524 12.5786 0.0394542 223.063
4599.46 22.0857 3.74407 14.7996 11.8134 39.22 75.2182 15.9583 18.8224 6.75938 33.6192 54.1717 6.56908 24.497 14.0423 12.8461 6.6322 21.2378 2.54652 13.1312 28.2363 18.0527 0.101005 219.572
4599.46 18.2649 0.811082 19.5507 9.45873 37.5389 84.7011 5.00821 19.619 10.1408 36.4725 43.6344 8.99865 29.3545 13.3217 7.49819 11.8714 24.3657 2.20385 13.9995 36.8121 25.1089 0.119524 218.963
4599.46 22.5296 1.76025 14.0663 12.3788 30.1991 81.5218 11.4009 26.492 13.6647 35.1228 30.8961 10.3228 15.8225 19.366 23.6302 0.4256 0.381883 7.84332 18.9743 58.2079 18.494 0.223932 225.407
4703.5 8.52695 7.64467 6.05184 9.49933 20.5851 81.5218 10.7605 26.492 29.5448 33.1523 11.3171 20.1212 23.49 32.0032 5.8104 12.3296 13.3399 7.81013 21.6551 9.74665 19.366 0.115283 219.307
4668.05 10.3186 5.29842 9.15598 13.6266 36.0634 81.5218 10.7605 21.735 32.1851 15.7336 19.7302 2.09864 46.5886 3.6356 11.7411 7.45167 43.0736 7.82115 14.7855 15.0134 25.0271 0.037779 226.824
4649.2 9.34557 4.07817 12.4758 10.136 36.0634 82.7436 10.7605 29.1275 31.6459 17.0852 21.1899 5.73547 48.271 3.71791 30.4857 8.57793 10.2276 7.82056 10.3411 13.5067 78.2085 0.126265 222.948
4652.3 15.0192 4.04915 15.6417 5.26592 26.1424 82.7436 9.53146 20.0397 28.9668 34.0012 37.4451 6.99078 25.6852 13.8836 17.2598 9.49534 16.565 36.8982 12.3154 2.23561 35.8437 0.0929126 221.995
4646.81 13.6704 0.830635 15.4883 18.6209 43.737 45.3776 10.8811 45.9524 14.901 28.3837 30.9719 5.27673 30.2057 20.2187 9.4066 11.831 8.29204 23.8546 9.1812 9.49825 54.6361 0.125684 224.015
4646.81 11.2126 3.61423 15.9155 23.0852 51.2728 33.432 9.75589 43.7677 1.58829 27.8628 64.8304 7.72458 37.2024 8.72035 5.16223 17.5305 2.73909 32.246 10.4462 13.8325 52.8485 0.230316 232.091
4613.75 10.4394 6.43823 17.0866 19.1693 53.7901 33.432 20.8014 31.2862 20.9157 28.0888 52.9695 5.06508 32.1637 18.7961 4.09855 20.4052 13.0484 16.8215 12.2876 20.3644 27.2248 0.0566405 226.699
4627.2 13.0999 10.861 4.91468 17.2303 49.0378 39.6873 28.1615 25.701 23.1517 33.3863 20.7212 13.9567 33.5088 20.2767 24.0795 15.4238 19.2225 3.4571 20.5318 20.801 14.3939 0.00623142 216.342
4586.03 18.8483 12.9263 3.97838 14.0719 59.1727 39.6873 31.9042 23.9268 9.3462 26.8377 34.9742 3.2493 38.4659 18.0411 21.0412 7.7718 16.1155 5.79417 22.0683 15.3532 24.3778 0.0241644 219.663
4538.41 19.0502 29.8228 0.217961 16.5339 61.1918 38.8815 17.5768 30.1673 14.07 34.7284 39.9486 1.78423 9.8693 26.839 29.5545 4.87183 32.2086 12.2307 3.72246 13.8618 25.5375 0.00219157 218.933
4538.41 14.3556 31.7458 0.113641 21.2953 61.1918 38.1245 18.357 23.8418 16.6838 32.8097 37.0536 21.4835 6.13183 29.7522 19.8894 2.16511 17.4972 24.8105 14.1588 18.8322 19.7906 0.0359017 220.568
4557.07 11.8726 35.2643 0.820288 19.9567 57.8205 42.877 11.2505 25.9529 5.549 37.4314 38.1163 15.073 5.59765 38.3761 26.5597 2.16511 8.17493 20.4331 9.74359 14.4741 37.7084 0.00891937 220.669
4715.71 10.1778 5.09573 2.52906 28.4423 57.3093 19.8837 30.574 23.361 6.32789 28.2232 20.7384 49.9828 7.75889 27.2595 11.2549 11.9459 28.2895 2.44842 12.1438 17.8922 19.0697 0.00373673 218.158
4678.21 10.6828 4.51793 7.20598 12.6301 68.7577 21.0177 30.4222 29.0714 11.741 32.125 4.00032 55.3288 2.02374 21.0041 19.2235 12.7412 14.023 7.97954 24.3808 22.3486 16.6339 0.0446901 221.769
4655.98 9.30267 4.51793 11.8335 12.1719 73.6502 17.1556 37.1583 19.0219 10.8516 28.085 7.45502 62.8544 8.23911 22.2254 19.4336 18.3945 29.7809 9.4188 23.5281 10.6438 24.5452 0.0082983 216.617
4641.82 10.8105 9.31418 10.6817 18.8413 66.0073 11.8044 46.5413 19.4607 8.11828 31.4665 5.44289 63.3256 6.42081 22.9979 16.9532 12.9816 21.9804 29.5137 8.09802 16.8392 23.2638 0.0150791 221.023
4641.2 11.4768 7.31971 13.2918 7.53531 68.9757 19.1985 46.2519 24.4818 5.63296 25.1565 7.41948 63.3256 3.55012 27.3046 6.91346 8.1951 23.3344 43.5169 4.76719 17.884 20.9347 0.0256739 218.164
4622.08 9.69954 10.5308 18.4054 2.72672 67.8997 16.6175 42.6928 26.1818 8.19336 25.1565 9.21263 62.3756 1.35037 35.03 6.13398 19.217 21.1011 7.52679 2.61511 9.66603 17.9471 0.0398929 219.366
4607.99 4.33866 14.9102 26.8329 0.863302 68.2715 21.9692 35.1066 32.538 5.98965 30.5023 19.9702 44.5745 6.54676 19.6604 9.81739 42.3718 12.1221 6.1808 1.33421 8.49537 20.6528 0.0727738 221.609
4606.33 5.36631 9.54546 26.5041 9.66255 70.6487 8.93437 45.5479 34.9507 8.59097 35.2641 11.8097 26.3026 3.87504 37.478 10.9703 31.6489 12.3779 21.2926 0.49314 7.55191 26.0638 0.0880038 221.308
4628.17 6.4967 7.14252 22.215 13.5866 76.1988 14.4929 26.7735 32.1208 8.89097 40.7491 11.8097 32.1347 0.326231 44.1253 11.7656 13.1136 36.6487 12.423 7.50595 1.3835 35.8964 0.0462881 220.425
4624.69 6.08522 9.7534 24.5119 4.93004 79.7374 12.1674 27.2765 27.8412 4.83405 48.1088 13.2531 28.9797 0.367982 38.6745 9.80882 12.5068 38.1617 11.7478 3.34107 15.9911 22.724 0.0109361 219.398
4628.99 5.97712 9.7534 19.5401 4.3924 79.7374 17.682 31.9741 24.1257 12.4287 46.4148 10.4994 27.0345 3.48554 41.3879 13.387 6.32753 22.2722 1.82559 50.3597 15.9911 20.0581 0.0496772 216.965
4642.55 0.399438 19.2853 14.3844 2.20283 78.5276 17.2111 29.4735 24.1556 19.7868 46.0776 2.92092 35.0568 4.02687 36.1739 18.1315 0.714829 29.7135 1.18331 28.9066 9.70407 10.4722 0.105691 217.685
4630.19 1.5574 15.6889 9.47788 11.1857 80.7352 17.6637 33.286 15.4696 14.1005 52.2605 8.48152 26.5623 2.16934 43.3805 15.4551 6.79429 15.5045 14.7669 23.1073 0.954844 23.6817 0.0742049 216.518
4640.25 1.5574 14.4136 8.96512 12.0682 79.8273 17.6637 35.6969 8.33878 13.3493 57.1813 8.48152 23.8407 19.8048 30.5658 12.3818 11.1758 25.3295 17.1759 15.9997 15.3114 29.002 0.151846 220.731
4636.88 4.30886 16.9378 9.51866 7.5305 76.5218 17.6637 30.5501 35.4774 1.30416 52.1014 9.77451 28.3351 23.7463 19.2523 9.99219 4.87527 32.1798 15.7788 15.0839 11.3899 17.4839 0.00311931 215.3
4610.11 10.843 15.3644 9.56288 7.5305 75.8604 17.6637 22.6129 35.9766 15.1177 33.7678 11.7679 38.3682 21.0576 21.0872 7.28413 4.54111 33.6586 12.0979 27.7641 15.9636 22.9542 0.0441461 218.634
4617.24 7.54709 16.1111 9.16393 12.1503 75.6184 19.8189 30.8914 27.0732 20.9969 32.5301 9.65297 38.1276 19.1097 16.4275 13.4474 16.4337 15.2124 7.75641 20.4997 3.27391 4.87433 0.00126764 211.012
4627.54 3.0069 21.6093 3.25978 18.9438 72.8816 23.6236 17.75 23.7137 15.0465 32.1053 5.27238 52.3973 27.7209 17.4936 5.78159 26.0782 43.9283 7.44002 4.09343 2.33258 43.6968 0.00126764 221.468
4631.73 6.85411 17.0787 4.71345 19.641 72.8816 23.6236 23.6457 21.2811 14.096 33.9337 0.187532 49.8041 27.7209 16.5716 10.2876 21.6297 18.9983 7.3886 30.9786 29.233 31.6685 0.00358493 221.521
4626.94 6.85411 13.5341 3.02461 19.641 72.8816 23.6236 25.4084 22.7585 13.8221 54.5157 3.39316 48.5262 2.66018 21.6733 24.8805 13.0982 19.9925 6.45797 15.6953 9.60407 6.00371 0.0137366 217.43
4654.92 7.44465 15.4415 0.612894 14.0998 72.8816 23.6236 27.8488 22.7585 14.996 54.2927 3.17623 27.8449 13.2688 29.3559 9.21757 9.96814 16.194 20.6652 28.488 1.466 27.9096 0.0137366 216.206
4664.16 11.0817 16.0851 0.612894 12.8488 74.6905 12.9119 31.1323 23.2321 18.8817 46.4695 6.62966 24.19 21.941 20.186 23.0987 7.39812 1.43911 11.0314 28.1735 8.20034 35.7289 0.0596684 219.244
4687.02 11.8709 7.1913 0.612894 7.06849 80.4736 12.9119 31.0576 24.5248 18.8253 39.2274 11.2693 27.6399 32.362 10.6522 30.9409 4.20781 14.6755 2.38954 5.322 27.1035 17.3649 0.0745286 219.698
4687.02 14.2278 5.09869 1.3798 9.88745 77.8786 12.9119 32.1627 24.4369 19.3412 36.5454 25.7488 29.4168 2.4741 31.3873 17.2375 10.9991 16.051 17.8216 26.3694 18.1132 5.59631 0.0236199 216.868
4668.02 18.4902 6.14062 1.3798 4.99689 75.4292 12.9119 37.7734 29.3885 16.2669 36.3608 29.8531 26.2057 7.62272 23.5511 9.18743 1.00193 28.7927 1.05532 14.9328 24.9789 14.8105 0.112467 219.415
4638.72 24.426 4.50318 1.3798 9.63971 87.1888 5.93328 44.7456 23.7886 8.09945 32.3016 34.1314 19.2703 11.5577 25.1429 8.67744 1.52962 5.694 11.1511 5.25753 24.5611 10.993 0.0634996 218.191
4638.72 25.2593 1.38519 1.3798 8.24086 86.8992 5.93328 38.406 25.7654 1.67454 41.3082 35.089 12.3229 9.4893 45.6857 12.2931 1.00061 3.75774 41.9632 16.1644 26.2459 9.99179 0.0418281 223.2
4662.91 25.2593 1.38519 1.3798 10.2963 85.0196 5.93328 32.2705 27.1473 6.06228 39.9559 16.8981 38.8178 9.81767 21.9724 4.74127 10.0587 5.15045 28.3733 14.3117 9.39965 8.25327 0.0683085 221.503
4575.18 29.4555 2.25877 19.2738 8.71451 82.0557 5.93328 36.8166 16.7732 27.1324 21.6008 21.7209 29.0572 16.8587 25.7289 1.3915 4.44253 18.392 11.2341 4.29525 13.5177 3.8304 0.0209099 220.863
4516.66 29.4892 15.4427 10.0462 12.141 77.2126 5.93328 41.9738 24.3617 22.8217 27.4168 34.5095 24.4068 13.3756 11.5851 15.9231 6.08964 46.583 5.00917 8.34355 21.9845 49.2069 0.0130931 220.347
4534.86 28.5679 7.63479 18.9742 12.6494 83.6846 5.93328 32.4292 17.9294 24.8549 34.0802 17.9433 24.4853 17.0569 20.751 23.6794 13.0939 7.22227 19.2787 13.1903 64.9882 31.8674 0.00481162 221.792
4545.5 35.8105 12.0885 13.8621 8.04822 73.6301 5.09914 41.9855 21.8637 13.2006 41.8959 17.9433 29.2521 29.7545 7.05048 7.88711 9.6128 10.594 16.8227 3.95313 45.5552 15.6703 0.126424 224.574
4572.99 23.4728 6.38886 13.457 12.7855 57.4899 47.5588 45.083 6.49079 11.1718 12.064 53.9295 22.824 13.6077 9.21994 16.0191 14.4757 24.9213 16.9609 10.2173 2.62895 69.0343 0.0358653 226.421
4596.91 15.6272 6.38886 10.8334 13.8955 56.3313 38.5709 44.01 14.0421 6.18773 12.5066 55.2704 17.0366 3.98576 43.5788 13.7525 2.79919 11.3476 17.985 21.2344 17.7125 26.5894 0.10584 220.003
4585.63 17.1872 7.39857 12.6476 14.5527 55.5219 39.8922 30.182 15.7362 33.6743 13.8544 38.3133 10.6644 12.0822 40.4615 20.1203 1.47995 10.0874 16.2799 10.3026 29.7758 46.7079 0.0227632 218.202
4599.37 16.7605 7.24435 15.8704 15.2281 54.8323 41.9007 28.7859 12.535 31.55 26.5885 33.6802 7.60029 13.852 29.0651 8.3466 46.8574 11.2775 6.23658 19.2221 11.4453 15.027 0.0540703 219.579
4630.96 10.2888 7.24435 12.856 13.1618 56.0996 41.8493 39.49 12.1411 18.5841 25.7328 34.3292 5.23573 20.4289 40.8774 1.79785 34.1133 15.9527 1.30712 15.5522 19.4594 27.456 0.0520539 218.996
4585.45 13.3935 12.1751 15.6493 10.0118 51.9269 41.5575 36.7449 17.9874 14.3102 35.6805 32.9459 6.72799 24.6987 25.9566 9.98857 29.9305 22.404 2.35058 13.7621 25.4674 71.7012 0.0131787 218.112
4630.6 7.19269 12.1751 15.5345 12.076 38.646 40.0385 31.7696 33.004 6.92356 37.5019 32.9459 6.72799 20.5773 35.7048 12.1761 16.965 29.6687 6.02956 18.3405 4.76896 52.6442 0.0214727 220.015
4630.6 10.7639 13.1402 8.54933 12.3747 46.1494 51.5175 26.315 21.2143 3.84765 44.3959 51.7027 6.72799 19.4433 12.0562 4.96606 19.1964 6.65059 20.357 26.4941 16.7518 8.96395 0.0118895 215.395
4630.6 7.56075 12.6062 12.7642 16.2647 44.5016 50.3555 23.5157 22.5788 7.01397 43.1726 51.7027 6.72799 19.9424 12.1174 16.6326 10.1359 11.1917 9.25724 25.8189 14.0084 31.042 0.00323862 213.36
4567.09 7.74946 36.302 7.13129 8.76694 48.3414 47.5966 24.266 12.5954 10.4194 48.4696 49.9489 9.32064 21.6567 13.3738 12.7195 19.1926 19.7038 3.54584 24.5377 24.8016 18.0723 0.0116898 220.081
4500.3 13.8179 36.1754 11.1827 7.40717 45.0777 45.1246 25.7348 23.219 10.0305 43.9597 37.0449 9.92735 22.7089 12.8431 12.7625 17.2151 21.2421 19.2993 26.722 7.70823 32.2497 0.00123355 223.185
4502.03 8.92305 36.9375 13.8643 3.68565 55.5544 66.5874 5.57179 23.5673 13.6229 37.6193 37.12 5.5461 23.9833 21.3376 16.9188 2.57311 8.66296 6.37851 43.4429 11.5521 51.9421 0.00110947 220.84
4532.1 8.50348 29.7947 13.3818 13.3422 38.5481 71.6031 2.08617 29.6863 28.3429 39.2054 17.0872 14.9506 18.3926 22.7176 19.8545 9.13652 2.43885 4.19398 35.029 5.55331 33.1146 0.0425743 219.77
4540.95 9.66076 29.4538 17.4952 8.57755 42.3455 71.6031 2.08617 35.5459 13.0417 29.7855 47.7771 8.41193 18.8348 14.6631 23.0578 1.80723 28.4727 5.30531 22.974 16.4151 43.4121 0.035519 220.917
4526.27 9.77731 32.7231 16.1806 6.1673 38.8099 75.3219 26.7987 8.98358 12.8754 15.09 44.0956 13.3812 28.5084 17.694 32.1727 10.703 18.0504 12.4685 0.52114 29.5119 12.1964 0.0245798 221.164
4551.04 8.6578 32.3794 11.3577 6.1673 37.6713 82.5858 25.7369 14.3185 5.63775 20.4008 44.0956 4.33775 29.119 27.1733 2.8907 14.7653 31.7649 23.7887 20.8193 4.91555 10.4846 0.0432265 221.974
4596.42 8.84732 26.663 7.27661 6.1673 34.7275 85.7606 21.6126 19.1229 9.24118 17.1598 45.6508 17.7951 21.0018 20.997 2.8907 8.96183 14.897 29.2768 27.2283 7.75085 6.44211 0.0245926 219.868
4598.3 8.47255 19.2627 10.9468 7.81324 37.1128 60.4841 43.3828 11.9526 6.01712 14.6608 43.2649 23.3213 33.5593 15.5344 7.57952 12.0803 9.91609 9.103 23.9282 20.5168 27.7683 0.143259 219.655
4598.3 9.1241 14.6456 17.9677 6.87538 34.3796 64.8506 36.5596 13.0164 15.9359 18.9036 29.7985 33.9227 33.1094 15.7702 10.0088 7.12205 18.4585 16.4057 30.4923 8.5109 14.7558 0.279284 226.009
4577.51 8.57996 18.3555 8.07087 27.4288 30.2171 55.5181 33.4806 12.5577 20.9168 32.9057 20.4949 27.4739 31.1647 14.9984 13.9278 10.373 27.3832 5.23273 15.5981 33.8102 18.1086 0.417225 223.302
4525.97 9.44366 22.7526 4.47452 26.8209 27.7693 70.345 27.8048 10.6852 33.8612 23.9722 10.2379 34.7615 35.8397 11.5064 10.6991 8.9794 28.745 12.8688 13.3586 8.33578 15.7834 0.161528 221.278
4582.76 3.50572 25.1284 6.80296 15.931 39.4287 70.345 13.1384 13.9724 40.0697 31.7268 6.82785 34.1576 27.0723 13.2453 7.31977 6.37906 39.3795 9.31722 12.3239 30.8819 13.8393 0.200093 222.973
4591.97 10.0688 24.9971 1.23895 10.0387 38.0114 83.7364 14.4726 15.0354 29.5303 16.2567 7.16984 36.5835 42.6841 12.3544 9.57363 17.8837 28.7153 10.36 11.3288 17.1384 3.79133 0.114653 221.988
4590.93 11.2367 26.9431 4.1277 8.26841 37.9968 68.3374 30.4098 11.2966 44.1577 19.8806 1.51226 35.4324 27.7901 14.0353 5.10546 3.60558 29.8601 11.5739 21.4753 22.6395 8.98541 0.0480887 220.138
4588.11 7.72279 30.8811 5.26699 11.8038 38.4547 70.5516 11.8414 8.37701 70.8075 1.98452 9.15248 37.8901 14.83 19.1673 5.71794 4.91976 15.87 3.80813 29.148 17.7999 49.0419 0.0385694 221.404
4570.28 8.39893 33.9892 2.10004 12.7354 35.7195 72.2029 17.3821 3.69514 70.791 10.579 7.60264 27.3024 18.3442 24.523 3.35929 1.06028 7.7255 20.4216 24.9478 50.7008 2.47955 0.00909857 219.884
4562 10.5972 37.0179 5.70149 7.89841 30.1738 72.2029 17.3821 6.76463 68.0798 11.8619 2.07165 25.9688 26.3873 21.4254 13.7464 1.53618 4.51744 43.349 5.4376 5.72319 12.848 0.0204231 221.364
4570.61 8.66829 31.2852 9.311 4.22694 30.1138 72.2029 17.3821 7.2265 70.7295 18.1272 2.07165 26.9715 26.2999 12.9344 22.5504 17.3108 11.2073 43.1423 5.44573 7.08194 4.6949 0.0417113 221.872
4557.69 12.2801 27.2435 10.2973 4.22694 33.618 72.9036 17.3821 7.98012 64.7861 16.5552 4.31064 24.1825 22.2686 15.445 38.73 3.27226 38.1546 14.4577 16.3634 4.80504 22.8825 0.228524 225.647
4589.83 9.34492 22.2009 7.97259 9.56532 23.7443 76.5951 30.0754 4.82926 64.7861 12.4562 5.6384 27.0113 6.06469 16.0538 34.755 21.3202 18.3781 27.5074 17.8714 0.626322 12.3013 0.103147 223.481
4588.72 16.6116 17.1683 9.32391 10.8231 28.1528 83.3675 19.0985 14.1316 43.9522 22.797 16.8325 22.0389 22.4629 8.54745 23.5698 10.4731 27.0321 5.21416 18.4298 10.7244 48.6131 0.196697 225.414
4625.78 7.98425 22.4173 3.18943 23.9596 46.6149 43.0828 25.226 9.20027 32.0954 28.6654 25.2733 32.6202 8.60539 8.33982 20.4991 34.4845 17.4232 11.3013 14.8763 4.61011 29.4483 0.12203 223.286
4631.93 8.5699 17.7164 8.38246 23.7434 41.5842 43.1302 24.4192 3.16957 36.5439 30.6921 23.1553 39.0858 7.58527 25.3136 1.37593 15.8761 14.0427 5.65407 33.8283 7.71288 72.7537 0.0348971 224.226
4647.74 7.51227 16.6754 1.38251 16.0911 53.9635 46.3503 19.2405 10.1774 36.8174 34.1489 18.7043 36.6907 6.17451 22.8329 24.2006 6.78233 14.8371 28.63 5.09287 2.15543 52.3843 0.0014259 218.488
4708.31 2.88708 4.03534 7.11227 23.2047 55.8632 46.6675 12.6817 3.37929 24.5591 47.0482 19.6666 35.8276 9.16673 23.4877 5.91985 7.3635 0.583969 8.99601 25.4084 13.9871 15.6495 0.0229385 221.007
4705.43 7.01732 6.15494 4.80221 26.9424 41.977 62.2962 13.5457 2.24975 27.8155 40.0438 17.2477 33.6288 10.4023 21.1292 2.7973 1.15479 46.4001 19.9253 37.2057 9.89742 3.42361 0.030133 224.317
4728.2 6.33341 5.58042 2.69355 19.9274 40.8059 63.3653 14.6584 22.2298 11.5405 37.4374 18.3617 31.7581 9.47414 25.4188 27.0503 0.0958977 19.6091 19.6524 0.352084 13.0922 12.2128 0.0294329 222.31
4643.67 11.283 9.17788 2.22296 24.6749 39.3983 65.976 14.5321 23.664 8.62131 43.3306 14.6872 29.7591 9.77711 30.4608 6.94147 7.61616 21.0578 22.1274 38.2899 8.84082 19.2748 0.0173093 218.483
4640.17 12.6264 7.09886 11.971 11.0831 37.6017 65.9137 15.2157 24.0833 10.4948 37.7447 28.1436 29.8037 9.4874 29.6336 16.0372 7.79161 14.9913 0.770392 31.5494 22.5655 11.6408 0.0338321 216.216
4640.17 11.8002 6.36707 13.9189 9.38945 42.3104 67.8917 9.32849 26.3762 10.1463 44.7508 41.6818 8.69682 6.7209 33.7959 6.90224 5.58737 41.5144 2.45849 27.4047 11.0032 2.69904 0.00373338 216.143
4651.58 4.42532 6.28225 19.9643 8.20423 43.1842 68.9197 8.2029 23.1596 13.2593 35.5469 36.333 8.43998 16.8444 30.9093 10.6805 6.18673 2.18653 13.4642 31.4945 35.0602 8.62866 0.00373338 216.558
4645.11 7.3375 5.55757 22.068 3.66695 41.6462 60.0072 8.47197 38.0724 13.2354 29.1214 47.7856 10.1994 12.6393 28.1287 14.5847 1.61745 0.649453 18.5484 39.7693 3.43194 23.685 0.00752041 217.624
4650.29 3.56182 7.31603 18.6759 5.84559 50.0907 57.4003 10.6976 42.0557 11.0495 20.4302 46.2119 5.77664 32.0667 14.7158 13.429 11.5956 2.53618 17.7327 39.5531 7.4733 14.0965 0.106188 217.685
4637.65 4.20131 8.99598 19.4001 6.03974 60.5265 57.3641 8.48106 34.537 12.2323 19.0822 39.0446 8.53902 28.5443 10.5219 27.731 13.7487 19.8965 4.76476 8.56794 9.84696 22.15 0.244705 223.397
4597.97 15.8426 9.05615 8.76873 7.75911 48.5042 49.4103 17.2158 46.8307 12.2323 25.5686 50.5138 11.272 28.6749 5.49071 10.378 6.99451 31.8795 10.5986 17.3771 7.14356 57.3827 0.318135 225.548
4622.1 5.52513 7.45532 8.8492 3.95453 53.8203 62.5546 22.2073 27.4472 7.63999 39.7671 29.7004 11.6787 24.9236 20.8627 13.9037 1.48409 34.1733 5.42946 10.3738 15.9811 22.4626 0.297198 223.819
4585.73 29.0119 7.62348 6.27707 12.2876 60.3328 50.3669 6.35854 29.4168 11.8455 30.5467 44.3361 9.30233 19.5734 23.2443 14.8925 6.98888 29.241 26.2785 5.18109 3.33158 8.82368 0.0412456 216.947
4532.48 28.9329 8.63424 13.5208 15.754 56.2266 51.549 19.5254 6.74649 31.5068 25.4895 37.878 9.46276 36.7285 5.06149 12.7517 33.192 4.90615 34.554 11.7486 9.53949 10.5637 0.00187392 217.227
4527.94 29.2791 6.14322 18.7636 15.369 56.6277 44.9785 20.7834 3.03726 30.9554 35.198 33.2678 9.40009 40.2162 5.06149 1.37494 41.9528 8.68929 15.9615 11.3546 16.8885 4.52196 0.00236691 220.289
4520.45 14.6998 3.37889 16.1722 21.8439 76.0099 36.4166 12.5941 30.9122 18.8089 27.2908 36.2468 9.31552 29.11 19.271 10.0937 24.3341 7.22198 27.7275 8.1807 0.516721 12.3962 0.202095 219.964
4515.29 16.81 2.06602 10.0637 17.8521 76.0099 34.1338 20.8044 36.341 17.8498 27.2908 36.939 23.7647 8.04374 29.8201 13.6988 2.81159 20.3687 30.0827 16.2241 0.516721 6.44728 0.27654 221.619
4539.7 9.19437 1.26903 10.8597 12.6237 76.0099 34.114 24.1173 29.6285 31.7958 28.9866 28.4901 25.0719 8.49386 20.6827 17.3797 13.1414 10.3028 11.8075 36.2202 0.516721 35.7734 0.34684 225.62
4544.51 6.42366 2.6313 15.7114 17.5251 78.6058 36.684 28.8419 31.1488 11.562 36.3637 23.9335 2.74422 14.7316 37.7266 24.6811 23.4876 13.8558 14.1191 6.96199 74.3973 1.96853 0.139717 231.215
4557.98 6.49226 1.22412 23.6352 17.8911 72.8965 31.0225 34.4833 17.9563 16.9112 26.0635 36.2454 16.1878 6.30757 26.3107 31.5368 8.19231 19.64 8.0899 16.1909 24.7211 13.93 0.103121 219.936
4550.65 1.42732 6.02975 24.8978 20.7237 71.7763 24.319 33.2246 14.2807 37.1384 25.1539 20.5788 15.5776 1.22031 42.8147 25.1004 7.26043 18.8936 5.03988 3.93517 36.0842 7.58954 0.121838 218.627
4543.79 4.30915 7.64745 19.9019 18.2325 60.3807 31.9448 47.7109 1.91604 27.5528 28.0746 26.4624 23.5955 1.22031 53.1386 1.51674 8.03265 19.0627 6.50197 22.0326 38.1699 23.2785 0.205797 221.411
4560.42 3.63107 12.714 12.2173 18.2325 61.3424 23.8294 47.7109 1.91604 53.7252 23.474 25.8808 6.28768 1.22031 36.0367 24.2894 11.4354 17.6281 10.0776 7.99246 39.315 14.9803 0.224751 225.911
4542.86 4.74579 10.3615 14.9332 20.6891 63.6476 23.8294 43.0773 16.2148 42.8141 23.9599 8.59962 28.8284 9.27196 40.5519 24.9851 1.96283 7.26887 8.6857 2.08127 51.8168 54.6742 0.164012 227.293
4534.19 5.96603 2.76899 19.2936 27.1361 63.0249 27.3694 35.4509 48.8851 5.09076 28.6061 20.3148 21.9698 9.74121 33.1347 8.81623 3.4596 18.0187 23.6543 5.11648 33.5951 28.7193 0.0994081 221.954
4517.6 7.85621 2.80587 22.0629 64.1805 28.3303 14.3296 35.4509 48.8851 4.90875 34.5324 25.684 22.1636 3.0026 42.5813 8.45957 24.2033 14.3386 30.6787 4.56417 20.9945 12.0719 0.170002 226.359
4505.78 17.2997 2.91536 13.6502 64.4263 37.2627 30.3799 27.9168 31.3866 8.37852 40.2392 25.0122 20.0093 3.0026 38.342 10.1203 25.9072 20.9836 10.4618 1.5685 41.2738 52.8846 0.180732 228.52
4459.24 25.045 6.44939 5.42374 69.1779 57.3564 16.1829 22.286 21.7635 13.5893 46.0792 17.8826 18.9595 12.8772 32.7269 17.0468 14.6619 24.0106 21.8177 11.2749 23.8057 19.0352 0.0273524 221.747
4488.88 13.0597 5.69629 1.48652 57.3868 66.6008 33.8393 12.2396 23.6629 12.8884 60.3531 18.1799 11.7894 10.1573 28.0069 21.3006 13.3309 17.5658 13.937 8.87245 24.2202 7.88369 0.052824 221.399
4544.61 9.96699 5.92967 3.1201 54.1489 66.6008 23.3703 23.3171 18.8808 12.0788 60.3531 12.1753 11.644 24.1903 18.0311 10.639 14.2151 13.1339 34.4628 21.5821 11.1531 13.2426 0.00832492 220.046
4544.37 9.93577 5.48819 5.21601 54.4093 61.7816 20.8034 22.9441 9.98976 21.9248 46.9487 24.8761 14.3381 15.3265 33.5156 25.5053 17.2296 16.7697 17.9119 21.6883 5.886 38.5725 0.0266126 222.384
4544 3.52384 8.94561 7.20944 52.941 57.9896 28.3529 18.7502 31.5488 37.2401 19.1025 20.0396 23.516 3.99801 37.5742 11.0918 24.2845 21.4385 18.3458 11.7851 3.88793 17.8993 0.0119208 218.941
4542.2 12.6322 6.35013 11.0224 36.1148 53.2201 53.1433 14.7489 3.3276 42.8714 11.9057 37.8853 26.6194 3.99801 37.1964 1.88683 17.7027 29.2424 15.7569 8.94846 6.74228 14.4421 0.00564702 218.022
4524.74 9.93379 7.9197 9.41676 33.7534 41.768 53.1433 19.4658 35.8041 41.7309 20.8674 20.7298 26.193 16.8357 15.3498 8.51676 6.75247 20.8989 8.2971 31.6068 29.7316 12.2411 0.00872026 223.842
4592.21 7.40531 11.7711 8.12354 25.1579 40.8206 72.4605 5.64862 14.3074 7.35791 60.8337 14.3802 23.7719 13.75 45.2112 0.563513 14.3034 7.7602 36.0743 8.36397 3.8135 8.20196 0.00872026 222.23
4566.28 1.7756 8.92964 20.0321 23.798 22.5805 89.964 8.48016 39.9245 1.63921 27.523 17.1438 23.426 13.75 39.2786 13.3421 18.7442 3.3848 39.8229 4.96632 2.64241 7.39161 0.314049 227.68
4548.61 3.62226 12.3196 19.5903 23.798 6.26942 82.8852 16.0552 52.5848 5.7967 36.2347 17.9058 33.2482 36.7282 5.11317 5.94719 28.2955 8.42438 15.7644 6.38553 14.9247 14.2063 0.12406 223.826
4597.01 0.227471 13.5207 28.0452 10.3666 14.0882 81.4729 15.3539 40.1281 0.663962 23.9339 51.9217 23.3821 4.16627 26.8447 15.6984 20.3528 28.3659 19.2949 6.44097 5.09407 5.59833 0.202321 222.402
4593.28 3.86188 15.913 26.8704 7.09189 14.9965 81.4729 25.0046 34.7783 8.41376 22.0096 42.0167 36.0111 2.907 16.1777 4.52651 13.7653 26.6549 17.3607 4.53393 39.7642 11.3761 0.00134393 217.866
4623.68 4.28747 11.5814 25.1052 5.59395 34.2829 81.4729 3.6905 30.201 5.15509 23.6907 44.0219 34.0126 2.907 27.2082 12.9493 9.92444 46.9534 20.7628 3.82774 35.2102 45.2058 0.0327322 225.066
4634.86 4.61847 8.57732 22.3062 10.135 29.0934 86.6307 10.8167 21.3072 20.075 18.2203 42.2859 11.1114 3.1753 44.9129 8.88848 21.7552 14.6746 12.0154 7.35745 29.5525 7.37884 0.0193049 215.524
4640.07 4.61847 14.6518 18.2697 5.61687 29.0934 86.6307 9.47067 13.5416 10.9479 23.281 42.2859 20.3059 3.0983 44.9129 4.815 39.1751 18.8911 5.13671 10.6859 24.5166 15.0543 0.0265513 223.289
4640.07 4.61847 13.7116 19.973 2.00391 29.0934 86.6307 18.5584 17.7685 13.0332 3.37409 45.0688 30.6894 5.49701 24.4346 5.8108 57.8247 15.9129 15.672 6.96646 13.3902 14.5816 0.00434533 221.448
4639.85 6.12776 9.48136 23.5704 2.86214 24.4091 86.6307 13.2499 43.5047 8.78047 11.539 26.1872 8.88244 9.99101 42.6939 23.2258 15.3056 29.1466 11.5654 2.9134 15.4261 21.9776 0.0824376 223.487
4631.77 3.72109 3.13017 26.4894 1.20827 26.0925 66.0844 23.0737 43.9487 32.018 7.08228 53.9428 15.1987 7.08424 21.4929 1.83043 15.1142 39.416 6.40278 9.4855 7.30581 6.39325 0.186971 225.697
4631.24 4.09958 2.67397 31.7052 2.59722 25.994 56.3885 22.1676 30.8627 29.5651 27.4867 25.1016 37.3655 20.5323 10.4773 12.7544 15.1109 44.2299 24.2119 5.43634 1.91633 1.98377 0.307615 226.183
4625.94 1.17314 6.57627 26.6548 2.31315 25.4358 57.4208 32.8287 34.7859 4.1994 21.287 33.9674 38.1633 27.8206 12.1302 18.1663 6.80436 17.0138 6.11088 11.0865 15.516 30.1816 0.384069 224.544
4625.94 4.67931 12.4255 20.8866 8.48537 21.5431 62.1706 37.2084 34.7138 8.6108 18.3426 20.6275 33.6057 9.5365 28.9248 33.4736 9.80657 22.1778 13.5543 3.04957 17.544 11.7252 0.112927 222.002
4631.39 4.67931 15.3069 16.2987 4.64633 24.1462 68.6581 32.2474 27.9266 6.39155 43.9847 13.3533 35.5369 11.0426 26.0412 14.0421 1.17671 31.8168 2.56091 16.0173 37.2837 15.9935 0.120952 216.921
4631.36 4.67931 14.1164 15.0116 6.79046 24.1462 68.2554 29.1538 26.0385 9.32003 45.6972 16.8348 19.2892 17.0185 31.1292 19.7649 1.17671 20.2128 3.15298 19.052 30.8935 6.0319 0.0864435 215.604
4630.69 6.85233 9.67867 16.3525 5.9513 22.8175 74.0993 26.3256 28.09 3.04723 40.9792 34.2997 2.93815 17.065 49.294 0.464512 17.8875 18.5651 13.4117 17.4259 3.97132 5.47052 0.0663415 221.186
4614 11.3859 9.67867 18.8742 6.2708 17.6236 68.2777 39.0991 24.1844 3.42488 54.06 22.8623 8.20414 17.6036 24.7094 16.2339 10.4871 41.12 19.8103 20.4163 4.85531 1.87127 0.115319 221.052
4614 13.057 9.67867 17.4917 8.55071 16.9347 74.5036 37.2464 21.7868 2.9432 40.9988 33.2437 8.0497 16.582 21.3427 27.4625 9.41717 20.7351 32.5742 20.8523 16.2521 11.4216 0.0528737 219.431
4601.51 5.82941 15.274 18.0759 8.83249 26.9879 67.0723 35.4564 20.0648 5.49686 36.0413 40.231 9.81579 13.8899 37.509 10.5202 2.28154 16.7361 34.2514 14.2266 5.12536 30.2234 0.0569157 216.225
4601.51 13.3111 16.4634 8.57334 16.1641 19.7773 67.0723 35.1262 21.9101 9.29819 35.069 28.6511 10.8434 12.4254 47.0242 13.174 8.2657 0.80662 45.5407 10.3089 13.7495 1.19817 0.040126 215.875
4601.51 7.24421 18.2145 13.6362 8.83076 20.3042 69.4014 31.5603 23.7319 7.83581 50.7913 19.6779 4.51275 11.2494 48.8462 18.2781 19.2436 8.48711 11.8079 2.0648 49.3708 44.4868 0.128821 220.218
4601.51 11.0388 17.7316 9.46867 10.2823 51.8938 41.2881 32.5855 22.8208 7.36077 48.9741 29.7099 35.7563 5.4421 13.0575 15.7552 7.72546 4.83737 10.9328 13.287 59.4485 12.7291 0.00307504 215.07
4601.51 19.7115 11.2312 9.60947 9.95662 54.3108 34.458 32.1439 27.2248 7.36077 45.0555 30.2159 35.7563 1.52182 18.4477 14.4688 3.67998 6.86231 8.94416 16.8974 50.0551 15.8863 0.0185152 215.422
4583.09 18.7074 7.87657 9.60947 13.977 63.8488 27.5635 39.7263 21.9954 12.3176 43.9658 7.33096 30.5959 18.6577 11.5985 32.272 5.845 11.4307 10.731 11.8802 21.0254 11.2455 0.0717054 218.612
4572.24 15.3699 8.60687 9.60947 12.5233 67.3338 28.1157 35.6005 29.4604 11.2826 45.3341 23.2364 30.5959 11.236 11.7517 11.6321 1.04635 6.31372 40.6647 10.2254 11.6797 23.375 0.185099 223.389
4575.01 10.9697 4.42066 27.7332 11.4017 70.7733 28.1472 28.6337 24.8211 3.39781 40.1479 28.9654 39.9411 9.61672 14.7495 7.39266 26.2732 6.44251 45.4264 20.7238 12.44 10.9797 0.0298549 224.275
4546.67 8.2012 5.96035 30.8084 11.4017 75.67 24.3826 28.4897 25.9573 12.671 43.8382 9.39628 47.7689 4.44504 22.873 22.8947 16.9801 3.90031 10.9485 18.6829 11.6326 14.3482 0.0206866 219.656
4501.31 8.64792 8.58704 34.6141 15.3858 75.9482 23.9588 27.1347 24.3269 20.3606 39.5393 7.52414 35.8497 11.45 25.0127 21.2821 20.164 7.10102 18.8175 12.6955 13.2024 44.9922 0.0259967 218.325
4481.28 10.6531 6.49403 35.7505 15.3858 81.5557 18.6095 31.1038 22.4462 19.0021 39.762 8.17989 20.3368 12.2789 21.0006 45.897 20.1975 5.57393 11.2723 28.1443 17.4028 3.94733 0.101457 223.465
4537.91 12.236 2.32337 29.2756 13.4992 85.9407 19.6019 22.0169 23.6596 13.951 36.1034 30.0378 10.1749 3.59983 47.2556 15.3987 15.4874 14.4125 9.86834 15.9962 31.5468 5.16984 0.069964 217.863
4519.08 19.1687 2.68677 20.6766 14.0722 81.3106 28.9573 18.3039 30.913 20.9502 38.0095 0.986026 18.417 11.875 32.1557 23.336 36.3519 7.18975 17.9955 20.2646 1.3795 11.6252 0.117788 223.218
4562.42 11.5649 7.39646 11.5485 6.30415 87.908 20.6008 24.9586 24.3235 24.5248 31.5614 18.0739 26.6257 14.793 31.3517 20.4888 10.8863 5.73797 8.64537 36.5327 0.983471 22.0185 0.296252 220.759
4561.12 21.0056 17.8743 9.14924 9.52366 73.4236 23.3648 28.3945 19.8706 14.4983 37.3897 12.5034 36.4549 20.793 24.0593 12.7853 17.564 21.4463 4.8152 32.7662 6.09773 39.3192 0.00910419 217.336
4537.26 17.8877 22.5444 10.3525 10.7337 70.5311 19.2351 22.4042 16.6351 28.533 48.3881 22.5441 14.5351 22.9424 22.133 17.3829 5.07926 16.242 30.9193 29.3389 1.11182 52.0566 0.0174111 222.491
4506.68 16.5811 25.3587 22.5059 3.21914 73.0227 13.7316 34.5415 27.936 19.3019 37.8921 6.2054 30.2813 8.54439 22.8183 12.2359 14.1325 0.964953 12.583 14.4144 8.91586 12.6244 0.0552755 222.368
4541.18 19.7891 13.2363 24.6626 4.55951 72.1895 17.3795 36.5784 32.0176 11.5586 32.5823 25.96 25.5447 9.1611 23.9363 11.799 18.0908 24.0417 0.119633 41.3887 9.08171 30.2325 0.00317309 218.662
4535.42 20.0917 13.4244 22.0997 9.97772 67.8641 19.7459 26.3998 26.2479 14.2463 37.7389 29.1842 27.649 14.3478 20.1523 4.15547 10.8653 25.2884 5.3996 62.6854 7.04945 7.10326 0.00516617 218.721
4569.06 14.1684 19.9589 15.9341 2.55346 76.4421 34.065 21.4037 13.6002 11.6694 52.2169 12.233 29.7601 14.4545 10.0149 14.3752 27.1789 11.1894 12.4512 27.0368 12.0851 8.75328 0.0620367 219.283
4580.89 11.2824 16.673 20.9209 0.645366 76.4421 34.1976 21.4037 24.5965 5.89628 48.9481 12.9563 25.6617 32.679 2.44319 18.8394 18.9717 7.21694 20.7641 15.2388 7.24854 6.96738 0.0491686 218.599
4568.24 4.90536 23.0862 27.4421 0.645366 58.312 33.9789 33.4007 19.8929 6.13778 54.4222 14.933 15.6029 40.8145 2.44319 24.1973 8.73614 2.62389 28.1419 40.2788 2.04893 5.52773 0.0198904 218.729
4595.46 7.65084 15.9021 23.56 1.2266 60.2303 34.0945 37.3024 19.8374 2.44834 53.5726 14.933 23.0829 23.9915 21.8435 9.09838 4.40262 0.645101 39.4874 27.3893 4.09321 3.19415 0.0528773 216.619
4586.59 8.97522 15.8813 24.2349 1.2266 56.7173 32.1326 37.9118 14.1853 23.8811 35.1118 25.6658 10.9269 33.0629 19.9572 13.1591 7.03439 8.09068 37.295 14.8447 3.66728 8.8757 0.0928121 216.859
4579.18 18.262 11.1894 21.7275 1.2266 53.6144 32.908 43.5342 11.5655 25.3523 30.2421 22.3099 16.627 34.8952 21.6315 3.40482 8.89463 7.17454 12.9397 35.3761 11.9896 5.0594 0.00806144 218.482
4571.81 21.7847 6.61869 21.7275 10.0355 52.7375 24.5407 45.1938 11.9054 48.3683 14.8688 19.7374 18.5908 29.0826 20.2444 6.58994 6.78634 8.35919 22.9802 33.2466 9.46365 8.7425 0.00327212 218.093
4648.19 14.1166 2.20981 14.8787 24.2122 54.9494 24.5407 32.6095 25.3686 30.8867 18.0416 29.5168 6.79601 16.1 29.5792 10.3967 7.77779 9.76205 18.8099 25.8714 10.7977 7.3801 0.000876746 218.647
4682.3 6.88146 8.99332 4.99293 3.54944 57.0965 44.1189 30.34 5.65152 39.7977 31.7665 18.0563 18.7414 31.3094 19.6226 6.50249 15.7142 17.4502 19.4075 7.42526 4.57344 15.105 0.140804 217.284
4691.84 8.7425 9.9101 8.40053 2.37414 52.5533 45.4346 29.2353 4.38988 41.8644 31.7665 12.3209 25.4251 30.1108 18.684 6.08068 11.486 19.9737 40.3596 11.6742 4.55665 6.48719 0.0373501 218.44
4678.65 11.4766 10.3063 7.39273 2.37414 41.2071 41.3494 48.9424 7.53269 33.7914 36.9254 12.222 14.2119 23.5701 34.4394 12.8538 21.5364 1.02322 16.2435 7.18326 3.66037 6.48719 0.0131059 219.104
4651.35 5.66766 15.6728 6.75307 12.4301 43.6934 41.7843 35.3686 14.5404 36.7097 39.9248 10.5981 2.8235 19.3653 41.9092 15.9071 10.0067 17.8204 10.2861 10.6847 22.4444 48.1837 0.0439153 220.359
4625.78 8.24236 14.0062 10.0795 18.7666 45.3146 41.7843 35.3686 5.01086 36.7097 36.1691 8.97323 6.00439 13.948 50.5597 3.57169 28.4532 31.9455 8.10835 16.2319 5.31006 55.6463 0.0139144 218.444
4647.55 8.53666 12.8541 10.8214 11.406 48.0566 34.7584 41.6262 9.96555 36.7097 23.7651 24.8801 15.524 18.4697 30.3776 14.9091 11.6174 19.6761 22.0479 14.8509 6.36362 19.8996 0.000403518 212.726
4477.3 20.7346 10.0212 7.74178 45.4415 39.9111 44.337 38.3352 22.0929 15.7834 31.1231 33.4798 18.498 10.9616 28.2927 5.30755 7.01783 33.5039 13.4017 11.6803 32.9897 47.0724 0.0388207 222.244
4440.1 20.0168 8.12017 9.20078 47.6764 47.91 44.337 31.6169 28.1869 11.8438 25.5448 33.2024 21.6163 0.977948 42.1659 13.7313 6.64183 29.023 28.5835 3.92241 5.40952 13.6427 0.035265 219.789
4449.34 24.8566 5.23081 13.0776 44.3311 68.8098 18.6731 36.1989 31.7943 16.6652 14.4153 31.7028 16.7964 8.23959 39.6505 8.26805 6.0853 28.2585 33.9259 9.10437 5.9413 1.80473 0.0473254 221.96
4449.34 17.3912 3.54171 17.1265 42.2349 70.302 22.9437 37.7977 31.2597 11.0763 19.2288 33.4632 31.8698 7.36126 20.4192 6.6837 11.1195 6.93093 13.7977 6.89023 0.357023 13.0976 0.0552735 222.382
4449.34 19.8412 1.52264 25.7089 40.5446 72.1268 10.3637 37.1715 40.3305 7.93152 18.1194 37.7543 38.1139 2.4458 21.6749 2.5579 1.79172 29.3521 14.7803 8.00652 46.2922 45.6591 0.119989 230.222
4459.58 17.4339 14.4117 29.5063 40.9552 60.8581 10.3637 23.8574 32.0408 6.26205 7.11842 53.8449 29.9456 7.48131 33.0463 2.74535 6.67728 9.75135 11.3664 19.0841 37.4953 4.8822 0.117915 226.069
4559.05 20.6537 15.9407 10.7183 40.5418 54.4536 13.3411 25.3176 43.5199 0.902498 14.5035 44.5852 36.461 6.08608 13.5318 28.0374 13.6037 21.7662 9.97421 4.2249 14.1914 11.5205 0.131836 226.893
4588.55 15.1595 12.7046 2.83742 41.1447 51.9375 27.8299 17.4026 39.0197 4.37122 15.6372 32.1497 36.2661 12.9883 32.1327 9.04804 7.86371 21.3293 14.3004 14.3139 46.7108 10.6873 0.116598 224.58
4592.38 11.4689 15.2681 9.5995 42.7593 19.0386 40.0828 20.5464 39.9588 9.09468 33.7212 31.727 16.0345 11.0953 38.0382 8.95602 4.53727 2.56155 18.4959 13.6885 21.234 34.8418 0.211112 223.76
4584.7 10.7224 19.8568 10.012 36.737 22.8201 40.0828 21.4303 39.0879 13.0167 34.243 14.1277 14.9824 39.8263 10.4182 21.2692 22.8886 17.5825 11.6502 12.7985 20.7886 3.16471 0.149316 223.915
4584.7 10.3425 19.7946 6.89146 35.0784 35.2285 30.7046 23.3605 58.6716 5.98076 36.8794 14.2987 11.6553 27.3011 18.1656 17.974 26.088 5.82339 12.7225 16.409 17.3925 4.63735 0.149316 221.249
4582.98 10.3425 20.2235 8.82304 34.6564 32.8745 65.5381 10.7461 16.9663 4.46952 42.0417 17.5211 38.3762 27.3011 10.9026 11.8158 25.2637 7.69497 7.18347 21.4117 1.03321 14.5891 0.0492164 218.166
4588.83 10.022 15.2795 14.917 19.9586 43.5134 58.4167 18.9459 12.9426 10.0266 58.5846 5.39164 31.0326 9.37163 10.5189 25.4366 18.9988 19.344 17.0299 10.8579 14.823 10.0329 0.0619415 220.466
4598.36 21.3418 2.13426 19.5485 13.8471 24.6326 84.1826 11.361 10.3184 5.73078 49.7452 26.2102 23.8168 24.9163 10.5189 24.0311 8.78369 32.4 2.56512 16.2615 20.4184 16.0319 0.0332101 223.265
4598.36 2.03998 18.4304 19.5485 12.4329 27.5468 84.1826 11.0709 19.4845 5.73078 48.817 28.7095 6.15522 43.1323 13.3205 8.9366 0.345382 2.54312 35.46 13.819 18.9286 3.10328 0.00801207 217.537
4598.36 4.09385 19.1311 14.8676 12.4329 33.8222 84.1826 11.675 19.1186 5.41263 48.2408 24.9867 3.26125 32.9785 23.3152 20.8241 1.40115 4.39218 39.562 2.6323 14.0795 7.37567 0.00579573 214.654
4599.77 6.35382 19.1311 12.7947 12.4329 37.8872 84.2563 4.58117 28.5828 10.3374 37.9885 34.861 3.04813 40.5891 0.962961 28.0992 29.7701 20.8368 7.1065 1.68026 13.5454 1.80788 0.0366671 223.032
4599.77 3.51085 28.9556 8.14046 12.4329 36.9925 67.3579 9.60134 29.5996 7.62137 41.8565 24.0975 2.4999 49.792 12.8005 16.4559 6.167 21.4282 21.9432 7.17784 5.52229 56.0553 0.133483 222.372
4576.12 8.22741 26.1575 5.34587 19.585 38.5982 68.5979 14.0213 17.1528 18.6421 41.6847 42.0459 10.1995 12.1762 21.9097 8.70713 22.9865 21.5426 8.16384 6.94563 13.7799 22.8813 0.0183899 217.469
4576.12 8.88474 25.9925 9.05234 19.5874 38.6869 68.063 13.3508 19.8599 6.46024 44.8265 46.1111 6.56615 12.229 18.2471 20.4164 18.7807 6.87896 1.64956 3.10504 11.432 5.41529 0.0386285 218.86
4574.74 6.70673 26.3452 8.89301 25.7158 40.8115 61.321 13.1067 27.2349 6.2944 32.5601 41.954 26.1638 9.80583 10.721 16.6532 65.7542 32.6617 5.49185 2.80204 13.6004 22.9294 0.0576295 227.375
4574.74 8.93448 24.3453 10.1901 21.4422 40.3857 60.6803 15.8791 25.7472 8.17325 33.1242 33.7275 13.0003 10.8798 1.13903 36.7284 28.4447 26.0215 13.0978 12.2776 14.6169 4.68287 0.0791826 226.172
4563.22 4.05011 25.0315 22.6734 15.4475 38.9783 60.0469 11.3865 29.6991 23.6436 19.769 40.8776 25.7877 10.4112 18.5343 4.65021 12.7263 26.473 21.459 13.7052 10.0617 17.633 0.0212248 217.679
4602.92 2.70473 12.5683 27.9738 6.20262 34.3377 80.2944 9.80329 27.7786 9.42879 36.1058 43.6306 6.99096 14.3176 21.8367 9.34348 30.7351 34.3198 5.09626 13.9873 11.5995 21.2896 0.0731309 219.828
4623.33 3.1778 14.1019 26.0975 4.73927 5.95952 106.032 11.9481 28.9536 15.9223 29.5625 9.44242 41.1173 14.8103 23.3032 5.09658 16.1862 13.8049 11.5786 26.8112 20.2055 3.77092 0.0284844 219.251
4621.64 6.04557 14.6536 20.9894 6.53578 5.95952 106.032 14.9233 28.7032 11.8253 31.9324 3.15176 41.1173 17.6157 23.3509 1.27037 6.65304 14.8528 8.79325 23.998 29.8569 32.1711 0.0364474 221.019
4623.92 5.18898 12.6623 22.4813 3.45996 11.3171 106.032 11.3703 28.9206 3.60663 8.98193 27.3562 54.1173 13.1269 23.3509 8.40094 9.61191 12.265 9.57781 16.9446 33.7839 1.13592 0.0899276 218.245
4623.92 2.39168 12.9811 21.6763 3.45996 11.3171 106.032 10.8487 27.6293 8.1907 14.1907 31.2172 40.4467 12.9404 26.4123 20.6703 0.291076 20.3254 6.16398 32.5197 12.541 10.7374 0.0297274 222.914
4625.44 2.39168 18.5225 21.329 3.45996 8.12281 106.032 12.6126 27.9403 14.5775 9.36203 37.9207 35.4414 22.4253 9.76714 7.12648 6.85259 17.4708 7.70483 17.3651 6.69451 23.5882 0.0384431 221.045
4625.44 1.04199 16.8344 20.9019 3.45996 8.12281 106.032 16.5379 27.3377 18.7845 9.36203 38.5899 35.4414 15.9613 11.4309 8.7677 6.67717 9.08503 11.1291 38.8801 7.37209 28.6374 0.03956 222.763
4599.67 1.04199 20.7924 20.9508 7.4763 1.57546 106.032 14.6527 26.3005 21.2602 17.1531 37.7918 16.1118 20.1674 16.0188 23.4784 8.82786 16.2148 3.88573 20.9948 9.28045 12.5223 0.0342737 221.274
4599.67 3.20115 18.5877 19.9012 13.5756 5.32291 106.032 5.29522 27.1526 8.96598 15.527 67.3728 13.3888 13.9597 17.1087 30.5835 18.1465 16.0463 22.7677 6.43403 9.23555 10.9621 0.000173227 218.41
4601.01 7.38852 25.3293 11.3172 4.76201 5.32291 106.032 5.29522 37.2032 7.22279 11.1824 67.3728 12.7775 10.0143 21.4291 14.4758 14.8631 10.8705 15.5371 55.2092 4.95172 13.9932 0.00165828 226.493
4560.03 7.38852 22.0153 16.1062 15.5779 1.66808 105.891 6.92677 38.1916 14.8071 18.0493 44.8168 12.154 13.0242 29.0568 2.88359 14.7184 11.7136 17.8302 17.9479 7.75339 20.5753 0.0684237 219.584
4586.71 13.2805 17.3401 16.4592 6.13828 4.20146 105.891 6.92677 25.0221 18.9997 27.0745 45.6747 12.2966 11.609 30.4783 9.02354 14.5334 12.791 34.2323 13.1128 8.45793 21.2085 0.0222407 218.508
4604.35 8.62844 8.96968 24.7097 6.13828 14.411 107.258 6.92677 14.8088 19.8776 30.1102 34.5541 21.1288 11.3844 27.5493 12.1376 1.43907 1.03073 30.8108 5.84976 13.2597 34.4144 0.172279 221.732
4571.06 14.0764 20.5494 14.3593 8.19437 13.2741 102.21 6.92677 21.794 18.6701 49.6834 2.53409 24.8969 19.5484 24.5908 11.5818 10.2564 16.5119 40.8553 6.08279 18.0701 11.6796 0.149845 218.251
4618.47 11.3365 9.98611 14.5276 6.67741 17.4264 102.701 6.92677 25.078 5.90177 52.7915 8.47277 44.7653 7.74012 18.4072 6.49268 49.9513 5.22993 14.3715 5.90838 30.5489 17.7687 0.0422945 219.447
4659.91 1.32245 11.0538 17.707 1.59883 8.00067 102.701 10.5937 24.5393 25.3626 37.534 8.47277 44.7653 6.00071 17.264 13.0806 37.7605 17.7238 16.5885 3.25607 15.4706 5.39998 0.208351 220.446
4660 2.35456 9.08032 18.8575 2.84199 17.8498 94.3326 16.5165 1.48474 19.1498 40.9993 28.8061 48.8249 7.38724 12.7242 14.0988 20.822 19.0343 14.814 9.0224 0.879762 15.2422 0.150474 222.475
4634.3 11.1991 2.90079 25.6563 3.90685 19.8177 90.9165 25.4883 10.2949 8.74261 41.1136 31.3595 30.2466 6.39507 13.804 8.16883 12.8022 45.5435 8.24421 9.37579 12.9311 33.0376 0.100144 222.54
4678.48 5.06898 3.30252 15.6653 7.37662 19.8177 90.9165 13.9462 25.0546 16.72 35.7165 24.957 22.6668 4.12287 33.5899 17.544 13.0259 31.6344 21.4758 2.98696 8.21231 21.9391 0.0791864 216.386
4684.92 3.65701 3.56535 17.4911 5.88001 19.0211 90.9165 13.9462 21.3215 16.8576 37.0865 32.4507 19.5268 6.15479 30.5984 7.77147 31.6211 8.43765 51.6348 7.23739 6.80559 28.0213 0.152559 221.522
4684.92 3.55524 3.56535 14.2725 9.98108 19.7513 97.2205 4.11191 21.9751 21.6762 36.7451 22.0554 22.4245 6.69755 35.5697 8.22074 26.7225 3.00032 27.8153 23.2177 14.1789 4.06042 0.17985 217.737
4697.06 4.41524 0.425597 14.6344 10.669 19.7513 101.542 3.76145 18.2169 23.6506 20.9427 35.9773 16.6325 13.5928 31.5731 20.0221 12.1512 15.2186 12.0142 13.3275 25.2476 29.8423 0.0632375 218.219
4695.8 3.46736 0.425597 13.5045 17.399 14.2368 101.542 8.8352 18.4081 12.6625 53.7282 2.93186 20.4537 10.8969 45.47 7.05768 13.3235 15.5797 10.5925 18.9879 3.00041 22.9589 0.055727 220.29
4507.97 1.62518 34.7692 6.85855 29.2328 15.3187 99.7748 12.6639 5.9314 18.3516 49.341 21.1522 11.8759 10.7136 41.4861 13.2314 20.5146 7.25912 10.0007 22.9842 23.849 6.43109 0.00701131 222.187
4510.26 3.48779 33.6646 3.15093 27.6776 31.0381 82.1023 12.1477 10.6072 15.926 46.0988 24.9931 13.6044 8.36152 46.9223 13.8093 18.8961 14.188 8.02057 32.9479 1.68782 28.5127 0.139921 223.783
4545.48 2.78675 20.8428 3.15093 26.3678 33.0094 82.1023 19.8226 11.4583 22.1077 7.29738 27.6003 31.7682 25.814 24.2395 10.999 11.6829 16.6672 17.5434 18.0198 13.5178 0.385574 0.194225 223.861
4579.36 11.2614 11.8095 1.5085 31.4001 33.0094 70.3292 29.347 10.2415 11.9751 17.4181 42.6818 32.8438 23.6699 4.23464 12.5397 5.20752 13.3104 3.15243 30.9848 26.9295 6.44181 0.113994 224.652
4491.62 12.8127 13.5795 4.44709 47.9142 31.284 64.3963 22.8454 20.7314 24.3499 19.61 33.0918 30.4173 20.6335 13.276 15.1161 6.91068 9.16153 20.1061 5.43595 25.4701 28.2674 0.0127884 217.966
4494.39 10.8373 3.61372 16.0782 45.3626 27.8323 58.982 29.5338 26.1354 24.3499 15.6486 33.6082 35.1707 16.4131 14.7438 10.3838 25.7425 14.1234 7.99819 20.0285 10.2408 5.6929 0.00845716 215.685
4494.39 10.9648 1.74241 16.0441 45.3626 28.3539 58.982 29.5338 26.1354 22.5612 25.2277 27.9645 21.2802 16.3538 12.7079 7.60359 50.2362 3.84025 11.1289 18.2015 8.06218 6.14069 0.0248751 218.527
4503.61 10.883 0.733068 16.9287 45.3626 20.4464 70.3805 29.9348 26.1354 18.4036 33.9859 30.2122 9.68952 11.2764 33.2412 2.88976 28.0194 4.10438 23.3022 26.3719 6.42401 13.1691 0.0221098 218.24
4503.33 11.6389 0.931324 8.14272 53.1615 13.2962 74.8069 36.8289 22.3542 18.6232 25.5483 36.7579 9.68952 10.8001 34.2906 8.23036 21.6573 5.3517 22.8586 33.3793 8.49135 3.77171 0.034027 218.448
4527.65 12.8499 0.931324 1.27264 53.1615 13.2962 74.3727 34.4889 33.2394 14.7885 16.9427 28.4583 23.8285 15.9132 12.4191 21.0624 20.9235 4.32723 12.6869 13.2995 12.6856 17.1137 0.0982877 221.726
4563.96 13.2885 6.49342 6.41193 53.1615 6.71547 84.9269 29.9131 6.1598 22.3308 16.9427 36.5791 3.89578 48.7067 12.8134 3.01704 7.30199 5.9087 16.119 22.7301 18.2593 33.5067 0.0608321 223.035
4541.42 13.2885 8.51002 4.41133 47.9706 6.71547 84.9269 32.2178 6.2969 23.6504 19.8125 32.8928 13.3959 53.1248 4.50569 8.26821 17.2555 14.8358 21.6833 28.8699 12.8024 18.7441 0.0236176 226.258
4423.99 14.1128 8.29374 19.4126 47.3193 7.47897 89.0292 39.7059 8.43941 22.7854 19.6412 40.3063 4.54446 36.1082 14.2937 5.06172 27.6327 15.0998 14.1205 20.0273 10.6999 18.2445 0.200031 224.111
4446.4 8.16587 13.3522 8.8451 51.8902 7.07813 80.994 40.2491 8.92857 28.7426 15.3978 47.3219 9.5418 32.7345 15.6168 9.45603 9.25246 15.4886 34.3691 32.218 6.49216 15.9684 0.236897 224.235
4534.75 7.36206 9.01104 12.8061 37.473 7.07813 76.4624 23.2084 40.4582 30.0851 11.2629 19.9496 30.735 27.5581 11.0866 22.1307 15.251 15.0955 40.751 25.6735 18.7885 9.89674 0.197843 226.79
4537.91 8.85542 11.2779 12.9423 37.473 17.2003 77.0676 25.2615 33.1902 14.2125 26.6715 17.6116 20.8964 14.6866 26.8592 18.023 19.5809 8.66014 36.7164 1.32962 26.3835 0.876563 0.0685683 222.137
4527.43 12.0504 7.50396 11.2436 36.3712 17.2003 77.0676 23.1789 26.7722 18.06 32.8357 15.7034 23.0435 41.7204 9.67947 2.79338 27.3869 6.82958 27.5089 14.2159 12.244 24.3198 0.114832 218.787
4558.26 12.456 3.94693 8.15731 37.6426 16.0154 76.7838 19.5762 26.7722 17.0923 35.9996 17.1116 25.8747 41.7204 6.88877 0.281151 38.3875 0.99735 7.83687 22.0583 23.8307 10.3575 0.0727965 221.513
4562.31 8.06323 2.76861 25.5208 22.2361 45.5659 65.2243 6.20912 31.6454 8.39763 36.3161 18.9616 19.7327 47.4391 7.88785 10.9924 28.5506 9.27629 8.59137 11.5773 33.5691 11.7598 0.0510208 219.676
4570.46 2.84276 0.977152 26.9459 21.9721 40.1735 48.2117 35.5654 9.97903 24.8437 36.4354 18.9759 9.20113 47.4391 11.7065 23.0541 15.9518 0.626539 13.1099 18.0219 15.4176 30.5897 0.140617 222.114
4592.25 0.852006 7.1171 27.0387 17.7473 39.6456 54.5435 27.4345 8.19641 36.8822 35.2979 19.772 12.3193 40.6782 18.8034 8.30362 17.3506 13.7286 3.51462 28.0368 6.19008 12.8902 0.0346293 219.694
4594.22 5.60867 22.0628 12.1699 15.8823 44.7881 46.9292 37.9729 20.6172 22.7022 18.2136 25.3914 13.9834 27.242 10.9253 30.513 28.9032 3.5551 27.1198 30.2848 6.37749 20.8652 0.0975398 225.169
4527.78 24.1087 16.8768 10.5602 13.1169 41.6259 42.8127 40.985 23.0128 19.9133 28.9178 25.6212 26.011 13.8249 23.6996 13.769 25.0867 7.81458 7.07202 26.6154 6.03284 11.99 0.0770523 215.902
4536.87 26.3776 17.2742 13.083 9.0644 33.0491 50.1453 40.8821 15.3528 20.328 18.5115 25.3679 39.9356 3.4238 28.489 19.31 35.5595 2.4516 8.41362 13.1153 13.5715 26.2564 0.0851837 222.243
4529.88 26.3776 16.6532 4.06869 9.44539 52.9867 47.9294 44.5751 8.47079 17.1428 40.5479 0.65736 11.099 30.4386 44.6976 5.03717 47.1431 9.84163 28.8965 18.2127 1.37951 5.02716 0.00880669 232.101
4529.88 33.5963 19.2874 4.06869 3.70409 44.3729 59.3411 33.5266 12.0344 9.21365 31.2418 38.1102 21.4007 22.5575 19.0578 6.29155 21.8624 3.3499 31.2035 15.5141 1.93709 16.9238 0.00792042 220.004
4545.02 34.9979 17.9344 4.56228 3.70409 39.1572 53.8134 45.5635 9.01893 23.2005 27.0325 33.4884 9.3699 34.0721 9.49244 21.2179 22.6506 11.0952 11.6661 8.83565 10.9841 46.5344 0.0121205 219.711
4552.7 20.0107 20.3419 4.9472 17.7082 39.1572 57.8595 38.0537 6.97636 17.3023 33.8648 29.9026 5.16494 27.8314 25.8096 17.1053 17.8459 8.91664 12.7624 20.4173 7.23486 25.6176 0.0078677 215.649
4582.33 18.5176 21.3917 6.07243 9.91891 35.4501 66.5774 37.0585 7.66127 21.657 33.0568 17.9586 7.59682 28.5133 32.6206 0.72634 17.7588 5.27098 31.4493 4.30052 32.1542 29.3318 0.00264077 218.925
4556.77 14.6598 23.6593 7.54543 9.91891 35.1832 62.0703 33.2324 20.1135 13.5461 44.0753 19.9397 6.8393 24.2792 29.3404 10.5361 18.2513 26.7354 7.8855 12.9225 12.4476 46.3754 0.00741252 215.899
4590.37 13.7857 2.37095 25.8784 9.50653 34.5701 77.3261 33.3865 1.97909 11.4705 47.6663 13.9673 13.2811 28.344 26.6161 14.1083 1.82939 17.6444 1.04955 31.7815 19.494 7.78678 0.0128766 217.903
4566.14 10.1274 6.55287 41.9997 20.4272 16.4628 59.7242 29.5444 23.3567 13.8415 45.16 4.81861 17.5822 24.6587 26.2306 27.8766 14.9202 20.8209 6.43053 13.7029 6.53643 11.5509 0.00311638 221.172
4593.94 16.5155 10.8594 21.6615 4.43905 22.4226 71.5809 40.4253 22.5001 12.6392 49.0758 1.08226 20.0899 31.223 11.2796 17.2943 12.3056 17.3853 1.73357 16.8964 11.6941 23.7072 0.0018924 220.682
4617.73 11.3717 4.45083 20.6351 4.43905 34.3301 71.5809 32.0246 15.3833 8.53726 40.3656 21.6025 24.9228 38.2753 7.38662 3.41969 4.58413 52.5011 4.61929 16.6042 10.0919 24.8139 0.00702505 220.227
4605.69 8.12331 4.80321 27.94 8.91519 34.3353 71.5809 7.31674 28.4416 6.84853 46.2282 14.178 12.7996 49.9229 7.38662 23.6641 12.9494 14.8184 12.8766 9.44575 21.4146 37.0476 0.00169017 221.681
4579.9 13.9609 4.44578 28.2736 10.0733 38.9104 67.0074 5.2377 33.8475 15.6629 49.7979 3.72354 8.13063 65.7062 4.59235 8.2728 15.4806 9.05619 20.9747 6.15617 7.85218 13.2156 0.00212226 220.804
4530.02 17.6859 13.3811 28.2736 3.98481 42.6538 67.0074 15.297 26.1332 5.98067 52.0527 13.3872 15.9144 37.8027 10.5709 8.46382 14.556 9.03849 21.7252 30.4492 31.6233 3.62832 0.00103611 216.602
4555.07 14.6246 12.5738 28.2736 3.98481 35.2431 64.9818 11.3676 22.4345 13.5297 52.0325 22.1355 15.4442 45.2503 9.924 8.73781 20.1327 9.03748 14.2262 13.8112 19.01 44.5051 0.0120541 222.351
4552.85 10.2362 12.5738 28.8763 9.66752 32.4231 64.9818 22.9871 21.1331 14.7108 47.1068 14.0334 21.2763 26.798 1.07136 13.5869 41.4433 5.58221 36.2308 8.98237 8.8395 73.28 0.00996481 224.818
4555.22 5.56483 25.7402 22.4519 9.66752 29.0317 65.4761 45.7301 7.13096 11.9543 44.8831 7.1961 29.5411 32.1242 12.9086 20.0067 12.6351 0.850542 5.85365 21.5642 9.18985 37.2846 0.00175159 222.566
4568.2 5.56483 15.9039 25.6339 9.66752 29.0317 63.0182 29.6046 19.8913 12.3371 50.1588 7.80452 22.7884 34.6427 18.1508 10.7402 16.3222 28.7845 6.5468 10.821 17.5092 34.0136 0.0720078 217.82
4558.15 10.8219 17.4883 25.2955 9.66752 28.8728 63.0182 26.9199 32.9195 5.44543 37.5006 15.6525 31.9201 33.1252 11.5363 4.35684 24.4998 15.3647 35.9245 1.02266 7.02506 10.2655 0.0302764 221.763
4518.55 16.802 16.4629 27.2431 9.66752 12.3751 72.7976 25.6903 34.4286 2.49848 42.2253 17.2391 29.2459 35.0282 11.2915 11.469 34.9536 8.89295 3.45612 19.5622 12.4102 3.94016 0.102798 218.828
4518.36 27.5913 19.5852 14.3931 9.66752 12.3751 72.7976 38.4205 18.8966 4.39093 55.5051 14.822 26.3501 24.431 15.9099 4.12358 13.4214 8.15898 10.9908 17.3805 71.3305 20.0281 0.0657972 221.791
4505.5 31.8048 15.2705 17.2512 8.48197 18.5698 66.2638 37.4888 36.0364 4.70758 40.0359 10.966 25.586 35.5127 12.3017 8.92605 12.0307 11.232 8.54862 37.9385 47.8085 18.8137 0.162127 222.065
4504.76 35.0199 6.1173 19.4969 8.48197 24.8622 66.2638 31.7378 38.4714 9.57759 37.4098 10.966 25.586 35.5127 12.8695 12.8104 8.85981 4.82955 2.86389 6.73259 11.3961 11.0772 0.0658483 219.425
4504.76 35.0199 6.72209 19.4878 8.48197 24.8622 66.2638 32.1163 46.1189 13.4844 21.9815 11.5817 21.3657 35.5127 16.7149 0.0536755 12.7913 11.4527 0.236684 30.6865 29.7329 14.1646 0.00607397 221.875
4493.04 35.0199 6.74271 27.5368 4.08674 26.8623 66.2638 26.8048 39.5505 10.9904 35.7815 11.5817 16.7643 35.5016 14.6587 16.5537 16.4183 19.0294 10.059 19.4681 13.4193 2.2901 0.00607397 216.05
4524.95 26.9248 9.55179 22.8936 5.54859 25.341 68.901 25.9821 37.5494 10.7278 30.7318 31.3885 16.9242 22.3521 14.4516 19.1412 4.9998 7.4628 14.7389 17.5584 13.4682 16.5291 0.0141819 214.499
4531.89 22.1276 12.7017 20.8131 10.1708 25.5663 73.3602 21.6997 35.3325 13.7298 21.8289 43.6168 7.71539 25.7745 8.46966 14.2377 14.8545 9.60413 16.9451 20.3209 17.7414 4.35276 0.0141819 217.273
4563.86 20.9603 13.0285 10.3677 8.97777 32.1787 76.9892 11.5199 39.8082 12.7746 21.1985 44.9359 19.7172 20.1168 4.91245 27.9059 10.358 11.3326 16.9921 21.9352 6.1949 13.7987 0.135699 218.726
4542.45 20.9603 15.9758 10.1904 15.3763 35.4321 76.9892 13.4347 34.3851 3.43981 15.5709 56.6339 17.6988 8.00948 18.5082 25.0351 14.0432 19.2842 15.7216 21.9654 10.2364 1.97576 0.0569012 220.251
4547.09 22.6743 15.4523 7.89558 15.8111 31.8316 76.9892 20.8826 28.1894 6.30272 28.5201 41.4271 9.54746 4.50245 21.2732 45.3914 7.2336 28.0642 15.5643 3.55879 23.5026 16.7691 0.0179872 218.965
4507.9 25.6912 18.0491 11.5088 16.4862 30.786 78.1266 15.2529 22.8455 26.6285 22.3695 34.7918 7.39623 12.2451 21.3209 25.6695 18.1489 16.3443 11.8138 11.8232 26.0557 8.8991 0.0273964 219.806
4520.36 22.9085 21.9884 9.10831 26.133 12.8853 62.9462 32.958 33.7305 35.3981 8.60675 34.6745 4.36381 3.98572 44.2409 8.75733 31.2046 36.1447 4.25666 5.49381 4.82403 15.1207 0.112009 222.657
4567.67 12.5744 24.2923 13.1289 14.6675 12.8853 70.7714 32.8735 9.37393 35.313 16.2111 38.4617 2.7868 24.3884 37.7049 13.7697 2.39664 17.2835 2.54245 30.2263 18.7803 16.0312 0.0114953 219.623
4555.73 12.0476 30.8232 5.09191 16.653 11.386 66.3365 37.932 7.03424 26.8367 23.3165 51.8981 4.0188 8.94267 40.0677 23.9513 2.53324 13.0567 3.04413 29.6538 14.3094 16.4198 0.05216 224.532
4530.84 15.1849 33.3489 5.38938 9.13411 17.9996 73.6239 40.6842 14.4303 27.7689 6.15608 46.173 8.6482 23.0781 46.328 6.71598 14.216 4.28532 32.8752 8.02644 5.7943 2.87159 0.116521 224.027
4524.71 13.2632 31.3658 9.16233 9.13411 18.0703 73.6239 42.6294 19.1578 14.7751 27.8957 34.4412 8.85025 13.1686 37.2412 9.31326 7.38851 14.7007 18.9625 41.7216 5.96192 14.34 0.184294 219.771
4524.71 12.7386 34.6848 5.67251 9.39307 82.8846 7.92445 42.5135 16.1486 14.3345 23.4522 51.0892 9.26755 6.28239 32.083 12.8681 5.53381 13.4506 11.0282 22.3737 11.703 9.74341 0.017279 218.772
4522.56 13.2725 34.9578 4.04015 9.39307 85.452 6.59802 40.2218 19.3983 26.0506 24.3014 48.823 4.37288 5.78095 29.192 17.6344 3.27113 28.1889 18.5007 12.0628 12.0427 12.0982 0.0249074 218.203
4512.11 10.5637 44.4857 2.16247 9.39307 85.452 5.18128 39.9048 7.96325 30.2777 18.987 50.9277 17.2244 6.76199 19.5944 33.1194 5.54494 22.0115 6.33222 7.52407 10.2113 4.20199 0.0219926 221.032
4432.25 13.0734 44.4857 16.8517 9.39307 85.452 4.6794 33.385 6.58279 31.177 18.987 54.7119 9.03303 16.8706 8.61792 38.0795 12.7147 14.6186 10.0051 2.71983 50.0224 10.012 0.236745 228.928
4433.23 18.9554 44.8471 12.0298 1.26851 83.8774 13.6664 29.5119 7.42462 34.7255 26.2283 55.4712 8.30406 16.7496 7.80271 20.7714 20.6546 21.2499 6.76367 0.771934 40.0577 3.73655 0.144654 228.986
4418.38 22.7328 41.8921 16.0062 1.26851 74.4792 36.7131 15.5172 15.7546 34.0776 32.0367 29.6677 7.10937 21.0598 26.7376 5.27472 22.1675 30.5044 2.81086 11.3748 7.97284 21.1109 0.126162 223.431
4412.94 21.1099 26.1517 14.5444 17.2801 85.5259 36.348 16.6685 14.894 23.7568 28.951 19.6711 24.5347 30.3869 7.06629 20.6987 26.1831 45.4055 19.0656 5.47025 16.1089 12.8233 0.135545 226.614
4463.71 19.8263 33.7212 15.6685 3.96016 70.0359 39.9085 16.6685 6.50069 38.5736 29.7226 18.9984 23.2786 10.0059 25.9992 14.8139 18.2745 6.26979 19.349 19.9164 31.2954 32.154 0.0987612 223.348
4435.66 37.3218 15.6253 25.716 0.310809 77.8382 33.0157 16.6685 6.82116 41.951 25.9331 20.517 26.482 10.7803 32.7587 13.7555 38.8139 3.04194 15.796 19.699 10.5624 33.0422 0.00888382 222.728
4427.99 41.6073 18.2609 22.9914 0.288391 77.2886 34.3508 20.203 1.47068 45.0386 22.8391 22.7999 24.3236 5.00299 35.4223 13.1034 13.4757 2.72511 18.9998 8.14264 40.0874 40.2363 0.0426947 225.965
4426.3 29.2831 7.86368 24.9444 11.4217 67.371 35.1696 35.0183 13.9413 45.5215 21.6464 21.2921 35.7994 14.3567 15.0874 8.52202 30.5456 5.80805 26.3171 37.889 11.397 1.63624 0.129798 232.044
4473.11 34.3914 17.6103 15.62 11.4217 55.7373 45.131 33.411 14.3932 45.5215 5.51014 15.1422 29.7544 23.1802 21.915 25.2221 2.59412 5.66625 4.92225 50.0167 14.5095 30.1017 0.274622 230.728
4466.09 25.8529 6.51146 14.6922 12.9192 55.9305 44.2595 41.2139 14.6961 35.2133 10.7603 43.6276 31.7973 11.9709 18.1348 15.3402 10.8898 12.4848 8.29594 3.86418 28.2516 19.3352 0.298296 222.594
4453.18 27.5985 15.1432 17.1793 20.384 47.1732 39.8942 34.6735 6.10938 46.7552 11.9454 47.2316 17.2999 27.0386 9.88162 14.6373 13.2702 10.3989 7.66425 25.791 11.2095 10.6315 0.071719 219.098
4471.08 20.1803 11.6968 18.2067 21.1021 62.0492 26.8579 55.6097 13.6256 12.5598 5.00941 63.4078 14.458 26.2574 9.40724 13.7239 11.2706 4.78686 11.5246 32.5484 7.99826 57.8599 0.0531629 225.886
4471.08 18.5659 11.5863 21.7595 22.0922 56.9622 27.1028 58.8735 13.433 7.57051 14.101 63.4078 20.9975 17.4346 10.3293 0.709842 2.42561 38.4808 1.4558 20.4175 7.88489 7.80172 0.0318195 224.187
4471.08 20.6647 15.6022 12.6091 24.6258 55.1256 28.445 65.0007 12.5218 4.89636 1.07929 63.4078 25.5949 16.0338 15.1684 10.6691 4.57794 39.5974 20.4736 19.1327 11.3646 17.8415 0.0671572 225.523
4503.52 23.3056 15.6203 26.7546 24.6258 44.1435 29.4709 39.232 12.3509 9.95361 8.12155 52.7873 22.9097 29.1875 17.5346 13.3137 5.82795 23.8226 27.0528 11.7491 14.4718 8.55007 0.0419475 222.392
4519.02 22.9848 21.4623 14.2814 5.60937 59.1729 33.6579 42.11 21.1276 26.5536 2.95183 46.4144 28.3112 13.3817 15.1361 5.93031 25.713 8.78548 15.1115 17.8733 18.524 12.4913 0.119535 220.298
4520.06 21.9233 21.4623 12.9022 13.8577 59.3221 21.4744 37.7145 25.5362 22.3568 10.7332 51.6546 24.0572 6.87016 19.7669 8.94242 32.7438 12.856 28.0579 0.626617 28.2579 14.7627 0.0442343 221.059
4518.88 23.2287 21.8129 9.49852 13.8577 64.6123 25.2186 37.9627 14.1043 25.7182 16.1267 54.319 27.6829 6.82355 12.6591 3.59582 38.7461 5.92727 11.3903 6.85673 17.7656 74.5344 0.00114239 220.553
4523.11 24.1638 21.4294 3.22646 14.7633 63.5384 17.0351 63.416 8.88854 10.9328 29.4948 43.3801 23.7359 10.6534 19.6086 10.7924 28.4889 8.87182 35.1825 2.53817 17.2354 90.3995 0.00704823 223.308
4560.22 24.1638 22.6986 3.22646 6.45748 68.6647 16.9683 59.3313 11.501 5.55108 41.215 31.363 23.5792 14.7535 13.3106 10.1473 28.9728 13.9889 4.26904 8.2411 20.1949 48.0246 0.0147481 220.635
4546.17 31.293 15.3585 3.22646 7.10549 68.3303 15.3331 57.9011 10.1572 8.59187 41.215 29.0327 24.7432 18.5446 19.1338 4.08823 8.86939 2.32494 33.8964 26.5145 10.0657 34.7087 0.026227 220.134
4536.75 32.6355 16.1251 3.48671 9.772 68.3303 15.2212 56.5459 17.4199 10.7097 44.2681 9.49187 21.8104 19.9834 13.2716 32.273 15.9192 14.5617 25.3178 9.81614 9.58797 17.3377 0.162223 220.911
4558.59 22.6744 19.5114 10.9388 4.44118 66.9897 16.7316 57.5359 12.0496 4.05366 48.2647 11.2804 30.8589 24.7337 18.8407 17.1065 11.512 9.41445 28.0985 8.99657 13.4543 69.0379 0.0917145 221.913
4545.4 21.4696 16.9056 12.9654 8.08652 53.2012 23.6627 49.0593 17.5957 4.05366 56.038 15.2411 30.8589 24.9026 14.9166 9.66536 14.1001 16.8677 25.704 5.42139 19.3956 16.0371 0.125042 220.396
4539.23 23.2562 17.9133 12.9008 8.08652 53.2012 29.9366 47.393 19.4379 5.53089 52.4266 6.47502 29.2746 21.0738 23.4753 3.90617 15.2142 30.1903 8.55471 9.41152 17.1009 40.8906 0.062456 216.654
4536.1 26.0387 12.0743 2.72391 23.0286 55.4268 41.8203 37.6034 15.0247 5.46695 51.2649 4.53228 39.3242 18.5042 14.2392 5.13572 17.58 21.669 37.2076 9.58937 6.51621 14.4338 0.0327887 220.667
4538.28 26.5792 7.45927 2.72391 27.7665 49.999 36.1409 34.9341 12.3628 13.9458 55.2244 14.0024 33.2093 20.2513 13.0656 7.11048 14.8742 2.81305 20.4419 11.3159 13.1751 18.2153 0.116858 222.762
4547.38 15.874 7.00814 4.77271 25.4912 58.5092 39.85 32.5964 21.4695 16.381 52.1827 6.65224 5.06584 31.3793 32.0904 11.4733 21.0362 4.59641 35.1014 10.0867 11.266 16.6773 0.0107703 219.736
4549.88 15.1663 11.6123 7.07088 25.3892 41.7582 45.8637 39.4716 21.0356 9.84031 51.2637 7.47087 2.99175 36.1222 33.5513 16.2364 14.1348 9.91718 18.7737 9.353 18.665 4.70198 0.0525397 215.302
4532.56 11.1658 15.2295 4.23723 28.5419 41.5421 45.5288 42.9584 9.45696 19.5233 50.1472 14.1082 5.54963 30.5397 36.1327 7.60669 9.91102 5.96928 2.60537 5.78793 11.3204 13.3095 0.12581 219.063
4532.09 8.50568 13.6968 11.5436 31.1292 45.8922 45.5288 40.3285 13.3209 23.0069 36.682 10.8553 6.8934 32.7705 27.1708 6.16088 46.1374 2.61669 12.3424 21.0769 38.8854 4.73556 0.0112291 217.036
4534.22 8.51453 11.9805 13.1669 34.47 53.4739 35.1864 37.1659 11.1204 32.5523 39.1262 16.4819 1.69647 30.3056 25.8595 9.7292 12.7704 2.38847 5.32639 21.2937 7.83246 28.0951 0.0112291 216.995
4549.91 3.39899 10.2047 17.4237 26.1145 63.0938 35.1864 33.2534 12.7097 24.6168 43.7392 7.49897 4.04862 39.6919 16.0228 25.106 17.6885 11.6475 28.3718 15.5372 5.51916 30.5212 0.020305 218.938
4556.99 1.88214 8.68304 23.3614 22.6186 61.6645 35.1864 29.2344 12.2494 35.9143 36.2134 7.49897 3.28637 35.8005 30.6068 2.35918 12.5369 16.826 13.3394 14.0883 27.7694 9.04523 0.0192485 216.522
4580.27 3.85239 8.44761 8.29267 25.8591 50.2096 35.1414 38.9338 5.45196 40.5723 39.3855 3.71539 19.3009 36.9361 5.83323 18.5355 16.4564 35.8653 5.89546 16.5243 9.68731 29.3604 0.183063 226.003
4581.38 2.03373 7.01944 10.1293 25.0193 57.6254 35.1414 44.601 2.12172 29.7687 55.2679 3.32766 13.2391 45.9376 13.0647 7.74538 20.6675 14.6337 4.15309 11.4138 16.1517 32.7766 0.177873 220.376
4594.43 2.03373 6.73003 2.15569 48.9833 54.4083 35.1414 23.4623 6.81326 30.7866 46.0043 0.417908 35.0673 29.0706 16.8418 7.43556 29.9375 10.7373 3.05216 5.64296 3.534 20.192 0.213766 221.986
4590.81 4.44329 7.85199 2.15569 46.0301 47.8458 34.235 24.7803 6.20873 29.4614 57.4625 2.12118 23.7211 38.9362 9.14003 17.046 25.3798 11.0554 8.02457 10.3304 40.4314 28.5444 0.204239 222.738
4491.12 25.2163 1.33468 12.9869 57.3335 35.8182 44.5397 28.9964 6.44883 17.2308 56.6556 5.07584 4.02294 35.4959 28.9585 11.6934 34.2534 9.34464 19.6445 6.93786 22.7188 39.5072 0.0943472 225.971
4580.7 22.7246 1.19161 14.5446 34.8832 49.0493 29.2155 28.9769 9.02048 5.31868 71.1986 7.53068 3.0016 18.7196 40.4843 10.167 25.8954 17.5651 18.6291 13.2997 3.00622 31.7782 0.143568 226.857
4566.52 23.7189 11.2229 8.72526 30.787 46.4719 31.5613 14.2178 17.7077 4.06938 76.5651 7.53068 5.58416 13.7883 63.7582 1.40222 11.3862 26.1735 2.89001 19.0043 10.971 21.6383 0.0402549 223.579
4575.3 19.2532 13.6516 8.97419 24.3111 52.4857 28.3673 14.6878 19.8445 6.72132 76.5651 7.53068 2.66103 23.2163 49.669 9.76125 17.5371 17.5679 5.8691 19.1783 10.971 11.4818 0.033119 219.668
4568.71 18.3492 18.456 7.14953 15.7744 58.1567 49.0025 11.2883 17.5699 8.01869 60.2511 9.3707 10.5248 35.2572 23.2958 27.3186 21.9158 17.7305 15.5669 8.10643 28.7742 5.41366 0.000343952 219.139
4589.37 17.7721 14.676 7.01286 11.0158 68.1689 49.0025 17.0885 12.3976 11.0138 48.0255 16.3832 15.1736 27.0819 27.3673 2.14675 2.08391 21.9198 17.9318 8.36294 27.2123 29.9717 0.00472594 215.08
4596.43 14.5105 18.0459 4.67586 11.0158 67.6896 53.3688 17.1144 11.8024 12.141 49.4903 6.21709 32.7295 19.6932 21.2722 5.4743 0.482994 18.9822 26.9999 19.5019 39.4864 57.6264 0.00269708 219.764
4591.83 13.2835 21.0116 5.56047 11.0158 71.2241 48.0989 4.13937 25.1957 12.1401 49.4903 2.45054 32.7295 22.0882 19.9805 13.3897 5.68799 5.84263 27.2465 36.7591 7.71151 55.537 0.00267334 217.619
4606.43 6.53422 24.0431 4.95785 7.40286 73.4951 38.1891 19.0283 19.0461 10.8295 52.0951 11.8903 23.4092 34.7639 8.22848 5.62508 3.33418 6.07138 54.9819 17.1594 20.4369 31.874 0.00207368 219.102
4625.15 4.74916 23.5298 6.06857 7.40286 74.1375 33.1488 20.015 15.011 15.4096 41.4699 7.1989 23.1903 39.6867 24.0371 11.0889 26.8513 11.9845 14.0807 17.1594 4.17121 46.5975 0.00132725 221.121
4602.06 6.75544 19.8936 8.33678 23.4667 58.156 34.7824 23.9118 19.4091 21.4651 29.9084 13.4397 17.8814 39.1153 20.0491 5.81952 27.882 5.74478 18.4161 26.0945 28.3068 59.4024 0.00111095 220.697
4641.92 11.2597 9.25419 4.94695 34.0886 63.7651 34.0182 19.1974 17.9606 16.9373 37.2627 11.4804 25.6602 17.3383 31.5507 8.34655 24.543 13.3216 11.1386 39.855 23.7108 104.981 0.000907662 229.099
4634.26 8.8 15.3596 6.26057 16.8186 67.7082 24.7811 20.595 26.1494 28.6005 39.6075 8.36472 21.1425 9.33298 38.1521 11.1287 14.1939 5.87455 11.498 7.20838 23.9759 13.3627 0.00110694 214.836
4650.58 9.66896 2.79663 13.4992 14.1028 63.0649 28.5421 30.6315 24.6213 19.5509 43.0251 4.10807 14.6097 5.82624 54.8886 5.69733 10.5749 11.0039 38.4498 4.86426 30.447 2.82367 0.00040563 214.073
4616.04 12.8075 4.95191 21.9493 12.3015 68.2574 19.4409 32.2473 23.622 21.3037 39.5596 4.65887 11.2636 7.77524 57.7984 5.69733 9.28978 33.5988 2.62032 5.02431 11.3406 29.0635 0.000639397 214.12
4616.04 12.8075 8.64004 19.2358 12.3015 69.258 13.3045 35.8314 24.6504 23.7018 33.5867 8.89752 18.1503 10.0169 48.9482 10.7653 15.0905 34.8216 2.4968 5.65114 21.0712 57.2358 0.00121644 217.552
4616.04 10.6019 4.37694 20.9746 12.3015 78.2525 10.8383 36.8009 19.5514 28.7232 33.1506 10.1515 4.52355 9.92911 55.4798 20.0787 37.2004 19.3066 11.9562 7.97645 4.56161 31.717 0.00155287 218.004
4616.04 12.0894 2.83701 20.6517 12.3015 77.1303 10.3874 36.8968 25.131 25.9655 30.2128 10.7381 7.58017 13.454 49.3055 17.9278 11.8985 18.0892 7.61925 5.06648 9.89749 0.834179 0.00164932 215.635
4618.64 11.2616 7.0172 18.8495 10.9556 75.5383 15.1707 39.291 22.1149 18.0215 30.9271 12.9607 25.5883 20.8091 17.9328 26.2105 2.10941 19.4633 21.3958 25.238 37.2149 21.7423 0.00213041 218.429
4598.17 11.7997 11.5643 17.8942 10.9556 72.036 16.6748 29.8057 26.0038 12.6289 45.5076 15.2512 17.8615 22.5741 25.8424 17.2938 11.5698 17.9994 21.7105 21.5955 4.1536 6.36313 0.00192212 209.347
4631.11 7.65747 10.6446 14.5244 10.9556 66.1881 25.0292 35.3939 24.9898 6.91549 45.5076 16.0296 22.8466 19.2259 23.3382 35.6203 6.15562 10.8679 14.3023 4.89175 8.11177 4.31515 0.0142801 215.321
4638.32 7.07353 10.7727 11.4624 4.50259 40.4364 45.8658 33.9379 53.5179 4.36651 39.7183 4.36025 31.7315 11.0386 14.5594 35.7527 15.7509 18.7135 16.4259 11.6472 7.65517 39.788 0.0778176 227.616
4638.32 6.70975 17.0168 12.1572 4.50259 36.9377 51.8659 29.8644 49.8587 4.67829 31.2378 11.7822 33.9883 17.4726 17.3996 17.4137 15.1897 15.2649 28.0142 15.6058 5.76257 38.5431 0.0880485 220.409
4658.32 11.3707 19.797 3.78981 7.38948 36.9377 51.8659 28.1135 36.6269 1.79642 37.0451 25.0677 22.8432 13.2667 28.7916 8.1922 11.3129 25.8966 25.4361 7.97997 5.13937 30.9701 0.0464986 220.199
4658.32 14.8692 14.908 2.60796 6.01233 23.4064 67.2059 32.1646 25.8368 12.5733 6.10244 55.9751 25.2124 1.50048 38.0183 37.7197 11.7699 39.2061 6.87671 10.1247 0.523913 15.5814 0.0561912 225.945
4651.47 15.4226 14.8509 2.60796 10.2673 23.4064 67.2059 28.7866 22.8521 13.3059 13.4933 56.336 22.7432 10.7565 14.1187 23.1259 2.71124 44.5323 13.2033 8.20433 9.61197 6.372 0.0649482 222.831
4626.6 7.76894 19.3393 3.26683 15.6327 11.4126 88.0567 26.0473 17.1409 28.3058 13.8578 41.0759 13.1916 6.87377 33.3009 23.9814 9.05032 45.9885 2.38452 9.88136 13.1176 16.2643 0.00556366 218.927
4626.6 7.29418 17.8568 4.8627 17.1481 13.7203 88.0567 12.2173 24.0296 34.8631 11.649 29.9513 30.05 2.17125 40.3242 14.9737 4.25097 27.4634 3.78856 22.8324 5.39375 2.88256 0.0109449 217.691
4640.98 3.72503 24.6393 9.61058 11.7234 13.7203 103.498 10.6488 12.6215 28.5362 13.3847 32.0753 28.7489 8.79939 37.0897 18.9093 1.31848 15.0442 5.15595 8.55554 10.7037 3.11223 0.0109449 230.407
4640.98 3.72503 18.9215 10.0348 4.26549 13.1678 103.498 9.16297 26.6828 47.7304 12.6123 12.1408 30.271 17.3149 15.7445 31.4116 3.72561 9.74015 12.2166 14.5936 11.9118 49.527 0.00481775 223.22
4651.76 11.0959 7.72668 12.1668 6.90765 12.7363 105.046 14.2063 26.6828 45.6955 4.73465 10.2962 27.3473 25.3869 14.6712 20.1654 15.008 1.56672 21.5214 13.0692 4.9574 42.468 0.0613789 220.455
4654.3 3.75827 10.9749 13.5996 6.90765 12.7363 105.664 16.2959 26.6828 39.6364 7.75854 10.2962 34.8702 19.4147 10.2286 33.055 16.2241 13.0724 0.793388 6.54498 3.4911 14.7005 0.0813349 222.236
4655.67 5.35968 6.03745 12.8595 5.1554 38.5262 59.0236 27.0718 16.4788 43.8052 7.82715 24.6304 22.4924 29.1093 25.9872 9.44832 13.5621 10.4053 33.493 37.1105 10.6395 5.62229 0.285569 224.173
4639.6 10.8436 3.97384 20.043 4.38819 37.4642 47.1196 29.6786 27.6382 40.4369 3.30367 33.5319 29.4273 27.0138 14.8215 7.60117 32.6945 19.5896 22.0815 23.3414 5.53695 9.94054 0.153169 224.398
4637.57 3.42829 5.25637 21.7482 7.76789 39.022 69.7566 14.7812 25.9206 19.3004 9.88927 23.4428 45.8162 24.6537 15.8472 9.59236 13.4472 21.0869 16.4601 39.4612 7.57163 3.48515 0.167552 220.826
4534.93 29.8227 5.32014 23.2658 7.34312 39.022 63.8109 16.7228 27.0832 16.3189 2.82271 35.5137 43.5033 34.1894 7.96974 2.35309 24.5402 25.5101 19.7892 34.355 1.02807 2.18285 0.452236 230.632
4603.23 15.2838 5.90969 28.7625 5.80171 31.3106 60.6488 12.7567 43.0122 18.3479 21.8029 25.3647 16.6029 37.1877 16.4219 8.7188 33.3397 21.8535 9.79286 18.0891 4.06063 2.10927 0.15444 223.928
4539.39 20.8103 11.2436 26.5333 4.8146 31.3106 71.717 13.9437 43.0122 17.8668 12.6521 24.7881 4.42407 41.4523 26.0117 4.05084 34.6079 27.1907 5.84377 28.3696 5.38684 3.52267 0.216582 225.477
4524.6 28.4301 16.5492 8.93507 7.19022 38.076 90.2732 4.46444 31.6865 12.2774 28.2808 32.8922 6.57941 7.45134 41.7191 3.68607 46.381 7.27247 4.94147 16.2047 24.4268 5.22783 0.175372 221.562
4556.84 27.6943 17.4589 5.95269 7.71406 13.4159 102.72 11.2988 29.69 3.43887 39.8782 32.2796 1.29987 17.0607 38.8973 20.4534 11.3179 30.7744 6.95538 14.5041 11.5156 16.5568 0.123853 221.39
4562.9 29.0181 18.2594 3.7946 8.15122 13.6561 110.151 0.0498392 24.5414 5.27275 38.9834 36.7115 10.0308 8.41685 36.3725 23.5742 0.857009 15.8209 2.4205 13.2425 22.4364 22.5881 0.168239 224.807
4667.8 11.8561 4.98125 10.523 7.62515 5.7692 110.151 7.45867 15.6523 21.0007 39.3938 22.0798 14.5975 22.5607 29.7105 19.1708 37.0916 18.2998 13.422 3.9568 3.43671 29.0961 0.15109 221.954
4685.85 8.95928 2.71053 13.9049 7.82062 5.88396 123.35 10.2927 4.8477 22.6268 22.488 37.9085 12.6122 25.5802 11.8042 15.182 42.7865 20.1837 8.31698 1.84496 4.86625 12.337 0.203221 226.091
4692.48 10.3591 0.488727 12.2448 3.39428 7.58016 119.583 11.0263 5.41046 24.6507 23.9483 29.2381 19.8342 38.7556 8.04607 12.8011 21.3283 7.21361 20.6798 1.32965 18.1431 10.9562 0.191388 224.959
4740.02 9.81059 2.47171 2.1027 9.86239 13.5863 99.3843 9.92296 14.7657 22.7435 38.5714 19.3685 32.2775 29.6394 2.69571 8.0632 49.159 16.9596 19.1387 16.7506 19.7449 23.1847 0.103837 224.409
4697.66 7.34959 4.25711 4.73106 15.6496 11.1099 99.3843 15.3903 15.6235 23.0271 37.8203 20.1283 14.9579 34.7984 18.0151 7.94633 24.9422 25.467 6.41538 8.96776 5.17253 9.15428 0.119356 218.442
4673.06 8.68827 8.93812 3.31606 17.21 13.9385 98.3852 10.6816 16.5849 23.0507 33.403 31.0801 7.22341 31.1032 20.1005 2.15472 25.9148 23.3513 3.37035 12.1998 16.3025 33.363 0.188626 220.128
4696.96 1.15994 9.0635 7.61642 14.6937 13.9385 103.694 10.3108 17.4871 24.191 33.0655 29.3329 6.39454 20.7344 29.1521 5.91818 13.2554 0.206066 2.29192 4.61528 68.6433 26.7318 0.0226711 221.906
4696.96 1.61842 9.0635 11.1085 12.1428 10.9966 103.694 7.04257 17.4181 21.4971 30.7913 32.2341 8.45457 26.2604 22.8395 4.96797 25.3901 11.861 2.68038 11.2597 6.22021 65.8646 0.12791 224.014
4691.3 5.88924 2.04964 10.0043 15.813 10.9966 103.694 5.11325 16.4817 17.3476 30.8767 31.1541 35.5454 2.34227 12.8391 9.71329 26.8441 46.3912 5.94777 1.58224 20.0182 47.9402 0.123638 226.008
4700.07 5.4978 1.69466 11.7846 12.8185 9.83007 104.103 8.68489 17.0052 25.7869 33.3395 29.5609 28.1437 10.5092 17.2989 8.33623 23.7776 13.8134 11.824 32.4537 8.04068 10.2396 0.155242 219.807
4698.22 5.45022 2.17876 13.5544 9.86084 9.68342 106.583 7.53436 14.453 24.9015 34.2486 29.6039 28.2348 6.83552 17.7087 4.88676 45.7766 20.6826 1.07346 5.98963 10.6311 24.7504 0.222498 223.944
4675.59 5.45022 2.17876 12.1391 8.94662 9.68342 94.4559 20.4785 21.9529 14.9912 29.6428 9.42149 53.8601 11.2277 14.3578 4.78515 44.9881 35.4052 23.6568 3.06359 27.901 32.141 0.210849 231.104
4675.59 5.45022 6.76925 5.11121 19.52 19.2973 95.7341 1.48644 23.4085 15.2073 23.5772 3.91982 67.0203 0.951693 34.8552 3.76461 20.7071 18.1348 23.6019 8.89825 10.173 6.11789 0.244279 222.975
4675.59 2.98887 7.98312 8.87969 16.0621 26.5212 88.8143 2.437 21.7526 19.5356 23.7731 10.3005 67.0203 5.39387 19.2849 12.72 0.696681 0.739845 13.6247 5.50729 28.1487 15.7081 0.118269 223.301
4675.59 4.12379 8.281 11.544 19.6875 15.1664 88.8143 3.15234 30.4868 20.534 26.3824 18.9814 45.2984 3.20325 10.46 5.21902 68.7296 2.24613 30.6872 2.1178 11.0046 9.16763 0.0633738 225.386
4609.03 8.85664 12.7328 8.59596 17.9318 11.8381 91.7362 12.0609 20.1231 24.1351 27.1309 18.2818 46.1547 2.31531 22.6884 8.23615 14.4884 1.8296 35.009 2.64283 23.6091 24.9681 0.46153 227.047
4609.03 8.59523 19.0233 8.72451 19.6778 11.8381 97.1017 11.0437 18.7692 24.4494 26.2165 36.5126 19.1051 17.4121 20.5307 16.5855 12.1009 6.49033 32.6084 5.03431 7.09321 13.9539 0.0531723 216.256
4581.51 15.1325 17.1589 7.09805 21.5108 8.24616 96.0649 19.2353 17.0924 24.9027 30.2867 25.914 22.0466 26.2968 9.40668 10.5089 12.0854 32.4155 23.8792 1.76721 3.41094 16.3763 0.00186895 215.505
4585.51 13.7145 19.4477 8.12501 22.0473 6.13919 96.0649 16.8415 15.2678 23.84 27.216 24.7816 22.5857 26.2968 17.0841 14.6286 10.3992 29.1516 9.24845 23.6999 3.27748 43.1101 0.00186895 216.765
4589.02 11.4635 18.9703 11.3523 19.7516 5.71116 77.251 32.8098 14.5865 26.6396 32.291 25.248 20.6661 14.152 29.8598 2.696 20.772 1.35686 17.7789 28.4642 8.32041 87.7652 0.00186895 219.584
4555.94 12.2087 18.0481 21.52 22.738 7.52154 89.5046 24.8014 14.1979 13.1016 34.9231 29.0896 7.06669 18.8164 33.6925 3.73472 8.29814 19.8628 6.88965 12.0572 35.6759 36.7061 0.0286803 222.028
4410.33 10.5084 20.6309 27.1015 31.1079 14.1008 69.6063 53.9603 10.372 9.7946 46.0417 18.7813 16.5047 29.5739 16.0133 17.3097 31.0344 1.73557 13.5846 26.1677 35.8546 17.4048 0.0103797 223.987
4473.56 2.24118 20.2697 34.1789 26.9546 15.2224 69.8788 45.1046 5.73719 12.9606 49.0214 11.5776 21.7003 29.243 16.4824 16.5921 18.5965 9.09284 21.8534 4.52512 31.3443 27.3182 0.00609084 217.927
4443.92 11.282 16.0937 37.368 15.307 73.673 36.9439 36.7737 3.85068 26.4007 24.4303 11.9778 28.8755 22.4754 24.9483 18.5533 7.89118 7.55036 22.6809 24.4689 10.5331 13.7956 0.0294325 221.876
4443.92 11.5822 15.514 38.9124 19.1125 61.2997 29.9332 32.9674 4.54739 40.0464 25.9378 21.621 17.7133 16.3517 17.8548 12.7362 25.8016 8.21719 23.7442 18.0317 6.33212 4.56179 0.0270278 220.495
4488.72 15.1909 16.3292 21.4549 15.9999 62.2168 29.5313 47.0362 11.3596 21.2639 33.2436 17.781 25.1245 26.6971 6.64923 17.7967 37.0679 2.45296 2.54799 14.1409 16.8809 2.2574 0.0516056 220.224
4523.1 24.5259 16.5797 22.6511 8.15337 63.8802 15.6479 47.2802 16.9594 27.623 33.7602 16.1293 31.7642 13.1521 23.6181 3.94228 4.16843 15.0778 2.49499 46.7755 24.3252 1.65841 0.0323004 227.344
4525.44 28.6649 11.5407 18.1263 4.38464 63.8802 18.5382 40.3717 8.54065 29.2818 56.9624 16.1293 26.7101 12.6072 18.8879 1.16618 18.5833 3.65875 4.36719 29.134 37.4508 10.8811 0.0622325 222.958
4523.67 31.6117 13.1656 22.3887 9.39609 64.4292 18.5382 41.0167 2.60934 20.9168 55.3109 16.1293 27.2286 16.8129 12.8884 5.53783 3.33153 12.0956 11.644 27.0708 35.0361 6.27252 0.0742656 224.846
4520.91 23.279 10.4271 30.0408 6.72303 66.332 16.7602 41.4207 4.24199 17.7379 55.3109 14.8618 13.9734 21.2683 21.3317 11.54 37.265 16.9426 13.8063 8.56392 7.5864 3.35444 0.0468922 224.115
4528.55 21.7364 25.2334 19.722 9.98505 64.6927 14.9017 41.3913 9.32552 15.3437 52.9827 4.14157 12.5357 15.4487 31.4581 37.3998 18.7953 17.6785 25.4587 1.46012 13.6248 4.31714 0.0753442 224.509
4475.9 13.8258 26.7115 28.7414 18.4163 62.0583 14.9017 33.2603 20.9644 18.9694 48.3477 4.80535 26.6028 4.00252 38.5168 12.8212 9.43377 8.4663 44.1659 8.6658 16.4672 3.51854 0.0542054 219.998
4434.6 2.28403 27.8871 31.6328 12.2768 86.9046 5.32311 44.0759 20.4482 17.9974 44.0408 4.80535 22.7826 12.3983 38.5168 12.2033 5.79826 7.97354 27.419 0.866408 34.2458 26.3087 0.104585 220.306
4422.88 13.5675 11.7988 34.5486 20.7941 80.6079 15.6255 43.5563 15.0724 8.66019 38.9156 27.4775 16.0531 12.8096 34.4832 1.90138 15.7955 28.4284 9.69072 16.3407 5.71273 19.7724 0.0625498 219.466
4463.36 10.4385 15.3138 31.9054 17.8271 80.6613 8.29875 50.8527 8.31945 20.778 36.1449 19.7515 12.752 18.5975 40.0737 5.01213 4.00699 32.3312 10.5786 17.0109 5.66066 5.55437 0.0767973 218.632
4476.97 10.3292 14.4008 30.2224 22.0771 82.334 6.00982 52.488 6.49308 24.5265 37.8925 15.4869 13.5179 27.1924 22.5901 18.3976 11.3742 6.12912 14.5081 19.2057 12.7659 15.3666 0.0152717 221.775
4476.97 16.6103 13.4014 31.6117 16.192 82.334 2.0248 52.488 7.82929 27.2557 31.6545 10.024 19.8212 26.7144 22.1051 21.2577 3.75862 18.8037 12.4794 17.6279 4.63702 11.7178 0.000579189 217.138
4492.77 11.288 10.248 26.9582 12.2668 97.3986 2.0248 52.488 7.94986 19.9387 32.9834 6.08101 22.1569 22.8013 37.3451 3.96963 5.99611 1.94571 18.4026 7.39846 16.3613 4.4102 0.000579189 224.787
4467.02 28.3819 18.7323 22.6718 10.5622 101.085 2.0248 32.7083 3.95108 17.7893 39.9663 16.2318 29.9218 11.8619 31.8633 6.40068 8.31917 11.3641 30.7985 20.298 29.365 3.75231 0.00517771 223.098
4447.81 32.416 19.1096 24.0544 6.99298 77.4338 13.2958 26.5748 13.3706 15.4764 47.9843 34.9435 2.38208 19.9295 26.9655 18.2425 1.04082 15.9783 8.93563 17.867 32.8041 9.9435 0.00135194 221.01
4447.7 25.2637 18.9489 3.45097 49.6746 61.1697 13.2958 29.6208 15.9041 30.932 21.9411 22.2133 12.4461 21.5289 35.6692 27.66 3.29424 7.83111 8.36509 17.6678 40.8825 13.7904 0.0284812 223.136
4432.42 21.8551 11.1014 3.45097 48.0314 70.8513 15.5097 32.4713 29.2204 21.2805 39.3562 2.99997 10.3417 29.9484 32.6063 15.6004 12.4808 18.2879 13.3839 18.8029 23.9587 10.3158 7.96227e-05 216.646
4437.49 18.9217 14.358 3.06053 48.0314 74.0783 15.5097 14.4483 29.5188 33.9965 46.2983 2.99997 24.6717 21.3737 20.4292 8.63911 2.27896 23.2972 16.1802 16.3808 33.6686 1.06093 7.96227e-05 220.468
4517.09 17.7591 15.6393 4.50478 48.0314 55.4785 15.5097 13.5117 29.3182 36.2655 45.8481 3.13267 19.4491 23.5416 23.9984 7.78738 11.505 7.62287 24.0033 41.8544 34.3453 56.7449 0.0250281 228.111
4346.61 25.2958 32.5146 8.902 72.2953 35.7126 17.9786 12.763 30.1738 41.9292 29.3297 27.4577 4.4167 5.1607 33.3063 15.5549 2.87582 16.7984 13.362 43.3796 9.90021 40.4186 0.0202219 233.208
4389.67 13.0635 18.239 17.9439 66.4973 57.4817 17.9786 18.5149 17.1726 30.7013 30.8129 32.5291 13.0011 17.5851 26.6852 8.29288 7.14568 26.0081 16.1208 19.5474 17.478 20.6326 0.0118323 225.6
4382.52 16.5996 22.154 5.26667 60.7229 55.9956 17.9786 36.9182 24.0138 19.3615 28.506 36.9593 11.3591 21.2174 15.5761 13.3473 1.02181 25.7152 19.144 33.6635 32.2661 51.0329 0.00569114 231.187
4353 33.2037 15.6213 7.15972 41.8937 65.8441 19.8215 45.7652 17.3227 12.4221 39.689 33.0579 12.1615 17.8598 15.1422 22.4041 13.5526 25.8877 4.17367 23.5988 40.523 53.5187 0.0317755 229.574
4415.43 42.9594 13.2501 5.7457 27.5827 57.7201 19.8215 49.2667 15.7754 14.5372 40.4799 37.3831 11.9259 20.0844 18.3089 14.7837 13.9113 12.6267 13.8501 7.24872 19.7287 43.1636 0.00450111 220.988
4455.14 42.9781 13.9927 5.57269 16.1851 39.6238 50.9307 33.4009 22.1663 11.2396 43.1022 36.6243 5.84508 17.9156 16.1764 36.4799 12.2877 20.9199 15.1405 12.3504 16.0215 36.4657 0.0499017 222.762
4455.14 43.5502 19.6748 5.70542 18.0378 37.5688 48.6373 39.2021 16.5815 5.20871 43.1022 40.0227 3.46418 0.729001 30.1192 35.9517 3.78867 29.199 31.5327 5.15564 2.79121 4.3635 0.0362178 222.767
4422.37 46.8643 17.5196 6.18068 16.6739 38.6478 47.2971 53.3461 11.5493 6.81373 32.3927 42.8441 5.67371 6.05101 45.8537 3.42821 24.2646 6.2494 34.063 7.67857 5.31367 0.43075 0.0362178 221.308
4442.27 49.6519 14.9815 8.95978 14.8704 23.6843 55.7262 55.8127 9.55595 6.33162 47.1137 31.4196 5.96411 2.9008 49.2945 3.03698 26.7563 13.5018 16.5784 7.23536 19.8967 10.3495 0.0957448 219.777
4442.27 45.3765 22.8611 3.52192 14.8936 24.8425 61.3648 50.3067 9.55595 16.8826 35.1029 24.4367 2.88913 4.91836 50.4858 7.40721 16.5564 38.4574 8.13815 6.95037 16.5346 23.8175 0.150308 223.722
4457.06 43.4602 23.1753 2.19222 20.6987 24.6967 41.9924 52.6511 10.8908 31.2335 27.1298 22.0957 3.26007 10.7047 57.8448 10.022 22.5519 13.5519 5.11959 12.3325 44.3259 8.94982 0.0488589 223.749
4473.28 14.0622 30.1345 2.52674 33.2935 19.5593 58.0269 49.2871 17.4781 27.7183 22.8004 19.7659 2.30312 13.1237 52.9432 9.0403 27.2934 26.8987 4.66965 16.0312 6.49293 2.95205 0.0543939 221.681
4471.54 16.2516 40.1777 2.97835 31.845 11.4373 62.9532 51.9649 4.30289 23.7354 26.3157 23.3162 6.20616 7.8445 55.9676 20.9426 5.28621 3.07287 4.16066 10.7199 19.6933 66.3337 0.251697 227.554
4484.79 16.0921 41.4743 7.05786 25.5237 11.4373 66.1175 37.6143 12.0884 11.7016 43.1777 22.1478 4.55532 3.49376 56.5389 19.6467 12.977 19.1142 10.5453 15.9414 11.583 4.21913 0.0263868 221.558
4471.49 14.0947 41.4743 8.9007 14.8653 0.489715 67.6816 60.1675 12.0884 14.1787 40.7789 38.669 11.2368 12.764 22.6107 18.8663 5.44181 8.27027 31.1789 25.3224 2.72064 22.2891 0.163159 224.844
4479.37 15.9641 39.3236 6.25751 18.533 9.55122 67.1337 55.219 7.62833 17.6211 24.6472 42.4228 19.254 9.57957 30.0484 1.55446 6.50712 10.1717 63.8406 41.7932 1.0636 33.2262 0.0114176 227.62
4475.03 20.8652 21.8695 26.0758 22.5363 14.554 61.2784 31.763 19.516 17.4516 30.1676 18.222 34.9091 9.8979 28.3751 8.7683 11.2382 18.231 39.9381 21.3376 0.440416 30.3538 0.0125043 224.679
4535.15 13.3357 15.3669 34.0834 21.5982 30.0108 40.7974 34.5497 20.5555 20.6821 20.3822 14.0998 45.2158 20.5985 14.8384 14.5464 31.7356 12.4344 27.8924 5.88644 1.97895 29.4131 0.0122011 220.414
4487.69 14.9646 24.6528 35.2479 19.7174 29.2612 50.9448 21.2894 19.2847 20.4444 11.8016 30.6687 45.5121 11.4263 26.5611 11.1457 32.6258 41.8453 12.1773 10.9183 5.87714 2.83804 0.0446972 226.297
4487.69 11.6172 20.9771 26.8898 14.1415 33.1706 56.6178 25.7094 24.5867 19.1825 32.3172 24.5083 32.6322 19.0524 19.8236 25.542 20.2243 3.46084 29.5328 5.21187 19.9895 12.3558 0.0422271 223.443
4518.27 9.93966 22.5656 30.7221 0.952048 36.0671 57.708 27.901 25.1602 14.7995 36.9327 24.5083 23.1535 24.1605 13.857 14.602 20.2733 3.0161 12.7042 10.4565 26.3667 11.665 0.0333896 218.958
4540.27 2.33111 28.0923 27.4453 1.47207 46.3734 57.708 28.8902 16.1371 22.6697 33.6974 19.7136 26.649 15.7849 18.9438 13.686 5.68939 13.8784 14.0201 31.012 20.7414 25.4184 0.0589747 217.44
4459.32 2.17077 40.0265 30.4483 6.11137 46.3734 57.708 12.25 24.4156 8.53998 41.3234 32.3032 31.8193 4.59917 27.6557 24.2923 19.562 19.9057 6.71337 21.6715 8.60507 2.47888 0.0235796 220.936
4459.32 5.47951 40.4315 30.0152 3.11485 44.6995 62.3457 20.1721 19.6189 6.2583 50.537 6.93506 41.9782 9.29642 25.8357 22.3837 6.04267 13.5044 20.193 19.2873 7.31556 4.73044 0.0763678 220.283
4516.68 7.29194 28.4998 22.9741 7.02076 35.2159 58.543 27.9693 25.7765 20.1063 45 4.79774 35.2396 11.4762 25.0293 19.019 1.21215 21.8841 10.1173 11.4088 16.8939 31.2318 0.0297754 215.537
4535.15 10.0172 22.8567 22.8425 6.81365 41.4029 58.543 25.3524 30.462 15.9731 48.2067 4.79774 18.5877 7.96429 22.3683 37.4052 8.12353 9.56987 18.7979 4.43545 39.592 33.2079 0.0821702 223.73
4550.94 5.82088 35.3538 15.7637 12.8768 37.6998 49.5088 21.2278 34.4055 17.6337 51.1487 10.6828 15.6733 28.0045 5.25128 29.9202 9.4968 25.0435 4.47905 5.98243 3.45885 42.6441 0.182916 231.73
4548.09 6.9676 30.847 14.6924 5.17449 40.1349 50.5983 28.6234 32.9779 9.06466 53.0291 20.804 8.98661 27.3762 14.4752 17.849 11.3476 34.9452 10.5484 5.9369 8.11621 16.246 0.082505 218.616
4531.23 7.68202 30.2856 18.5726 13.3162 37.5799 50.0405 35.8175 26.6441 7.93811 38.8835 17.281 11.1478 45.0692 3.50485 33.0318 10.94 43.1696 4.63899 7.09914 0.697575 37.7222 0.0494703 222.194
4575.38 9.80849 25.2458 10.7887 10.5413 39.7613 51.2731 35.9811 26.4243 11.9301 33.9636 17.8276 18.9782 34.4993 17.5006 10.8816 7.00684 19.6351 4.63899 5.20569 42.1778 34.6576 0.060578 216.483
4610.72 11.656 23.8641 3.29455 6.87924 44.7661 52.9726 30.3302 22.7617 4.00975 47.5079 23.0229 21.9322 8.36209 37.5866 3.71347 12.9016 18.8875 1.60298 8.46489 41.6398 27.7558 0.0717928 218.201
4633.04 16.1596 7.93582 9.26056 5.47444 42.2233 61.0372 27.1913 19.7477 5.9623 50.2017 15.0139 14.2241 20.0596 37.5866 18.5674 28.222 3.10747 10.0663 7.62941 5.98527 18.6394 0.142211 218.712
4613.52 6.02798 15.5034 11.4801 13.6539 42.98 59.484 20.5047 27.7656 3.98735 50.0083 13.9771 6.40703 27.3731 39.2501 3.1592 24.7182 34.9558 3.41445 4.21794 14.6435 30.7136 0.0381608 216.1
4560.52 24.4235 8.08145 8.68703 13.6539 45.8757 62.2687 18.4959 17.8591 18.17 45.3437 13.9771 13.5587 35.0895 23.9876 7.33987 16.2273 1.50464 13.0461 22.4725 15.5615 3.06841 0.025019 219.504
4569.21 24.1844 11.059 8.9171 13.6539 42.116 57.3092 25.8093 26.0641 16.9141 43.2771 15.7312 35.3184 13.2298 13.5123 10.2172 4.92682 7.79324 30.5736 22.1676 2.25253 13.4078 0.0182823 219.172
4579.94 22.3069 11.059 6.3732 16.0218 40.9373 50.3292 30.0734 24.6897 1.90385 43.3034 14.965 53.7537 13.2298 17.2227 9.73963 2.43841 9.70656 19.0503 29.4287 9.96542 14.5943 0.0182823 217.796
4566.62 24.1005 10.4806 5.89006 16.1327 40.9373 48.5046 39.1018 14.1185 28.4255 30.0336 14.965 40.2462 13.849 14.7773 21.97 2.67735 12.187 14.3882 38.7281 1.82456 50.5592 0.0182823 219.084
4573.65 24.1005 13.3117 5.72475 16.31 48.9112 40.9603 40.1057 14.4105 9.88808 26.542 43.7712 25.1557 21.2464 13.4586 21.2111 3.1812 6.21719 10.7633 37.5264 5.44457 30.33 0.0182823 217.136
4569.74 22.3122 18.7654 6.09721 12.4981 49.6705 40.9603 36.8892 10.0364 29.6449 27.0463 42.0282 13.464 4.50444 18.3552 21.9659 4.71456 7.99519 9.48426 3.8608 49.8107 21.6993 0.0557674 223.138
4567.49 14.1743 17.3452 12.9352 13.0076 48.3717 40.9603 30.9343 21.2122 21.9692 22.1126 33.1336 16.2774 26.0985 21.9805 18.8883 16.5235 14.3857 11.0665 18.8188 27.7036 16.4208 0.284307 219.672
4465.93 6.22574 18.8399 12.4177 20.372 50.7086 47.2496 42.474 15.9261 21.923 27.9651 45.3851 12.9206 23.8595 13.6275 16.2694 19.9929 12.674 3.41827 3.81834 30.0688 12.0824 0.377378 219.881
4476.3 5.37201 17.7844 12.0243 16.4351 55.6561 46.4531 41.7177 22.2819 1.11434 27.7056 55.4994 16.9679 27.2835 13.1815 10.453 27.5216 11.4144 21.872 1.34522 18.5427 24.9116 0.419557 221.193
4518.57 2.63659 12.3637 15.3419 14.8589 59.4205 39.7559 29.7029 28.0184 6.10446 14.095 73.5636 11.9994 29.2723 8.68819 22.6016 15.0165 8.77447 19.2269 3.95146 30.3867 8.10189 0.415535 224.701
4489.79 12.4251 9.91689 23.8723 13.9076 36.9652 70.7096 33.5336 19.2803 5.48693 2.36187 73.5636 9.03159 35.3159 10.1257 17.7664 12.4288 16.8086 17.1792 8.80222 29.3146 5.14517 0.323294 224.49
4482.47 14.9139 8.56092 20.5408 18.7835 38.2417 75.1766 21.4492 31.8653 11.5142 2.79216 73.5636 9.51253 17.1894 15.4178 16.4309 15.2562 15.5876 51.6092 13.1264 24.8546 15.5529 0.216042 229.354
4496.52 17.015 15.0681 11.0528 24.2042 41.6472 61.0491 20.7378 38.059 17.6358 6.80967 47.6324 9.45877 24.8596 17.0478 22.8223 13.8219 8.88932 9.79068 16.5359 19.9659 16.5619 0.212721 221.277
4651.37 2.80904 19.1791 1.40383 14.4594 23.2309 70.573 20.8274 30.6279 25.0933 4.98514 61.4389 6.16669 21.4251 25.7888 2.04211 46.7594 0.547091 7.49967 4.63267 15.9772 33.5066 0.146335 221.963
4654.29 10.4248 11.7961 2.84842 14.4594 23.0561 61.0554 32.1853 32.9767 10.4643 4.98514 61.6419 9.0501 28.0388 23.9202 17.7569 2.75778 12.6965 8.46932 4.02648 7.34444 27.5396 0.113766 221.337
4668.41 10.4958 9.61938 4.61554 20.2196 31.5835 59.0503 24.1059 24.16 11.4212 6.88809 61.5836 9.0501 25.5714 28.4355 2.346 17.2113 27.5891 31.6657 4.06877 4.51735 40.2689 0.0944962 222.625
4691.36 10.1224 5.14876 6.24555 25.0964 28.6753 59.1818 22.0236 5.06929 35.9618 7.64587 53.3305 9.91927 44.0245 0.831856 4.99978 25.8277 16.7763 27.5314 6.67075 29.327 53.4927 0.0660412 231.376
4597.35 15.9461 14.7939 7.2025 36.8882 26.3315 65.2299 14.6674 4.39146 20.4237 6.65787 55.7632 0.165934 60.2594 10.8775 12.14 36.0305 11.4983 12.2397 16.9823 13.5972 6.94718 0.044454 226.789
4570.19 15.2091 10.9598 3.98045 29.1109 35.5416 62.517 23.6048 7.68523 25.3582 6.65787 62.6224 0.165934 60.2594 10.5032 0.718877 35.3254 5.89536 21.4405 10.6255 22.1134 20.0932 0.00775479 228.852
4546.04 2.85548 11.8844 1.60056 47.2853 40.0041 57.208 24.47 10.2665 25.3204 16.1917 62.6224 1.04634 31.0215 19.6262 1.50434 32.4445 10.2794 28.0561 18.934 6.28352 6.31093 0.00468383 220.621
4541.03 9.41739 10.4547 3.03049 40.4467 42.0417 65.0373 24.0007 8.70009 25.7969 17.639 57.2996 3.11902 26.525 15.1597 14.3364 22.3085 24.2864 9.10215 13.6015 5.15301 3.46642 0.0153548 217.368
4534.85 6.55377 12.4817 2.32296 39.4793 32.8632 85.3072 27.1106 1.97294 11.5982 35.3187 45.3902 5.30632 25.7503 18.7316 14.0165 17.3398 30.5716 3.45296 19.0395 3.06625 2.05957 0.0772257 217.753
4539.27 13.1365 12.848 4.09661 39.9029 40.1737 68.0875 27.5953 2.36159 9.60671 30.0935 40.5146 3.74998 29.7096 30.5546 13.8501 19.7264 6.55963 10.4413 19.1423 2.16929 3.62274 0.0228122 217.544
4621.56 15.9412 8.68859 3.59356 36.83 27.8038 68.0289 30.3066 3.20027 19.8019 29.5793 50.5946 3.23189 11.6339 27.2539 12.9328 19.8229 13.191 32.2717 22.1017 1.8765 5.14808 0.0433227 222.245
4612.33 18.3 18.2821 1.08047 16.1824 26.706 78.82 34.3911 3.55348 24.4106 31.2223 20.7398 15.5393 1.78983 39.5184 14.5825 0.795295 18.1355 28.274 11.0521 2.76824 27.8175 0.0614641 225.613
4633.36 3.65742 16.1486 5.90119 24.0739 26.706 79.5467 27.1884 14.591 22.7149 30.4891 27.8195 18.0206 2.10311 29.9871 18.7245 11.0976 11.2474 21.4246 24.8117 0.304858 1.53819 0.107796 224.895
4627.11 3.587 14.9622 17.0724 10.0607 25.6699 76.0163 16.7529 40.0418 5.33352 41.2892 16.225 30.9482 8.2471 29.8185 6.99279 40.7015 8.31385 22.706 14.041 1.56277 18.0393 0.0274149 217.003
4627.11 5.30856 12.1254 17.4822 9.82858 24.5573 76.386 27.2775 41.2247 5.33352 28.4585 14.8608 24.4037 2.07479 33.5857 20.6776 16.9371 23.907 18.2156 7.62602 3.01488 53.5875 0.0211766 220.209
4616.86 5.81165 22.1998 9.2124 13.1933 29.406 69.3218 18.669 38.1657 5.33352 25.7419 32.9937 29.6902 2.41103 33.4743 18.7238 11.7375 0.671852 12.3271 38.9851 0.232109 59.357 0.0177106 221.913
4631.23 6.45089 16.7054 4.16148 21.1262 21.7187 63.4012 21.1743 37.0302 8.3457 28.8169 47.2731 31.3649 12.1782 12.5844 2.89093 17.9362 9.45288 12.7702 11.7866 17.0107 25.0508 0.0549852 219.476
4621.75 6.90716 17.1644 7.67049 26.6914 21.7187 65.0595 13.2994 31.0873 8.44757 33.6863 37.8651 35.8805 11.8748 12.063 29.1987 18.3753 1.0931 12.9593 24.0254 7.77134 6.80934 0.080183 220.359
4609.76 13.2971 20.2284 0.958298 31.8812 22.8224 54.0109 29.3074 21.9831 9.87835 45.3708 18.8186 15.3093 29.2202 2.83095 24.8589 20.4051 5.00055 17.132 14.149 5.90748 2.27189 0.264811 224.414
4593.25 12.131 20.8557 5.61847 32.2015 22.8224 57.5789 27.6927 23.5495 21.7961 30.7057 12.1039 28.9076 35.7344 5.57931 10.8357 3.11936 4.97424 14.5024 35.2963 15.5359 4.82078 0.104576 219.026
4605.05 8.82044 21.2964 12.1653 24.9624 30.5595 52.0419 23.504 24.7028 25.9891 33.6067 14.8624 9.06055 47.347 8.15323 19.833 6.39293 6.73813 11.5693 13.3316 49.3277 9.63132 0.0626361 220.14
4521.4 3.33362 21.4637 11.2204 28.8004 44.4402 49.0036 23.3853 12.5713 51.0383 15.7626 14.7657 14.0597 40.6336 11.1408 16.7953 8.10642 9.8431 9.6899 14.4781 44.1573 12.6288 0.102263 224.358
4472.1 4.74806 22.9747 22.8325 34.2422 56.7452 48.7105 23.062 5.02016 53.4999 1.07759 17.5546 26.9065 29.4902 14.6392 13.031 5.15477 12.8622 43.7847 12.1464 11.232 32.9534 0.0433632 226.26
4552.77 2.00298 23.5712 27.9169 7.62895 37.0807 53.3583 36.2844 12.5487 62.7015 4.08613 15.9742 23.6864 22.5112 12.3806 20.0718 14.9352 11.7385 48.7368 15.3517 14.5982 58.4066 0.0269733 225.192
4553.81 4.2846 24.8289 29.6516 10.646 31.7563 47.1517 41.8214 3.09115 62.7015 5.0352 14.4424 34.8032 27.3449 6.58944 15.1785 9.88523 4.20661 1.00278 55.3353 10.6651 29.8425 0.00860335 223.993
4541.41 4.34654 24.6595 24.5303 8.70561 28.6768 57.3104 41.4312 10.54 62.5353 7.48606 10.8894 33.7337 20.1611 9.80948 8.37329 1.41451 7.22745 7.51044 8.06278 5.21501 23.4109 0.0184027 220.85
4532.17 5.59809 26.4145 25.271 8.06028 28.6768 57.799 42.098 13.7782 36.8954 19.3478 18.1991 18.1219 31.7343 19.1648 26.6671 10.2739 16.1125 3.15558 19.1057 11.4974 6.5598 0.0264676 217.664
4564.08 7.83562 22.2972 18.9403 8.73666 33.1346 59.6636 30.7485 21.6807 8.07986 44.718 19.9772 18.1219 25.1325 26.0483 3.77524 9.82621 26.7378 10.0145 13.1242 41.2193 4.17298 0.0493167 214.783
4564.08 4.12662 22.9416 21.1508 12.0194 34.52 61.4828 27.2002 19.794 10.0614 38.9837 21.7966 18.1219 24.208 31.252 2.29762 10.7794 12.0818 9.74914 45.4897 5.54204 28.7526 0.0126316 216.508
4526.69 4.72126 29.6753 21.7856 12.7066 38.7809 52.3001 32.0454 16.8404 14.7022 44.3517 13.1731 7.7803 36.6805 33.0632 8.75273 0.163724 24.1945 10.7057 29.6231 17.9185 54.5481 0.0248251 221.126
4537.34 4.03092 28.388 22.1897 17.5696 35.0472 55.1463 29.8022 18.3244 15.1418 44.3517 14.9808 7.7803 36.6805 28.3879 8.49309 12.0611 13.6401 15.1853 16.579 18.5856 65.7171 0.0299881 222.914
4547.97 6.42553 29.1374 17.4074 15.5861 34.002 52.3869 30.1587 23.1995 21.7617 36.7683 12.6906 12.7345 24.7625 31.1368 9.53111 26.469 14.6557 3.27551 9.81683 12.3279 77.3168 0.000177089 217.445
4566.22 6.93409 26.2232 14.4781 11.6597 34.2069 53.473 28.378 18.8615 33.7169 41.7602 14.3865 18.0346 3.51252 39.5496 1.21265 23.6222 30.3015 23.601 16.2112 10.9631 34.6891 0.00727605 220.943
4608.4 11.6602 14.2538 8.13999 13.5133 38.4322 57.4501 31.2303 8.69184 41.9447 39.831 12.1636 7.77351 12.6731 43.5301 6.73092 24.3083 5.0327 2.042 15.3963 34.0335 29.43 0.0136799 218.705
4622.21 7.27199 10.2284 2.10229 15.9442 72.9253 29.0421 31.2149 6.94877 41.9447 39.6312 6.02481 1.03743 1.31432 79.8716 8.38075 4.79634 6.50782 8.36567 16.3717 25.5988 4.31688 0.0344457 224.004
4597.68 3.23369 8.89343 10.881 29.5308 72.9253 29.273 20.2375 20.1171 32.1378 34.1399 6.46029 0.915352 4.31617 67.2267 2.82197 17.2497 1.32188 14.7842 32.4925 23.7239 22.6738 0.000395256 217.962
4594.92 4.5094 9.62628 7.95328 28.6448 62.7131 28.3808 23.3452 35.5829 30.1957 33.6226 15.899 6.25177 5.74299 58.9342 5.61222 13.2507 13.8571 11.3801 31.4216 7.21054 22.8456 0.00480422 221.224
4571.82 4.92494 8.33263 15.005 28.9721 61.7853 29.8229 20.5063 32.2904 34.229 31.6292 6.34014 23.6316 6.86258 48.9612 6.91559 15.5586 12.6153 7.79416 30.2219 4.52416 11.6583 0.00152588 215.58
4571.64 7.28493 3.93755 17.7983 24.1167 79.4042 14.9099 24.7713 29.2867 33.7044 23.4265 15.0183 34.7166 1.62649 40.9279 3.66983 9.76037 9.05611 20.5374 46.5231 9.74294 1.69323 0.000525582 221.783
4573.94 6.00905 5.35968 19.5489 24.5108 83.0284 14.9099 31.8697 27.6687 22.1959 23.6111 20.0985 41.9756 5.73107 13.9418 7.22712 7.00107 25.487 16.123 17.4508 25.0784 8.31943 0.0201732 218.996
4555.73 0.777228 1.28907 19.6213 32.4561 80.9716 8.45429 24.9171 36.2839 24.5552 3.69917 18.2918 57.1507 3.2766 35.7825 3.79329 37.2596 14.4654 9.13943 9.39545 1.99432 72.6197 0.0551914 225.316
4587.88 1.1748 1.28907 19.6806 21.2659 84.5404 10.0116 21.4035 49.7507 6.5446 18.7658 27.4378 43.596 8.13412 24.0739 12.7796 43.6858 0.69308 4.06005 35.2273 5.70738 3.02558 0.116147 224.336
4594.37 2.18883 3.71523 16.9607 24.2518 80.2898 10.0116 16.7882 65.4056 2.62411 27.1618 27.1256 23.7511 13.3408 24.3703 14.9871 22.5676 12.8616 10.8096 2.39975 31.9909 36.4342 0.101139 220.936
4585.29 0.765311 6.2371 12.357 30.0782 68.5669 21.3082 18.1316 59.0674 7.78587 26.8149 28.764 31.7267 15.5617 3.44288 29.8984 4.75835 33.8674 3.39582 14.1633 5.35506 11.493 0.0655897 222.628
4600.98 9.71828 11.7507 4.8482 23.5376 67.8568 31.5306 14.2682 51.5535 6.66719 25.7685 29.2742 35.4874 1.14636 13.5229 28.0637 3.75508 11.4567 36.8497 13.4399 12.2414 17.8859 0.0455684 221.248
4619.24 6.62945 11.2363 16.685 17.2443 68.273 19.3067 18.4625 58.7601 12.0242 28.3284 22.8271 33.9574 0.578181 14.8237 29.0828 1.76564 15.0321 22.8863 7.84163 1.11619 17.7876 0.0210366 225.92
4656.03 4.36691 8.77993 13.6257 11.7871 59.542 34.0496 28.3822 33.7848 15.1347 21.8008 26.8606 41.7193 2.42961 20.1338 20.2537 6.15605 13.5733 16.2521 7.30046 23.5583 62.1615 0.0763945 218.853
4670.97 8.00386 5.84987 7.42158 10.4866 67.0535 34.6259 32.4661 27.8113 4.14229 11.8377 25.5836 59.8405 2.47727 21.9769 0.447332 13.0717 17.6263 29.4399 2.25181 41.5122 21.5769 0.0842242 225.861
4664.81 3.35141 5.53658 7.94464 10.5455 72.2284 40.0569 31.9752 14.1372 6.30939 11.8934 12.6442 59.8405 9.7253 39.7262 2.42652 5.45919 46.0167 7.31742 5.41864 16.2345 28.6169 0.225807 225.554
4706.33 1.83178 11.2051 6.97752 14.9426 68.1382 39.4044 19.6438 10.5086 25.1042 15.8204 4.00796 59.8405 1.10477 40.2924 15.0122 4.59118 35.2651 18.3954 5.41864 7.92554 14.5301 0.0652579 224.256
4647.76 1.20752 11.8577 22.4556 11.1376 68.1382 36.3851 16.5003 10.3103 30.8554 15.8204 9.75671 59.8405 2.43324 30.4454 19.4626 9.87576 33.6356 8.31579 14.098 3.54564 13.5003 0.0220048 219.599
4653.61 9.01866 3.83137 19.0662 2.23779 62.1414 41.2499 25.1837 17.9626 30.3076 6.6188 16.4091 44.0704 8.32536 24.9341 28.5808 7.34631 33.8268 6.71863 25.2774 4.24009 12.0371 0.12506 221.399
4657.06 9.09846 1.34559 19.1085 2.774 58.4588 40.2648 27.8853 21.0403 30.6593 18.7014 24.2251 47.2943 9.76893 10.8311 6.87881 3.85447 16.3507 25.058 24.5627 8.54006 11.2669 0.0973477 219.483
4669.61 7.77903 4.1176 16.4815 0.641225 60.4986 37.9846 28.2797 12.3642 34.6989 21.4055 23.8485 42.9282 12.0964 10.8311 18.4955 10.5438 17.8747 22.1241 3.54562 40.3672 12.0738 0.0610895 222.332
4693.33 5.85781 1.93929 17.3394 2.97285 58.934 37.9846 31.9552 8.68682 34.6989 31.0785 27.1276 26.5938 8.54644 23.8268 2.22295 8.09877 31.5703 11.9384 14.2499 29.5268 1.92206 0.0604854 216.619
4655.36 6.88355 0.916718 24.3756 5.00798 58.934 37.9846 28.8378 7.2655 39.4934 25.4439 35.6988 22.2263 15.8214 20.7367 6.5729 4.81996 41.1747 13.9226 10.413 15.9341 13.509 0.0421661 215.754
4649.48 14.1484 1.18652 16.5752 6.08339 56.4883 34.4325 38.5415 16.3885 28.8605 14.4856 33.2945 20.7376 18.1335 29.522 3.24562 9.20046 40.0389 15.1747 4.99466 38.5907 13.7492 0.0368356 217.026
4658.5 11.5493 2.73517 13.8273 9.96526 52.0897 31.581 37.439 28.284 25.6065 7.63367 49.1531 5.64597 24.5797 26.3472 11.3236 11.0379 28.4758 9.67856 8.1001 10.3868 27.4223 0.0117904 216.769
4656.15 9.73628 4.90651 14.5005 6.42002 70.1011 34.0773 32.5536 24.3863 16.4735 13.0411 48.9513 8.37847 27.9907 16.1979 11.9212 25.3452 55.7112 8.71426 4.63222 12.0146 63.4847 0.00585887 222.514
4511.64 7.32524 29.1636 24.8741 6.23022 70.1011 30.1235 28.8195 6.3566 13.261 43.9964 37.8429 9.30161 23.8594 27.0616 1.60982 11.9475 30.0011 7.97658 38.0641 12.3002 26.6082 0.00296573 219.515
4461.58 23.1963 24.364 23.0416 7.03475 69.6843 39.3358 13.524 15.9054 15.7219 47.0673 32.9544 19.5701 14.3277 21.2891 3.24063 10.7372 9.61429 40.6563 3.62694 17.3923 15.6734 8.36507e-05 216.301
4464.58 25.5909 29.2522 21.9327 6.90134 28.3078 84.2359 22.1102 14.5064 5.45455 47.3821 12.1519 20.7758 32.8284 13.7124 7.52324 11.9986 8.48395 0.308485 32.7195 8.16409 55.3675 0.150215 228.434
4523.36 18.9271 19.1134 19.1813 9.99124 32.3686 65.294 22.2529 29.4781 4.46486 42.0089 14.1835 31.3152 29.5127 12.4948 8.57932 20.5126 21.1454 6.07672 18.1473 43.0913 21.7612 0.144313 222.114
4621.35 11.5282 19.0394 4.29546 10.4691 43.0107 62.8888 15.0611 25.0699 7.84365 47.6597 20.126 25.1994 31.3628 13.3502 3.9636 25.0871 21.7555 33.0735 8.75247 16.149 18.9726 0.0272038 219.459
4624.95 6.46458 23.6979 1.81966 12.357 37.3294 65.4302 26.3574 32.0361 7.02082 36.0065 19.8808 7.81844 42.3938 15.4001 5.71982 27.3048 16.9337 13.2664 12.0092 18.0339 16.9055 0.0419037 217.943
4621.43 8.20291 24.33 1.26201 12.8401 33.7246 73.8863 24.4857 30.1271 9.35096 31.8887 27.2874 10.157 33.0883 10.3592 7.47128 6.37167 18.864 18.1429 4.64 7.31054 7.21199 0.0561696 220.065
4536.28 14.8825 33.5626 7.23016 11.5517 28.8772 78.2595 13.0862 22.4663 10.4431 31.1024 44.0721 3.5009 35.479 15.4639 7.1797 14.9972 19.4131 12.1283 10.3619 29.9598 14.8344 0.0142434 217.135
4530.6 9.94459 33.1253 12.876 9.52253 35.8736 82.2276 6.85538 28.5391 12.5046 17.2028 44.0721 7.84325 46.3696 6.14851 11.3056 0.332936 12.7685 24.2213 18.3698 35.9234 7.55553 0.00457097 219.214
4530.15 6.71409 35.8071 8.76282 18.0426 33.0184 73.2129 9.80392 11.2278 34.9443 19.4483 30.1249 56.6227 4.1199 11.0586 9.46731 33.7979 11.7886 7.36455 7.97481 6.02557 7.55553 0.0258049 220.871
4530.15 9.16079 35.8071 6.41392 11.5283 37.7263 80.0529 6.7629 17.8416 24.5936 13.0821 18.889 56.6227 8.5375 21.9651 9.38323 21.9696 26.3234 7.06526 12.1944 14.8191 7.39167 0.0229762 216.984
4530.15 11.5917 35.8071 4.59678 11.3037 29.5503 82.4049 16.0175 20.5181 20.4741 8.1442 19.4051 54.1035 15.9542 26.163 4.41484 18.2861 0.75914 5.79021 0.919515 30.6763 15.9309 0.0313863 222.204
4534 13.667 35.8071 4.13433 8.82269 25.2736 82.5106 18.1935 16.8255 31.8825 5.98492 21.4723 53.1605 6.80914 25.7562 3.07716 14.1527 15.2919 25.3958 10.7321 25.1089 5.64694 0.0807708 220.167
4548.9 13.0196 33.1521 1.98699 13.6204 21.0989 82.5106 23.3518 13.8589 31.1885 6.87645 16.813 42.64 13.3763 34.212 10.3833 12.7959 11.3219 27.5556 6.09756 26.811 85.6478 0.00827371 222.271
4556.97 11.8175 35.5742 0.962581 10.7714 19.1497 82.5106 24.8753 15.9433 27.2091 12.872 9.65476 51.2373 11.7328 36.0593 1.93678 11.9936 10.3937 16.7931 7.24305 9.33131 11.9989 0.0299119 218.589
4556.97 8.95182 33.6431 1.8617 12.6396 18.032 82.5106 32.2233 15.0404 19.4874 46.7721 7.17462 5.36224 19.279 34.6734 24.522 18.0078 10.0323 36.2128 15.0976 22.188 5.44293 0.0785051 221.85
4547.83 8.05561 33.6431 3.35596 19.8594 25.4367 69.3157 26.8773 11.6225 24.3992 41.9179 5.45386 18.1084 18.3986 32.9174 24.6209 20.5737 9.24223 9.53254 21.4103 1.18331 14.7572 0.0782215 221.305
4561.82 8.59256 33.6431 7.18356 10.3515 24.3612 82.51 20.8926 2.85173 29.839 46.9048 7.30023 29.5923 0.939763 7.1142 45.0557 25.7324 22.7916 12.9511 1.99315 9.85614 10.0493 0.0712187 221.874
4545.26 8.28151 33.6431 5.38388 9.80367 23.6551 82.51 27.651 4.57481 34.8324 44.4365 5.61349 24.6072 5.48912 20.7872 45.0557 18.4171 17.5746 1.91809 15.4731 13.5493 18.9118 0.0782252 223.119
4583.83 3.94932 28.0834 11.2954 13.1813 27.7858 64.3006 40.8844 3.88341 36.1345 32.3468 4.01871 24.9503 30.6653 18.3227 15.4945 12.9854 23.1769 8.58448 14.0811 19.3894 5.38963 0.180917 220.23
4583.83 4.12603 27.3829 8.16893 13.39 24.3555 58.4654 40.3233 7.81329 36.1345 43.0435 4.01871 20.9258 34.2102 16.0194 18.0932 23.6076 24.9166 1.09014 9.39249 11.9681 31.1384 0.0780834 218.764
4583.83 4.50692 30.5436 3.46274 13.7117 27.4178 57.8616 42.4055 7.22554 34.0353 34.6449 13.6929 19.884 34.2102 15.8327 19.7104 26.7896 21.2997 6.01395 12.2688 23.9245 20.505 0.111147 218.897
4582.2 4.54344 31.6964 9.38926 8.46659 27.4178 55.9206 35.7832 14.6675 33.2007 40.6939 10.7129 23.5577 18.921 19.0764 23.0279 3.15321 11.157 11.6582 2.10765 45.6457 0.434105 0.157118 223.261
4582.2 4.24468 26.8566 5.27441 5.28677 29.3637 57.9472 56.2589 10.5042 29.1203 20.0407 10.1237 31.1877 32.4941 14.1578 33.7326 12.6469 10.0059 17.21 7.00359 7.21599 10.3119 0.32074 221.462
4582.2 9.8313 31.2746 4.45196 6.011 30.2361 43.3129 47.7077 11.8626 37.7593 38.6153 8.85286 20.4053 10.7705 23.6113 37.9288 10.204 43.046 0.995863 13.2371 7.83091 4.91782 0.276169 226.768
4582.2 9.12847 24.2017 11.5164 0.589255 30.8034 45.2243 48.7391 10.9341 52.5527 36.6838 3.56831 17.6235 5.60533 19.5325 38.6589 19.1871 7.17183 24.6939 13.4187 12.0649 13.653 0.359928 227.588
4570.72 14.0238 13.7127 15.3807 1.36293 27.2145 63.2128 35.5739 10.1176 52.5527 35.3932 12.8277 5.06957 19.0949 30.3211 30.0218 5.5279 13.6056 34.1774 3.87303 13.7274 15.125 0.413652 226.027
4569.07 15.8126 13.2855 10.7296 5.28802 28.3122 60.4516 35.5739 9.9417 40.3585 43.2237 13.6572 6.27595 21.435 25.3501 37.0383 15.3669 7.6097 26.0028 8.06916 37.0497 35.1284 0.430817 230.969
4551.86 20.7332 13.4742 19.7768 1.35305 29.9473 60.4516 26.955 22.9138 30.5588 41.4047 1.1224 33.7089 11.9088 24.7411 33.2002 14.6045 2.33254 9.53233 15.8806 21.4699 26.8748 0.217988 223.974
4556.73 18.2004 8.59215 24.8669 5.80574 37.4415 61.6459 11.995 20.8048 36.2869 40.3924 1.1224 40.2018 9.33255 31.2267 15.7585 25.8646 3.92564 12.5576 15.4062 9.82929 14.5367 0.19174 222.758
4548.07 24.7539 9.17508 21.0835 7.203 31.1201 83.0667 12.9361 13.5693 27.6209 43.7165 1.7484 35.4543 15.0098 22.134 23.0157 2.69189 13.7359 9.7612 22.4582 7.81854 15.0912 0.0624698 215.313
4524.82 29.837 12.5552 14.75 4.13312 33.3384 83.6494 16.1786 5.62179 21.2891 52.7268 2.72956 41.0668 18.6733 19.286 16.8375 12.3763 15.3661 9.84036 16.9992 7.66602 14.397 0.188802 218.525
4519.63 25.943 13.9769 17.7227 8.89804 33.3384 83.6494 16.1786 0.591393 17.79 58.4048 1.33782 47.4938 24.4302 2.01934 27.7275 5.989 9.64314 6.76846 15.3572 7.8658 1.98381 0.263026 226.216
4523.69 21.638 21.0022 13.5928 5.95606 33.3384 75.0616 29.772 10.353 17.0624 58.4048 3.26075 9.91261 22.3656 7.76098 51.9267 6.54595 24.0563 10.3403 16.4273 7.0427 23.4449 0.293145 225.296
4519.48 7.36419 22.6425 8.37667 25.4494 20.8946 66.7683 40.079 14.7428 36.6462 29.8601 11.1 1.57101 48.6036 17.0868 21.2817 30.2044 10.7036 36.4608 7.70404 8.64989 38.0362 0.0622489 224.796
4574.91 4.37184 7.27157 17.6707 28.3363 21.0203 66.7683 50.4397 14.5599 30.7461 25.8106 1.60425 5.53389 43.5816 11.7478 21.0105 15.6018 2.05583 22.4415 8.2916 12.4402 37.4205 0.0972847 226.735
4541.88 7.98774 12.8394 9.43082 35.6406 13.4893 69.3098 41.1054 11.9277 36.0122 24.9914 20.5389 5.53389 48.1362 3.87358 25.7885 5.62589 23.6385 7.82488 9.17229 30.9274 20.2946 0.173026 219.842
4541.88 3.57069 9.05017 22.4629 29.1219 11.8849 65.7806 47.9573 14.1342 20.8025 33.7939 17.9625 8.5539 35.1559 9.32642 20.0254 9.15441 8.85047 17.048 30.8143 13.1767 13.3 0.176352 221.349
4570.83 3.18652 11.6386 22.4629 26.4633 6.43308 48.1043 51.812 23.3492 8.98604 39.495 19.9468 10.15 41.4281 10.2706 18.8764 17.055 4.26784 2.28984 59.2842 0.640518 17.1257 0.442857 231.676
4534.4 1.64457 18.2137 28.1895 31.3453 23.8836 28.4537 52.2661 27.2327 4.36399 43.6549 17.9131 8.74748 51.861 11.3454 7.67734 16.8557 40.3242 18.3287 27.3639 2.32815 15.7765 0.290383 226.918
4546.22 3.02541 27.5103 20.6907 33.7455 16.3902 40.577 49.7523 20.6415 4.45427 39.9105 31.3208 4.66976 44.8964 11.6244 3.68116 14.7 6.75973 28.1968 32.6622 2.28373 46.1307 0.131662 225.241
4531.38 2.22287 27.5103 18.3363 33.2863 18.6102 47.7867 54.2352 14.6482 5.95715 37.6114 29.7597 4.66976 44.8497 10.1304 13.4533 3.57525 11.8715 13.6396 33.1459 4.79121 8.23569 0.179613 220.528
4527.66 1.35247 18.9237 26.4699 32.9977 18.6102 47.7867 52.3443 6.24793 6.30057 50.9207 30.1385 8.16688 44.136 8.19584 2.00379 11.6168 11.6776 24.8387 32.6576 3.10302 19.6523 0.229014 224.277
4555.67 2.90731 16.1847 13.0225 28.8433 22.6538 56.4603 47.2984 3.5699 47.7006 17.2774 36.9993 10.0942 18.7098 25.7623 4.89322 1.73593 34.0496 29.2259 17.657 6.3499 22.0217 0.0845571 222.033
4438.44 1.12234 11.9694 16.3326 47.9946 15.2047 77.5 32.4622 25.059 46.9761 13.2733 7.03235 7.00174 23.4249 43.3945 6.4948 13.6516 37.6579 2.49579 25.0034 25.2051 30.1616 0.195915 227.688
4484.22 0.739235 17.3114 4.32036 53.7099 0.662042 113.349 5.77872 13.7501 52.7605 18.3402 4.80077 27.056 18.5868 30.0331 5.10406 34.915 8.36113 25.7593 17.1269 1.98936 29.1702 0.110809 225.467
4472.8 1.20279 17.401 4.66647 55.8907 1.89614 113.349 7.25629 15.3772 53.7824 18.2809 6.54128 20.9149 21.0096 15.6937 20.5322 38.0963 5.35067 1.02682 20.2998 6.09234 16.0669 0.0408744 226.153
4427.57 1.4705 17.6556 9.22068 55.8907 2.37303 113.349 7.42747 23.3944 53.7824 4.6761 14.5557 19.8962 35.8853 8.11202 11.416 21.5325 9.36077 30.5057 5.07187 12.4852 1.60479 0.175413 226.628
4421.58 0.747978 17.6556 13.1978 55.8907 0.675095 113.349 5.40061 25.704 50.7127 4.6761 9.1073 34.1814 27.8396 10.0489 17.2282 7.53898 12.7707 5.27319 13.4758 30.2397 30.3194 0.0750711 225.804
4514.41 3.72291 13.4854 8.55484 54.2873 1.63998 101.037 5.40061 24.2533 53.4138 6.62177 9.63117 19.0641 33.0691 18.2348 28.4907 5.85842 26.5045 14.9898 18.0548 4.9793 23.7575 0.135833 225.921
4514.98 5.47759 10.9766 8.34978 51.443 2.21035 80.0971 9.85065 22.0098 53.5871 28.6599 3.52183 33.6286 32.1463 9.54586 4.01429 0.668715 37.1331 7.54323 24.4662 8.0823 34.8908 0.0703796 227.273
4549.3 4.12704 10.8676 6.643 51.443 4.53851 92.6035 19.6984 17.1872 35.3334 27.1477 2.2628 40.827 23.3803 11.0996 7.77043 25.475 41.8422 5.74828 10.9645 10.9497 9.76869 0.0052016 219.803
4539.77 3.37821 6.34634 2.97286 49.9421 16.7173 92.6035 23.6863 13.1107 24.1279 29.8287 36.1729 21.2205 15.0972 12.7467 7.66309 31.1506 18.739 39.0897 0.830776 17.7478 9.76869 0.00250751 218.698
4529.13 6.86665 6.84209 4.05671 49.2361 9.57851 91.5395 19.3254 11.0514 21.7962 42.0169 16.832 30.0284 24.0777 14.8691 11.3026 29.8426 7.3741 15.8173 5.84275 28.7866 15.1551 0.00250751 218.729
4523.11 10.8167 7.27942 2.51071 48.6169 34.7736 76.8541 4.39116 23.3738 16.8289 30.7464 33.6228 29.6737 11.2064 24.2505 13.5483 4.12699 9.48443 11.7639 15.0604 36.6416 38.2973 0.0178047 218.641
4542.84 5.71322 5.3048 6.55218 48.4548 37.1813 77.605 4.39116 17.7727 14.3156 34.2994 33.3513 21.6247 17.2865 23.778 14.2118 6.02085 2.76154 5.66868 22.2288 39.5873 5.07857 0.00386942 216.875
4537.76 5.61199 3.58956 2.84897 52.591 35.8256 73.6738 13.0714 22.9035 14.5667 38.645 33.3513 18.3907 18.9481 18.0499 1.32371 6.02085 16.2604 7.05915 30.7328 3.03945 16.5581 0.0425813 217.339
4577.48 1.82086 7.81666 1.11543 52.591 25.1066 81.2406 13.6916 3.27387 34.924 35.8029 22.7075 26.8829 11.7743 24.6523 3.64726 15.0647 12.2853 19.6393 25.5354 5.82961 24.6533 0.0363851 217.557
4573.28 0.980951 11.6928 2.08872 52.591 23.8784 81.2406 11.2612 2.60552 44.7074 37.5804 14.6381 18.2948 18.0657 21.0754 14.2704 36.5946 9.02626 13.7899 15.915 10.4003 31.9086 0.0126752 221.378
4592.62 2.40954 4.90702 0.360709 52.591 27.6233 81.2406 9.31794 2.60552 44.7074 32.654 9.26064 27.2257 21.4278 18.0101 14.116 30.8351 6.70167 8.03562 12.33 31.5833 13.2385 0.0168475 218.647
4566.67 4.6327 9.21374 0.360709 62.4151 27.6233 69.3048 9.31794 4.89173 39.6258 28.0036 27.3008 21.6001 16.7995 18.0101 11.3173 32.1769 21.8941 27.9189 7.81805 41.2036 11.9729 0.0503915 225.526
4604.2 2.94201 4.86505 9.62321 62.4151 20.1484 69.3048 4.47832 5.52622 33.7558 9.5742 16.8933 43.2236 34.0773 16.7524 13.0564 21.8027 16.1676 17.4542 13.0647 29.6069 15.1887 0.119354 224.651
4602.06 3.46293 5.40557 6.72995 57.0635 20.1484 70.9005 12.1132 8.54045 39.3709 8.05412 14.6892 41.94 34.535 11.871 7.15418 10.5271 39.7932 24.7951 6.45661 12.4794 6.13449 0.0224738 220.857
4624.89 7.51566 0.842301 3.4358 57.0635 20.1484 76.441 7.25691 10.5677 30.2478 8.05412 14.2667 51.7223 34.3959 13.433 1.69626 27.201 35.3892 1.12955 3.63263 24.4349 4.26352 0.00206341 222.853
4624.89 7.51566 3.72502 13.2559 57.0635 34.8154 46.8761 6.35102 9.90137 37.1419 13.7143 13.4084 51.7223 25.9459 12.2016 4.93732 23.9591 22.1806 5.18225 1.98013 62.908 0.737478 0.000388055 223.471
4620.71 6.23122 4.37257 1.09139 68.0792 37.0645 46.7879 6.35102 17.0691 25.2701 14.7851 17.2234 56.4572 26.5417 1.1674 11.8918 9.02182 19.1051 9.00197 2.79142 80.8541 15.7304 0.0114736 226.698
4579.84 4.44617 4.88214 6.72475 62.1955 21.6325 59.9552 21.9176 17.3797 55.9533 6.71513 21.8907 35.145 12.7707 1.35151 15.2856 16.0856 17.5314 8.58751 17.8984 23.4979 4.27367 0.0180984 224.162
4592.81 2.64719 4.22066 14.706 62.1955 38.0706 47.2344 17.1638 10.3616 22.0644 6.22665 19.9464 67.4754 9.16196 7.01571 25.7057 11.6669 23.752 9.3865 15.255 11.4955 23.4107 0.00150451 221.714
4656.43 7.97632 2.84648 14.1527 40.7695 40.5595 47.2344 14.2793 20.7559 19.7048 10.9236 13.0114 46.8244 36.8666 11.6178 9.59255 21.0179 21.4025 29.9392 8.6797 5.99774 16.1065 0.00553527 220.087
4656.43 13.4795 2.29079 11.2216 29.743 42.8316 47.2344 28.1226 10.825 28.1752 10.9236 13.0114 42.0321 37.739 12.4363 1.40008 20.5163 1.08027 10.1582 17.4952 32.1441 26.4395 0.00537203 221.725
4656.43 11.012 4.73878 13.317 12.3195 42.8316 50.2444 29.2774 14.7093 34.2884 3.24908 14.4532 44.4752 40.2513 12.4363 9.28828 47.4977 17.6019 12.8872 1.69551 0.204184 58.2326 0.00191278 221.815
4656.43 11.012 0.358329 19.2887 11.6273 44.2979 52.6954 34.0822 19.1663 47.6746 3.24908 10.8337 31.6276 25.6516 13.5211 9.8354 32.1281 12.2786 17.3708 16.9507 29.8993 38.6731 0.00115235 221.718
4588.12 11.012 12.4627 21.0574 10.4614 44.6044 52.6954 29.7347 20.9281 47.6746 2.79735 23.2351 22.0368 13.5358 7.28345 21.8125 38.6003 18.1194 9.11393 12.7242 3.20183 16.4698 0.00251168 218.896
4655.96 0.785507 14.4942 16.6504 2.54446 56.001 51.8988 20.7787 16.6224 56.9703 7.8554 12.3188 20.7725 32.3439 10.1783 27.7687 6.71338 9.30061 10.9917 13.4192 32.2834 10.4942 0.0127505 218.06
4646.18 0.785507 12.343 21.0743 5.29849 56.001 39.6396 25.7264 30.3169 34.7215 22.5635 16.0756 6.81218 14.8509 4.91247 58.293 11.7048 17.0398 6.98573 11.1002 21.9552 9.52682 0.0129012 224.172
4614.35 0.785507 18.061 17.5219 9.24296 58.9905 39.3826 20.128 44.2728 35.9817 4.89067 27.63 8.76144 30.3891 11.2662 29.1614 15.9471 17.5749 13.8165 8.07283 18.9026 15.3011 0.00975101 220.236
4676.04 0.785507 9.1164 12.6261 14.5749 55.7228 48.618 12.1924 37.3665 17.41 32.3645 17.7674 15.9433 37.3837 6.2629 27.243 20.6713 15.3539 12.6262 5.17336 9.76557 11.6289 0.0312145 216.619
4671.38 0.785507 9.17718 13.2496 17.994 42.3879 42.5543 18.8622 35.713 14.5957 31.8303 42.5117 27.0261 2.53524 6.82533 24.2426 14.4753 12.6106 8.15136 19.5507 38.7612 5.20633 0.0914122 222.616
4637.99 1.47741 11.991 6.38282 28.0711 49.1556 33.7625 24.0575 25.5984 30.4315 19.5427 37.0485 11.1147 19.0484 20.2874 23.877 13.0249 8.98347 4.64152 30.2039 12.2453 12.6531 0.263907 219.311
4633.54 5.0346 10.2156 7.75923 25.691 49.1556 33.7625 22.4687 27.8536 25.9908 27.1394 38.4488 21.2828 2.05658 24.0326 31.307 13.3411 5.80249 33.321 28.6883 6.70306 7.88651 0.292764 222.114
4575.22 5.0405 16.4709 7.59491 34.813 42.1854 28.9437 22.614 16.6647 25.1283 43.3977 47.873 14.0256 6.48702 27.5514 16.0023 16.6433 11.45 45.9944 7.0586 8.21375 6.16199 0.280293 228.219
4619.35 5.31239 11.6102 9.41085 23.5498 57.8419 28.9437 16.9141 16.6524 36.2023 38.0067 23.9813 17.6574 20.5419 22.6031 19.323 19.6171 3.15348 18.075 1.54738 12.001 37.1151 0.271056 221.566
4647.05 2.94218 5.82919 5.02905 36.1257 53.0985 28.9437 11.6408 24.8847 41.3682 25.7484 17.2914 26.6816 19.4112 26.442 4.5172 27.9896 10.0739 5.15258 17.0797 23.5963 18.2128 0.131969 222.279
4617.17 14.4504 9.91903 8.67346 18.9323 72.8195 18.6946 24.138 35.0987 39.4775 14.5699 5.45373 25.1402 24.4398 22.6138 6.58532 40.8027 10.4549 4.60473 12.1928 1.57857 14.5009 0.0999579 219.87
4669.7 14.5117 3.88962 4.89605 31.4779 67.314 10.7934 25.2608 36.3381 32.2909 14.5699 10.7063 15.7501 25.7206 29.4648 22.1646 9.37744 9.15569 7.51272 4.19669 35.7556 22.6209 0.0456984 223.319
4664.5 14.6242 3.88962 4.89605 31.4779 67.314 10.7934 25.2608 37.1934 34.1982 14.5699 13.9012 16.1491 22.78 23.4459 20.6674 14.3856 5.40694 2.5346 15.331 34.2961 14.521 0.00124786 217.858
4667.07 13.0489 2.49955 3.16503 31.4779 67.314 10.7934 23.2846 43.8135 34.1855 14.5699 5.7128 16.0439 21.7744 24.7224 35.3264 6.90589 9.15602 9.70327 36.7479 7.42423 11.94 0.0520615 222.669
4667.07 9.91796 2.49955 3.82804 33.6007 65.1833 7.83416 27.3168 49.0529 10.3629 21.5431 28.0706 13.1228 25.5508 20.1913 31.0564 10.8 16.6088 15.6219 21.6711 2.79727 16.9163 0.206439 223.582
4658.49 8.42111 6.95584 4.29701 31.3431 62.4036 7.83416 37.958 34.6277 7.21253 17.4548 49.1059 8.56029 16.5135 17.0228 28.3283 5.95693 15.047 19.3318 34.1186 2.79727 10.3102 0.146915 222.483
4661.92 9.85063 7.68082 4.29701 31.3431 64.0969 7.83416 33.1127 24.6002 8.40019 24.9253 49.1059 10.0817 26.016 20.932 18.8746 15.4863 12.9797 10.8032 27.2186 23.391 11.5024 0.0983136 219.517
4652.51 12.0472 5.41619 7.00179 29.5677 64.0969 6.03643 41.999 29.7377 10.0951 19.2095 50.5588 16.237 20.3225 13.759 15.2897 16.5034 1.42022 23.5994 15.5947 7.47845 5.57819 0.0496064 216.118
4647.78 12.2924 4.8848 8.86177 30.6443 64.0969 6.03643 44.6829 9.04014 33.4103 7.85281 53.7205 30.9675 7.76949 11.2333 13.2693 14.4333 16.1235 18.329 19.4809 8.84845 29.5818 0.0428952 219.647
4647.78 12.2924 9.99119 1.01577 27.6065 72.792 6.03643 42.2818 19.1807 18.0629 7.85281 40.5103 46.5269 4.81999 17.5251 7.80833 1.73999 11.2674 24.1996 21.4179 17.5933 43.0887 0.117499 224.208
4591.14 13.1433 16.2411 1.32325 29.9106 72.792 7.04704 39.4424 16.932 15.0789 14.0288 45.0223 43.6141 3.36908 20.641 9.01076 21.6912 19.8452 18.6567 17.1193 16.2021 52.4819 0.140153 225.99
4567.3 6.7438 20.807 2.30085 40.3523 58.3569 7.04704 45.0168 15.6295 19.5841 25.8091 33.0573 24.6783 14.3916 29.974 11.1603 16.6629 15.086 18.6855 4.14822 0.914147 65.9896 0.244587 226.703
4595.77 6.79962 20.1332 3.50957 37.8732 61.1876 7.04704 49.2016 18.2965 20.0861 14.3482 41.9945 12.7767 3.86986 40.3478 10.8572 30.4366 17.8938 23.7951 24.5169 15.5392 14.8619 0.225811 225.753
4598.78 15.9724 13.693 2.63059 34.4366 49.3253 19.4212 47.3808 14.5533 20.9798 22.0602 40.5996 9.57741 28.7317 16.8908 13.6227 22.1303 24.1359 20.7356 14.5503 2.83638 2.68604 0.0169706 218.197
4590.69 1.09863 25.2923 13.6187 29.1166 59.1266 18.2233 34.9613 4.9928 31.1229 23.1599 51.0437 11.6597 4.60118 37.2604 21.3374 3.48326 20.2614 30.2939 3.62921 3.6359 16.516 0.0115831 221.168
4565.03 0.930384 27.8145 18.0637 30.3826 56.8329 16.167 43.9611 16.4916 24.6084 23.4523 33.1942 40.5934 7.10746 7.2122 7.11752 2.20529 20.6762 27.4712 14.8022 4.21359 11.3806 0.00684716 221.296
4519.42 7.26795 16.3962 17.1452 30.0828 56.8329 16.167 55.8775 12.2821 24.1758 7.94555 62.9342 5.82421 30.0405 4.00243 12.6987 3.05341 5.79545 9.07501 25.4561 32.8989 22.6585 0.0242135 223.641
4574.16 16.0495 11.1189 13.7594 24.2395 50.1699 24.4649 37.3511 15.3509 21.3844 9.69098 60.3366 5.53858 26.4292 25.6108 16.8036 1.07212 16.8937 54.5941 4.09502 31.2597 32.8233 0.00820597 226.906
4556.55 12.8703 24.2076 10.0607 30.159 50.1699 30.9468 40.5468 10.0577 21.2998 24.2774 52.0963 2.69467 2.86698 32.879 11.0634 15.8829 4.58525 29.8616 11.3971 27.2265 14.4852 0.012291 218.142
4584.4 5.97193 19.2319 20.44 22.738 53.8541 30.9468 46.0692 2.8416 28.4441 12.3543 57.3213 12.1442 1.20433 28.5209 20.8857 29.3795 3.12807 15.3563 5.2872 3.81646 25.8121 0.00395608 221.021
4538.45 0.481005 17.6481 24.4305 21.9687 53.8541 34.4356 51.6269 7.28328 9.38387 12.6368 54.6444 17.1794 4.29487 44.1147 10.3992 12.1058 1.99919 18.4997 13.0241 21.3855 14.6677 0.012854 219.249
4533.38 0.481005 17.3952 24.4305 20.7484 55.7821 29.5689 51.6269 10.1004 13.1208 31.9133 54.6444 6.80063 4.00865 27.2425 20.7513 11.4016 2.25778 5.43349 28.5854 7.87719 7.68331 0.0182041 217.121
4599.17 9.82147 12.0807 17.603 25.0001 53.749 29.5689 38.5925 4.01979 26.7458 26.2662 45.4739 3.26503 3.6177 42.2626 2.66363 54.2798 6.57181 2.51849 37.3413 5.30808 13.2461 0.10665 222.511
4613.29 1.02138 3.9383 17.603 22.9214 53.749 28.4944 58.212 8.00825 26.9545 23.3737 35.2213 5.58834 8.37678 45.6634 6.84089 27.1127 13.1437 13.9162 31.7397 7.79822 6.24433 0.0610515 218.594
4605.67 1.02138 2.06329 21.8616 16.0342 50.5695 40.8872 42.4236 16.6068 17.4926 39.6034 21.8518 7.7662 12.5382 49.0574 0.670365 30.0707 15.4352 5.27474 6.54092 7.01151 45.2249 0.0874225 222.433
4632.5 9.69175 3.27362 15.2616 14.3008 50.5695 40.8872 38.3325 14.8272 8.28396 47.6541 23.9825 10.6367 7.92583 39.9734 8.99337 32.8215 16.701 4.65725 8.58476 5.48627 15.8102 0.123319 219.656
4639.88 9.77867 3.27885 14.2512 12.7264 50.3208 36.95 44.5554 14.6737 10.2009 47.3541 15.7161 6.19481 5.01274 45.5025 29.0361 30.841 12.0473 3.53268 26.6882 16.0405 14.9362 0.0832172 220.942
4687.15 6.49471 9.03368 7.454 11.579 50.3208 36.95 25.4186 29.4165 10.2009 45.655 16.9343 4.41581 5.84923 46.9799 30.3173 9.45707 14.6547 11.0283 23.0116 19.315 7.55537 0.142642 220.357
4687.15 6.97219 11.7045 6.26183 10.0063 50.3208 44.0866 21.3789 34.8551 6.41739 49.8164 7.38991 17.8996 13.2089 30.359 23.5924 10.6274 17.0535 13.4699 24.9093 1.88589 29.5552 0.0362953 219.851
4672.35 12.6462 11.0295 2.05489 11.9575 39.9237 51.1054 32.2362 25.0447 4.97227 38.2351 31.0629 16.8606 29.2953 20.1165 9.78928 10.6862 8.00532 44.8798 24.4526 26.0196 19.7509 0.0425053 220.879
4661.17 14.9427 10.8311 3.80065 9.07401 24.2786 65.5383 46.6812 19.4675 13.1395 22.8057 31.5372 7.46999 36.6987 17.8504 21.6246 5.78398 0.320675 36.5039 21.8948 2.43999 3.55753 0.127829 219.825
4671.59 9.41377 13.9679 6.34022 9.07401 24.3597 61.3947 45.8582 13.8797 23.241 24.5468 31.0847 7.08184 43.6306 5.54516 31.0123 3.12007 26.8076 15.196 21.8579 8.65541 7.93016 0.00439 217.87
4638.83 9.85842 12.2704 7.95416 12.425 27.2692 58.203 44.7182 12.3307 27.5207 29.1216 31.8243 7.99447 43.6306 2.12076 10.4665 8.75666 10.6701 14.125 3.62545 54.8117 18.0919 0.0379267 217.09
4636.21 10.7203 7.6117 13.1473 12.425 23.7642 46.9288 65.2244 10.8396 21.9332 28.2393 35.6549 9.23153 36.0294 2.46257 19.7397 19.945 1.01284 17.6117 6.32165 44.4919 9.83342 0.0886988 219.648
4632.17 7.67558 10.7254 13.5768 10.8037 24.8779 46.9288 65.2244 12.5493 17.8143 28.1086 28.9347 9.57128 27.0589 24.8923 20.8573 14.9697 7.98262 17.991 20.2724 3.78655 43.5158 0.0791981 218.569
4632.17 17.6661 11.4798 11.194 1.61675 23.2523 28.1894 91.8811 6.71711 19.4407 28.4678 31.2869 9.54976 28.6716 19.4175 21.3722 18.7599 4.05414 7.68259 35.2645 26.899 32.4711 0.0612703 229.52
4632.17 15.8944 8.03464 10.4844 3.63575 21.5886 44.5583 88.5238 6.37975 19.1934 14.8674 36.4358 12.3333 23.4643 25.2808 20.1517 1.08672 17.3915 35.7735 4.18002 20.1728 36.462 0.00352109 227.35
4632.17 17.3253 3.87157 14.9348 7.2066 22.611 41.7818 78.0603 6.96419 20.8985 20.505 54.5827 14.6191 6.66334 16.0072 15.5182 2.48617 24.0368 18.2034 18.4765 56.5184 1.59132 0.00724612 223.842
4632.17 15.7023 4.45078 21.0137 6.64091 22.611 36.6412 78.0603 9.0176 21.3223 8.43393 58.0623 8.86865 9.3098 31.467 3.97128 16.5499 25.3376 28.0844 11.6895 7.08887 43.0907 0.018866 223.191
4611.54 11.4542 6.69925 28.2336 6.64091 21.3965 36.6412 76.3061 11.487 10.7208 4.76803 58.0623 12.9459 24.3173 26.1851 3.59732 18.1681 16.1633 4.03974 1.7406 13.7411 32.1013 0.00126375 223.428
4649.11 11.1272 5.13697 20.4719 6.00061 25.9981 52.5031 50.7528 7.54937 28.4978 24.9939 43.0115 9.45057 9.84144 28.323 23.4703 18.7575 17.452 9.7778 27.2745 27.6386 39.4752 0.00126375 222.546
4561.82 14.59 4.83027 17.0983 26.0607 31.4987 49.1292 44.6633 10.3421 20.0477 36.2875 42.801 3.13707 9.27937 27.7052 25.0161 16.5441 18.725 36.841 11.0186 3.25564 17.1767 0.0106413 221.661
4635.64 15.3438 4.06859 17.5151 28.2047 11.7637 52.7073 34.1703 27.4807 18.8605 27.8189 48.7606 11.981 11.9631 9.33354 38.9482 6.342 40.659 12.2466 29.0312 0.275922 1.40996 0.000135571 222.632
4628.83 11.7211 5.50022 17.0727 20.928 18.7481 67.0098 28.7525 17.0347 19.808 26.8338 51.0705 9.70214 18.3447 10.4765 10.8349 0.816936 27.5274 18.8983 33.4911 5.21436 6.74748 0.000135571 221.067
4476.51 7.83962 12.8677 8.2968 49.8953 17.198 69.5722 28.4378 26.958 8.97528 29.2061 50.2698 17.6873 7.41972 26.3657 22.9874 0.515129 21.0485 15.4506 19.105 9.10333 17.8768 0.0472231 217.61
4457.39 7.73582 16.9572 8.25113 49.8953 17.4857 67.8284 28.3272 26.0668 13.1124 36.7632 39.5779 21.375 10.8905 6.71097 25.607 4.9622 18.7907 3.04576 28.2225 17.8466 8.95735 0.0543611 219.384
4421.35 7.05464 16.3869 20.9681 43.2224 10.398 73.0468 28.2841 24.2668 20.7419 45.7145 2.89582 49.635 13.3561 6.08615 47.8533 1.00017 22.5881 0.971552 26.1284 32.8141 8.41378 0.236458 230.14
4397.89 2.45361 17.6952 16.226 43.2224 19.4144 79.3828 27.1592 23.4723 20.5215 36.591 2.89582 39.0787 30.8008 5.83561 24.9113 3.60224 21.7515 1.86777 17.4545 11.1574 29.1403 0.323854 230.17
4485.92 10.457 15.1158 4.5663 44.2169 26.2843 61.3785 33.9458 33.8293 14.7983 33.8447 5.60113 27.7629 19.8841 16.6165 17.7391 11.761 37.0959 1.02885 16.7604 9.58467 9.51923 0.149115 222.15
4690.11 7.49182 13.652 4.5663 2.65369 29.3739 61.3785 33.6968 29.3814 22.8576 34.7289 5.60113 25.1787 20.8638 22.9446 22.8832 20.422 7.45284 10.8822 24.9995 1.18236 12.3566 0.0663581 218.097
4692.99 5.10832 11.7308 6.51276 6.54134 29.3739 61.1888 10.4103 39.4906 24.1392 49.6468 5.60113 42.626 1.65105 6.92972 35.2113 2.19294 18.1141 6.15607 35.9326 9.91564 21.5662 0.0237874 226.561
4648.04 3.09946 19.3968 2.90697 17.7917 21.161 66.0077 1.6735 28.6341 28.8129 41.3214 15.0536 39.1306 13.6963 9.35062 46.4286 20.4079 7.64737 11.7069 30.6447 1.76238 0.517716 0.0350806 230.831
4617.56 3.33423 2.80579 6.08356 57.6787 38.2714 51.2767 7.86304 23.9077 22.1597 50.6774 7.93731 30.8783 8.54296 9.35062 29.2644 12.7466 31.4525 14.7059 24.4719 1.28786 23.7471 0.0642582 224.966
4573.21 5.79552 7.62852 5.16649 65.5498 34.9383 46.8814 20.6307 9.35645 23.112 42.8341 18.7406 18.4179 20.53 14.4327 25.8059 11.8593 27.0761 30.1039 23.359 3.82378 13.4112 0.0718831 224.949
4488.14 3.33224 10.4193 9.82046 55.0143 52.8466 49.9901 27.0521 6.93758 17.6365 33.9057 27.3258 17.552 30.8601 13.0732 24.2865 14.1313 7.81182 26.8841 10.2563 10.7714 10.4365 0.00117895 218.277
4472.45 2.53781 18.1021 9.76481 59.6581 55.5387 29.5587 28.3566 12.2926 25.949 21.7648 60.4864 6.13575 13.7476 14.9542 24.3454 8.1135 21.0822 19.0572 5.41544 13.1251 8.78783 0.0288343 218.8
4472.45 2.07699 20.6293 4.30802 48.6059 44.7808 67.8745 1.20143 23.9866 27.4867 17.1145 46.2479 13.2263 20.9348 26.8057 22.9423 11.5443 7.87712 16.0118 11.6063 9.49058 16.1095 0.0481612 222.467
4535.03 1.47344 20.8761 5.89946 47.4281 35.966 73.3826 1.54135 16.2611 31.2906 13.1376 36.2855 13.2263 24.8508 28.5246 22.4233 3.52836 4.64868 12.3376 22.9382 6.08547 20.0873 0.122657 220.769
4523.96 1.32148 23.4497 6.77992 36.1968 33.7362 71.8871 13.1924 23.0679 25.9172 24.5752 23.6719 15.2487 25.3652 30.2428 9.10141 22.5528 1.03245 11.9916 30.5238 5.85432 26.79 0.0259495 217.064
4547.15 13.7747 8.02776 9.27469 40.2565 47.585 58.3023 8.0393 21.2902 24.1588 19.0188 23.6719 15.7865 41.6217 17.2939 22.5553 26.1318 5.14075 10.988 16.671 22.0633 27.6837 0.0182464 219.349
4547.15 5.95704 4.74452 5.34029 42.1581 47.585 57.6504 20.4968 21.2902 23.9633 28.5381 13.3397 14.9677 50.2521 13.4866 11.4414 20.0879 14.0315 5.08076 20.0475 26.7509 29.704 0.0265102 219.156
4567.48 14.5253 1.83692 5.23877 40.8636 29.3638 57.8467 12.8342 29.2239 36.1612 28.7427 11.0016 14.6947 49.2581 11.219 25.3756 28.969 32.5425 19.5847 14.8063 21.9086 25.74 0.0292426 228.571
4595.29 21.5505 3.14939 3.68341 41.1961 29.3638 50.7629 5.12128 34.8139 40.548 27.2688 11.0016 12.2475 49.2581 7.42078 12.3926 27.3175 17.3379 8.06102 16.1733 2.76611 4.0967 0.324478 222.987
4567.87 19.4449 4.77427 8.47751 38.9558 24.7291 57.0741 9.32914 39.1766 46.0285 12.3706 11.0016 26.1722 22.4993 7.42078 24.0937 31.3446 21.6252 12.2328 11.3726 5.70097 15.3387 0.470594 228.124
4575.71 17.3435 8.19776 8.60357 39.6531 7.26946 59.4575 24.107 36.426 44.9376 11.4397 22.171 42.1371 13.1441 7.35759 5.28445 34.4064 21.8517 7.82165 11.0518 16.6757 4.89412 0.395119 225.05
4644.77 9.93917 8.83138 12.1907 27.3938 22.1489 58.7179 22.9615 27.0628 45.9709 12.3219 10.435 40.0821 13.668 1.91306 9.68412 22.6281 24.0685 26.3662 13.8448 6.95109 5.25859 0.0490447 222.043
4619.25 10.0577 5.684 22.2753 28.85 20.0349 57.7797 17.6857 29.0094 56.4306 5.72269 10.435 56.6644 7.263 6.90693 9.47549 15.0244 1.76552 15.163 7.49562 10.935 8.93413 0.0714166 222.81
4609.88 4.82419 16.2802 18.8653 27.1294 20.0349 53.2817 18.4022 39.1748 47.3728 4.56491 3.12109 56.6644 14.9053 6.39521 14.0871 13.5297 5.2417 3.18433 41.0303 7.6197 13.5717 0.158476 224.735
4592.35 4.82419 20.3714 16.3086 28.3217 24.0047 54.2854 10.8928 38.5055 27.4111 7.21959 5.76703 74.2432 15.1572 9.40951 6.57928 46.4418 18.8885 6.51767 7.17963 11.6978 8.69815 0.22183 225.274
4588.72 3.71409 18.0008 14.9523 29.6462 23.7051 49.8586 12.7191 36.8315 29.6966 6.61887 5.76703 69.5593 19.045 21.966 7.55722 25.6975 22.9678 4.69027 3.32226 16.1356 7.6913 0.238785 223.695
4623.07 4.4092 18.2064 11.1854 25.984 24.616 57.9091 13.8835 34.7114 33.9907 5.18329 3.81733 63.8818 18.7605 15.6161 9.0852 42.8687 25.9357 23.0917 19.697 30.2792 0.978496 0.0877415 227.466
4623.07 0.363931 18.4801 11.1854 11.5611 20.6188 77.2636 2.74063 26.4094 48.7787 7.04707 2.36428 68.6964 26.1444 8.23877 7.14132 35.2731 20.8151 8.8319 1.2453 22.3499 24.9666 0.223109 224.561
4623.07 8.30923 20.4921 4.92581 9.63319 20.3579 77.2636 2.74063 28.502 48.7787 5.71606 3.50103 54.9312 16.9893 26.4705 19.5666 15.4892 48.8874 4.48577 8.14433 1.47699 39.0331 0.13302 225.001
4639.4 8.51023 16.0237 4.37958 13.7691 32.773 57.7162 2.74063 34.8778 49.3535 1.77473 17.774 39.2148 3.5721 25.7266 22.1423 17.4775 31.6069 9.90195 5.18003 10.2005 18.0788 0.0135869 226.211
4537.35 5.30868 15.8775 4.37958 36.6733 35.5942 75.205 7.43929 28.335 20.6365 5.65763 21.8885 52.597 7.68133 25.2631 7.72848 32.9557 1.36491 12.0426 27.0594 14.3334 7.84975 0.107773 222.834
4473.33 1.07111 22.9396 13.1408 34.1186 28.8098 90.4244 3.10404 30.5885 26.4776 5.99335 7.79246 52.5922 11.4614 16.7392 31.7911 22.9607 6.11935 7.05105 26.8521 10.7185 21.5199 0.0482891 225.943
4472.16 11.456 22.9396 14.0584 31.8781 11.3887 99.4255 3.21746 26.8188 15.3836 24.6028 17.61 28.7851 26.747 14.0805 32.0812 2.21712 8.25458 6.32767 38.7484 11.4349 8.00222 0.0623019 224.374
4459.96 8.96156 20.7802 9.47067 45.9845 12.8515 99.4255 1.42114 28.122 17.6834 41.0882 20.3555 19.7754 24.0655 14.3234 6.00832 4.91714 17.8826 4.46097 52.7574 10.7007 6.0289 0.0420325 221.066
4456.89 29.0881 4.69302 6.17891 41.3778 17.7051 102.464 1.42114 22.0124 8.15368 50.613 9.83844 35.5287 30.3533 14.2094 0.720738 20.4245 5.08334 18.8203 12.4906 8.75292 14.931 0.0164913 222.554
4487.68 25.4081 12.6798 3.30789 35.6288 12.9009 99.9745 7.16589 37.1857 12.6277 48.9449 7.13043 15.2415 27.6241 13.6472 18.3624 13.6027 8.35077 21.6033 12.2549 16.9408 9.85789 0.0174609 220.403
4509.44 48.5904 12.0639 3.30789 6.51665 13.2097 98.6468 16.0576 20.0515 14.3669 44.5429 10.047 36.502 20.1315 13.9451 7.79948 5.06007 7.79805 47.3981 14.6694 3.45233 11.6485 0.0592381 219.951
4519.1 46.2124 9.81182 3.30789 6.51665 9.23644 101.355 13.7339 22.8536 10.6538 40.5532 21.1839 36.502 14.5966 8.95272 6.35211 20.1719 37.2396 47.3981 1.78277 2.10461 9.50663 9.19307e-05 225.896
4510.54 42.2743 11.672 2.98413 12.2477 9.23644 96.9895 10.89 28.4557 4.91933 37.4046 25.0453 33.9672 22.1407 18.3177 6.6068 7.63372 35.4307 33.059 11.6802 9.70685 13.5827 9.19307e-05 221.622
4532.39 42.2743 10.9921 2.36887 12.2477 14.3518 96.9895 11.9356 30.8311 7.18744 33.2522 22.8809 33.6343 8.38302 20.7145 6.28733 17.6662 35.7865 33.2303 9.92052 6.34157 6.75384 0.0060974 221.485
4515.22 42.5603 10.2357 1.52976 12.5537 13.7904 96.1866 13.07 34.6902 5.73609 37.982 21.7247 30.3246 2.96445 30.2363 18.3533 9.77905 8.69072 28.1115 2.30907 57.1638 12.5088 0.0073022 222.865
4498.56 42.5603 10.2657 15.2479 7.79147 41.8486 48.4176 8.70561 25.9176 25.5856 47.8162 23.4943 7.28715 13.6999 26.219 20.8732 2.8588 4.89608 19.0747 5.34779 6.31349 12.6961 3.29607e-05 226.196
4523.81 42.5603 8.55518 6.37249 7.79147 53.5054 61.4609 2.71574 25.9407 12.546 43.1169 35.9051 10.6876 33.5496 9.05269 12.041 18.3822 33.1592 1.86815 3.09873 4.37998 12.6343 0.000279599 218.271
4548.91 42.5603 10.0369 2.13061 7.79147 57.6387 59.1382 2.71574 25.9407 13.5836 40.0321 31.357 11.074 33.6361 9.53505 13.6704 33.271 23.6322 14.9891 3.57426 13.6408 12.6294 0.0118943 216.78
4507.14 45.0925 9.76864 2.63268 26.0783 40.8303 45.5925 12.2997 26.707 17.2349 33.9271 36.4885 8.25272 33.7969 10.0341 15.3723 11.4722 28.5951 12.5897 7.9278 6.54466 25.6946 0.0036084 223.937
4491.33 45.0925 11.9253 1.90203 26.5404 38.9003 45.2607 26.5021 23.1997 6.96412 34.2538 37.0716 10.4757 26.4692 24.161 20.8701 11.0878 19.4494 13.1907 8.81294 22.3008 41.3901 0.0373406 221.525
4448.03 53.8928 11.4794 4.71847 28.5964 55.1405 33.2852 16.8781 36.9644 6.24512 33.9776 36.1319 5.61839 17.5508 31.0902 5.01962 45.3121 11.9652 17.5729 8.70986 11.3985 34.5749 0.0739368 221.905
4458.59 55.6956 5.8263 13.0627 23.3193 51.5065 28.5389 21.3242 37.6007 6.7779 28.1571 52.4225 16.1612 6.35002 31.0902 8.71912 29.5167 4.72965 11.2459 3.62331 25.5453 2.09662 0.200559 221.927
4458.59 57.8215 6.66257 6.49605 26.8717 51.5065 54.3589 3.39114 27.6149 6.89492 31.8371 42.5767 12.1707 5.50254 41.1882 11.4454 6.52747 3.5833 18.188 27.391 17.1712 9.63578 0.158277 221.102
4530.55 19.898 5.90851 9.58253 18.0713 55.7679 72.9357 7.23199 24.3533 6.48639 29.6336 33.6978 32.0803 5.02582 32.729 7.38677 10.1052 36.1414 25.0068 32.976 15.7899 49.3246 0.270049 227.58
4497.16 18.9082 11.9011 11.8546 36.584 60.304 29.587 30.6897 18.7747 15.1374 16.462 56.6398 28.042 0.528575 23.2346 15.9212 2.08207 13.6802 22.1055 27.7234 6.39966 41.716 0.0526624 221.414
4502.26 16.9518 6.83945 17.2261 23.973 64.1666 52.3513 14.7455 21.1412 21.6407 6.65476 57.0772 27.6119 4.64471 9.42518 23.2151 9.9485 16.4755 47.5716 2.54537 11.8176 4.77925 0.142302 223.352
4451.16 31.2331 2.69194 19.3894 17.0519 69.6747 47.7639 16.1933 23.2329 24.363 15.6232 51.994 7.59181 9.16375 18.5569 16.1484 34.6707 4.90137 42.5038 2.54537 10.7982 19.9036 0.194566 223.705
4456.31 24.6653 4.28191 23.4498 18.2726 44.8758 50.5132 36.9858 23.3129 24.102 8.9283 58.6091 12.9172 17.2257 15.89 15.2879 30.7936 35.3674 42.2339 8.40116 15.8673 27.0175 0.196675 228.094
4457.18 25.8214 6.50303 16.9787 26.0144 52.255 45.1313 31.0215 23.2505 21.6766 8.9283 58.6091 10.8411 13.5043 17.4871 24.2103 22.2967 19.9164 17.521 1.2914 49.9426 20.9395 0.154594 223.869
4462.36 35.5912 5.89076 10.1431 23.1729 54.8904 41.9614 30.016 23.7305 25.7115 10.0597 56.5762 15.2646 14.1478 22.6556 15.815 5.72407 20.6037 1.92761 37.7505 35.727 32.3498 0.154892 220.944
4449.92 35.5912 6.54834 13.0959 19.9509 53.3058 38.399 33.5831 32.879 7.74139 17.8556 46.9325 22.8039 12.5149 33.866 2.64141 24.2328 29.1155 6.43476 1.79472 25.2128 8.14561 0.286795 221.721
4450.83 35.5912 8.34654 11.7418 21.4838 51.9112 39.8699 40.498 26.4383 7.83505 8.73754 40.8474 22.8039 12.3318 37.9554 3.49741 15.4122 37.949 13.7999 24.7393 7.31155 23.3 0.208098 227.457
4444.51 35.5912 7.4325 16.5724 21.9757 47.4372 41.4125 31.4093 43.7284 3.10628 2.63941 41.3324 20.1391 16.9038 37.6735 12.3684 23.5471 37.0976 11.6159 5.79626 4.5099 20.477 0.0421195 224.506
4460.52 25.3244 8.99994 16.3034 23.8592 51.884 43.8305 24.1406 39.4924 9.35269 26.5141 45.6535 13.7568 22.3488 14.2078 18.8964 10.8326 24.619 18.9444 0.787394 14.0161 28.7047 0.142847 218.394
4652.17 6.35791 6.942 4.9055 23.2169 44.2317 59.7981 10.6179 39.4924 17.6682 14.0642 48.1728 16.6796 20.4849 7.78506 23.009 2.82521 28.6904 10.5276 8.21728 38.1181 40.3407 0.0235299 221.988
4652.17 11.6557 12.324 4.9055 25.4394 47.1699 54.3354 10.6179 24.2582 18.6064 4.24526 57.3392 22.3029 25.1288 10.934 15.3846 10.2624 26.9355 6.2224 6.65117 21.7621 39.4223 0.0759662 223.49
4669.12 11.8432 6.93734 7.94176 10.4013 56.9117 52.985 11.4867 25.6628 6.30376 22.6278 61.3746 10.2556 35.2979 4.36928 16.7931 16.7472 9.21995 18.8826 12.3785 22.1635 15.9307 0.0212902 218.628
4665.18 11.6361 2.5851 10.7157 7.87486 42.9634 60.5655 15.1143 31.8332 18.5419 12.6915 60.6963 15.007 18.0678 13.7459 15.0453 14.04 3.58178 17.2442 15.8789 18.8213 25.0095 0.00526295 219.302
4665.18 8.39773 5.58577 12.1143 12.311 40.4408 53.8802 23.3883 25.2721 11.8789 16.4847 70.9187 5.73025 29.4721 11.2327 10.2333 8.24104 3.12863 19.8835 27.932 35.3088 19.661 0.00669191 220.394
4665.18 8.71977 3.84624 12.1143 11.9705 40.4408 69.3345 19.5164 18.5279 4.95616 14.6181 74.4331 6.19577 31.5854 4.76432 14.3916 9.69481 5.59194 13.7363 20.8869 33.7827 15.6219 0.0254759 219.94
4644.25 9.4763 7.57895 12.1143 15.2866 38.5908 73.8818 11.3293 18.1826 8.9808 8.61235 71.5285 12.4038 32.0278 9.02985 3.1962 28.9323 2.16883 8.77944 24.0634 21.1511 19.7193 0.0458782 220.463
4629.47 11.3572 7.72355 12.1143 13.7949 38.5908 74.3519 9.07785 20.0652 14.547 3.5721 61.3051 13.0698 42.5805 7.37437 21.1346 7.90993 4.75596 11.9572 14.1912 24.722 3.56392 0.0691487 218.73
4687.66 7.2759 13.1137 4.13447 11.7745 35.777 70.1602 20.1092 17.7298 14.547 1.16019 61.3051 12.3865 46.6914 2.92638 2.98485 20.2914 13.6328 8.95904 23.5366 22.6571 34.2572 0.0845478 223.238
4659.4 5.20463 9.41847 8.16876 12.8717 43.1143 68.643 20.1092 15.0165 9.57262 0.930239 61.3051 13.7809 46.7924 7.80731 14.2541 11.812 14.4067 4.05749 21.3194 20.0952 20.8968 0.141319 223.029
4637.1 4.13234 13.6689 8.16876 12.4043 43.1143 68.643 27.877 10.9482 14.5764 0.930239 61.3051 6.24118 44.1997 7.80731 16.1284 26.1812 14.9196 2.19191 4.29187 46.7826 14.7657 0.133349 221.704
4608.58 7.00084 15.0327 16.0262 8.8268 40.6422 54.9159 28.8937 18.3335 16.252 7.92578 58.8287 2.87123 49.2203 7.84146 11.5396 22.9638 28.5666 2.33065 6.22415 7.45376 21.0869 0.164883 220.454
4621.51 6.84379 14.159 12.1874 12.1123 26.2041 66.2614 36.4491 18.3224 14.4749 9.40007 42.781 8.16779 42.0045 4.00823 15.5727 14.0981 17.3015 12.7955 2.75639 8.3749 11.7656 0.106718 223.273
4614.09 5.41109 16.9812 11.8179 38.7173 26.2041 60.7096 29.0484 13.7131 13.5226 38.4408 12.4206 11.6244 22.5663 41.1222 9.57807 10.2662 20.1438 14.7328 11.0112 7.59236 2.17879 0.0530327 219.859
4567.58 5.19605 3.52199 11.1622 38.293 14.847 87.7309 22.45 22.5891 12.617 47.9161 5.39001 3.53823 22.4129 50.5596 3.45774 4.32091 3.00649 21.4866 46.3476 16.2444 48.4325 0.0156631 221.166
4618.73 3.86424 1.00952 10.9029 36.4868 17.9359 83.9623 11.8441 28.0629 14.4874 38.4208 14.0255 29.2551 9.64142 34.2832 8.1944 24.0889 7.64735 33.1826 0.930422 10.9198 10.8169 0.017321 216.753
4561.92 3.15757 10.654 25.8258 34.3913 8.58284 83.9623 11.6107 21.0396 28.9093 35.8962 11.6099 36.9897 7.77525 20.1222 5.45582 12.8939 13.352 44.1798 2.80227 12.8562 9.57532 0.0144558 221.339
4534.56 10.4032 7.69662 21.1836 28.3533 1.66299 81.9955 31.0019 30.0802 11.9378 48.9779 14.4073 28.3093 10.1853 17.4127 19.056 47.8871 4.67269 2.60597 5.93907 14.0844 8.40039 0.0247311 220.368
4539.09 8.10936 5.10191 25.3418 28.5138 20.0827 79.7125 10.2378 35.9027 1.87224 52.4857 20.8525 20.1314 25.8031 10.0583 13.4653 16.7641 6.07307 41.9694 8.54626 15.7231 9.07697 0.0168542 220.829
4533.37 7.16699 8.4887 30.6788 30.7072 23.9656 65.9277 10.2378 42.1845 10.0118 34.1424 19.9835 28.7328 27.91 12.5169 11.9571 11.3249 19.8753 18.217 9.93132 6.85971 6.01795 0.038937 220.357
4544.99 2.3885 13.2409 30.6788 16.7162 22.1481 65.7913 10.2378 45.8266 8.50362 43.2524 25.0629 18.0819 24.6921 21.3212 12.9461 10.514 1.31403 50.318 7.19037 11.8876 27.953 0.0853139 221.638
4575.44 5.68319 11.0079 32.792 15.2029 22.6745 84.9859 10.2378 23.8771 3.33321 43.8113 22.2007 18.8808 0.438727 45.7578 15.8035 15.3563 26.1515 25.7229 4.38216 1.93918 3.39246 0.00765586 219.62
4574.8 8.22746 4.53664 18.9572 20.8808 21.2236 84.9859 9.50827 42.233 5.44185 43.5567 20.0709 12.8951 11.2045 41.249 3.38909 9.4423 40.057 9.22333 29.9403 2.74797 60.1685 0.00454828 221.401
4550.41 5.08295 5.53222 29.2305 18.0942 20.0035 98.1303 9.50827 30.8306 0.550333 41.4887 17.8052 24.0127 7.32648 36.5868 17.8615 15.478 8.82067 19.9184 23.9413 1.94117 2.14663 0.0217106 218.636
4555.03 4.43659 5.53222 27.3962 18.0942 16.9595 100.666 9.50827 35.7706 1.25987 37.9392 19.8375 20.5952 8.41479 39.3433 6.35971 6.37523 13.5865 20.8979 25.5714 12.2894 12.7619 0.216878 220.131
4553.68 5.83035 6.75719 27.3962 18.0942 18.4289 100.562 5.80704 33.3479 3.75785 36.4285 18.6639 24.3579 8.6846 37.5936 3.8976 5.58782 22.0187 21.4682 13.9722 15.0718 24.0885 0.0899914 219.5
4604.96 4.40551 8.64803 29.7206 5.30587 16.3099 100.285 5.80704 49.048 1.57033 37.4884 8.99795 26.5662 10.1827 35.3608 8.47692 4.52827 19.1427 13.7252 10.4541 15.6434 23.9906 0.0584335 219.645
4559.62 4.19855 13.764 32.5428 5.30587 20.7264 88.5509 5.80704 29.7868 4.38127 71.9798 3.18694 32.5274 8.9052 22.5243 18.7972 1.56997 42.6059 7.66577 1.36102 21.6317 21.6472 0.0659238 226.577
4560.3 7.79556 13.3622 32.5428 5.30587 20.0063 88.5549 10.7419 27.7803 3.64806 74.2735 2.80626 30.4785 4.58136 24.2514 18.024 0.396705 19.1629 10.158 23.5367 9.43521 4.46058 0.00560015 217.266
4557.07 7.84549 11.7758 33.4511 4.18293 16.3985 91.7972 10.7419 27.7803 4.92568 72.4294 3.35855 16.5869 20.2341 24.1409 14.8652 16.3629 20.3908 29.4584 3.21713 10.6657 8.3476 0.14954 219.395
4547.03 11.109 16.4038 28.8434 4.3276 4.69457 103.644 7.6052 27.0588 15.5528 37.4454 36.2229 15.6213 20.8738 12.0518 29.9343 11.0154 10.9323 29.6897 23.9257 5.915 20.4095 0.146019 223.549
4548.35 11.109 17.779 26.8295 2.70339 11.1091 103.644 12.6329 22.1455 9.55877 46.6386 26.3747 22.3548 24.8451 7.66757 16.2456 5.60936 10.6747 18.424 3.08826 25.324 25.1558 0.0888512 219.806
4551.11 14.8606 15.8661 26.8295 1.9532 11.1091 103.644 11.293 20.1231 6.78856 35.0938 37.3647 24.3877 15.7043 22.9786 7.21117 5.50174 1.48919 27.0629 12.0571 28.8396 13.4179 0.00536502 219.3
4530.31 22.2986 17.3108 20.126 1.9532 33.4624 92.2944 10.8127 18.9944 14.78 32.1332 44.3259 5.14708 11.4174 25.454 11.7331 12.6799 10.382 30.2595 15.7491 11.2484 4.11406 0.0202133 220.806
4549.61 17.389 16.5261 23.0778 1.87356 31.349 86.0329 10.8127 17.266 13.0138 27.6833 41.0778 13.1767 11.3882 39.1733 10.2444 31.6866 12.2382 7.11281 17.6458 27.6412 21.8162 0.00969847 216.909
4535.9 15.3748 17.3736 24.8033 1.87356 32.9236 85.9312 10.8127 17.7113 10.4407 33.8581 41.0778 13.5987 12.5488 37.5126 7.58592 13.2499 5.81261 22.2625 11.2623 20.6298 34.5274 0.0403768 218.591
4539.03 13.4427 19.4865 25.3713 1.87356 35.851 85.9312 9.63698 18.0543 10.7945 30.8446 33.7115 18.1703 11.9306 35.6314 25.8552 10.6236 21.5081 3.89421 26.2833 8.77971 37.3675 0.035241 218.884
4566.48 20.4292 11.8806 18.4583 7.60787 30.216 85.9312 3.81871 37.0085 6.65754 13.0139 34.7744 17.6277 8.63588 46.8039 14.9702 27.3242 12.8594 7.7872 39.7134 12.3149 37.4998 0.032709 222.369
4593.6 19.9993 9.56581 9.92354 13.5057 33.2811 52.69 43.2018 17.2761 10.2397 13.1185 37.9699 28.8533 0.795514 53.4268 14.7583 35.8724 9.26234 5.6077 15.5402 5.81838 22.497 0.0440957 220.163
4626.69 22.6612 1.23794 9.14485 9.68689 44.6161 52.9756 38.8131 22.5336 16.7806 4.10285 38.7433 3.09324 16.8692 47.0926 15.5958 25.6548 11.1666 9.02534 15.6869 5.9877 5.60547 0.0328077 221.251
4603.25 26.6169 1.23794 6.42964 14.747 46.3649 42.974 37.3367 13.0818 17.073 10.5646 45.9493 6.07087 10.5747 61.9673 15.9115 18.188 30.3907 8.87855 8.91724 5.81359 12.8832 0.000662042 221.829
4610.49 26.6191 0.42223 9.04986 13.2249 43.4738 46.8372 48.6883 7.87874 15.6669 18.1552 54.1443 1.67771 3.86857 52.6399 6.48351 1.15325 11.7082 7.30486 8.65277 59.7919 21.5167 0.000662042 220.132
4649.26 20.2912 2.09191 4.29876 13.9755 37.4904 45.3461 52.6869 0.91514 10.1408 44.2435 44.3096 6.12872 6.5633 42.0756 3.10987 4.70093 23.1315 14.3423 24.7477 23.9529 28.2619 0.000662042 218.599
4578 24.6123 15.4403 4.27643 15.0146 41.4851 42.5126 55.7511 7.846 17.8843 40.4456 8.7167 11.9789 18.4827 30.3496 21.9821 12.1374 16.0569 9.92769 17.5498 24.6683 11.0453 0.0177453 220.804
4565.05 14.9395 15.3508 12.775 16.6725 64.6127 10.539 57.4023 6.34603 27.5704 38.9844 8.7167 5.1473 27.6487 45.2538 6.28327 18.4261 6.04194 13.8761 17.909 13.6112 23.2529 0.0148924 218.01
4577.18 14.9395 16.6621 14.9507 16.6725 64.6127 9.02646 53.5187 7.27598 26.3802 36.7563 8.7167 7.68381 19.7158 45.0661 25.0702 10.2594 5.81049 13.7971 6.71876 20.022 0.488442 0.251207 222.046
4571.25 18.6571 11.698 12.9069 9.58271 69.7399 11.982 51.3783 10.3964 25.4174 36.7198 8.59503 15.2027 16.1514 43.4943 21.9955 3.70008 7.6891 31.3615 7.79807 9.3366 2.36527 0.177001 220.821
4628.12 18.0123 1.89145 5.70149 12.0026 69.7399 9.24564 53.1391 5.41998 32.328 40.7406 14.5617 2.68888 38.447 27.5296 14.6362 2.8717 7.41499 21.8584 2.81562 16.3053 5.39829 0.2441 224.948
4615.55 14.946 2.15659 12.0471 10.9155 69.7399 10.8769 47.8785 13.0753 31.9258 42.7469 10.7916 7.35815 35.9512 26.04 6.32563 4.94379 26.1777 16.4261 4.98645 63.048 14.3985 0.390471 225.583
4557.89 8.14165 21.0114 18.9862 7.0671 69.379 10.8769 50.0766 14.2935 28.2037 33.0529 7.58018 13.5613 35.742 23.4795 9.67613 2.65972 3.85264 30.0365 7.01242 7.78298 15.028 0.0915004 222.44
4571.21 12.9642 16.8004 15.3788 5.49236 74.434 13.8194 48.8814 22.8312 20.8482 18.6286 31.1583 5.84273 44.7747 10.3935 9.1085 5.57978 16.3206 4.4094 35.2841 34.2985 18.6377 0.099479 219.951
4585.35 12.3119 13.5596 18.1978 14.1538 72.2048 13.8857 12.245 37.3046 26.3226 10.9738 18.1373 43.1661 0.691101 21.7503 33.4075 9.54858 13.8766 2.84426 14.3827 13.8275 27.7829 0.0146359 224.471
4587.42 10.2485 11.49 18.7912 6.29279 72.2048 27.2612 10.4247 39.5572 21.7026 27.532 15.5659 50.5187 5.02738 20.6127 22.1009 8.31467 6.82344 0.760456 41.0361 21.5959 9.60616 0.263291 221.173
4587.93 10.5088 21.259 4.22914 14.3747 74.0272 35.6912 13.0379 37.6653 11.7198 15.9745 15.1195 53.2415 4.94709 26.1136 17.5009 9.72332 22.5948 1.79383 27.2717 11.3488 20.1117 0.0848105 219.754
4595.19 12.3243 15.112 9.05224 11.8231 74.0272 35.6912 9.806 41.4631 11.3012 14.8816 11.0129 56.2056 4.51948 27.9307 17.0512 9.11415 8.26348 11.5762 20.1975 40.881 21.2441 0.0857026 219.686
4574.61 12.6475 16.9195 9.37398 14.7974 76.6834 35.6912 6.37467 31.4516 8.51198 39.2666 7.4556 49.5759 6.68088 27.3372 20.3551 7.36307 7.85927 10.0077 21.1815 37.1996 62.1991 0.189265 226.352
4585.43 12.2994 13.5894 9.29338 13.9933 76.2459 35.3661 6.37467 31.9429 13.8707 41.5903 18.4325 20.1013 9.20324 38.144 15.9146 14.3746 13.1735 5.29295 20.5406 26.1983 35.5035 0.157117 220.502
4574.55 16.2461 18.3971 8.67635 13.9933 74.7445 8.86787 11.3285 30.1644 15.1675 50.5205 10.3802 30.7545 9.20324 43.6323 10.4421 21.2399 15.889 22.6666 14.4594 5.0279 9.85285 0.226806 227.287
4556.21 16.249 18.8798 11.0652 13.8438 89.5426 8.68837 18.6843 35.1433 14.7485 49.6177 0.505182 31.2741 2.43395 38.905 12.8881 7.55681 8.32885 27.2832 12.7601 9.15967 10.1811 0.0328053 221.786
4549.28 18.7906 20.1859 10.1083 10.2648 87.107 8.68837 11.1464 35.1433 15.1557 55.4582 5.57872 26.7296 4.34061 40.8882 18.0392 8.10518 11.5931 6.88909 22.5295 0.548284 11.1574 0.0224784 218.374
4530.98 19.5249 14.8744 18.5833 15.5 61.2234 34.5023 10.1203 35.1557 15.0711 43.0699 19.3458 28.8914 5.22433 32.3104 10.8292 13.1883 26.8492 16.509 14.6695 1.88728 54.1275 0.0275743 220.83
4542.47 12.4281 5.27828 17.0585 27.0119 65.1734 24.1737 28.0516 26.9385 15.7728 41.3648 18.7356 26.2429 16.9189 26.6083 11.0794 16.7743 23.4984 24.1585 10.106 9.67058 1.97639 0.0823442 216.602
4582.34 11.0845 2.41336 9.61584 27.6414 64.7755 31.1418 35.4507 22.4795 17.8138 39.0035 3.16932 25.3176 21.2697 18.937 30.6044 4.04304 5.67796 30.5583 7.88721 5.46881 14.9522 0.00266711 217.205
4602.44 2.23809 3.53188 10.2442 28.0624 64.7755 28.9858 40.727 18.8562 18.8359 42.5705 3.16932 39.8949 11.9145 23.0316 10.7751 4.45019 20.0176 24.3496 13.6843 11.0958 18.1606 0.0733385 215.199
4602.79 1.53767 6.21608 10.3903 27.826 53.6041 37.8291 39.6288 18.0041 19.4246 44.827 3.16932 30.5358 10.5577 33.2852 0.262383 14.8296 12.9094 18.8909 19.3398 18.6163 31.1766 0.0666667 216.269
4602.79 3.82214 5.44501 2.27754 39.0246 53.6041 37.8291 36.8628 10.6624 23.4074 51.9733 14.2266 31.233 7.21588 12.91 24.072 5.02281 5.56581 29.7362 6.97619 23.5199 18.3065 0.0278615 218.942
4683.52 3.82214 14.4641 5.62278 8.83091 53.6041 35.6417 36.2863 18.3709 19.4411 48.2502 6.47144 38.2522 2.63208 29.3952 18.4659 7.46626 7.461 29.7362 18.7169 12.6942 34.3335 0.00219825 215.52
4657.86 4.32621 18.5461 5.62278 9.58168 52.6456 36.3986 28.6855 27.5941 27.0689 33.2696 5.95438 31.9502 6.30551 37.6334 8.6042 34.6923 13.1204 16.9114 5.02302 31.5319 33.6039 0.0411414 218.004
4619.67 4.32621 18.5461 14.4957 9.19126 56.0144 35.7989 26.5578 30.2986 24.5669 36.6587 0.484582 33.712 8.44572 39.3514 6.85416 28.4853 14.1913 2.38357 18.6588 70.1735 0.756317 0.0319477 219.659
4619.67 4.32621 20.0212 9.60548 11.6454 56.0144 34.6547 26.5578 28.2507 29.7547 34.8843 4.62069 39.4949 8.27172 29.1974 3.57065 18.5769 30.3812 8.78881 12.0413 11.6554 11.617 0.0487123 214.936
4619.67 3.14483 22.5648 6.73966 13.8123 56.0144 35.8825 32.5152 33.2841 24.647 25.7322 5.44328 35.0741 15.5183 23.5283 0.0349744 18.6829 26.3634 1.04038 33.2363 9.3731 4.92883 0.0792545 219.789
4639.57 7.3594 20.2061 6.73966 10.3892 51.3521 36.059 29.0946 25.1864 24.6588 23.288 33.2974 30.2618 11.0549 20.9264 3.55108 6.59609 6.60525 21.5196 25.8938 28.7849 18.7998 0.0773228 218.41
4639.57 6.59648 21.9321 1.20442 8.15061 48.889 41.1312 35.5957 24.1241 26.4064 29.7365 19.5288 33.3305 8.43252 21.8447 13.7414 5.97328 10.9353 19.9395 16.0064 17.5994 14.9449 0.0775081 216.214
4570.82 13.9469 27.0948 1.20442 14.5259 37.2013 43.4143 51.6185 10.2542 10.2779 45.9929 25.2936 34.9896 10.0036 18.3426 14.1177 4.58569 28.3689 5.51704 12.757 36.2736 26.959 0.0471249 218.896
4557.23 14.7383 30.7955 1.20442 13.0442 30.8701 57.582 49.6007 6.45245 10.719 41.4221 28.3168 31.5484 13.0581 11.4882 23.8303 11.2485 21.5976 18.308 1.1362 26.2246 15.3992 0.0270757 217.289
4550.38 15.2772 29.4279 4.34448 13.479 34.0844 55.9342 30.8269 24.0685 8.0683 29.2303 41.1824 31.3025 21.694 10.9394 2.70583 35.2585 43.931 12.2205 5.53468 12.1699 25.2941 0.00270857 220.177
4550.38 12.0742 30.3911 4.34448 11.9438 37.1767 57.4506 26.3741 30.9164 19.7478 20.7774 39.3914 26.9387 29.0482 11.5429 12.7183 4.11661 2.58211 3.03023 17.6968 5.14432 4.81843 0.00436054 223.232
4564.72 14.1983 26.9149 2.83045 16.2846 64.5076 37.4492 17.5983 33.1122 13.117 14.8526 33.6566 19.9875 25.0721 23.3266 10.161 49.6766 2.1368 8.76513 7.28393 4.63903 18.7864 0.00914036 217.394
4537.65 11.7155 30.6073 2.83045 33.6929 42.4118 31.0601 18.7943 39.1102 14.8926 14.8526 18.9279 43.0797 26.4127 25.6373 11.3313 14.906 10.6744 19.4669 12.6218 21.126 20.9275 0.00914036 221.421
4559.21 10.6299 31.6639 2.83045 38.9647 32.8153 27.8677 23.0402 39.6729 12.0055 23.86 21.5518 40.4929 24.348 18.0275 1.39504 43.601 1.98078 4.36427 18.4932 27.6888 73.4391 0.100237 229.964
4490.47 21.1528 21.9081 17.271 27.5092 39.9916 32.7032 18.6406 44.1953 7.28544 16.8448 27.8754 23.6777 41.0763 17.8014 14.6471 29.6971 9.35758 10.1574 23.5614 28.8569 0.639158 0.227806 224.872
4490.47 25.6391 23.1078 16.1395 27.5436 41.9381 32.7032 18.6406 48.5528 11.4349 16.8448 29.2924 19.7399 33.8598 18.6337 15.4004 22.934 2.33363 9.99819 20.0315 23.8814 37.2286 0.0495305 224.925
4484.99 28.2382 21.7207 19.6231 16.7088 49.8625 21.201 35.9431 43.1219 1.90181 17.4258 56.1376 6.27385 16.4467 27.9993 10.0084 2.75743 3.51787 25.528 2.68838 36.6826 15.4567 0.0433106 226.642
4463.39 29.2518 19.9159 20.9475 18.7948 57.0159 20.8297 34.9111 39.2586 8.85959 17.4258 56.1376 2.59562 19.2802 5.30934 32.7465 5.95863 9.9797 32.6346 4.55776 9.77398 10.0605 0.0949634 224.019
4489.99 29.2518 22.2912 11.8919 7.18512 64.7986 23.4126 31.5134 43.1928 9.69348 25.5888 38.5467 2.74824 12.6072 42.2754 10.286 23.0594 3.20736 30.4236 9.57141 11.1892 7.91451 0.225731 220.888
4471.44 29.6749 28.1597 11.6931 1.84195 64.7986 31.186 13.4873 50.132 17.9372 24.4157 30.4634 9.07926 14.7206 49.739 6.68165 23.3124 4.45159 27.7035 15.5235 2.90924 11.5981 0.152216 225.054
4476.13 27.9958 7.03853 11.6931 24.1577 64.5715 31.186 13.6418 53.2559 17.9372 15.6974 31.7304 20.3117 3.7081 28.9955 30.6331 32.6456 7.04653 16.9328 28.2868 25.914 20.1468 0.16488 227.131
4478.29 22.1171 6.2092 19.5897 22.1085 49.6086 48.2897 4.86664 50.6108 17.6659 40.1491 21.9853 21.9863 12.4275 22.5958 29.8176 14.6092 5.43589 17.1614 2.06176 55.8874 47.8693 0.0678018 227.741
4466.12 26.8509 8.56032 16.6417 21.8889 57.2406 39.7218 10.5055 37.7984 27.9939 33.6762 4.89893 40.9389 4.36724 25.0733 21.4265 4.23757 25.6907 12.814 22.5946 17.5954 4.12645 0.0501998 222.228
4480.98 24.7068 3.71728 16.6956 34.1241 68.0857 23.527 5.43915 31.1673 27.1721 44.3629 8.33554 33.7669 14.8383 11.7973 33.6241 5.50189 24.4346 4.96921 19.8117 2.39726 16.9333 0.201178 224.851
4473.22 26.0119 3.71728 16.6956 25.2923 68.0857 27.3166 24.0216 24.7587 25.9856 34.1921 9.17608 14.0314 24.2421 43.1146 7.03271 3.91095 20.057 15.58 24.7308 29.8121 4.44067 0.126255 222.029
4464.44 23.3564 7.78052 20.2763 26.9576 68.0857 27.3166 17.9839 36.6856 15.9896 49.9953 6.06316 4.8649 27.5796 32.2471 1.74384 1.44471 17.9935 18.1028 17.0597 32.012 11.1898 0.0142523 221.961
4453.71 23.3564 10.5876 16.361 30.4501 71.9338 30.6717 15.3835 29.5059 16.843 47.9461 0.491182 5.09558 36.8724 34.0128 1.41852 3.14904 40.2048 31.0102 3.47022 11.8807 5.01234 0.0142523 219.728
4489.99 24.539 11.9403 4.78286 26.0423 71.9338 30.6717 28.6578 29.1602 11.4414 46.7949 4.95671 8.84873 27.1348 32.9233 5.68346 22.9586 8.3883 29.0842 22.7608 6.5674 6.3847 0.0840049 220.508
4479.38 21.079 17.3135 2.55238 31.9605 72.9352 32.2066 24.7818 20.3528 14.9391 44.074 6.61901 1.92996 27.8082 45.8862 14.7269 2.0848 0.884042 26.4799 29.5631 22.9251 9.04944 0.108988 222.837
4434.25 21.079 18.3364 8.873 29.1852 72.9654 34.0195 23.2652 21.2511 19.0496 44.074 11.6099 3.43193 27.212 39.4952 19.0508 2.83968 9.08784 1.77454 34.0322 6.80953 6.09613 0.213501 222.071
4460.94 10.2063 23.9575 12.533 33.1676 56.7396 43.6361 21.1548 21.7283 20.2285 50.043 11.1933 6.56666 25.3765 34.0633 12.1721 0.799798 9.35824 15.7326 25.8627 24.5232 23.6941 0.0511949 220.765
4454.66 12.9526 20.5776 3.71918 37.0064 64.9852 31.3324 27.7099 22.7955 19.6355 42.9674 10.1734 8.82903 19.9163 45.3341 8.03637 1.655 11.0304 39.002 9.11562 15.3883 49.8887 0.0635767 221.868
4491.72 12.6571 15.4479 13.244 33.512 67.9596 33.8983 15.8462 19.3283 22.9958 44.8872 8.89128 3.89265 12.2028 42.1096 41.2126 6.82786 5.36097 34.9223 20.8579 5.27115 32.8132 0.0435208 222.39
4516.36 14.2224 14.9374 11.0717 27.8546 67.9596 43.6428 18.4599 15.5089 29.2417 33.7718 10.3548 4.4201 25.9952 42.283 4.84218 5.68504 6.80304 34.9693 37.3019 5.02397 8.17545 0.0174083 218.135
4554.78 5.94212 14.6573 9.70599 31.772 67.9596 29.5954 18.4599 22.9243 35.1237 29.359 10.3548 7.15306 29.2274 36.9813 3.11057 23.1289 6.80304 31.475 12.6461 9.72884 34.9435 0.0172585 216.457
4545.56 10.5771 15.2875 6.37574 30.5369 61.2643 29.5954 8.30704 26.844 47.0905 27.8662 12.3985 11.2797 21.4278 43.1856 3.79802 32.8884 3.88943 21.3981 10.5329 1.50411 41.4298 0.00237054 218.482
4539.15 14.1022 11.904 3.77584 33.0618 68.6965 27.0973 5.10255 24.5501 48.6729 26.4485 15.6239 26.8534 21.0106 24.7716 14.0422 11.9159 6.27319 2.63122 11.9991 51.564 14.4178 0.0419643 219.23
4539.15 20.6711 4.38847 1.39345 41.1625 84.2198 12.9153 1.53517 24.5501 43.7272 24.0801 10.9038 36.3273 7.98825 38.4792 10.503 20.4205 13.0467 14.6103 19.6649 7.44243 6.44641 0.114331 224.53
4541.01 12.4673 4.38847 2.90159 40.0623 84.2198 10.3791 5.16771 30.1028 49.2844 28.7533 10.9038 36.3273 12.7489 17.7902 7.68418 1.97921 22.3811 22.8335 40.2084 5.85593 39.1189 0.0136927 222.874
4553.36 14.2365 4.38847 3.14611 40.0623 83.6991 10.2136 4.96622 30.1028 50.7382 30.9335 1.55643 34.2673 12.142 23.1954 10.1671 9.31644 16.7444 18.4508 7.47654 35.7743 42.1518 0.0333767 227.365
4553.5 9.85296 3.73478 3.6464 44.2454 73.5052 21.0335 14.6571 28.0101 36.3355 50.2131 2.17427 27.4215 12.3495 11.709 22.6438 1.90377 0.818365 23.7158 24.9232 24.1267 46.3262 0.0662422 227.001
4553.5 1.01462 3.9759 4.11452 47.5674 77.037 20.9276 4.00143 18.0426 64.4244 33.2045 7.70455 29.9354 10.4166 19.3852 20.8186 2.76066 7.85961 1.80309 0.799276 23.7076 11.0728 0.100158 228.223
4590.3 0.697504 9.46402 4.99705 36.3315 77.7054 32.8734 0.85917 19.5992 42.8674 16.9786 29.3482 20.5303 33.7872 13.3889 12.7544 4.05169 44.5286 15.2851 4.83773 2.84039 2.37622 0.0563828 223.168
4568.86 4.15517 35.8776 5.42674 26.7412 42.9885 32.7937 3.36159 36.399 33.8071 33.9416 33.8546 14.1914 25.2632 10.7398 10.3293 3.74912 16.843 37.2218 5.71695 39.4503 3.74835 0.0157244 223.67
4576.28 5.41627 34.9898 3.67123 30.3408 43.2668 32.2469 4.67421 39.0219 34.6707 18.981 36.3698 34.2948 26.3834 4.7346 6.51289 13.4521 7.63349 54.4841 7.58677 18.6543 6.61337 0.0339087 228.218
4596.8 6.59091 31.4797 2.81658 7.40131 52.3828 44.422 8.39117 35.4291 37.7883 12.4199 22.9602 34.2948 31.0747 11.4222 0.193035 15.003 5.29997 33.7951 9.78591 24.5641 24.7482 0.0110288 222.163
4558.56 8.35731 23.3743 1.79604 17.4221 54.0505 45.9792 8.39117 40.6241 16.5435 6.37469 30.6626 53.2218 28.033 13.2984 2.47983 30.088 29.8396 0.898974 16.1298 9.59544 55.265 0.250902 230.783
4551.28 10.2185 31.6319 4.38026 12.1292 54.9722 41.3009 23.5907 45.0318 9.33338 25.1589 16.0655 18.1928 7.19528 51.6261 1.25179 25.1794 3.67529 16.2651 16.859 13.776 12.1846 0.178271 223.997
4604.9 3.97864 29.8729 2.73787 9.0671 54.1779 42.0085 18.5956 39.5837 31.1361 19.3929 17.8635 19.4395 8.06432 44.5365 3.85065 29.6918 10.643 26.6413 3.89071 4.74853 25.1001 0.101732 219.9
4672 3.22599 14.9747 4.40556 9.0671 58.3847 40.5226 18.4717 33.0724 26.7508 20.777 20.6249 25.0048 5.27231 43.3509 3.94581 38.7223 7.21342 4.36724 25.5558 6.63746 19.279 0.0760609 217.245
4657.48 7.74755 10.3993 5.66118 25.1731 56.9607 22.2241 23.4196 28.8076 27.2544 29.5383 24.229 39.1748 6.0121 15.629 13.3179 17.5304 18.6295 4.90194 8.31632 8.83623 28.8495 0.0930321 219.727
4611.4 11.3257 11.1288 9.95344 34.0972 58.3128 16.4771 8.67902 26.2409 23.6104 37.9253 23.1208 36.4392 6.54282 14.9558 29.6907 42.8161 19.3799 21.0533 9.47075 4.65607 4.65159 0.126002 226.854
4538.29 11.7232 10.9667 7.00256 53.4346 55.8995 26.4639 24.9424 39.185 6.90156 34.3881 13.5358 34.8702 8.19333 19.5659 18.2 29.3524 15.7637 18.9019 11.9944 40.6898 23.5253 0.0273953 225.727
4518.97 12.9148 8.35937 4.41014 50.1757 56.662 23.0816 20.1262 50.3148 6.64557 34.0332 19.9234 35.3032 11.161 18.5417 15.6179 2.83036 10.667 14.1465 34.2517 18.4159 21.4394 0.0149496 218.464
4525.38 25.3787 9.80709 3.24566 40.886 59.4598 25.1834 26.2415 33.3648 18.6827 25.434 18.9887 28.4842 13.9076 25.2653 12.1111 5.53019 13.3317 4.48204 50.5935 21.2575 7.55624 0.00204904 220.969
4540.7 33.3555 10.2284 1.93519 35.0538 62.5749 12.182 22.3406 36.0499 16.1224 25.434 25.9752 25.0579 9.88359 36.4807 13.13 9.6426 14.3668 16.0917 21.222 16.1004 4.47797 0.00293954 216.972
4534.27 33.4572 10.1418 7.5722 28.6126 67.6877 6.38961 22.3942 36.8331 10.637 33.8964 41.7916 20.2939 3.00686 30.2224 11.6347 8.52132 13.5721 7.48416 6.0131 17.9017 6.23113 0.00126957 217.681
4540.32 32.142 10.9131 6.66374 26.0402 67.6068 9.23738 20.8128 41.0206 10.637 32.7721 50.7598 6.2806 3.00686 33.0771 15.9182 19.1505 33.0555 14.2157 5.63587 17.723 55.2891 0.0379066 223.901
4472.53 19.3537 22.0551 8.11277 45.0276 65.7883 6.72684 31.54 26.0858 8.17055 44.9302 32.7332 15.2813 0.580829 35.5882 23.9969 4.3664 32.0586 3.01336 2.54236 8.45092 10.0699 0.0362139 221.957
4512.02 14.5587 12.7225 8.09269 51.8691 71.0118 3.16982 39.3956 18.8121 8.17055 39.8048 26.9598 10.3042 2.2154 45.3243 9.31365 7.13011 4.95896 23.036 6.91851 4.11029 34.7815 0.0139383 224.155
4535.36 5.27731 5.16055 5.58081 51.0097 79.9599 0.412039 46.0156 13.2491 12.3596 39.0252 27.5391 7.94769 8.13763 57.0557 10.1112 1.99567 13.5446 16.7143 6.13678 38.4724 2.15648 0.0255945 220.205
4538.42 5.58002 1.61677 7.59382 51.0097 64.6756 20.3037 45.3605 19.5191 3.48961 50.4961 30.073 8.10273 0.948193 46.0628 4.46408 10.2983 23.8573 35.5355 6.83692 6.37025 5.50927 0.0564393 220.857
4529.89 0.421135 0.589042 2.58955 52.9554 62.5036 19.0606 51.6981 18.1268 8.69208 45.4575 25.8249 12.2844 9.68561 49.8091 1.11622 19.2783 7.8437 18.9816 4.88009 11.6688 37.1069 0.28222 226.399
4565.31 1.34096 12.3775 11.2584 46.4065 89.4507 17.817 9.10582 20.7997 16.2911 25.3476 34.4457 11.7556 29.0708 24.2865 10.97 15.0758 5.96392 24.7304 2.05735 29.2971 11.1092 0.0541839 226.863
4571.9 1.34096 14.4202 3.5566 41.1195 92.5294 18.8444 13.1715 11.4948 24.2727 17.5971 42.6317 20.9987 23.172 8.11787 24.5337 2.9127 34.3089 20.8879 0.578504 40.1881 6.16229 0.0271107 227.948
4596.7 5.06206 7.07175 4.986 43.44 96.7426 8.36 25.3775 5.37118 32.1585 19.4072 29.3181 12.5816 24.5787 8.31672 20.5032 2.26076 31.4106 10.724 16.8426 7.6481 21.0341 0.00657808 225.004
4578.45 15.2046 13.4499 10.879 31.1204 76.686 17.5867 16.568 15.5808 26.7921 25.3467 40.2614 9.02099 26.4766 21.5495 13.9009 8.0955 25.528 9.68664 0.848042 33.1205 37.5497 0.0223943 224.06
4650.98 2.10619 12.4021 12.0652 20.3466 74.4265 18.9002 21.4552 21.5986 28.0677 22.0891 40.2614 7.45683 18.4058 27.1639 6.02322 39.1777 38.9952 10.1822 5.41203 4.13238 7.91011 0.0169011 219.291
4650.98 2.10619 15.8179 8.59329 15.6522 75.7918 22.8145 21.5745 23.5723 15.784 42.4146 23.1245 6.16296 13.9448 43.4322 9.71464 29.0372 27.5163 22.1451 2.50779 25.1792 28.3889 0.0419995 220.037
4672.27 1.80936 10.4417 15.0485 13.258 78.0697 22.3114 18.6933 23.2167 9.86578 41.8016 18.4614 7.31252 7.88189 60.2047 12.671 15.342 43.8683 6.40116 6.42152 20.198 25.2911 0.00667253 219.651
4672.27 1.38144 9.11203 11.0994 26.8027 63.6487 13.5056 25.6253 26.5851 11.8175 48.6182 30.6213 13.4058 5.66551 36.1285 16.4076 13.8481 34.4024 0.422945 7.45695 16.4557 29.1203 0.0826939 219.067
4672.27 6.12833 11.4353 3.64758 30.4595 60.5721 15.2577 29.6542 28.7749 10.519 36.0413 21.7304 29.8004 5.66551 36.8777 20.135 15.8247 14.159 9.7731 18.0315 49.9082 37.9683 0.0553519 223.022
4676.38 3.27327 13.8962 4.05941 29.7421 58.3688 24.2494 27.826 24.8096 22.0196 32.8738 17.6609 15.2342 12.1883 35.7706 5.79382 5.76113 13.4956 21.4384 35.0511 17.974 8.7594 0.0143901 217.082
4669.25 1.10402 13.1526 12.293 28.8423 53.6423 38.4046 22.5824 14.9792 22.3208 25.0172 16.449 10.0518 18.8457 46.7112 3.25961 2.88533 8.04852 16.2996 60.5749 13.5404 7.36757 0.00464259 219.242
4564.35 4.49502 9.62965 15.5842 32.7589 67.1907 30.8783 26.3087 14.451 22.8523 24.7861 27.6991 18.1484 16.6758 33.982 17.7847 9.58956 10.7229 2.42258 17.0334 31.3821 8.99735 0.019086 215.718
4555.43 3.59186 11.6145 14.9152 31.4696 65.9381 18.7508 36.3288 22.5649 26.2491 25.4437 25.5804 9.58768 17.7809 23.0042 17.1118 10.4979 36.4986 7.825 16.5136 3.50557 7.45389 0.0013845 214.766
4577.67 6.86085 6.21544 11.8314 39.5421 65.2289 15.7735 13.1034 54.0579 17.0951 18.408 27.1134 25.9164 14.3419 22.3199 11.1346 28.3851 18.3505 10.4966 8.68889 41.2881 50.7912 0.0335649 224.489
4534.55 2.38055 12.2238 12.5177 43.1217 62.1938 18.6978 28.7486 54.0579 33.9363 6.38308 3.3983 24.3416 26.5434 20.1713 14.3986 15.2485 10.2134 8.77008 39.6775 12.8706 23.0214 0.0255843 222.511
4546.82 5.15649 1.05173 14.811 51.3287 61.6367 20.9724 32.9168 45.0238 23.5566 1.61593 19.2488 26.9892 30.0842 15.2782 9.42989 1.02402 8.0949 2.29549 62.2648 4.77012 5.36899 0.057089 225.751
4561.96 6.12495 2.58715 8.35574 58.1347 50.3326 20.8589 14.7613 44.4935 57.3744 4.99391 15.2704 13.9688 24.6338 18.1573 14.4682 7.77885 21.3394 2.70584 35.6639 5.77313 35.7622 0.249996 228.043
4473.85 3.03908 2.80749 17.326 48.8446 62.985 26.5911 20.5425 35.6052 57.3744 2.35186 19.4435 19.7336 16.3995 10.529 18.8387 41.2292 5.87919 12.6003 20.2905 10.8713 5.38355 0.0975219 224.676
4478.38 4.95371 3.33008 13.6772 50.2096 62.3408 27.3777 20.8602 33.1734 57.3744 1.02025 23.8517 8.06452 43.6747 9.9856 11.5953 15.0592 7.16939 32.1339 25.3352 11.8495 1.78116 0.146679 224.701
4615.94 8.07811 2.84431 9.09516 20.2479 57.584 36.5922 55.941 3.65693 53.6957 0.615599 20.7294 9.32513 47.9248 6.91561 24.2102 11.7966 2.80299 15.0788 7.9502 25.7625 26.2552 0.0713605 223.526
4606.47 13.392 2.8444 8.84367 20.2479 55.8778 31.278 55.941 4.75671 53.6957 7.07692 17.387 9.67255 47.9248 6.91561 16.7707 19.8734 3.03093 3.65281 19.5982 41.1319 7.71091 0.0623771 219.48
4589.87 15.4271 11.9738 4.3221 19.7013 53.6207 32.8243 46.06 4.75671 56.6027 5.51899 23.1662 10.0585 43.0075 7.64349 2.30846 53.7422 5.57575 18.5657 5.18622 10.4814 10.7601 0.131741 225.641
4600.31 12.6986 17.3825 1.83813 10.0156 59.2708 33.1301 36.9637 19.5106 56.6027 5.75938 19.8488 9.18645 49.3356 5.17361 5.0358 42.6419 13.8147 4.53059 12.0719 17.5751 18.3562 0.198876 219.407
4601.61 10.3063 20.06 4.89549 10.1207 72.633 18.6323 37.5784 8.72811 40.7382 5.75938 27.6649 9.78043 31.5125 21.0308 17.2979 27.157 19.5765 11.611 18.0541 6.93964 12.5606 0.348877 226.391
4673.9 3.4755 2.992 18.0742 10.1207 4.46194 76.9381 40.5539 8.72811 40.7382 21.1843 31.5417 6.00172 28.9626 29.1314 14.929 17.9681 4.80573 10.8306 25.0081 10.5388 34.3137 0.179292 218.894
4667.54 3.99387 4.47941 18.8088 12.7746 6.61647 74.6002 41.0336 13.067 26.8023 34.7654 34.1546 18.7086 13.7128 18.5671 14.8975 19.1637 6.81696 5.49328 58.4051 21.6471 54.5523 0.0475481 221.517
4573.37 1.96591 1.41551 19.5225 35.0512 6.61647 74.6002 51.9517 18.6505 14.9124 29.3144 25.4326 4.24534 36.8702 22.5404 14.5455 4.21692 12.1033 22.4945 11.61 19.2214 3.74103 0.0520487 219.749
4532.92 4.61806 4.04149 28.6946 44.914 6.61647 66.3644 44.8002 9.86944 5.19655 40.9417 36.5662 6.18402 29.4461 24.4139 14.4342 13.621 9.15117 8.31757 19.7702 13.681 4.92882 0.0114916 218.624
4549.82 10.4819 3.32775 18.2216 40.5181 6.61647 66.3361 47.6552 13.4109 4.23428 40.9417 36.7064 5.29894 29.6154 21.4591 14.6629 29.2002 10.1827 16.3044 26.4573 14.2389 33.9828 0.0894593 223.019
4532.56 7.03921 4.89599 17.5347 46.0215 5.21648 73.1919 40.4196 15.209 10.34 34.4948 29.5688 5.81222 47.5367 12.2099 14.4472 11.7916 4.54006 32.8751 7.56835 28.8291 23.0155 0.00185583 218.476
4546.34 0.424574 12.1583 19.0815 36.6936 10.3845 71.6357 44.1515 17.7233 6.79864 33.2595 37.9925 1.20168 47.5367 6.42939 17.2058 2.39435 42.2298 23.0789 2.12134 1.99601 17.8561 0.00500169 220.526
4528.18 10.5758 9.77277 19.6839 25.6768 15.1687 73.7104 44.8486 27.4465 9.05704 10.5705 30.9308 5.31458 48.6059 16.6869 9.57611 1.05271 20.7401 7.43549 18.6331 19.9053 7.37282 0.0514438 223.247
4533.31 9.83754 11.6594 16.4415 27.3855 25.1917 56.8975 57.9922 6.29714 4.82488 23.1696 35.0307 17.3458 45.8158 12.5445 13.1513 1.13242 25.5872 8.20497 9.23727 39.2891 15.4783 0.0457712 220.676
4500.92 8.76722 7.91437 28.694 24.2584 25.2654 60.1651 57.2105 9.58688 19.0632 12.3052 29.0273 6.20294 54.3763 22.0025 12.0669 6.08317 24.5183 16.0453 3.50096 19.2944 32.4554 0.0662913 225.362
4670.67 12.8661 9.83945 4.34073 8.53639 30.051 68.1879 41.6641 5.86453 32.5621 4.57985 16.7692 35.6294 37.9656 12.691 28.0856 19.7983 17.0028 10.4466 20.3235 10.0833 16.5477 0.17674 227.86
4670.67 10.2283 2.28026 10.919 14.7486 30.051 48.2519 40.5813 9.17946 38.7152 11.409 22.7935 19.3881 59.9987 0.0882382 25.9592 14.2222 26.9721 1.691 5.53549 20.9529 4.70639 0.0797559 226.06
4670.67 10.6075 6.39521 5.25127 8.61152 26.301 65.5049 40.8448 25.4408 35.1893 13.8346 21.0639 30.8373 4.70171 25.1296 30.9655 10.4254 6.02988 24.2819 14.7645 12.5808 6.79909 0.184399 220.698
4670.67 11.3924 6.42734 6.38363 8.09608 26.301 65.5664 34.6537 23.5339 23.6733 40.0652 9.54533 21.0907 2.17556 32.4165 31.3723 4.67041 3.86356 25.0137 7.10746 7.213 2.01406 0.105151 218.65
4676.22 9.33896 6.42734 5.471 7.45328 26.2976 67.4026 35.0606 23.5235 22.8545 35.9636 10.1607 24.2974 17.5656 25.964 18.3693 16.1276 5.06813 18.623 11.6494 9.95497 2.50002 0.14542 215.195
4676.22 7.23354 7.20157 5.471 7.45328 27.2895 65.399 32.6061 24.6911 22.8545 35.9636 10.0919 29.36 10.253 36.3882 6.98891 46.4055 3.89571 15.2294 17.8533 12.2801 50.011 0.191729 221.239
4656.5 5.29638 9.57913 13.8696 9.63273 30.6731 59.7502 42.4657 18.6407 21.0953 25.8321 25.0778 16.4666 21.7295 27.9778 10.3163 38.4102 12.2729 0.197951 12.7682 26.9728 28.9053 0.0172757 216.627
4656.5 5.29638 6.67653 13.6684 11.2362 30.6731 60.8234 42.5757 23.2211 2.78581 31.8723 25.922 16.4666 22.3643 35.3103 4.79675 9.86648 34.9163 22.0125 18.4837 5.66705 12.8025 0.0176777 218.046
4615.4 4.52124 2.9179 30.2938 9.61246 9.8605 81.2054 32.095 28.9441 8.18429 40.5636 14.8982 5.92104 16.5669 19.279 42.9184 0.709226 36.6191 2.34226 17.7106 3.05805 5.71617 0.124852 226.016
4585.85 4.75151 3.07944 28.0149 16.5071 12.5158 66.4772 51.8279 20.3186 12.9781 36.7238 37.51 15.4766 19.7294 9.67665 17.537 1.92357 27.6768 27.7935 13.4163 7.08733 24.6389 0.0841728 222.358
4545.61 12.3679 0.385068 42.85 3.67841 29.142 67.7375 50.7549 2.21617 11.2432 22.3088 53.9511 19.5787 21.421 15.1932 5.57185 1.50838 4.75195 10.329 23.5253 4.27547 30.3563 0.0242817 226.964
4538.5 2.3721 3.22142 42.85 15.6325 26.9818 58.9495 50.6612 2.8212 19.536 39.3404 40.0022 2.63765 28.2743 10.9141 21.9196 1.86973 10.5879 16.4549 27.0751 24.0476 26.6517 0.0307882 220.121
4565.15 4.98652 0.701771 39.1208 15.6325 20.8491 56.4075 60.3466 6.77894 17.2438 34.8712 32.3738 7.58849 26.8801 19.7856 15.1088 12.0115 21.828 11.0312 0.874168 8.83477 55.6614 0.044317 222.49
4577.49 2.59244 2.33257 39.4438 14.7268 21.4814 51.0152 69.2027 2.0946 1.69761 45.2655 20.5274 19.2511 33.7138 26.751 19.9097 3.35226 23.9732 1.5819 6.16813 25.2081 12.4822 0.0197582 227.781
4572.88 12.5387 2.125 40.4501 2.05615 18.5288 31.5968 87.8759 5.94183 13.6454 45.1225 20.3412 19.9135 12.4269 15.6474 39.5582 14.7395 6.04964 29.1456 6.44803 17.2266 9.52759 0.0225802 226.289
4535.21 26.1729 2.43625 32.2879 2.05615 22.2153 23.201 80.0769 24.9012 22.4641 26.6175 25.5057 9.96205 12.7389 8.06862 41.437 18.8188 2.2841 20.5966 12.6052 0.605519 51.3879 0.0106201 227.962
4527.24 27.3264 6.04338 19.5377 15.208 37.0069 20.9359 80.0769 9.43562 15.203 30.9231 23.6358 14.38 28.5664 4.90312 28.2601 17.4307 12.0595 1.19129 6.61905 10.5354 15.0479 0.00413026 225.601
4582.73 9.95835 15.445 19.1464 20.1665 43.4896 29.1616 52.5019 11.6943 19.7781 18.7406 53.7217 0.803403 30.5139 12.2405 18.9738 33.0596 5.08618 14.1518 8.70291 10.3151 5.16287 0.0247833 219.354
4544.53 19.7597 18.27 16.0707 20.6787 39.0764 40.4904 44.6663 13.9498 21.3789 16.8276 48.472 0.803403 35.532 8.76049 13.771 16.4226 4.93943 23.4253 15.5152 22.4607 22.5406 0.0420867 221.663
4529.96 24.574 16.2692 11.9415 11.8234 35.9101 48.3755 45.0124 5.40192 32.7608 20.5568 33.6917 22.1334 31.6641 11.0365 28.6273 6.43421 5.00933 19.0726 14.573 13.4036 14.2939 0.0217016 216.266
4529.96 28.0287 12.7878 12.3817 11.8234 47.9481 57.4769 27.7255 5.40192 49.5378 11.725 37.3012 8.61397 25.6514 11.2001 8.36157 10.6294 5.18339 41.9852 17.9052 14.0758 19.667 0.0013401 219.09
4549.26 23.8664 16.497 5.5364 18.505 50.1114 33.8024 38.6959 5.40192 46.7475 13.0669 39.0112 8.61397 19.2815 12.2217 30.7782 26.4854 7.1146 5.37225 19.6016 29.2362 16.2885 0.00153492 219.707
4585.46 31.4241 5.50018 6.18042 12.8632 50.9398 33.8024 35.8057 6.68278 46.0509 21.0095 22.3256 5.28657 27.5877 22.7713 29.6515 18.6577 9.34571 11.4089 16.8888 31.8378 14.5947 0.000883203 217.63
4583.1 29.4474 7.19402 5.0954 14.2505 53.1581 32.7332 44.8267 11.9935 26.3009 33.8668 23.5684 26.0069 15.8266 9.84302 31.7107 8.44982 10.3022 16.4339 0.712665 18.2969 33.8197 0.0292556 220.023
4604.64 24.1158 7.58514 6.68678 12.7132 54.2931 32.7332 35.1641 31.1931 2.19669 26.8449 19.3828 26.0069 16.5122 34.2877 13.6386 12.1092 10.5703 17.3761 15.3037 21.043 18.6459 0.0093128 219.933
4604.07 19.6233 10.6286 6.75144 14.7374 53.991 31.4622 33.7162 28.9623 15.7356 37.0839 12.4159 28.0243 20.4209 23.4059 9.20369 9.65573 12.0555 30.7014 9.71343 21.0615 25.4877 0.0195219 214.402
4607.56 17.9424 8.78495 8.39747 9.553 61.3326 31.4622 27.8285 24.5577 14.3642 36.7529 32.1031 27.9115 20.6174 16.816 7.14826 3.34146 15.3891 33.2195 17.2068 11.2801 13.6743 0.00917143 217.369
4614.76 18.3221 6.17098 8.60574 10.4016 57.5473 52.5008 14.1157 18.2396 16.4824 39.3904 40.768 17.6792 18.0795 10.7939 26.5177 2.95846 18.5223 28.0447 16.8092 2.37009 17.4385 0.0151089 218.139
4596.62 17.4482 8.75645 15.69 7.75507 57.5473 61.2998 8.47006 22.155 13.507 33.0687 25.5462 15.411 29.2326 20.0585 23.3106 6.46804 8.04034 18.9951 21.814 7.27903 0.187798 0.0421826 214.946
4613.23 20.3747 2.46834 17.2326 6.55639 56.5617 58.7659 20.281 6.82877 21.6741 45.6567 7.99079 31.1405 12.7006 23.9172 19.1883 7.47253 6.46711 45.5883 15.4356 8.05744 12.1639 0.0189727 216.678
4613.23 19.8833 3.53648 17.1554 6.8553 57.0186 57.8989 25.5592 7.33011 21.9603 40.6303 1.27513 31.1405 14.1419 34.8388 6.49496 24.6445 9.58978 2.53991 18.4071 29.2304 4.65345 0.00113141 213.867
4613.23 20.8408 2.9979 17.1554 9.26505 58.0512 50.3784 24.1018 8.75908 23.8058 45.1365 6.02725 27.23 3.90743 34.0728 20.3488 10.7971 8.21203 6.71539 44.583 10.2679 8.64211 0.00178566 216.931
4620.69 15.0387 4.69849 17.2127 4.7988 52.9437 47.0441 36.7589 14.0744 25.289 27.8962 16.262 37.1925 5.91844 25.224 18.272 12.3982 9.68528 7.19393 11.558 7.85573 12.0175 0.0569978 216.121
4620.69 13.4354 12.9887 9.90149 3.48595 51.1875 37.0147 49.7562 16.2075 18.8082 14.4564 35.8117 22.2497 8.35952 37.429 14.6237 3.86709 8.69217 16.2933 59.2025 20.2752 50.522 0.0845405 225.691
4620.69 13.4354 11.4424 11.458 9.94758 52.5607 25.3755 63.2174 16.6513 10.3763 10.4941 54.7153 14.992 10.6747 25.5336 14.8921 18.6803 10.0604 15.5088 18.238 6.84854 26.9571 0.0352848 219.389
4620.69 11.826 13.9197 11.2159 8.97729 67.1797 34.4093 20.3402 36.1552 14.8837 11.6596 54.805 13.3042 14.0046 22.8189 8.59381 2.47504 21.685 3.31745 23.8065 17.1419 50.0033 0.0343819 219
4618.07 3.41473 9.79323 24.7573 7.94329 70.8485 35.4707 21.1167 21.7164 20.6269 12.8711 49.1362 7.48419 19.9819 27.3905 12.4766 22.5264 27.8412 2.39792 5.87521 22.1227 46.0837 0.0808082 220.455
4592.16 0.441877 5.51069 26.9158 12.3568 70.8485 25.4363 25.5839 33.5584 20.7251 24.0851 50.9252 7.48419 7.07819 23.2655 15.9196 15.8998 41.3248 5.35868 2.20907 19.3291 57.3845 0.0813701 222.425
4571.23 3.41488 5.79892 24.8334 12.3568 71.7013 24.3201 26.7019 39.9861 9.35529 23.8279 46.8289 27.7381 4.20677 15.0043 28.0659 8.32205 24.7287 5.43094 7.57328 20.8379 35.7968 0.103833 221.26
4587.45 3.2869 7.8546 27.088 12.3568 71.1009 11.9238 29.8368 46.3043 1.86416 22.314 47.5196 1.86807 6.0187 23.671 34.3386 6.23586 37.3299 13.7857 4.56966 25.322 16.3355 0.10367 228.568
4616.21 4.6902 5.23078 16.9967 20.887 83.3588 3.70505 31.2081 51.4867 0.886409 23.5605 52.0161 8.51822 10.936 13.0521 27.4018 3.46205 25.8707 6.0586 5.97555 25.5783 8.49594 0.0458476 222.29
4612.79 5.08746 1.56694 17.4295 20.887 83.3588 3.70505 39.6195 45.142 1.58894 24.3578 50.8227 15.9115 5.21217 15.4176 8.22375 7.64976 49.3371 3.81941 0.211626 35.7786 21.2492 0.0470748 225.432
4580.21 2.22724 8.32546 17.2581 25.1807 83.333 5.07051 35.4301 36.2068 2.17387 11.1505 62.6863 20.2514 5.51182 15.2536 28.6674 15.2128 25.3153 35.8733 2.95482 25.2321 54.3272 0.00576743 225.181
4580.21 3.05468 11.3721 15.6886 28.8346 83.333 5.07051 31.9008 30.4513 12.9403 19.0681 51.4741 13.2768 15.6747 21.5681 10.7283 18.9793 4.07472 22.4852 3.44894 30.1417 13.9437 0.00142144 216.326
4571.42 8.19996 10.001 6.97305 28.8346 83.333 11.2988 34.8215 30.4012 9.84443 20.2975 47.605 11.4735 24.047 20.252 14.9787 3.42025 13.628 41.8202 0.201288 3.85463 4.28289 0.0264634 217.893
4567.19 7.17023 10.3183 9.78484 28.8346 83.333 6.05241 34.74 28.9879 18.2295 16.0215 47.605 11.1941 21.5187 18.9302 6.9607 5.91716 6.7451 35.6471 6.0294 16.6636 25.996 0.0147344 216.81
4553.5 10.8535 15.3793 6.51017 28.8346 79.2947 6.19822 34.8216 25.0092 27.5832 18.4919 47.6457 11.985 18.7655 16.7942 13.8611 13.092 15.2159 3.43428 22.2944 2.81588 16.7168 0.000290495 214.836
4546.63 10.934 18.9895 0.28093 28.7205 84.6863 6.34317 31.9299 28.7375 23.8132 20.9052 43.1006 6.87657 12.0773 32.5761 3.37857 9.05612 35.6792 27.9149 0.467994 18.5564 20.7633 0.000290495 217.88
4596.4 9.27753 13.3517 0.28093 29.3133 84.6863 6.0432 30.142 26.7168 24.2159 19.8934 44.3319 3.79341 16.4488 26.835 4.24132 12.6943 11.1286 31.7271 12.6194 15.0933 14.6593 0.00134054 217.86
4650.86 6.47781 14.8758 3.06672 34.6207 60.3789 12.4547 30.6825 17.8306 24.2159 19.9205 47.7126 1.51435 11.3546 46.6506 14.2514 29.0297 3.1295 25.734 7.04113 2.32125 11.6598 0.00134054 218.161
4613.59 3.45084 12.5078 1.85011 34.2738 58.7368 27.0692 42.8712 12.089 32.0173 9.84646 46.3562 5.20265 22.1453 29.689 23.1128 14.8684 1.79214 22.5352 3.57204 6.2922 1.46567 0.0256794 220.778
4608.05 3.10914 23.4825 4.45603 33.7452 58.5248 25.0425 41.769 3.18749 36.7004 8.7547 42.7634 16.302 18.5336 6.52686 23.8097 7.99153 13.5559 29.1226 4.11082 12.0472 49.0055 0.0619438 226.102
4471.63 8.1702 21.7318 8.1658 37.961 56.8307 36.996 35.3824 28.8547 36.2945 6.1345 21.7218 27.9006 22.8384 3.98261 26.7629 9.90527 1.28246 37.9992 16.3993 24.7206 5.92715 0.00249311 220.665
4501.94 10.2315 19.3932 8.62187 37.0053 57.8034 27.9038 32.5577 34.9947 37.961 8.72631 11.6728 27.5835 25.2375 16.8572 21.6306 14.4398 4.96562 6.73632 20.33 48.0664 32.517 0.00135866 218.089
4501.94 10.4958 15.7072 12.068 37.0053 57.3608 27.6759 32.4007 24.1571 41.2007 14.4135 11.6728 27.5835 25.6344 16.7816 32.7935 19.9244 2.30138 14.9 20.9098 1.96399 30.5646 0.0133881 223.56
4467.96 11.5926 16.2539 13.2065 48.3719 61.1401 11.5811 42.6673 16.5718 37.6392 13.3508 18.1518 30.4742 35.2457 9.02012 6.46161 34.0641 5.06969 18.2871 13.9775 4.91337 20.9758 0.0133881 222.759
4551.65 3.51889 2.75416 27.7159 56.4427 48.972 11.5811 24.5379 26.9739 37.5037 27.1617 19.6562 26.8606 13.0921 21.1861 0.664906 23.4496 7.38237 7.25162 17.491 11.9796 34.4608 0.0236048 224.606
4555.51 0.66156 3.31976 19.996 56.4427 52.4768 11.5811 33.338 28.9185 19.516 35.0079 21.3922 20.384 9.06539 34.5823 17.5581 9.46006 5.1123 20.358 31.417 14.3324 28.3981 0.0707858 221.08
4595.5 4.64297 5.98853 12.877 47.0531 62.0286 15.6263 32.1769 9.95158 24.8335 33.8923 35.0588 13.3521 14.968 24.6865 6.84161 21.7063 18.6473 14.8313 9.62932 6.67207 29.9452 0.00240948 217.365
4624.03 1.38996 5.98853 15.8641 25.9153 62.0286 29.3876 49.3837 1.72063 26.9775 22.9281 45.0891 14.4212 1.31202 21.7662 26.1797 24.6861 6.95074 3.63544 22.4171 5.24595 20.9956 0.00240948 221.24
4639.29 4.61776 11.8067 20.7413 29.9687 37.046 35.2243 34.9498 14.802 22.8849 21.8039 54.1928 2.83079 5.75528 21.5857 21.0872 34.3548 18.4389 2.11932 15.794 6.30701 2.38126 0.00233492 219.156
4580.81 2.94124 11.8067 5.6175 38.3537 34.6542 47.5516 36.577 12.1762 20.5754 25.8155 49.9042 7.17433 26.112 18.0563 23.9765 5.82866 8.03273 33.6358 23.6401 1.90602 5.16825 0.0293696 220.437
4695.94 3.6193 9.58889 3.89034 42.5977 36.7105 40.0676 34.7071 1.76336 29.3701 21.8187 37.2472 2.18835 13.3653 26.4277 32.8801 10.5035 28.776 20.9627 13.6388 6.4066 13.556 0.120571 225.237
4695.94 6.84599 3.47957 3.89034 33.3309 36.7938 44.8964 39.6142 9.02358 21.6626 39.7259 8.65615 36.8494 11.8971 17.2544 6.83442 4.96269 21.3369 33.0812 31.2847 4.24123 9.42688 0.0528324 219.583
4690.55 7.67832 3.47957 8.10648 34.2216 45.1159 17.1446 39.138 19.5967 10.7386 51.6583 18.3249 54.0027 11.4956 4.57594 7.23402 2.15824 3.1863 1.73128 40.0495 36.7753 14.588 0.0211514 226.101
4690.55 4.81698 3.47957 6.46974 34.1204 46.559 14.5636 40.3061 26.0547 3.52775 52.0759 36.2316 0.0837914 13.2491 6.63292 29.7805 43.4393 11.9611 7.47339 12.6335 4.60592 16.3236 0.102298 227.945
4702.13 4.04109 1.4914 10.9617 34.1204 38.5711 14.5636 36.5199 22.2607 9.56973 44.6628 36.2316 7.70459 37.0566 22.8327 4.99892 44.9758 15.8959 4.85165 8.5312 5.46827 13.1892 0.0620742 229.22
4659.79 10.2509 1.4914 2.2471 21.265 51.0563 45.2888 34.8092 28.3336 10.7754 20.1702 37.5337 2.82871 26.9777 32.2148 21.0191 3.32585 16.6023 16.8011 10.9834 22.7791 19.127 0.0539019 219.091
4622.44 8.84307 19.6372 7.93013 25.8231 58.1051 25.601 27.924 26.7212 18.1888 14.0728 46.6277 4.2455 15.4971 31.9316 14.6736 21.9854 4.16035 33.045 10.2947 2.82015 19.5008 0.0265858 218.222
4600.84 4.54566 13.1639 8.40103 26.8147 58.1051 24.4374 34.8612 24.5881 36.7773 12.4104 42.8777 19.8976 8.82979 21.1031 23.7666 6.95991 27.5793 1.55046 31.1324 15.5997 8.84386 0.0187268 221.853
4525.22 4.54566 11.2553 8.96741 47.7398 58.1051 14.2271 58.1742 3.51496 31.7527 21.0642 37.3708 24.1429 10.4114 14.8 21.8975 7.31609 5.92312 18.2529 17.8299 18.5889 38.7507 0.0162158 219.918
4515.91 10.0402 11.2553 5.16602 47.7398 57.0475 14.2271 58.7616 0.229153 32.4229 31.3109 26.3386 7.5784 19.6462 31.1238 22.3915 5.20733 8.97569 33.1141 19.1227 1.33014 25.5194 0.000344251 219.126
4452.73 6.18206 21.3974 7.35029 47.7541 57.0475 14.9542 58.4151 7.90917 30.6655 30.9971 17.6413 11.6394 36.4304 18.959 24.4435 8.10053 15.0442 16.3135 16.5031 26.7478 26.5621 0.00593428 221.911
4449.19 8.07821 18.8188 22.3033 47.7541 61.2792 14.9542 29.9474 21.8858 24.3325 31.0392 35.7143 4.46505 28.2557 17.5217 10.4142 8.66817 26.3623 18.4069 34.0667 3.11245 19.9867 0.0393274 220.892
4470.94 4.51957 15.2008 15.5376 47.7541 61.2792 19.0883 34.7756 18.4423 31.3206 28.9427 35.5077 3.8521 16.811 28.9506 3.11717 10.2677 9.85896 43.3031 11.8063 14.2467 10.3693 0.0550434 220.13
4497.08 9.43 17.2112 2.70862 39.4643 72.0693 18.981 35.9424 22.4025 17.3429 26.2476 46.848 12.7867 11.6215 22.1465 5.66062 7.3375 8.33127 43.3421 3.6997 15.8099 10.7822 0.040617 219.049
4498.09 11.3448 6.71809 3.60532 52.2506 72.0693 18.9763 37.0559 19.6487 21.7494 21.2528 46.9506 13.6594 7.90739 22.6053 5.76526 6.25267 4.92129 21.4784 31.4888 40.6163 23.9868 0.00548188 219.675
4523.71 4.61044 7.03824 2.01167 53.2958 72.0693 18.7271 37.2767 20.7436 27.1991 18.708 40.586 18.1451 5.921 32.3588 3.18343 4.95687 22.3602 17.8873 13.8893 33.9565 12.5757 0.00548188 218.791
4547.62 2.26004 7.03824 0.937598 53.2958 70.2667 21.0368 30.9154 19.8096 21.4762 22.3244 36.1505 27.4241 8.85352 22.7612 16.5818 29.7448 6.96522 17.3931 10.0324 23.4115 16.8677 2.50982e-05 214.714
4558.06 6.66033 7.03824 0.866503 53.2958 70.2667 21.1397 27.1821 21.6772 8.96333 23.619 46.6566 33.1834 2.39255 17.3518 13.0028 29.2869 17.8584 12.0633 20.4216 35.4933 26.9676 0.0516599 224.895
4543.19 9.25036 12.2602 1.71118 53.2958 52.0706 30.5678 14.5244 27.3112 23.181 26.5205 44.7932 11.2911 7.19979 36.6798 4.70311 14.5567 17.1436 11.7084 12.0809 17.2515 26.5045 0.140402 220.022
4603.55 5.8076 8.82678 2.38139 49.4137 60.1088 13.2366 31.1745 31.3819 18.6733 28.8336 44.6263 7.04444 12.2641 20.6755 13.0153 10.3143 23.5607 5.77183 6.68204 4.2455 26.392 0.0241977 219.692
4536.06 6.41891 12.2998 5.20825 48.7978 61.5837 12.9483 36.7881 26.9436 12.7236 33.5439 44.373 26.9947 3.7966 18.4858 4.81639 30.8947 6.49395 25.5156 7.59349 4.74047 2.75232 0.00329266 217.15
4482.92 14.4973 7.35447 5.58583 48.7978 58.5492 24.2736 36.7881 20.9884 12.7236 38.0755 45.7224 23.134 1.08022 19.6668 19.2692 21.0431 9.57626 21.4154 6.49454 12.1645 30.3305 0.100596 219.143
4459.41 12.5415 14.6821 17.2194 30.2748 61.9287 34.7111 32.2091 15.7133 23.3003 32.445 36.6258 12.1192 20.1635 3.68867 44.5876 11.5167 13.0985 22.7022 5.54188 11.2348 17.8274 0.097771 220.447
4467.25 36.0116 16.7843 13.5991 23.8588 63.6825 12.4927 23.9945 37.2056 23.9994 32.096 16.1845 6.62137 15.8681 41.3266 30.4627 7.30092 14.114 30.221 3.75015 6.9908 8.10594 0.129671 222.046
4436.16 38.9535 20.3272 13.5991 23.9975 68.7054 12.4927 24.5331 39.6043 26.2724 28.0344 6.87194 5.63986 24.346 40.8624 0.733594 7.66134 28.9034 23.1794 10.4951 5.69155 22.4946 0.121028 223.782
4466.21 31.5436 22.2488 12.7946 25.2015 62.717 19.3777 23.2518 39.4013 5.67522 31.9365 10.8768 25.2602 22.2975 40.8659 12.6135 9.05771 19.2817 29.6709 6.12 21.7673 11.1539 0.0670009 223.768
4461.17 30.2082 21.9456 15.7959 24.1856 64.6899 23.732 19.239 30.5495 13.5879 36.4232 20.757 10.9201 22.6991 34.0337 22.426 4.4191 30.0604 11.1554 2.15312 32.2882 15.7929 0.0035272 220.674
4458.21 25.6478 18.1932 24.4507 9.48724 64.6899 33.3702 32.5576 29.1711 17.0262 34.1104 7.18713 13.6251 34.6351 19.7874 13.9196 20.0856 19.3888 6.41694 20.4334 30.4405 29.48 0.00972773 220.734
4450.01 26.7455 21.5327 24.3611 7.9647 64.6573 29.9882 25.3957 43.5226 8.19231 38.0007 9.31409 4.19459 32.624 41.15 11.2993 24.2339 13.7497 2.58647 12.2854 22.1648 35.1909 0.0149351 222.623
4458.22 23.1467 21.7701 24.9257 7.64878 64.6573 32.2808 24.9942 32.976 10.7219 42.3175 11.1187 2.6537 37.1511 27.8285 14.4516 7.41951 32.1603 10.973 3.81068 26.5927 24.0817 0.01631 217.723
4451.08 26.5695 19.3077 27.3573 5.63225 73.4107 28.0836 19.6751 36.1722 15.2178 38.537 2.15109 12.4787 33.9733 34.3993 21.1462 7.41951 31.8383 3.77326 15.0546 22.1116 2.52508 0.0234492 220.598
4486.9 30.605 16.2693 20.8645 2.37324 55.3125 47.856 16.8678 32.2473 26.4525 34.9711 5.22848 4.04772 41.3292 21.1491 28.3342 8.66234 10.8989 10.1706 25.0135 10.5721 23.4472 0.1439 222.576
4478.1 22.1054 19.277 29.2298 0.779058 59.7047 52.857 1.08159 31.1236 22.0453 45.3561 5.22848 11.7062 29.446 22.4391 15.0325 15.3446 16.6401 21.2076 14.5581 61.2754 8.67313 0.0918196 227.643
4462.75 20.1369 20.1273 37.5018 1.28918 59.7047 57.5212 0.456375 29.9596 8.66297 55.7717 13.9443 7.69492 11.8073 36.9343 20.8639 12.7589 11.2726 14.7354 13.2466 17.8799 51.4668 0.0855279 224.527
4474.56 21.0202 14.2054 35.5303 1.28918 59.9647 58.394 2.30084 32.071 3.22128 38.9666 18.3945 37.6705 12.4248 29.1719 12.0127 10.4272 27.1781 39.7859 7.65727 2.32186 37.4297 0.0796819 225.01
4474.56 22.5078 13.5237 34.577 3.50382 50.79 58.0789 13.9162 51.2482 4.1398 29.9619 13.1956 25.3948 15.7979 27.9293 7.33096 9.74624 13.7652 18.7623 4.07996 31.0717 22.1593 0.0708357 221.409
4478.16 17.7773 13.6564 34.577 8.86851 40.4443 67.6272 8.92151 37.6258 6.41893 49.6391 8.34151 13.1709 21.9432 24.1086 43.6172 1.6217 0.630648 20.9079 15.7402 9.7503 34.0054 0.0633788 228.899
4470.64 2.23732 17.1333 37.817 18.6375 39.1785 68.0703 10.3529 40.2683 2.95962 47.8866 16.657 37.1406 3.62106 23.6228 26.2323 20.0135 7.12175 5.1574 18.1807 2.29187 43.9905 0.051554 226.032
4470.52 2.81044 16.9716 37.817 24.6707 38.0867 59.8854 19.7637 26.0849 10.0467 48.2906 10.5655 25.5921 4.9639 35.2866 11.0616 15.8695 10.8401 29.9512 28.5426 10.1943 8.83933 0.0293462 220.593
4460.86 5.64813 17.0111 23.6347 29.106 52.7902 44.1604 16.352 36.1016 16.9767 50.7439 15.3013 23.8727 13.7018 21.1645 13.1307 9.94521 16.4843 32.7858 12.765 10.1709 8.31613 0.0197429 219.594
4506.18 3.00147 17.0846 18.401 28.5635 37.1338 60.4333 17.031 34.0211 11.5436 50.1533 5.22248 18.1643 46.1252 7.18507 26.8679 11.7596 14.9103 21.8514 9.91479 3.42248 6.42644 0.0543418 220.606
4533.99 8.12313 17.6373 15.3993 30.3167 37.1338 51.0401 12.844 37.6853 8.28982 54.4418 20.792 15.9674 18.372 7.55103 22.8949 41.1625 2.58249 43.4937 23.5073 11.4588 2.28403 0.0856095 230.421
4532.64 9.11223 9.11484 19.6694 22.572 40.0507 56.2637 9.19239 42.9823 9.26924 54.865 20.8446 16.8399 30.1216 13.3974 1.97409 2.82081 16.568 34.049 29.3557 16.0032 25.4367 0.076108 221.435
4561.57 3.42575 8.3501 16.8504 20.1729 63.7107 50.7071 24.9798 15.906 8.55247 34.6828 21.4083 30.706 30.9203 16.6057 6.09851 5.18187 5.81136 2.80922 33.4584 45.703 1.06762 0.0989604 219.694
4547.69 2.57738 11.9547 19.8313 17.9802 71.3508 41.497 23.7123 1.23349 22.9174 29.2276 26.9042 35.3423 33.0014 9.68136 14.7269 15.4769 16.0297 8.10151 33.2071 24.8772 19.5571 0.0899725 224.93
4528.51 22.5717 13.6502 21.7484 2.2385 61.1674 45.1865 28.5731 2.74058 33.6462 34.6434 21.5271 12.8879 40.8852 10.207 12.1829 28.8406 5.50039 32.5254 24.4609 27.6466 5.89352 0.114215 220.457
4544.73 28.3843 14.9414 13.0907 1.71554 68.6158 40.6631 31.9742 6.78677 14.2467 35.4466 23.1908 20.8491 22.2384 27.8592 5.91513 2.17912 4.82105 19.3103 18.8756 51.1297 30.8672 0.0566576 220.149
4542.06 21.0887 18.9384 9.12596 10.9686 68.6158 33.5842 18.4758 11.0762 21.7665 59.021 20.9787 5.59967 21.4016 28.4642 10.4139 11.1014 8.04424 10.0847 13.3537 19.8037 26.1244 0.067097 219.734
4602.37 4.41592 28.8464 9.08329 8.62723 68.6158 35.6997 17.6363 15.1107 23.2683 59.021 11.919 3.86409 8.90691 29.1944 31.062 11.1233 16.9599 18.5996 8.00171 61.2023 12.9381 0.0714846 227.043
4526.6 14.7542 31.01 9.73891 8.62723 48.4129 47.6035 21.166 15.4195 15.5451 60.6464 6.21987 21.1488 22.6533 28.7893 10.3736 5.48603 10.9894 16.5135 19.5091 32.6036 14.6512 0.0656224 219.866
4595.97 16.796 5.56775 19.6726 6.63287 61.9741 51.6411 15.4457 5.31282 2.65749 71.4783 11.2416 20.9078 3.40999 31.465 20.1446 5.45432 22.5238 6.62935 24.2666 24.4278 37.8429 0.0500199 221.521
4605.94 11.3897 12.2461 17.8572 17.7771 60.2776 39.1118 15.4457 4.27306 2.91882 75.2135 13.6628 20.9078 12.532 33.9174 15.6644 18.4779 3.02917 9.33301 29.3861 21.8146 10.2746 0.0262576 219.075
4606.74 14.9298 6.11514 12.165 17.2334 68.7106 39.0082 20.7742 22.0993 10.5317 44.3341 13.6628 25.5926 11.5621 30.6465 11.5619 6.39467 5.19262 9.33301 41.4203 21.3407 10.4513 0.0307158 218.331
4458.16 12.2945 7.71468 34.8339 18.1334 69.9983 38.2097 23.709 21.2748 5.15895 41.0977 14.9933 19.1198 29.2838 31.6563 8.52686 7.00304 4.20782 4.64849 37.2492 25.5266 21.5302 0.0501379 221.144
4475.64 9.25272 18.8447 24.2636 18.1334 69.9983 33.6192 42.6694 14.1875 6.33358 38.6798 36.7844 15.0246 2.88434 34.5757 13.9597 16.3046 18.7914 3.27317 39.2384 9.73215 7.01098 0.00758923 223.015
4536.19 6.11189 2.11333 20.4451 38.2695 65.6637 36.0178 31.3412 7.66751 6.33358 44.1942 37.1978 14.5283 2.88434 37.9004 1.67696 51.5185 15.9413 1.5348 8.35237 29.6558 25.3446 0.019128 220.945
4517.66 4.36508 17.2797 21.0955 44.4447 54.9926 32.0175 20.4646 15.381 2.68123 56.6576 38.2042 4.4121 9.96124 23.7077 22.359 31.8271 19.1831 8.14398 6.93793 13.9555 0.452556 0.0113303 225.154
4506.21 10.2513 7.7444 27.9631 41.7023 43.5456 46.5507 30.4967 16.4028 7.53494 27.0414 40.2963 13.7693 1.62921 36.2267 20.8305 34.8427 37.8012 18.1031 5.23683 3.0321 20.7843 0.00219707 226.282
4517.06 7.68387 11.1761 26.6223 46.3628 6.47858 64.7616 22.8471 35.0682 8.55358 21.5581 41.9888 12.8186 28.5456 9.86135 18.2254 23.1391 23.2616 26.9667 1.03337 4.1451 6.06632 0.00267126 223.752
4549.83 6.52956 12.7096 13.3273 51.2562 17.453 54.9589 22.8097 44.2326 8.55358 26.9126 41.9721 8.56218 23.5585 26.1844 6.96773 11.0693 15.6867 14.2441 8.87851 31.354 44.4149 0.000223198 222.163
4544.72 9.75921 7.98548 12.1985 72.9212 6.73774 44.9953 34.6027 27.9818 12.8015 29.039 34.4335 27.4824 10.6931 10.9439 6.36108 20.4351 5.18002 25.6727 8.61431 33.6402 35.2577 0.0649526 225.936
4551.21 1.14161 20.8427 2.50911 72.1572 5.57846 47.8627 34.5883 21.5429 25.2119 21.4925 43.276 16.1522 13.9212 18.6231 4.27974 0.884142 30.2846 15.5134 8.46258 41.2476 28.8831 0.00118639 221.524
4544.08 2.46963 22.9913 4.65984 59.0966 10.3885 50.3043 34.272 21.5978 43.7871 12.3727 21.7611 12.9678 20.1311 31.2092 19.207 6.65415 28.5631 44.642 2.01932 19.2193 10.1635 0.000881514 221.833
4590.71 1.09395 22.8312 2.88681 48.1772 25.7645 38.9342 35.1968 13.3391 33.0323 11.4368 31.5155 28.3454 19.4805 29.2729 11.0003 8.3749 17.4356 9.03181 17.4822 30.7717 10.7974 0.0453542 221.132
4589.8 3.9747 32.9024 2.65208 50.1594 17.2324 33.9326 38.4053 18.7928 26.1348 15.6246 36.891 7.16037 27.2521 30.8884 12.0177 3.77779 18.2667 17.3534 26.6959 1.51634 15.5061 0.0313508 219.723
4591.11 2.94511 29.4275 2.65208 50.1594 18.7696 37.5051 40.2513 17.1623 25.8923 24.6673 32.717 7.16037 23.7108 26.3178 8.43414 6.16131 6.22519 1.69549 45.76 30.4993 6.70484 0.055075 218.282
4584.22 11.2537 24.4949 1.9806 50.1594 15.9354 48.9587 35.5907 12.4613 22.7483 16.7693 35.4968 14.8975 17.3711 32.1703 26.3076 2.54419 3.47111 17.193 20.8896 7.89344 14.5867 0.105836 221.878
4587.91 5.11022 23.1165 3.51568 42.1778 13.9775 52.7816 40.135 25.809 18.1971 3.72157 52.8086 7.30341 19.5901 30.9915 9.28866 45.0974 23.1473 11.1966 8.02149 10.7759 0.511227 0.150766 225.081
4573.06 10.8288 20.0524 6.75248 41.1748 11.9173 56.2226 29.7865 26.7954 26.6217 11.6285 47.7373 20.0802 15.7911 22.7759 2.97166 40.7339 7.55222 3.86547 12.6678 7.39759 0.820773 0.0962877 220.049
4586.14 12.5202 20.0294 2.78469 38.7858 11.9173 56.0648 20.8677 45.0791 40.9544 5.18087 22.8023 21.4828 22.8472 20.7029 4.11397 13.1954 6.98486 18.5587 13.5873 32.1248 4.40899 0.21107 220.68
4591.08 16.0574 16.6076 1.07153 36.4126 11.8 68.2852 25.5078 43.9589 29.8068 5.18087 19.1034 12.4813 28.7078 21.6905 10.2616 57.4744 0.354871 13.9846 12.2135 39.604 5.64121 0.176539 229.928
4601.08 9.51947 23.337 0.54006 37.9167 27.4203 67.2908 6.41326 35.5746 14.4731 21.5608 21.4107 25.4535 29.0296 9.65923 0.436644 63.4289 8.54088 4.04241 10.6005 20.3661 1.5133 0.157598 226.934
4603.62 4.78414 26.2834 4.11562 40.6726 13.411 75.6664 4.83411 39.8297 12.4257 17.5432 30.3971 14.7871 25.1706 20.4028 19.1972 27.4624 15.6432 31.0696 19.747 3.58183 7.09659 0.0943498 222.426
4619.67 7.36811 23.7913 7.0631 29.1076 13.411 76.0433 23.5641 27.2356 10.2852 27.6501 43.0233 18.4364 5.36921 18.4612 19.0878 6.98364 23.6318 10.0299 23.2771 1.46389 10.2999 0.0280362 220.276
4600.07 5.19811 20.0211 13.4457 28.9286 30.2985 61.9607 20.998 27.1788 17.1875 28.4426 30.8483 17.5356 18.5842 18.6587 11.4221 5.67115 35.1321 16.7166 21.0306 2.13663 5.96245 0.030088 219.123
4591.22 4.00928 29.7012 11.9602 24.6856 26.4081 49.2198 20.5042 28.1906 14.3428 28.8085 39.1717 13.6669 25.5432 19.669 20.7165 8.69307 39.0508 18.2499 0.731543 17.4006 11.8605 0.162325 224.616
4542.8 26.6674 8.58091 12.6637 35.2808 30.0988 58.5894 20.1614 17.7876 5.08994 43.1543 39.5606 13.5954 24.7525 3.55915 17.0759 7.29102 2.87977 7.12861 24.0568 28.1267 30.7231 0.0900489 222.555
4567.57 23.5295 10.5046 12.589 26.0176 30.0988 59.2788 16.9923 25.7111 4.87425 40.8906 39.4906 15.0001 21.3436 10.8389 22.6176 9.32818 4.31467 12.6526 31.0534 23.451 19.4129 0.190392 220.523
4560.13 29.94 8.21119 6.90437 27.3091 38.3957 69.9084 7.06101 26.8318 4.00328 29.2921 41.4227 25.0524 4.90812 5.30234 31.64 10.9664 7.90845 6.77946 26.6543 36.8228 10.0695 0.0524234 224.393
4560.23 28.0048 9.22063 9.74676 23.2106 39.8425 55.7294 11.6671 27.7977 13.0645 42.4296 42.7496 15.9296 16.4054 6.7664 17.633 3.13579 7.05323 14.9455 23.8495 32.804 4.05984 0.0663497 222.219
4569.69 30.6993 12.0158 5.60437 29.8139 29.1111 61.3748 8.22972 27.6555 7.58264 47.3063 26.495 27.5612 3.39786 31.5974 10.1315 13.9401 3.99566 25.1484 13.6311 18.771 6.85373 0.0222543 218.258
4599.97 31.6396 10.587 4.06925 6.99028 29.422 58.7512 35.7413 29.9438 8.89661 37.2708 21.333 44.0285 1.65118 22.7967 4.49535 21.4263 26.9534 22.6944 10.2392 11.719 12.6032 0.153968 220.633
4601.7 29.547 11.3801 3.46134 6.22864 32.4732 49.4182 41.3291 31.7214 12.3205 27.5829 12.9978 21.5588 6.36652 53.6678 14.2701 8.53797 24.4768 13.2064 12.1546 14.3489 22.7673 0.0112419 218.44
4598.96 35.4376 6.88565 3.46072 3.92182 37.6838 42.8774 39.7455 49.1652 16.6861 20.4811 9.60596 23.7158 5.72528 45.0841 13.9429 3.96343 4.90807 14.2579 20.9604 7.59398 35.563 0.00184055 223.525
4617.17 29.324 3.0224 6.8279 11.6584 37.6838 53.1214 32.0961 33.3397 9.57592 24.8847 27.15 16.4633 10.6983 39.0885 14.2318 2.03558 9.66027 5.39002 24.3124 46.941 5.27165 0.00154932 215.696
4600.65 29.324 3.0224 13.2911 4.89231 28.5094 55.7162 30.4673 36.6789 16.2376 24.3835 37.2946 17.281 3.50749 41.8024 19.5917 6.14193 2.69384 26.8148 19.5215 3.99025 15.4959 0.0211908 222.688
4551.92 30.6948 2.47059 14.5844 19.4526 23.4622 61.1077 27.5803 35.3696 14.8774 24.0749 22.973 22.7239 20.675 12.4859 35.5275 13.3911 0.242413 24.6026 6.2737 5.48761 11.0801 0.00291346 220.398
4523.96 17.5778 16.0511 13.9718 16.7813 32.0904 61.6488 27.5803 28.0018 25.7494 21.7186 38.2059 23.8973 14.5955 10.3292 25.2072 5.321 29.3514 13.3574 7.12048 5.55007 19.4059 0.00213741 216.309
4505.56 24.0917 17.4721 14.7314 19.7687 27.9758 62.0203 23.03 24.6747 23.9575 17.2181 44.6694 23.8947 20.8913 12.1484 22.6824 6.91611 11.2655 10.6702 13.5435 3.97368 25.3656 0.01075 221.694
4525.06 24.8176 15.2294 14.2922 9.28184 29.2619 59.7647 33.9524 26.4805 24.4949 28.6167 32.5164 23.9163 15.5697 5.75826 8.23416 14.9863 11.8925 2.13801 48.1824 7.16219 7.69178 0.00857025 217.929
4495.56 31.831 13.3677 5.16014 18.5349 12.2444 75.1304 35.5464 25.6416 22.244 30.7274 21.6592 28.0762 12.0921 26.7551 4.07302 17.2237 21.5936 10.637 14.6754 9.19101 32.0071 0.00217525 221.573
4481.55 36.135 10.5388 24.9741 7.55614 11.1281 68.9452 37.358 21.8596 25.6975 29.1458 21.2621 22.2693 21.3798 13.1443 7.93691 12.8531 9.10557 2.26524 14.3495 14.036 48.0694 0.0125188 226.427
4482.87 36.135 8.89392 23.6564 8.09125 19.1924 66.649 33.0247 38.7296 40.9845 8.01837 2.54026 32.4618 31.2956 13.1443 14.0319 7.05327 9.16867 21.9926 19.2522 4.3835 35.9094 0.0130031 220.293
4483.66 36.6524 12.6968 17.8546 8.09125 20.4202 66.1759 33.0247 34.8914 41.6747 14.6722 3.50246 32.4618 35.2777 5.55443 6.61966 27.8895 20.2493 17.7946 17.4994 10.2439 3.69021 0.0845031 220.393
4481.93 36.7848 11.3875 21.6765 8.09125 23.3025 63.5767 33.1613 32.6927 46.203 9.36315 2.32333 9.44705 46.8679 6.44013 16.236 9.93552 28.5838 16.6862 8.61517 39.1579 27.6804 0.00214605 224.562
4476.94 35.645 12.5287 17.4901 8.85368 24.5537 63.5767 29.3966 34.3858 45.7428 9.36315 10.6989 9.72578 51.3312 11.2816 15.0424 8.39444 23.7014 1.47002 8.58972 19.8391 66.911 0.0465211 224.182
4454.34 35.645 25.3286 20.3243 8.85368 23.421 55.8211 29.3966 38.5735 43.6446 8.4035 5.74416 9.29028 51.3312 11.2816 15.1342 7.94661 36.1061 5.79368 20.8298 5.85546 22.8205 0.0457556 226.002
4457.38 35.645 25.3286 9.41373 9.60539 30.8372 54.7666 28.0229 40.7718 40.8163 9.8364 25.0199 2.61436 3.62765 41.5459 15.2592 11.7444 75.6421 8.38819 5.48415 15.4405 18.9208 0.119698 229.501
4450.69 32.9953 26.893 15.9474 5.12449 38.3051 57.7932 23.1029 28.9151 53.9144 9.31776 6.68133 16.0353 7.86819 50.6433 4.51858 15.9833 11.8683 5.36851 21.0909 37.2196 11.3031 0.00912948 221.887
4454.41 36.2405 22.5274 12.9579 8.07534 37.871 60.523 33.1542 6.25541 52.8315 7.76587 8.21026 29.6669 15.6984 32.8575 11.8599 5.95121 3.6637 37.7699 14.2037 30.6444 14.1288 0.00877909 223.399
4454.41 43.2954 17.2127 12.9579 2.95626 37.871 66.6145 41.3912 6.25541 40.8688 10.7305 32.4377 13.7759 3.41111 39.1108 0.277171 8.48334 4.00543 31.7613 9.88604 18.2131 12.1642 0.00522996 224.258
4483.01 38.6974 24.3994 7.17348 2.95626 37.6097 70.7151 33.7072 3.88257 40.8688 16.5279 26.912 13.7759 3.77686 39.178 5.5456 7.9663 2.30511 23.8193 64.1533 27.4217 26.0188 0.0745072 231.646
4469.62 38.6974 23.7253 5.79817 4.79169 46.6755 49.2821 44.012 7.05854 18.5123 33.5741 29.1309 19.2099 5.91608 37.5484 15.8892 11.5025 9.37132 24.6331 19.245 8.30953 8.50504 0.205404 220.64
4523.4 24.797 23.157 12.7874 4.79169 50.604 34.3052 44.012 18.5422 30.8446 24.4544 32.0376 16.2197 5.58828 33.5657 8.3532 18.8255 9.15876 21.6273 22.6026 6.33313 7.93382 0.115212 218.663
4528.03 15.3061 21.1562 16.9769 9.55905 59.4803 29.0289 55.5798 8.81545 13.1699 20.0768 25.4032 33.3322 10.8336 21.7022 14.2707 12.5422 7.73853 1.50991 48.9868 5.86814 12.5674 0.0634999 221.833
4524.84 15.3061 21.0551 17.4267 9.24619 48.5155 38.2149 55.5798 5.14443 10.4132 34.5456 30.0051 21.1526 14.4385 34.3147 11.0065 10.0741 7.20958 20.7032 17.4449 17.1438 10.2976 0.0132234 215.487
4526.18 16.0594 21.297 16.7192 8.921 46.179 37.408 55.5798 8.74437 10.4568 42.0445 31.7484 26.8052 4.11571 25.0373 7.90513 22.9653 32.7669 20.4617 19.8728 7.75489 18.2765 0.00271033 217.198
4522.78 16.0594 21.7258 18.9659 6.63875 55.8439 37.408 40.1559 8.74437 9.35348 43.8518 39.8968 23.5041 1.67123 28.9697 14.5494 24.1235 38.3811 5.6886 3.14185 17.2945 3.89279 0.00271033 216.645
4577.6 19.0422 10.6066 19.128 4.12932 57.1696 33.9595 46.9271 20.3708 5.58143 47.6764 30.1459 16.8158 5.44397 21.9034 15.4418 26.7537 16.0811 10.0522 18.2703 7.43882 13.4117 0.0263879 217.874
4562.79 23.2716 12.7972 16.6956 4.12932 69.6845 25.6111 36.7421 13.8109 13.0376 40.4063 19.849 9.23862 3.99251 41.9961 15.1159 18.4227 35.2619 6.1237 25.0575 5.69348 11.9743 0.0732577 220.702
4585.29 17.7587 7.30522 18.989 1.67934 67.2431 31.4071 39.5938 4.86531 26.8742 40.1147 35.1243 3.52081 14.6269 32.7828 15.7526 24.5855 19.4888 3.3376 18.7948 8.24168 23.4059 0.147509 219.317
4606.24 20.1278 1.41037 15.692 1.69294 76.6239 41.5126 13.9481 23.5816 28.5425 18.05 27.4245 20.9691 16.4029 22.5599 20.2912 6.14594 31.3439 11.2473 21.3647 14.3024 18.6047 0.178149 221.718
4581.7 16.3665 8.03866 18.5821 1.69294 78.9501 43.7403 13.9481 13.7425 31.2147 19.9931 33.0641 16.5045 12.0912 33.186 16.8177 21.2449 10.195 11.2473 24.5682 12.1181 5.77997 0.173806 219.032
4676.87 14.3755 1.01537 7.04076 6.68991 73.4026 42.5344 18.251 8.78067 36.3779 18.7257 50.3573 16.2692 8.9451 35.1515 6.72556 6.94852 23.2451 8.96856 21.9361 3.61532 7.89953 0.0806494 223.512
4676.68 15.0951 0.828877 9.09472 5.55815 73.4026 16.9011 45.1495 11.6732 48.6583 4.65322 48.5298 12.2895 10.8054 21.2995 6.06482 6.97626 30.7433 11.9983 21.8524 4.41184 30.8062 0.0412885 220.564
4663 18.7798 1.0801 6.73818 9.37271 80.9497 10.1283 45.94 4.51442 33.8044 14.2884 54.5461 8.5566 16.1531 23.4139 15.0829 0.862265 42.4953 9.39131 21.3265 9.034 32.8601 0.0720389 222.867
4512.53 16.4718 20.4694 21.2939 5.77242 81.1109 10.1283 45.6151 1.2828 31.7612 13.0599 56.3663 8.0883 29.4286 12.8956 12.0314 31.3994 17.3439 0.697855 11.5205 1.29558 23.4464 0.0390495 221.209
4554.5 20.2519 21.0354 8.80332 7.22568 81.1109 7.99404 45.1426 1.42933 33.4184 15.6836 61.2165 6.67388 14.1371 9.07109 19.6921 6.95747 5.73366 6.56604 45.6276 8.85862 4.55975 0.057187 223.044
4539.93 15.108 28.1183 6.42085 9.41029 80.6246 1.54976 45.9623 16.0303 30.172 16.5555 49.3891 24.2161 18.732 3.53309 16.7226 15.6956 1.28556 14.001 44.8803 5.05572 4.09972 0.0728825 222.905
4530.07 15.108 29.1031 11.3474 2.00677 84.3513 8.40631 41.1037 14.9313 28.6601 20.1153 51.0768 15.305 23.3753 2.82818 11.0787 1.35925 9.31614 17.5427 31.6644 22.2847 17.3823 0.121211 221.667
4530.07 16.4254 24.5234 14.9033 1.47272 79.6834 12.6256 46.0028 3.95384 32.8177 11.9827 51.6431 18.6368 19.6543 8.65364 12.1651 32.1922 8.21754 6.86045 17.3862 23.0149 6.02631 0.159098 221.966
4479.86 22.3831 21.148 4.48893 6.1694 88.63 12.6256 48.0144 1.49584 36.5068 12.5458 38.7107 20.2762 21.9388 18.2788 21.7086 37.8773 9.76466 5.56137 25.6179 7.46816 14.0968 0.340197 227.839
4482.18 8.63831 31.055 4.48893 5.79538 97.8576 12.6944 32.285 22.154 23.2515 15.084 30.4136 24.802 12.5613 33.6826 29.4533 14.0961 13.2436 14.78 13.8734 10.2155 37.1497 0.301949 226.558
4475.5 14.3905 31.055 1.02781 8.07145 93.9337 13.0144 36.6687 22.4246 27.1734 17.8311 23.9872 53.2868 3.21095 8.76717 19.5187 0.812823 24.9867 2.29212 9.46945 1.54871 21.9887 0.270388 227.126
4475.5 34.0949 28.0506 0.504712 17.5418 71.8657 13.0613 29.6473 23.7957 6.6998 40.7667 6.53894 58.2626 17.4273 7.54557 20.1223 14.2496 17.5012 10.2294 16.4446 14.468 32.5471 0.00707578 223.731
4474.54 34.0949 33.4798 0.408948 8.40725 78.94 13.4552 34.2834 21.9214 0.361486 33.6545 14.1613 56.7503 19.1302 7.54557 22.1241 31.9892 16.1591 16.5248 6.94444 13.1714 43.2103 0.00998498 224.913
4550.34 34.0949 16.2433 0.938042 8.20405 78.94 13.4552 33.3151 22.3878 14.0513 25.6008 10.4552 61.9253 18.3005 7.54557 13.4792 33.8911 16.0192 19.91 8.56941 8.44154 29.0801 0.0112943 219.819
4569.03 37.3821 11.6331 2.12409 3.7304 83.374 12.683 30.5277 41.6109 10.7605 2.5572 22.986 45.5032 8.54948 26.0008 10.4968 45.5616 28.1366 22.2838 2.03515 8.47302 7.8592 0.000333146 225.093
4569.03 34.7445 8.4321 2.34108 7.33974 85.4689 16.2757 31.9702 29.5335 27.004 14.1258 19.0241 46.799 1.14135 28.1306 4.86881 5.17913 40.4843 14.6166 12.4119 5.62135 11.682 0.0362735 225.177
4557.41 33.6433 13.063 2.19322 4.04786 88.1766 12.3185 27.8407 19.1625 31.6143 32.2231 15.1314 41.1415 11.1398 16.8982 12.2898 22.0591 27.8373 8.92256 24.3439 20.6686 4.52349 0.0696192 221.116
4661.78 12.2884 16.3534 0.611885 8.34236 88.1766 12.6984 31.0696 17.7907 27.4662 28.7356 19.6882 12.4823 12.8853 37.9124 4.73531 35.223 21.4638 17.6518 2.35064 2.6592 9.78419 0.0198668 220.345
4609.66 2.46107 12.5103 5.08874 9.89818 104.191 5.85072 41.0387 14.9128 15.769 13.486 29.8692 20.5505 2.79553 64.6643 7.2793 15.4693 33.4946 12.3108 15.8152 6.49871 30.6847 0.191393 229.043
4577.37 4.06088 12.8792 6.61956 7.16659 104.191 4.29634 42.1077 30.9535 14.8908 10.7217 26.9491 31.3125 1.39828 48.452 8.19727 23.6916 31.7163 8.32593 2.66212 6.657 29.0646 0.19553 225.486
4577.37 2.5482 11.8642 7.88715 4.88959 104.636 3.92734 42.2993 23.631 9.03457 19.3038 16.3134 42.1697 3.63983 53.5004 1.79276 16.2806 19.2781 32.3522 1.66466 5.82566 34.3762 0.217134 226.019
4576.76 1.47937 14.0443 8.35654 7.48848 104.636 3.97646 35.6198 24.5201 18.8616 10.7407 5.76098 44.3116 11.1149 49.3256 14.6468 17.5336 9.83988 11.5211 6.20873 4.95686 22.8149 0.259051 226.8
4540.88 22.2507 5.89767 5.50399 6.54948 104.636 3.97646 45.3782 13.4413 4.18938 36.1402 28.136 45.1669 4.20074 36.072 3.0122 13.5501 12.5714 6.91305 13.1615 10.8974 45.8903 0.280449 225.95
4524.89 10.982 14.8296 8.43931 20.1528 89.5004 3.97646 42.7894 12.618 19.2796 27.0157 24.5528 49.8657 1.40861 28.9175 28.4372 3.68763 9.0288 5.79791 13.1547 3.12471 25.4957 0.134059 224.216
4526.18 9.80138 13.3025 3.75145 27.5281 93.2878 3.97646 34.3981 25.1988 25.8358 4.21246 19.4043 39.1187 5.60365 24.0305 33.2002 6.23553 20.1082 16.9893 12.2092 10.7676 2.74095 0.126453 224.814
4526.18 9.61849 23.7312 2.60554 17.5719 90.0619 9.16363 31.6563 30.7128 15.643 15.5526 22.064 40.4801 16.0956 29.1417 20.8573 6.50031 14.3507 3.21092 27.8678 13.1629 7.83291 0.106627 222.499
4536.86 9.47544 23.7312 2.35707 11.5975 75.9714 22.9097 32.2158 31.9606 15.3571 33.7501 29.5299 20.8563 9.90232 28.5362 16.5488 5.42179 47.6473 4.90342 22.0893 5.76619 6.66426 0.220662 219.394
4545.13 8.6046 23.7312 1.84884 11.5975 76.4924 22.9097 36.1029 26.7682 18.0999 31.2151 27.3498 26.5412 9.76351 26.1812 13.9472 19.8427 11.9784 1.54125 6.72639 7.13865 15.9352 0.256306 218.653
4528.03 6.44034 23.8498 1.84884 21.4714 81.024 23.9151 26.3648 26.2682 15.982 27.3727 21.2843 34.0261 20.3991 25.557 11.3113 20.8098 9.70851 3.95468 22.8642 12.0634 11.561 0.0923828 219.311
4541.57 4.74851 30.5195 9.97661 21.4714 92.3972 11.459 12.9797 26.0948 10.2421 24.757 36.9922 16.1251 31.7271 23.8672 14.0349 7.14824 3.82925 9.60269 30.9985 9.82969 8.63765 0.062478 224.848
4571.62 14.3084 27.4916 2.68542 32.5603 44.2946 27.7986 1.99266 43.912 28.557 21.9506 30.2989 16.657 41.3857 4.97653 26.4746 0.736083 24.0864 28.1439 12.3623 22.5869 17.9927 0.0142251 222.624
4561.83 15.9317 26.8176 4.46158 30.584 44.2946 27.7598 2.83442 44.2126 30.3441 26.2944 24.6148 18.5862 41.3857 6.7847 22.1969 1.71563 20.1996 13.9618 9.72014 52.1732 4.52094 0.0185504 221.888
4564.02 21.3246 16.8678 6.84844 30.8401 45.3319 26.7381 22.579 43.2831 17.6305 23.0691 24.5402 20.1285 39.7742 6.7847 24.6427 0.15637 4.54446 24.0462 4.16748 36.7061 12.7428 0.0333135 222.086
4566.62 18.5573 15.6984 8.80028 30.3807 51.1037 26.3569 19.1136 40.2551 20.2825 23.7986 18.1114 20.8809 43.148 6.7847 21.9167 6.45057 4.13007 15.9658 4.13181 33.4452 29.1465 0.159535 220.143
4579.29 13.5079 17.3397 10.1001 29.3059 52.7313 22.2643 25.0847 37.7029 16.9983 34.1786 15.8324 18.6727 43.148 0.945115 8.12308 40.0631 5.51516 22.0087 19.1688 1.89269 25.6811 0.109921 220.441
4535.3 13.2839 23.8336 12.019 29.3059 50.393 23.8463 18.3841 39.7526 17.8756 34.3573 16.2065 21.8346 7.36848 42.5048 9.72375 24.7888 32.5456 12.2671 4.43698 2.43869 22.5242 0.106857 218.133
4541.96 25.5361 23.8336 4.10016 21.2758 58.7333 23.7701 22.0507 31.1782 31.1261 31.5193 9.43997 25.4519 10.1035 39.2172 1.16382 45.6267 9.04658 14.7248 9.47069 48.4691 6.98035 0.160238 226.856
4550.39 30.3065 15.7971 3.49489 26.5314 63.5768 22.4521 2.06959 25.1628 42.2014 33.3428 18.2521 29.8554 19.0822 13.5551 11.6264 44.2206 22.4383 14.4493 11.3961 9.82827 17.8239 0.0561977 224.143
4451.95 54.9241 7.00966 1.97232 21.7282 64.4474 29.5259 8.57871 31.7973 38.3922 38.0564 6.35457 37.6486 14.9628 12.6782 3.69283 7.59411 10.1192 17.4143 43.536 5.31944 9.66339 0.0422329 227.663
4457.05 51.2139 8.50326 1.59566 14.4725 78.602 39.6657 11.3054 25.7012 30.0878 31.213 8.46707 23.2618 32.3718 13.4373 21.1636 4.08579 13.8226 9.81435 31.6899 6.04435 22.9213 0.167519 223.048
4454.41 46.289 7.60202 2.81171 15.4419 70.1231 37.086 24.2393 22.8634 40.1435 21.7043 6.47451 17.1726 43.3104 14.6162 22.966 8.38744 15.4996 29.0219 21.7255 9.33301 9.42138 0.263356 226.092
4474.6 42.6925 6.28743 2.4758 15.4419 70.1231 30.9901 29.5485 25.5762 42.0102 21.7043 5.11441 9.03371 42.7938 17.2522 28.2812 9.42849 12.2581 23.8366 9.89 19.7004 11.5894 0.152367 225.277
4464.73 35.8873 16.6462 8.70308 10.0493 66.0813 32.7355 32.2407 32.4097 30.4557 23.5049 8.93406 4.28332 42.1718 11.9966 22.5001 9.18411 16.0275 27.0386 11.1711 9.87707 1.04488 0.273513 228.366
4457.84 22.5699 24.02 5.65493 16.1329 75.4361 27.7556 26.1456 25.2156 25.9226 38.5731 2.45118 15.3384 39.5292 9.77455 31.4929 11.0988 2.28382 25.9044 6.71929 16.9346 13.9277 0.193612 222.177
4529.69 1.66852 13.69 8.30855 36.7118 74.6579 30.2039 21.1889 21.6943 23.4832 40.8016 7.46188 1.94492 58.7443 2.79693 24.5567 6.65567 9.09495 25.826 24.9219 12.2951 62.5305 0.135686 223.724
4531.57 4.90008 11.2775 8.94644 34.8532 76.9122 31.3612 17.7117 23.4972 23.4832 36.9973 12.7898 1.24176 61.8586 2.24329 22.9355 4.36317 10.9725 25.826 16.1569 9.91665 34.4128 0.0589034 218.029
4531.57 8.87137 18.0559 5.70045 32.6211 85.9093 20.381 16.218 15.71 19.0713 48.3963 10.7193 2.52197 57.8794 2.24329 21.0257 11.8856 18.9408 11.9639 7.71836 1.34979 15.0246 0.0189326 222.297
4541.89 1.31197 18.0482 10.864 33.7209 82.4093 15.2242 11.9477 15.5713 32.2448 47.1012 10.232 7.57282 56.3217 2.24329 19.0711 14.2781 16.9323 12.34 25.3768 0.714265 15.0246 0.014388 221.422
4543.41 1.31197 17.4704 9.10971 34.0541 75.0479 15.2242 11.9477 14.9579 45.1614 44.4378 9.66416 7.57282 55.3838 5.54645 21.3792 5.46588 27.8069 10.5636 17.3658 18.5614 2.18375 0.0160461 222.934
4543.41 6.48282 8.34001 14.4094 38.5927 75.7699 10.6658 42.162 30.7861 1.49625 41.0888 9.48598 8.52665 56.871 6.17415 13.1146 27.848 2.25148 6.25471 29.9885 32.5482 6.74323 0.0219098 224.156
4481.98 28.9789 3.90077 2.11676 39.7465 38.2316 46.8181 45.3553 16.2412 6.6564 52.3079 12.4866 18.9256 35.6554 12.5081 21.4163 50.0786 9.32903 4.8524 1.46592 6.61145 39.9019 0.0860995 222.849
4544.82 29.8354 2.60122 0.691614 42.0907 18.8033 51.8169 51.2521 9.27766 14.4446 52.3079 1.2478 20.0442 34.8232 14.6195 5.04724 75.675 9.32729 3.36549 9.03301 2.65372 6.35143 0.045067 227.778
4533.07 26.2602 1.01537 4.89246 34.9502 39.8608 50.0497 36.7896 10.8778 27.16 48.7697 1.2478 19.1307 27.3725 8.79258 17.1736 32.3537 9.28858 8.49078 12.281 11.0871 21.7421 0.0282397 220.873
4547.54 13.8121 9.6828 5.35418 28.624 50.1879 55.6564 39.5386 3.46118 9.94125 58.0954 4.29371 24.8479 20.1678 20.623 20.2059 6.25559 9.26865 10.1264 7.25477 45.2819 24.0234 0.224103 224.027
4541.22 16.371 7.338 5.55591 26.1795 48.8884 57.4117 35.1265 6.95586 10.0118 56.0854 1.62911 30.897 9.40868 22.0534 36.1769 8.93263 10.0804 16.2172 35.5887 11.6025 35.7542 0.17521 222.9
4569.58 8.16064 8.62516 6.6248 19.4418 38.3492 61.2273 41.6371 10.2246 8.16211 69.2312 1.74114 14.4163 14.6367 30.7932 5.27776 16.6454 28.1058 11.7314 22.0438 16.5835 4.80767 0.239073 224.826
4562.32 7.26753 2.28535 13.3571 22.4822 30.4485 59.7424 45.7912 29.49 8.02784 22.2596 30.9258 11.9964 25.3058 37.9733 4.43286 14.8459 33.0586 16.9857 6.07748 13.0419 42.2644 0.351776 222.48
4517.9 14.5951 7.40374 33.4633 25.5276 27.0604 51.9854 26.4975 27.6765 13.3047 33.3518 40.2446 1.79034 14.3372 45.4281 0.110462 4.24975 41.0239 25.0102 10.9796 2.47176 22.0677 0.352331 227.293
4517.9 6.1996 10.1961 32.5113 28.9572 21.5507 47.8203 30.2808 35.5492 7.1238 35.5165 39.5676 1.79034 12.2746 45.28 10.6725 9.37155 38.0285 15.742 8.49498 15.4063 21.692 0.4255 223.564
4532.01 10.3732 15.8167 22.0716 20.6531 35.1106 47.4552 27.2496 31.1714 9.59364 36.1056 25.8352 38.7134 9.90467 18.27 24.3363 5.23332 10.6952 22.6305 12.6904 5.27904 15.4346 0.336543 219.088
4533.21 14.7271 25.7203 18.7395 26.1792 30.2337 46.3107 25.5343 24.4761 21.969 40.96 17.6018 29.5377 19.9081 13.2448 6.5388 5.79941 3.28823 20.5597 16.3774 17.2203 7.8521 0.119292 224.118
4534.68 7.39741 29.7814 19.2041 26.52 35.2826 38.6367 27.2941 26.1116 18.0325 32.433 25.2863 26.928 23.1058 17.1181 13.3806 10.5108 5.77985 8.2014 40.8812 20.5473 13.1988 0.0466795 217.679
4558.85 7.39741 26.3308 14.2391 26.52 36.7468 41.4133 32.4772 25.8183 8.48234 36.5994 17.6907 23.7131 33.5779 20.5519 4.1673 12.7724 10.6323 9.36383 6.17212 23.2075 5.46058 0.000610518 218.137
4537.01 16.9419 21.2893 15.4901 33.7009 33.3275 46.5045 28.5919 24.8585 8.02542 36.4747 16.8355 21.9212 27.111 16.5598 19.4619 3.09754 5.39698 26.6235 14.2062 4.42453 25.0373 0.0678938 220.821
4521.96 27.5677 10.6707 15.0703 39.753 36.6813 28.917 36.791 28.7999 13.4643 31.2128 13.5676 21.8839 37.028 13.1892 11.9284 5.55463 9.93069 20.0621 0.882997 32.0439 4.31184 0.0671777 220.438
4546.84 29.5206 6.07787 12.3394 39.3445 30.4758 28.917 36.9406 36.7389 15.6228 28.9894 14.5732 24.2143 30.8279 13.0599 39.5516 4.42462 21.8372 4.25684 5.50904 17.5924 14.9717 0.177593 223.795
4546.84 37.1059 2.22357 10.9152 29.4541 33.9494 28.917 53.3666 27.9697 7.56156 28.8964 5.50825 47.1686 24.1195 13.3135 34.0399 14.6531 16.3452 9.75981 7.83808 5.50128 22.9067 0.0735076 225.955
4523.04 29.6259 0.996538 10.9187 34.5182 32.892 28.8304 50.2376 27.9697 14.7006 24.6715 3.97278 38.5609 27.6303 17.2167 35.0789 22.9201 8.22253 3.02895 17.9552 37.5544 29.5336 0.143093 234.4
4571.79 23.2296 6.49139 9.16904 33.9488 32.8056 28.8304 54.6254 28.5605 4.84449 30.5876 11.1919 40.2994 8.39044 30.463 19.9824 16.4888 11.7483 1.86073 12.2345 26.0234 37.3348 0.2193 222.664
4625.08 18.7963 7.78531 9.74212 28.8119 34.5184 28.8304 51.5392 34.8769 3.55685 31.6742 7.49227 41.3784 2.74426 31.3404 16.7655 14.2841 9.16792 1.43652 35.1342 3.51099 33.7759 0.0828467 223.642
4605.42 21.1314 11.0373 9.49962 23.8685 36.0129 33.2221 51.5392 22.8699 12.8414 26.3831 31.6537 47.6584 6.51708 3.72456 2.32989 24.0137 2.94145 14.7673 7.12485 77.4791 32.1141 0.0347067 226.647
4583.59 24.7454 8.01347 3.75503 31.73 21.0603 45.0422 43.1222 17.1064 6.38552 17.5648 41.1612 43.3162 18.5747 20.528 18.7392 4.79605 15.0778 19.1831 6.19165 26.5704 22.1446 0.0304011 224.566
4536.86 27.8725 14.4229 10.6594 28.604 28.4658 45.0422 37.8471 19.7181 0.601608 40.3331 39.3534 22.2573 14.1407 17.0864 25.5418 2.88375 20.0564 14.2808 15.7965 10.8887 67.6532 0.201147 222.684
4522.35 23.5069 14.3041 1.99759 25.0729 46.544 45.0422 32.2718 24.626 0.8571 44.5067 41.133 31.9841 15.8319 2.50883 9.10835 12.8494 2.35239 12.3641 12.8803 69.6571 3.27374 0.00884594 222.058
4538.07 23.7048 23.9728 4.40034 11.733 48.0155 50.2269 23.4357 31.1744 5.31745 32.2101 41.133 32.429 18.91 1.8716 8.37382 1.1854 19.3104 11.885 6.45808 29.171 16.7323 0.049338 221.796
4539.69 19.1901 23.7114 8.41402 9.20451 48.1208 64.676 18.8281 28.6159 7.622 32.4871 39.0977 20.3145 17.632 11.302 1.70141 8.94507 46.4444 8.86519 9.2064 15.7118 17.977 0.0381491 217.709
4539.69 14.1099 23.7114 8.98186 12.5412 48.1208 65.0633 16.7606 20.1633 9.19146 34.599 39.0977 24.2565 16.5874 20.7174 4.35439 16.5357 26.0346 13.3119 5.83727 39.3941 39.7536 0.124921 220.972
4535.23 17.9163 23.7114 7.21619 12.3631 49.0717 70.7319 18.8021 19.4279 2.54908 32.334 31.1757 13.106 24.26 25.1842 15.7224 6.44252 1.46943 39.2564 9.73447 10.2065 37.924 0.0649546 219.17
4523.27 20.3218 30.6984 1.57841 15.3082 36.7038 75.7755 5.36541 39.285 10.7871 23.1605 29.1141 13.6557 25.9904 22.3508 17.8724 21.636 16.3889 18.5381 2.40741 5.19572 54.7272 0.0251454 218.156
4508.64 24.2637 24.9675 6.44849 15.8886 36.3581 76.1621 9.24528 32.1238 6.54566 40.1898 26.5101 16.4814 25.9889 13.3279 7.21676 7.19712 14.4977 26.0189 4.98244 3.30445 11.25 0.0410292 218.207
4535.61 24.2637 23.4566 4.4337 18.3991 32.1348 70.6264 9.24528 31.3143 7.98895 39.1147 30.6426 22.79 21.5941 19.5497 3.04172 9.07968 3.1561 16.5104 20.3249 34.9963 34.1968 0.159773 220.962
4438.36 38.8109 16.3065 13.1917 58.2842 4.74546 65.4475 16.8326 25.2857 8.72651 46.3187 21.507 11.4798 30.2006 4.88887 11.1477 27.6991 2.2172 41.6122 4.55173 10.6158 34.9643 0.397017 232.548
4420.25 21.5869 16.3065 8.83728 58.2842 13.1371 69.4303 22.8653 22.2058 2.63677 46.3175 21.7633 25.5123 33.1036 17.7746 11.8481 1.57313 10.1729 24.251 26.1965 12.1365 17.8774 0.333238 224.832
4501.16 26.6283 8.80765 4.44945 55.1666 8.65627 67.333 24.0216 28.2891 2.00462 47.8758 15.486 33.3277 23.0013 17.757 9.73978 1.9743 11.1388 36.8537 14.3653 7.87461 29.0687 0.196878 224.545
4436.03 26.0246 1.67183 2.00726 57.5048 16.7716 69.5428 24.8803 37.6835 0.702229 48.371 13.6286 42.427 13.9458 17.757 12.7755 4.902 10.5076 25.7409 18.6986 46.7356 21.5784 0.194523 226.994
4464.35 17.6143 9.2244 7.41055 50.6785 27.429 58.2184 33.0319 25.006 6.23672 45.4259 21.0671 21.8451 13.3182 28.5529 20.895 3.15531 20.9343 13.5939 47.9949 29.5053 8.49721 0.00472895 221.774
4541.82 27.1841 10.9652 1.1736 43.3273 23.9011 53.5105 31.7827 9.08142 22.5325 43.1844 18.4315 18.4486 14.4248 30.3811 12.9875 2.39266 19.4668 3.16463 18.2166 14.4076 15.9177 0.00394507 220.328
4530.72 20.4887 10.9652 2.24702 30.968 43.7903 53.5105 33.849 17.7495 20.8344 39.8373 8.44508 25.9844 10.2942 32.1472 13.5985 2.84485 23.8519 7.93507 24.6852 19.4431 6.04204 0.0220075 215.092
4529.92 20.4887 5.39528 6.27332 31.0245 56.0027 53.5105 35.7899 10.0817 18.1374 31.626 8.44508 23.3745 10.6955 53.3931 5.51322 32.594 35.0431 9.67156 27.2867 0.620867 38.6981 0.0134743 231.167
4528.1 23.1927 4.6366 7.11233 31.0245 56.8166 53.5105 19.1093 17.1355 15.0092 36.7726 11.4223 9.16369 8.52441 57.1204 5.00778 20.6278 10.9703 3.30411 14.3863 19.968 19.7448 0.00765851 221.218
4533.34 20.5453 4.34705 2.4871 30.3072 56.8166 53.5105 14.4842 37.4415 11.5508 37.6161 11.0264 11.1103 12.5304 45.9325 20.4838 10.7816 9.99575 13.486 17.0464 0.328127 4.4733 0.0413137 220.782
4522.47 22.9157 3.99156 24.0856 17.3423 52.1659 53.5105 15.5386 24.8331 12.6204 39.5946 23.0711 7.63369 17.2625 31.646 31.4367 22.6185 3.32563 25.7104 47.8319 10.5592 47.2092 0.0247096 227.247
4492.62 21.3667 1.05698 24.4229 19.3721 52.1659 53.5105 27.139 18.1751 14.5175 33.6308 24.3036 14.2989 25.6129 32.0056 12.3417 16.6606 10.1142 3.03399 27.3332 21.0393 27.7413 0.0511284 220.164
4471.11 25.1668 3.71192 24.4229 22.6777 61.0362 51.4314 26.7512 9.84846 8.34152 40.6085 23.1835 4.32183 9.02701 55.724 9.35957 2.78206 14.5832 37.3024 2.06429 6.0354 2.29333 0.00572826 217.771
4460.23 24.6051 3.74171 26.83 24.6844 58.4526 51.4314 30.2413 12.334 5.78875 44.8115 25.1958 5.05327 8.79566 46.2432 14.4096 4.28773 6.41834 39.5833 10.3473 18.4244 45.7815 0.00281525 219.144
4383.38 23.4052 3.99209 26.83 42.9805 58.4526 52.5392 30.2413 7.86707 5.22925 49.218 24.1505 11.4512 2.22083 42.6852 16.1125 6.36542 30.8482 16.8332 4.46024 4.82339 6.92503 0.00281525 222.017
4376.65 23.5935 7.07346 11.7324 51.6077 56.8801 49.9612 20.5963 7.86707 16.1638 48.3803 27.3615 33.8565 2.25717 26.2278 8.66406 7.51709 38.0578 9.80993 6.717 13.4907 19.3766 0.0934164 224.22
4588.94 9.50588 13.653 15.6413 26.0282 29.2524 51.2997 19.657 30.2118 25.6327 25.9795 21.7054 23.487 10.2059 39.9389 5.66617 8.2509 46.1996 9.94957 7.53353 12.846 47.0832 0.174278 220.946
4615.94 16.9272 8.93743 10.1498 25.0904 37.1105 65.8865 9.68128 26.391 30.9333 30.4479 11.0411 34.2337 8.02652 27.3905 5.12848 22.9569 11.9356 2.73304 6.27566 17.0064 50.8929 0.223365 227.861
4628.8 16.5875 6.25828 7.63583 25.4183 37.1044 63.2062 11.4656 26.5015 15.7505 31.8443 34.3284 32.1247 1.32866 24.9809 7.48851 28.6786 18.5405 17.1333 10.6008 18.7058 40.8336 0.16047 220.636
4599.42 21.922 6.28268 9.80545 25.5909 30.275 64.1064 5.36574 33.1625 18.5096 31.1003 36.1314 27.8524 4.93636 28.9058 6.90268 28.2559 30.1528 1.14424 21.623 4.65549 21.016 0.00404146 220.237
4554.73 30.0631 6.07857 13.3047 28.5011 35.9908 54.4834 13.5611 32.2638 18.8296 18.4212 37.2104 27.8675 12.3104 16.7086 19.612 11.4126 18.2132 17.6083 13.9486 8.5381 24.0736 0.0132924 216.625
4556.57 35.2271 4.70921 8.11919 28.1489 27.007 58.5054 15.2979 30.2707 15.43 18.6612 40.6493 15.7434 10.0901 43.3281 17.474 1.4338 4.43385 4.66927 40.8251 17.5632 5.03412 0.0456597 221.818
4533.87 31.1615 7.21915 12.6414 36.4811 26.9562 56.764 14.0639 28.1898 15.6387 19.0534 42.0905 11.8386 12.6545 38.0599 5.60586 11.1043 2.70109 18.2668 19.0775 26.867 6.0184 0.184954 220.731
4567.65 20.2045 15.4266 15.1511 26.1287 17.2071 69.8525 9.5492 31.2245 13.6854 26.0557 37.4358 14.6339 9.25086 45.4264 2.10856 6.85656 12.1758 39.9015 8.90121 6.24568 8.17832 0.21685 221.067
4586.75 3.46257 15.6975 16.4639 28.4533 20.1692 73.4079 4.60046 28.7933 14.6376 26.0557 44.9916 10.3399 8.51939 46.7679 2.39007 16.463 17.7389 13.6905 12.74 10.094 22.4889 0.225462 220.866
4589.32 3.8499 1.1916 11.0605 26.607 47.809 50.472 12.4711 38.2822 15.0753 35.7089 33.2753 13.7552 6.19614 41.668 10.4045 34.676 13.9687 22.356 41.9569 17.6671 33.9166 0.170855 227.818
4583.16 7.4266 6.42992 12.2782 28.9745 48.5171 59.5328 8.56386 33.3321 19.1143 34.6651 32.3156 14.7477 4.14341 32.1389 12.8993 8.3596 4.29797 19.4145 33.1044 8.58069 14.1994 0.0857495 220.409
4602.31 11.4823 17.704 6.76433 19.3149 59.7653 57.8045 3.40114 8.88572 21.3631 40.6075 37.047 8.23404 6.51905 45.6801 6.26468 12.1882 22.9645 8.12756 22.1332 8.1663 11.6263 0.0261963 220.213
4552.17 12.1086 7.25511 17.5836 15.893 55.9167 63.3028 8.91939 4.57541 31.2213 40.1442 32.1655 4.09618 9.05429 55.5604 7.41468 8.63362 24.0787 15.3086 24.5255 11.6792 14.6223 0.149467 223.608
4571.89 13.5773 16.3038 16.1002 9.31665 55.9401 65.3159 6.87952 9.42562 29.3555 33.2154 25.8433 2.05182 9.01165 53.1744 21.5054 13.7011 29.7485 4.81616 9.46211 4.53777 3.38022 0.0612885 218.563
4574.59 15.3337 11.3937 18.0264 12.5823 53.618 64.6386 3.83577 13.0351 32.764 24.7669 24.0454 17.2565 14.0642 42.6654 7.3037 2.21081 41.7565 3.53251 7.74732 34.964 7.53383 0.0606994 218.383
4563.92 9.09791 6.31492 37.0903 20.2138 35.4159 64.6386 9.06686 3.12508 37.5658 34.5687 11.7243 27.8828 12.7253 18.066 29.954 8.24304 40.623 3.01312 14.3863 46.3348 6.44777 0.130189 227.631
4490.41 8.24013 5.22115 41.9764 15.7386 38.336 62.7303 31.0312 21.7813 35.6962 12.6866 20.1083 28.3459 5.91866 18.5909 37.8127 2.07015 12.1853 12.0402 25.1357 24.5048 38.6458 0.0566163 226.843
4472.58 8.96227 5.52162 39.3556 18.9638 39.9399 77.2186 2.21067 29.407 32.2271 18.4826 14.3049 25.5037 21.2364 16.7678 14.0557 49.4722 2.38835 4.7773 33.9713 0.895352 15.9311 0.0825914 229.374
4472.58 7.97841 3.02307 39.5133 25.9896 42.8649 77.2186 2.21067 24.1222 44.8682 21.8416 3.37992 12.9462 51.0878 2.70159 8.48049 19.4111 12.4009 17.2727 53.9812 16.835 3.2346 0.0359723 228.638
4479.7 0.591128 5.21926 39.2534 30.3342 35.2156 81.7577 0.859858 16.7396 31.7445 24.3279 18.6102 11.6856 60.4894 2.79435 8.48049 3.77459 1.17389 36.8422 19.3574 15.6152 23.1964 0.0636828 226.143
4467.26 2.13504 3.37557 39.2534 29.5593 35.2156 81.7577 8.31596 19.3359 28.9615 27.2436 21.3096 2.39046 60.4894 3.79007 7.94208 24.5718 6.31779 25.193 17.4615 10.2868 5.85506 0.0232115 220.235
4467.26 7.20545 3.99688 38.953 29.5593 32.4537 81.7577 3.00746 23.4181 35.0378 21.5125 18.4396 5.68534 60.4894 3.10157 7.94208 22.9948 24.21 12.5088 19.7654 2.68826 7.77608 0.00115069 221.057
4467.26 2.45613 1.85374 42.5357 29.5593 32.4537 87.5157 2.62377 25.7297 43.9655 4.44655 20.7627 5.478 60.4894 3.81562 12.0538 5.00582 25.5961 16.0197 10.4476 4.26784 12.8715 0.0348963 223.818
4461.18 4.17527 1.85374 42.5357 29.0149 32.4537 74.0892 16.3097 18.9736 48.3983 13.8002 17.9618 38.92 11.6346 13.6849 13.9401 7.19305 30.7106 24.5913 9.84439 14.7929 11.0075 0.0988434 223.69
4461.18 1.83988 13.0857 48.5754 16.6439 39.7393 42.72 28.6568 19.4298 45.5911 11.2111 20.3301 42.807 17.0045 18.2408 23.0187 0.977432 19.0381 23.6322 1.84386 20.0029 20.2545 0.0190034 226.212
4442.01 0.998534 20.5131 45.2467 27.3891 52.0859 32.7699 19.862 31.2932 27.824 2.23206 32.4737 32.1521 28.4773 14.914 13.7019 22.1016 16.1168 28.0362 9.18107 0.816814 9.94731 0.0118353 222.655
4519.43 0.712357 21.0737 45.2467 16.3354 44.2698 30.8274 10.4898 45.4698 26.0307 2.23206 16.7869 62.3608 30.0309 15.1215 4.58293 17.2822 21.2281 8.41719 22.4458 3.22248 3.32966 0.00520274 227.283
4524.36 0.417075 8.42753 45.2467 35.3168 31.6747 30.8274 16.6288 53.0539 23.4825 2.29794 2.70916 70.1716 14.5328 17.2984 9.38839 23.5681 46.3097 8.76921 31.3012 3.22248 14.8095 0.0392728 233.754
4579.45 9.17645 19.9149 11.4506 33.5223 20.2873 55.8444 20.5034 23.6687 18.3283 21.5813 10.9869 63.3718 19.1635 6.77951 12.7281 2.93065 16.7596 3.67865 34.031 36.2518 25.3465 0.099721 222.912
4464.39 20.4452 30.7661 19.5277 33.0641 35.9596 31.4427 25.0907 25.4569 26.0407 49.9468 7.2281 2.41352 32.1906 30.9646 12.8026 17.35 10.7012 6.62997 10.3462 20.8304 40.3957 0.051687 225.042
4480.05 18.891 29.6566 19.0912 23.0537 35.9596 39.6019 31.6122 22.6308 23.1876 32.9472 16.9123 4.04999 7.10746 68.4531 11.0914 8.63835 20.7593 7.73611 5.60692 5.66771 53.7594 0.0526955 221.753
4533.94 13.3854 16.2855 21.654 9.97573 35.9596 47.871 31.6122 30.2922 20.6398 24.0833 33.7259 15.3578 11.4285 42.8156 5.81596 10.3579 6.42467 6.93754 40.4124 14.5781 13.4431 0.40368 220.597
4537.33 14.231 16.9484 24.0697 1.42226 35.7759 47.871 37.9732 29.5511 16.2379 29.5048 40.5351 7.91853 17.4499 30.9891 15.482 8.88087 25.315 6.80909 34.6753 8.28953 6.31834 0.189445 220.77
4556.45 15.652 23.7409 9.25613 1.48324 42.33 64.2096 22.8525 38.3782 10.4689 41.0664 16.5814 0.806602 32.513 24.0797 2.06136 31.0839 7.95931 7.92984 56.0474 3.11985 2.34066 0.286209 227.374
4548.8 15.804 23.7409 12.7792 1.23932 42.33 64.2096 14.5522 49.2931 21.0076 44.6526 3.55015 1.53418 28.3504 21.9756 13.3451 40.5631 3.06147 4.78147 25.4238 11.5386 7.2507 0.275757 228.164
4548.8 21.0166 22.6526 8.24589 7.05661 42.33 46.9035 27.3922 44.0495 15.835 37.1559 0.0862515 18.0824 24.9114 27.0374 21.2417 24.1391 1.62875 17.0839 24.2817 38.2606 25.7237 0.212167 225.776
4548.8 23.9134 26.8182 6.26304 5.22539 50.5024 36.5927 27.3922 38.4793 17.555 34.4364 6.19694 42.7669 13.793 17.9017 13.5151 21.9572 9.15827 17.2364 25.885 37.161 4.48498 0.0926786 222.295
4527.44 17.397 26.8182 10.9902 7.89908 52.7006 39.3779 25.4322 32.1807 12.6374 43.0997 15.3625 32.3208 5.94313 29.3815 12.2926 26.8571 18.4601 1.75132 26.9142 12.1054 19.2929 0.267617 220.834
4527.44 5.83832 14.7006 14.9718 9.77279 58.5328 45.6387 28.4003 34.6076 13.956 30.5616 21.439 25.3728 9.12457 33.9617 7.38165 18.1147 15.2123 22.0035 14.5222 11.4277 32.0636 0.27743 220.329
4527.44 7.21518 27.6276 20.4911 12.6453 48.812 42.2283 14.8452 45.8223 18.909 18.2038 26.0682 21.0863 7.28601 33.5773 19.1344 12.8669 21.632 21.8607 9.23977 11.4729 7.68072 0.0771847 221.164
4527.44 9.43915 22.4637 20.4911 22.6921 50.9203 50.1408 5.01657 44.9287 30.9292 10.1012 19.0844 20.1053 6.29601 24.7166 27.8688 16.3926 1.75799 32.811 0.21081 1.24988 58.2507 0.198917 230.012
4506.02 9.85021 18.5067 4.12108 24.1747 54.7574 48.5158 19.9997 44.9287 31.9047 10.0176 6.98371 40.1655 2.75491 17.1973 22.2952 72.0146 6.43005 59.7953 7.19958 9.12846 21.0802 0.240822 239.088
4461.72 15.6262 22.0555 6.53762 21.1671 47.9277 39.7704 14.2099 52.7323 28.2731 11.9197 60.8224 14.8488 6.17385 10.2469 9.69643 74.168 17.0915 14.0489 3.00435 14.4701 10.453 0.404114 236.675
4463.53 36.9762 9.92224 9.06393 14.313 40.6118 52.4472 21.0853 57.5397 16.7323 11.7115 38.9367 10.6085 33.6426 27.1456 4.76796 18.9767 20.7987 11.6283 26.1992 5.69441 10.6199 0.487034 226.524
4463.53 28.4946 9.35536 6.35487 8.24995 54.4056 66.5564 29.0781 29.7308 24.2848 11.6133 33.6152 24.8154 16.6926 30.3927 6.15985 12.0455 20.349 13.9774 24.0188 3.86423 7.69399 0.45266 224.189
4463.53 31.0644 12.7645 3.2913 8.208 47.108 84.1759 16.9039 18.6727 28.4906 10.9201 44.5933 32.9864 6.6704 25.5238 17.736 10.2082 9.23643 11.1391 29.3573 9.79585 13.7893 0.43502 220.776
4463.53 28.1796 11.5662 5.73926 6.50496 45.014 84.1759 17.1326 22.5224 28.4906 10.9201 44.5933 39.3463 5.01159 23.9174 14.1485 7.48724 13.2327 17.7589 58.7242 5.57609 2.55824 0.429997 226.477
4461.28 18.001 13.973 3.09564 11.9608 50.6705 72.7494 21.9638 28.6099 18.7412 12.4296 51.0644 32.9883 10.327 23.3037 12.7852 8.15896 21.8753 9.69971 17.9703 24.0213 20.3867 0.53917 223.129
4527.88 16.7566 12.4474 2.76137 25.23 40.0448 60.6858 30.1287 31.5672 15.7157 12.4296 45.5127 29.0561 4.23364 25.158 5.15673 32.3795 14.2427 16.2917 11.2297 25.7095 10.7065 0.1881 221.454
4527.88 18.877 6.23377 3.52705 34.1289 36.0795 56.2961 32.1964 21.5265 14.3432 12.4296 50.6103 38.6132 4.72198 18.7861 10.6115 30.9726 15.8012 15.8311 7.84895 24.2793 2.82598 0.131647 222.156
4547.42 20.9645 2.97327 2.5314 34.1289 35.2733 57.6728 40.768 19.7366 27.4521 5.62875 38.0771 29.0905 9.97661 8.3179 8.11396 49.3026 22.5927 13.2285 10.3159 21.5416 3.52622 0.0890929 225.885
4552.72 21.1694 2.00443 5.89735 32.4676 54.6476 34.8332 36.614 28.7781 30.8486 8.35924 37.0268 26.5557 6.80688 17.7493 4.95185 6.75433 29.8212 8.20983 10.4645 35.1436 2.73642 0.000922787 218.099
4526.19 17.7522 9.2075 4.0428 38.4112 67.1823 25.8587 26.9754 26.5618 21.7874 18.3633 32.0475 22.479 11.0479 20.3267 28.0566 9.018 31.1763 19.5069 2.02113 12.9246 39.1766 0.00199697 218.512
4504.43 24.9454 9.2075 7.4342 30.0712 67.2458 24.7738 32.3455 28.9526 28.5964 2.97361 50.8707 5.44558 10.7166 38.5621 3.7599 5.80508 36.9797 14.2851 21.7382 17.946 1.92927 0.036784 223.301
4470.85 22.4909 11.101 14.0142 38.0276 59.3702 24.7738 44.4334 8.43076 25.4318 1.37363 34.5698 11.2239 25.0602 49.8861 5.01291 6.10488 4.53735 22.587 25.4647 31.9514 26.9414 0.037065 224.341
4468.15 22.4909 13.6172 10.0741 30.4288 63.8733 24.7471 51.9381 10.7734 20.3453 17.0958 35.5226 8.02402 20.3121 38.6209 6.09401 8.0736 19.7067 25.7099 6.91212 36.7386 11.7924 0.0609863 218.361
4469 18.9705 15.4877 10.0619 39.8209 52.5254 24.7471 45.9571 11.3766 32.2779 17.0958 25.5861 18.2146 24.3681 15.3716 28.3135 12.7174 20.6948 8.49139 9.77759 26.2668 6.20767 0.066222 220.555
4476.09 23.6962 9.68498 17.7062 27.7654 60.1792 25.0744 42.0647 5.6422 24.3496 27.1027 32.8019 11.0943 19.4724 29.2021 33.9554 5.22037 18.5702 0.374481 13.9867 29.2388 4.97662 0.036522 222.759
4529.04 30.3485 6.04301 18.9855 27.7654 49.9361 37.979 25.9263 8.09957 16.7342 30.3288 28.9236 2.33825 27.7083 30.716 26.3744 1.62781 14.0924 17.7981 37.3372 12.5614 22.1483 0.0322689 223.42
4522.47 26.0704 5.95258 16.232 21.6551 39.8162 48.9038 42.294 3.61397 9.36701 37.6775 50.4137 10.4097 18.68 21.8593 1.7242 6.57981 9.70294 25.5652 33.1927 7.88039 22.7891 0.000355423 220.185
4555.82 31.3277 1.23762 17.9645 13.2641 51.25 41.9307 28.6793 15.6554 15.3028 35.5442 43.3603 9.92904 10.3294 26.0482 12.5391 10.457 18.691 28.6071 6.30102 36.79 6.25912 0.0119708 219.123
4561.5 31.4208 0.286605 17.9645 20.9065 54.0492 42.81 26.7794 13.9006 7.40985 31.7885 46.7435 16.5711 11.6171 25.7259 12.6976 13.0847 2.26008 14.454 39.6154 9.55903 33.4002 0.113896 220.567
4536.22 35.01 0.286605 19.75 7.24444 46.0455 67.6722 24.5162 19.2296 4.82311 26.0878 47.7833 17.0124 10.0552 27.6955 4.24479 9.37996 2.26008 27.0705 35.3694 23.5634 32.3727 0.0451864 221.639
4533.82 29.4734 6.9157 18.2186 13.4259 39.141 57.6696 24.5521 6.52082 34.336 8.87279 55.1424 5.77822 10.2562 38.0837 7.51518 10.3969 23.7163 13.953 13.8268 3.61493 27.7424 0.109036 225.898
4526.8 29.5893 10.8229 13.6042 9.56613 35.4993 65.6098 26.5442 10.2033 34.336 22.6963 31.4165 8.59104 10.2351 42.8387 11.8019 9.33508 4.26073 9.07727 40.0962 25.9119 28.9539 0.0137106 216.896
4527.61 39.8698 5.83697 10.8388 9.86209 39.3066 60.8869 28.2004 8.79045 27.5291 31.367 37.68 7.28958 7.24758 43.2593 12.4477 11.1126 3.86124 21.972 11.6491 17.1106 25.2426 0.136206 218.155
4535.17 39.8698 3.57905 9.05266 15.2791 41.6175 51.3058 29.8602 9.8724 27.7854 19.829 38.0791 17.6271 15.5838 31.5979 14.8289 18.4683 10.5017 10.5138 4.97068 29.4468 37.5405 0.0227545 219.121
4555.6 32.6782 3.04909 8.33734 34.6319 26.167 49.8468 26.9168 10.9231 33.3993 31.7791 35.7897 10.9617 5.32097 39.0277 9.06364 40.9091 9.46313 35.0539 9.29297 25.3886 47.8474 0.23198 226.695
4466.51 32.6782 4.70766 11.358 35.1515 28.6829 49.8468 32.6309 19.7121 35.8795 18.8214 29.8211 39.0674 5.32097 13.83 25.6159 7.93587 8.00937 32.0773 11.7342 9.2265 29.1294 0.3079 228.133
4494.21 12.3857 2.3561 35.7958 30.0438 22.4017 64.5375 8.4441 20.3034 49.4006 13.2734 26.2807 43.7934 9.46567 20.687 15.4262 6.92665 34.8836 20.1489 14.9542 0.538561 55.9854 0.138917 229.131
4462.27 50.3484 5.03849 12.1944 34.7998 13.6706 51.6994 31.5922 20.0253 34.5068 27.2486 25.1172 20.4267 11.7481 5.43341 16.733 18.1363 15.3199 39.1349 9.1288 31.6364 48.0376 0.0816731 232.514
4460.78 30.1842 1.88936 17.2746 29.8502 15.3578 73.6155 39.3818 2.54397 44.2277 19.8478 19.146 27.3921 31.6708 10.3563 23.3986 0.308995 55.009 22.7209 4.61915 11.9569 2.42584 0.0492202 224.211
4473.88 28.6511 8.30829 29.9916 26.5723 31.8602 57.9744 27.2843 2.47342 22.0093 55.1632 8.80103 43.39 7.03694 17.0177 11.4469 27.4674 13.3575 7.72361 11.9261 29.6598 8.29085 0.20324 225.826
4529.07 2.322 10.5718 26.511 20.5115 48.5262 63.2986 26.2405 6.54754 13.9085 44.5417 15.9081 30.1047 19.2603 17.0177 11.8888 10.482 18.0704 8.89002 23.023 28.0876 19.6671 0.0657926 219.088
4538.09 14.3935 6.08994 15.01 29.1096 56.5053 35.2579 37.9767 8.95274 18.0772 45.8357 4.69641 42.9702 20.7291 7.92839 21.388 18.399 14.6686 12.888 24.8839 19.6013 23.9225 0.0679424 218.243
4519.23 10.276 9.79511 31.9077 23.3181 56.5053 31.1549 40.2667 10.2493 11.9565 49.7509 4.69641 42.9702 14.6598 11.0518 11.8731 6.16903 3.02477 12.8558 12.9466 14.5403 8.63693 0.00414162 220.339
4532.15 21.0931 15.934 19.5967 11.82 54.8742 24.5477 40.6746 16.7496 13.482 49.7509 9.93503 33.8148 12.4252 16.3103 14.3956 28.8931 4.82493 9.45486 11.1645 40.6842 2.73977 0.0104686 219.854
4554.43 17.392 18.9432 12.9721 11.1199 56.5077 31.2171 38.1911 19.9091 15.6821 47.0897 2.486 26.1483 34.32 19.6054 15.5 16.5425 16.5234 10.9983 10.8282 16.1949 12.7279 0.0392269 216
4548.58 15.6637 20.8655 13.3345 11.1199 56.5077 29.633 38.0553 14.8579 24.5966 49.2584 13.6716 30.3366 13.9891 18.0238 14.391 7.34426 16.7188 11.8341 14.6284 10.9645 13.4807 0.0320077 215.568
4598 13.4929 13.554 7.90569 13.0447 56.0999 30.7571 49.1196 18.2628 18.8818 37.1226 4.24757 17.3971 11.6517 29.1714 35.8344 11.7046 5.51736 11.5194 4.66221 45.4033 12.7277 0.0474143 219.948
4620.87 9.07195 18.1229 8.50613 15.5433 48.7837 28.6314 46.1796 26.4269 8.85372 32.1672 9.34372 15.5026 11.441 25.8746 37.8419 13.4859 3.25501 50.9138 7.73147 30.8112 19.1188 0.00244403 228.638
4620.87 15.1839 17.7822 1.29427 22.3843 58.6849 23.2481 34.339 21.4245 21.5462 36.1923 13.4562 13.8745 26.1967 27.0748 14.9897 10.9921 3.25501 13.1051 2.52899 10.5075 21.201 0.00994971 216.799
4619.87 9.83446 16.2789 2.96665 27.0142 69.4323 14.1155 31.5476 21.7415 12.7892 48.4028 9.43805 10.081 26.1967 31.2773 16.8851 25.9089 12.9093 11.6532 3.17351 12.2221 0.225289 0.0183017 215.545
4621.97 7.73109 20.3436 3.05984 31.5335 61.5654 14.1155 34.1727 19.4845 11.7535 48.4117 8.82411 4.6112 30.8018 19.8584 34.6849 7.98127 5.03456 28.8706 7.45137 12.0112 45.4076 0.03838 218.751
4603.59 5.18075 28.8902 0.520837 28.9711 20.2648 53.8136 30.6606 28.06 1.97824 45.8703 36.9033 3.56128 31.2287 7.88715 30.8135 12.9154 5.05925 22.1657 12.0275 7.88735 5.68812 0.00204885 218.693
4605.75 2.50678 32.8787 0.81899 33.3906 17.756 53.3535 35.3412 20.2024 1.75577 50.9424 36.9289 5.98986 11.8379 34.0331 12.6404 12.6458 29.3611 12.6193 9.04548 2.41936 11.8843 0.00204885 215.55
4611.82 4.89251 28.3023 1.03104 28.5356 15.538 62.993 43.7595 10.1636 1.304 49.4472 44.6074 10.5516 2.27235 28.3668 17.7927 23.0691 32.1485 8.46596 0.542371 30.5144 40.1949 0.00204885 221.919
4591.41 6.01007 33.1628 0.168615 20.2051 14.3789 59.3188 48.6395 15.3167 2.24007 53.0765 29.6758 3.05428 4.18836 53.9072 15.0089 6.16928 4.22828 6.28123 41.9857 17.6157 24.2383 0.00501735 221.092
4521.95 11.7096 27.3601 1.99365 28.6188 19.9236 58.659 58.1843 3.23786 7.22286 54.172 25.8234 9.3718 15.1719 26.7087 15.0089 5.4062 10.1691 11.3644 18.2627 30.562 8.24979 0.177114 225.168
4509.38 14.5886 42.1189 3.46091 23.8511 10.3484 57.3255 56.6052 8.84608 12.8114 36.1799 31.2174 11.774 26.8973 26.105 10.764 5.01404 32.2677 3.82475 13.6541 38.6256 12.3795 0.420781 228.471
4481.54 8.08745 38.0494 7.42258 23.2976 11.5154 66.886 56.6052 7.62561 7.09138 43.074 13.7144 23.6831 24.7787 35.5295 6.84222 2.94894 37.7056 17.0608 6.19642 11.5372 18.8895 0.34359 227.875
4459.06 5.66787 23.5156 15.3505 25.9268 11.5597 77.5158 55.6237 1.68185 4.56179 39.8754 24.3268 32.0304 36.2995 19.6657 4.24486 13.9429 18.3678 22.5989 9.71519 10.9791 13.3707 0.351526 225.693
4458.78 6.8771 23.5156 13.7679 25.5976 9.1237 72.4476 66.1212 0.96673 14.7477 44.2545 14.0572 32.893 32.0148 11.8318 13.7322 19.2195 13.8276 19.5455 11.47 3.62186 56.504 0.366371 227.626
4458.78 8.49177 21.0762 11.7467 28.2896 9.1237 72.4476 66.1212 1.69824 25.393 26.4286 8.19023 30.9382 37.2546 14.1863 18.3458 15.5887 7.19388 28.3692 6.61408 16.5044 23.4126 0.425394 222.936
4458.78 9.51865 21.4126 12.7107 24.9425 9.1237 72.1332 60.5229 4.81366 25.7322 32.2579 6.87883 27.631 41.3943 14.579 18.2244 9.20092 8.67136 42.0945 6.73878 4.56476 9.66851 0.425394 221.38
4458.78 5.74755 32.6786 6.43274 29.3089 17.1479 66.5259 57.1126 6.53636 19.1026 37.5953 13.1616 26.3601 36.7671 7.30884 22.5862 4.5738 5.38576 13.6997 53.7734 21.8864 28.4852 0.318663 225.754
4460.79 7.36397 32.6786 6.43274 30.3135 23.9131 57.9408 57.1126 13.7386 36.5898 10.155 19.5584 27.1292 25.1145 8.66666 31.4245 21.8327 6.66206 13.6513 28.284 4.19913 28.7152 0.137033 224.866
4561.05 9.67269 9.4489 3.43973 20.6859 41.4661 57.0674 51.9097 12.6489 50.5559 9.043 12.548 12.9872 23.1594 15.8778 33.6722 6.56652 3.11165 10.1787 33.2277 8.00019 48.7123 0.215664 226.607
4520.61 7.51704 14.6401 7.75723 32.3618 38.6504 47.3711 51.4978 19.0283 43.0971 9.043 10.3978 18.8505 16.3682 19.2561 28.2841 10.0735 6.05041 6.14832 2.75069 56.5727 1.6024 0.230614 224.27
4446.77 28.6614 19.8489 3.34296 22.7675 49.0573 47.4094 51.4978 16.2781 43.0971 9.043 8.1441 28.4827 12.8497 25.0498 30.3255 3.76022 6.06246 24.452 14.241 24.0779 16.6214 0.154618 223.273
4538.59 23.2045 20.9225 7.02302 24.6818 43.9794 38.0686 44.3131 19.8985 30.7306 14.8642 14.7679 17.1606 0.469738 16.3866 45.5776 17.0322 10.8142 26.6752 17.973 23.2922 3.30309 0.19453 228.664
4544.47 24.8622 15.2272 10.0197 14.1049 43.6577 37.8504 39.4631 32.396 40.0017 2.06052 19.7827 22.1295 18.6295 27.1141 22.6753 15.0913 8.13974 10.4133 7.1732 7.52687 17.6946 0.0129617 218.724
4551.15 24.8622 15.2272 8.89859 12.8082 47.7919 30.8358 48.2516 30.5197 38.527 7.22281 19.7827 10.4998 19.783 30.0715 18.9599 11.3363 14.7948 19.5663 4.25761 18.4459 28.612 0.015964 217.245
4463.05 21.311 6.87647 6.57054 42.8113 55.0108 35.345 36.1181 5.44072 41.515 26.4021 22.2581 16.1908 21.3879 31.6062 12.9579 8.69658 23.0355 2.64912 12.0411 32.088 32.1544 0.082943 218.242
4515.14 6.92658 18.2486 9.29597 47.726 43.3017 40.3021 34.1052 6.70861 41.4603 24.6369 7.94929 23.7076 13.8184 30.8333 20.0383 12.7402 11.4486 41.6982 11.9913 10.4915 31.1247 0.0407216 223.647
4404.06 6.98375 18.2486 10.2155 59.2699 33.8089 48.3674 36.2632 4.91555 38.3954 34.5218 11.1758 30.8042 29.5363 15.1983 24.4762 10.1221 18.9628 18.9817 10.9911 2.22812 3.79375 0.030242 223.344
4444 16.6357 9.23991 7.70905 59.2699 33.5194 45.7173 53.6017 3.69792 28.7636 32.5977 7.80646 13.6215 44.6922 13.9251 10.2724 8.89071 21.1224 10.5714 4.74925 2.29343 33.4762 0.0292951 223.476
4416.99 10.4002 14.4503 12.6037 56.0842 35.1296 45.7173 56.3914 3.69792 26.7265 30.8429 12.801 11.1525 39.2735 17.7165 21.9619 5.94834 23.5153 13.8644 13.4031 6.29685 43.92 0.0452925 222.638
4424.56 12.2516 19.1597 5.25764 51.6924 47.7146 45.7173 31.4356 18.4244 26.9944 43.4599 12.8039 1.5691 41.8207 13.6262 20.8726 15.7765 4.64769 2.65665 27.0222 5.91448 17.3595 0.0435909 221.45
4424.56 9.08764 35.0956 8.86371 51.6924 29.0344 45.8083 23.8475 19.3152 23.3086 45.4357 18.4597 6.56239 26.5985 18.5883 29.5856 8.94199 1.57694 32.7926 11.2058 10.3404 27.9556 0.0395284 221.77
4425.1 4.27115 53.1929 15.1877 33.8476 29.0344 43.4594 25.2769 29.7077 14.8702 35.903 18.1058 6.53478 22.5776 30.7231 34.3487 18.9372 16.7724 10.4202 8.0886 1.78905 13.1645 0.0851581 220.85
4425.1 2.93004 53.1929 17.9053 33.8476 27.6658 40.3407 25.2769 37.8416 7.48983 36.4679 18.8758 8.96202 14.7403 57.0649 5.45711 20.9088 24.0783 15.2523 20.6004 4.1184 5.70131 0.0394517 224.067
4426.25 7.7605 53.1929 9.2441 36.4351 27.3985 49.1473 21.7003 27.1407 10.8183 46.4576 22.6877 12.7677 3.30725 52.5576 3.10666 4.19105 20.6 31.9325 7.79445 11.8123 6.2602 0.05069 220.116
4431.56 6.30205 51.9385 7.51917 37.8884 30.8948 49.1473 9.5233 40.6512 4.11424 42.6049 10.825 17.8016 5.5304 59.5369 7.59392 8.13302 15.3357 17.9908 18.9961 16.244 42.6309 0.0237331 225.886
4431.56 9.35988 43.3644 2.65725 23.9452 38.2672 51.4033 28.2197 34.799 22.1173 35.6423 12.2536 19.9465 4.10824 48.6794 13.0366 3.98232 9.65964 34.5841 11.4603 7.11503 17.6114 0.161217 221.901
4431.56 11.1785 38.4933 2.94461 31.412 38.2672 70.3567 25.4514 24.8383 7.13716 41.4607 12.2536 21.2599 1.92434 42.8583 8.68638 7.88969 35.2296 19.0426 8.37433 9.48895 14.254 0.014236 218.543
4407.36 13.5564 40.3053 2.71438 31.3948 38.2672 70.3567 25.6724 25.3413 8.18089 37.5721 15.4267 18.9713 41.5366 4.23388 21.9537 13.2269 2.9821 6.43081 19.06 11.4183 12.3383 0.0807025 221.233
4432.63 10.2701 36.0365 13.2346 22.8769 42.3774 57.8229 28.829 27.9572 12.9575 31.2417 29.2449 7.05613 40.5222 2.85953 8.13211 14.7339 17.8267 4.97654 38.1846 33.8974 26.5554 0.0661232 224.709
4444.89 12.5025 48.2606 7.77786 29.7425 43.4765 30.9088 28.5809 30.3838 23.3765 22.8513 34.1521 7.13195 32.31 14.0283 8.84496 13.0962 13.8864 17.1516 6.57026 37.2273 20.2435 0.108477 221.652
4420.68 9.86078 36.6396 12.7125 16.0851 54.9893 59.3507 14.4306 27.4184 8.05645 20.1446 29.2458 29.2288 46.3916 8.19665 15.1631 8.342 2.61395 7.21042 1.90744 39.7878 6.74364 0.14063 226.349
4420.68 8.53815 38.4543 16.9698 19.2479 53.8238 59.3507 27.5837 18.5098 28.5296 14.6276 25.8615 20.6581 29.8438 8.51959 18.8772 16.569 3.42803 26.401 8.9405 27.8402 3.9256 0.120464 224.356
4430.79 10.4218 36.8675 6.32355 23.4936 57.827 53.7153 16.2389 16.5999 31.8305 15.8593 29.0469 17.965 31.8689 28.4441 12.4696 6.73409 22.3381 26.1916 3.40622 16.1423 5.93033 0.168985 222.94
4430.79 10.6882 18.9118 7.57532 44.9279 55.3027 58.2642 16.7902 14.7355 30.1947 16.2881 34.8273 9.60593 34.5087 19.7589 24.7326 7.86828 3.17692 22.5714 14.5358 21.2648 11.8997 0.10456 220.406
4510.17 5.97207 17.5441 14.1789 43.6397 27.9117 53.8007 21.7443 15.6205 44.1775 19.9019 20.0214 21.0557 32.1664 17.2795 14.0933 6.574 13.4491 22.4032 10.3638 35.4028 7.05139 0.213718 223.698
4491.29 10.7998 22.1991 7.00519 39.3298 27.9117 53.6816 33.0565 23.1294 36.6144 25.5282 10.6392 22.626 27.3914 19.5403 13.025 0.836271 7.20762 39.0104 9.18008 27.4937 9.2909 0.146431 221.601
4615.64 7.75903 15.0267 8.01103 43.6953 27.2077 35.5634 40.2795 13.8593 24.361 30.6342 10.6392 32.0892 16.0608 20.9787 7.23583 40.1935 20.4737 2.33543 10.8225 21.6747 10.2777 0.0915378 221.003
4615.64 7.66309 13.7116 5.74881 48.3536 16.2388 38.8117 39.6313 21.5268 23.291 25.1332 20.0341 20.3015 29.85 22.3801 7.83214 21.358 21.335 9.49306 16.1804 34.8043 16.6644 0.100835 222.089
4710.43 1.20749 7.32851 5.91623 28.8727 30.6314 28.1749 42.3774 38.1348 10.6987 14.5548 22.9284 29.4776 32.3258 2.8784 10.9081 15.036 13.9969 28.85 10.595 32.2903 6.09421 0.266122 231.068
4626.12 3.71829 6.69352 11.6298 35.0637 39.8362 23.9072 40.9867 38.1553 4.16847 6.14183 22.9822 49.3303 44.3628 0.838775 10.6252 12.2496 3.0887 9.58535 19.0966 42.045 13.606 0.25919 225.171
4470.48 7.92657 2.45668 5.89537 38.8088 73.3733 28.8875 31.7706 36.6166 3.91577 15.5916 19.3591 51.8249 42.4611 5.38206 11.5471 5.78307 7.02097 14.8826 17.5006 44.441 30.835 0.237907 228.612
4475.97 1.14914 8.28405 2.41937 38.8088 70.3726 26.1506 32.011 36.6166 11.2247 12.8122 14.8834 14.5576 77.629 10.9146 2.93572 32.8557 2.42542 38.2245 7.71911 9.66727 2.57613 0.516053 229.498
4378.56 1.65502 19.818 8.88351 39.5639 70.0052 26.6984 46.7753 39.5825 9.39698 26.1001 12.18 6.38877 61.3004 10.6084 5.78862 17.2639 2.97017 26.744 3.97488 19.4586 39.1841 0.415507 235.001
4429.72 1.77028 7.86814 14.6521 36.1407 75.0535 26.9186 46.3435 33.4665 9.62993 25.4108 12.6407 15.4268 50.7691 4.99478 24.2026 7.42562 32.2122 27.2541 9.40918 16.1604 0.08341 0.346501 229.864
4423.23 0.330856 9.67601 13.6704 44.9572 75.9545 25.2009 31.0749 17.8078 37.1342 23.7308 4.4643 16.2794 34.9628 17.889 20.6189 19.5249 51.3005 8.14932 10.3469 39.3195 18.2871 0.410002 236.318
4442.01 1.57086 5.21515 13.7438 46.1488 70.1228 26.2102 35.8004 13.7782 50.7668 18.9071 12.0182 19.1342 45.6131 9.69247 7.12945 9.91134 41.5726 0.66217 27.4716 13.7825 15.4678 0.271196 225.753
4603.1 1.1255 15.8368 13.7327 37.3275 54.7896 25.1674 13.0807 23.857 26.3108 38.2215 17.0697 5.84439 56.2004 6.42816 7.5063 30.4726 9.95246 24.0609 17.3581 1.6559 5.35952 0.132933 224.466
4529.62 2.25895 12.945 4.51518 49.1724 59.947 36.9333 21.6566 23.1271 19.232 44.1429 10.709 21.0381 23.3153 22.7543 4.01772 47.7051 10.3583 14.8531 7.81605 2.79707 6.91725 0.0332048 216.882
4558.04 0.204272 11.1137 3.23752 44.0197 44.6939 40.7299 39.5966 24.2488 22.3086 34.4207 12.946 19.7415 21.5585 25.4454 15.6538 22.35 17.9809 11.5561 4.44979 16.834 6.82397 0.0332048 214.882
4536.13 1.13126 15.1722 3.71133 47.8355 39.9944 43.9259 31.8695 26.941 22.8823 30.0586 10.4563 20.405 20.728 40.9292 15.6719 23.0232 30.0167 3.72485 3.82386 19.628 7.0981 0.0457647 220.814
4559.92 5.03323 16.6547 5.11528 46.8696 32.3706 53.2298 28.847 16.0684 25.8004 34.3535 6.40945 16.0761 18.911 34.1057 19.0688 20.7067 22.5968 8.78536 7.94848 10.4882 35.9065 0.0739637 219.804
4559.26 8.6766 16.6547 6.6308 44.9746 36.7276 48.1544 27.5548 12.0436 23.3067 39.16 8.15262 14.3011 7.40702 65.1083 20.2848 7.83275 1.67822 18.3936 5.05519 8.54819 67.1525 0.0109525 227.576
4541.07 9.76003 6.16334 7.05186 49.8582 35.6252 44.7102 31.0693 22.8455 24.5416 31.9657 21.1367 10.4679 7.01374 49.1087 9.37366 2.61079 7.65252 27.9495 7.54408 5.35488 13.5086 0.00969226 215.314
4531.97 5.46367 7.09475 1.98251 58.6803 36.2159 65.022 7.69907 31.4523 18.2791 35.8907 23.4549 5.20458 7.97022 55.3287 9.64111 3.11898 19.4749 30.217 24.772 2.46972 9.13927 0.0013699 216.729
4510.88 5.66365 6.36387 6.42816 58.6803 39.3044 44.7792 19.3883 30.9185 19.7372 32.5532 22.2759 4.13347 14.3537 46.7369 8.33864 9.88934 15.6654 22.0527 8.07322 2.45478 3.40019 0.000956225 220.778
4507.29 8.49662 6.09901 8.63488 56.0081 33.0409 57.0385 20.6074 17.5153 26.8238 37.1627 17.3111 19.6676 7.47151 38.9754 6.4033 18.865 7.84484 47.8329 9.14766 26.4019 43.3181 0.0206232 221.922
4489.15 7.57652 7.99238 16.4921 50.8319 29.7154 52.2357 35.6225 16.0102 23.9932 37.9404 14.3137 20.4613 5.06739 45.7979 2.74605 24.3832 24.4763 16.3852 14.8722 6.76843 3.75799 0.000150135 215.704
4523.71 6.27391 10.6981 19.707 35.835 28.6277 52.8117 41.4393 16.3117 24.5704 35.1923 11.0883 17.7657 7.93932 45.7979 1.76215 36.4198 13.7536 5.97655 8.89201 16.9317 23.0991 0.00506104 215.514
4523.71 5.38181 7.00221 19.707 38.3256 27.9734 50.4294 52.197 17.7373 17.3677 31.1023 17.8666 18.8339 5.46682 41.2045 16.6032 30.4433 4.80974 23.8799 15.728 10.4511 21.9107 0.00506104 216.669
4538.86 5.56032 3.02513 20.5552 59.8739 3.86935 50.2196 46.9782 14.6957 22.1436 51.6451 13.076 17.8889 4.91048 25.7975 32.5978 6.14839 2.99047 24.1331 15.9752 12.73 14.7237 0.0397031 226.002
4593.16 0.85227 3.0698 14.7068 65.84 9.6125 56.942 29.8431 17.1215 17.4682 39.7929 11.4214 13.2886 31.9572 27.0263 17.6477 12.229 5.34937 11.5665 25.1913 10.9828 9.20406 0.0141746 217.61
4587.61 0.85227 7.53149 3.5611 65.84 7.83519 54.4553 42.5525 18.8424 18.6598 34.8673 14.5808 5.45059 37.7033 26.8322 18.7099 4.00888 13.5962 13.845 25.1028 26.6317 4.96793 0.0141746 217.133
4564.55 2.16446 6.48937 5.26166 65.84 8.95409 55.4882 42.1887 18.8424 19.7724 36.3489 13.5095 4.91026 37.7033 26.8322 11.7862 4.20196 9.01488 32.7776 19.4833 5.37776 32.0281 0.00101245 216.318
4574.04 6.05194 8.86066 11.6887 68.2621 12.8139 44.8633 34.4481 15.1889 19.329 36.3663 13.0292 8.1743 37.7033 28.7169 8.25215 29.5613 5.15623 2.70671 13.9399 30.4 50.7519 0.0345661 221.426
4568.57 5.83841 6.92139 10.6824 66.3956 3.21146 55.7412 31.1785 14.0528 31.7463 33.037 12.6486 22.4756 33.3984 15.2246 6.98033 20.2484 19.9068 2.65251 14.2826 21.6963 40.7427 0.0409767 220.756
4557.37 10.5193 6.84084 8.56833 67.2816 8.93017 58.9103 36.0196 7.26817 28.3747 39.4336 15.8685 3.64859 29.3086 23.3298 3.62527 6.4924 39.1452 11.8297 8.95151 27.1467 22.5071 0.0642284 223.187
4528.13 4.7653 16.5219 14.675 62.605 4.43735 64.8222 23.5902 11.2879 26.3168 37.583 12.9702 12.3079 20.7206 37.9461 4.65619 9.47745 29.1862 0.432927 38.4669 9.26235 47.0873 0.0395554 223.433
4524.87 7.4349 16.9152 6.25617 60.8639 12.474 70.9951 15.1416 18.5915 12.4294 46.8634 38.5892 15.8379 8.42972 11.9726 8.50665 29.2846 5.15607 2.50353 24.7108 18.9243 20.2834 0.103427 226.82
4520.03 8.92254 13.5835 8.04433 60.8639 29.8582 62.6125 4.4715 26.7403 19.3877 11.4441 7.77999 55.019 33.3206 8.62485 13.0715 34.267 21.5097 2.04538 0.149669 20.8236 13.0563 0.207656 226.281
4548.33 11.1323 11.7281 5.0714 64.3447 37.6496 36.6089 18.0413 26.4145 16.8234 22.1001 5.27033 51.2935 9.30909 18.6645 17.9312 34.267 18.1271 1.83126 11.7203 33.6962 9.16558 0.0236665 223.445
4584.51 10.9367 4.20422 6.42907 64.3447 21.5178 44.4499 27.4195 21.9673 10.6983 26.6758 3.47714 66.1375 21.9016 9.58654 13.0122 18.3579 20.4251 0.582641 15.9153 33.6705 5.73286 0.000840796 217.849
4577.22 10.9609 5.3404 11.1803 64.3447 12.7508 47.0272 19.351 18.7926 11.2321 26.5921 21.5521 58.9364 10.3548 13.7731 30.7513 6.34722 1.29116 10.5204 30.1835 22.0065 1.0519 0.00509084 224.382
4553.68 10.9534 8.46575 8.59853 55.375 22.2057 41.135 41.8588 18.4018 3.34926 30.5573 22.6611 50.6382 6.59673 13.7731 30.7513 9.95688 4.30795 7.06516 8.33425 17.6743 2.08896 0.05316 222.186
4542.56 10.9561 9.03842 7.31396 56.6091 26.7629 34.7181 40.8641 24.8044 3.34926 53.9391 18.0333 37.7509 5.41676 13.6028 14.033 39.5882 7.96629 14.6845 5.41017 19.8204 6.77267 0.142371 220.804
4542.56 9.66234 12.4654 7.18314 63.3604 26.7629 38.259 27.8474 24.2804 18.9108 31.4224 18.409 46.6862 3.65691 7.46995 13.2949 40.2772 10.0462 7.09108 18.7518 18.2875 6.18679 0.02696 221.13
4542.56 5.40944 13.3549 9.34052 47.2656 32.9271 31.2786 61.6977 14.4753 8.19335 37.9538 28.8175 35.0083 5.4729 3.14768 27.8283 8.31305 6.90581 3.52903 61.6884 2.24204 9.60194 0.160214 226.413
4542.56 4.48376 18.0584 9.85858 44.0184 37.7689 14.6992 59.3032 27.2629 9.05671 40.8684 30.5492 12.0702 9.02315 19.938 19.732 28.9249 19.5281 3.55875 10.48 17.6998 5.96907 0.219505 227.01
4574.61 1.52534 36.7781 4.36251 15.7668 32.6385 32.6629 43.7645 33.1035 16.1876 40.8684 15.4189 23.3206 14.0006 27.0594 17.0001 38.9111 20.8787 7.33119 22.1846 2.64533 15.0912 0.327187 229.036
4619.59 0.480673 19.1347 12.3038 30.3612 46.7004 29.8102 42.6164 9.34015 8.12821 48.3225 19.3383 25.059 10.4723 29.5322 8.66357 20.5342 23.5376 11.7983 26.3576 6.96671 16.4106 0.014802 218.632
4600.9 8.97521 16.2483 10.2395 31.2636 45.2791 29.8102 46.0745 17.3971 5.97248 48.3225 18.3662 32.9841 13.7372 16.4345 0.795563 18.7577 2.22372 26.5526 22.3385 12.2691 4.33552 0.0261906 219.605
4630.42 7.26783 15.7522 6.29808 32.3808 44.539 23.8527 24.4507 22.0911 9.40855 54.3273 29.7096 29.662 15.5956 13.4166 11.1244 7.71675 6.2055 23.7413 25.6953 1.47816 6.2681 0.109013 222.137
4623.47 8.0046 14.9208 3.43543 49.5912 47.3993 14.9438 13.9817 25.3435 9.40855 54.6004 30.9767 21.5255 18.5927 17.7148 17.9609 1.41255 18.2089 20.5133 20.0978 13.3342 4.79242 0.117306 222.439
4625.91 6.57079 15.4094 0.299953 50.982 44.1353 19.8836 17.9017 42.291 7.80451 30.3025 23.2048 27.8313 35.1016 7.05637 8.22027 18.727 18.6813 1.63944 50.3175 19.7397 11.1944 0.138611 226.08
4627.15 6.85924 17.9364 5.54722 45.4567 41.6136 12.9505 35.9211 36.5619 11.4928 23.8914 24.2146 16.505 44.7491 6.72623 18.1159 7.99711 4.46235 1.33575 46.384 14.6713 30.1812 0.089767 220.942
4593.43 8.54934 16.9496 7.84651 37.7258 50.4871 19.8762 39.5721 16.7038 10.1469 24.3114 23.4755 23.6043 51.3571 8.86748 14.2081 13.9155 20.3693 7.387 26.9673 30.7745 56.5903 0.144022 225.469
4626.62 9.7002 5.01348 2.58842 30.2542 48.9974 16.602 41.6342 26.7964 13.3766 48.8508 22.8473 26.7263 25.2072 2.71998 20.874 13.0596 30.7834 6.22698 13.1166 11.5073 32.6932 0.334597 227.271
4641.05 17.6606 7.21204 7.16164 25.399 45.8081 21.473 42.7743 24.7006 4.3935 44.545 19.2613 17.0081 26.2511 27.7444 2.41897 24.3669 4.84319 4.51228 38.6396 29.0642 26.6585 0.143027 220.787
4663.19 7.50339 7.21204 5.6743 19.467 59.2989 21.473 42.3224 18.8212 4.3935 53.1403 14.936 7.65906 28.7073 20.948 17.9748 10.4301 41.6614 11.3657 16.8147 5.95666 41.3498 0.153229 223.326
4534.54 7.94295 31.3663 18.6166 26.0894 58.4432 11.2469 39.0202 17.2439 4.25066 55.5813 13.4031 14.7224 29.7436 26.9221 12.3249 19.6312 1.28484 21.1526 20.2919 14.2272 2.52565 0.00277438 216.493
4523.33 8.7255 24.7867 18.1304 25.9561 58.4432 16.1045 32.6183 29.7844 5.29363 50.5435 12.789 24.0371 28.4089 15.4806 19.7586 5.62482 5.17854 8.93143 23.6318 25.8744 5.17173 0.0265943 217.005
4570.5 6.83355 23.4917 15.19 8.21709 60.832 32.0747 29.07 29.7844 5.3711 50.1725 12.1595 29.7367 24.2598 10.0506 22.7934 2.01079 20.5747 10.7952 9.01461 28.1292 12.8773 0.0804734 215.325
4559 9.46269 23.4917 16.4906 10.7404 60.832 32.86 29.2138 25.7961 6.47913 50.2738 9.59156 30.5315 22.2787 10.2594 19.0192 8.74075 23.1078 6.98961 10.7402 37.7104 18.2556 0.107955 221.37
4537.48 7.91578 26.0485 22.0001 4.05919 64.5413 29.7027 30.4578 26.3727 9.50276 50.4617 10.1723 23.7729 18.0282 29.2661 11.1308 5.91104 8.07858 0.969956 20.3005 12.6745 49.9724 0.0524125 216.266
4545.53 10.235 20.9574 23.685 1.58085 67.2762 25.9799 31.6037 36.1503 9.50276 52.3521 7.26367 15.7518 7.47814 26.747 17.0722 9.50929 29.1284 38.3479 15.1572 3.16159 16.4146 0.00406418 221.8
4532.45 11.5558 19.8226 28.2519 1.58085 63.3274 31.8963 23.5491 30.7286 5.54286 54.4644 18.953 6.21539 12.1863 31.947 16.5033 15.7733 11.1178 3.23656 17.4641 26.5225 27.8692 0.0372381 219.864
4532.45 15.5763 19.858 24.0335 1.58085 69.6768 33.1924 26.4895 20.2859 2.21161 57.4393 30.5435 15.6241 14.3595 22.1657 12.3487 1.34114 27.5597 14.3428 8.88125 35.2547 12.8176 0.128953 222.036
4453.01 31.3681 17.2903 29.4489 1.31464 58.6483 33.449 45.1197 12.5626 11.5241 47.4254 16.257 11.6714 9.48459 41.1479 11.7366 4.70336 37.3452 9.17933 9.84372 34.3057 15.2515 0.0805876 220.338
4450.57 26.6087 17.6633 28.7263 4.16549 61.8965 33.449 32.67 21.025 14.0267 33.9274 25.1314 36.3213 7.52732 29.4798 7.65313 7.77404 19.9334 5.29928 27.8974 1.93199 46.4095 0.120673 220.263
4454.7 27.9615 22.4908 24.5186 4.64331 59.2414 39.3043 33.5579 15.3222 18.63 37.0179 25.1314 31.3561 4.50121 27.2391 12.2973 13.0924 17.1672 19.7615 11.0801 15.0128 15.3829 0.0294802 215.562
4454.7 17.6094 29.3374 27.2777 0.732441 64.8366 39.691 32.0634 14.7866 20.4639 33.2321 17.8404 27.5245 2.86295 35.2913 19.5327 5.43609 26.7268 26.4804 10.8833 11.6062 33.5882 0.0510094 220.584
4445.63 34.032 16.6174 28.016 3.00027 59.2899 33.4658 32.0634 21.1512 21.0791 41.9565 12.7773 20.784 5.57535 42.1956 21.7878 20.3378 12.0708 10.2235 9.59777 19.4745 59.7551 0.0450628 219.745
4462.61 26.1415 10.6076 25.3308 15.2615 52.4906 37.1572 35.3342 26.8073 18.8769 40.8657 4.55755 30.5693 4.10279 34.7931 24.0387 2.97395 23.7365 5.27255 22.6215 2.81674 59.7915 0.0432929 220.392
4462.61 27.8821 7.09052 31.6791 10.1756 42.568 49.7293 36.5191 27.3252 10.8242 47.0525 4.55755 28.2737 7.22868 34.5858 17.1382 2.92332 21.6247 9.62924 16.2246 6.97869 34.9364 0.0539726 219.769
4453.38 24.5162 3.04617 41.4062 15.4291 52.0455 37.2423 38.0942 33.3423 0.0653795 44.5156 11.1489 38.4001 1.74285 29.2425 14.096 24.6967 10.8208 30.733 17.024 10.1352 39.4606 0.0917097 231.003
4415.56 22.7151 10.7428 33.1604 16.751 52.9614 33.376 39.4371 26.7946 3.0241 56.0261 6.51965 39.8373 5.64872 32.0352 14.3807 12.7742 13.3965 22.703 13.2845 1.65019 30.0972 0.0570015 222.966
4411.02 15.152 7.32922 53.063 23.3753 38.1401 33.4735 47.0388 19.3602 6.9081 49.5264 10.2916 33.9464 5.69251 34.6786 10.3227 10.3462 0.426118 17.0077 32.3326 28.1488 23.329 0.0633238 224.151
4411.02 6.72702 3.0509 62.8574 23.5566 34.0752 45.2746 51.1607 18.472 6.85977 47.9192 1.69673 12.5187 5.6494 59.9756 4.74686 11.1433 14.1436 19.5126 27.9617 8.09281 26.0663 0.0964686 227.847
4477.47 4.97863 3.0509 52.4062 17.7443 43.7716 54.6741 9.3711 25.4719 22.466 50.5448 6.1833 23.58 4.5096 46.1134 6.31306 10.2807 53.9153 19.3986 5.22824 3.27532 9.78166 0.020182 223.529
4556.05 2.50073 3.0509 49.9098 18.579 55.8869 36.8933 11.1506 28.1172 9.96066 53.7587 8.76495 23.58 4.00952 40.183 4.61643 7.06182 35.8779 29.7924 11.1571 3.50205 2.22162 0.0136112 221.559
4630.82 6.90621 2.53778 2.81927 22.5895 70.3984 45.541 12.2329 34.6746 4.15525 36.6127 20.2846 28.1791 7.16807 24.8684 10.9723 10.2406 29.8554 13.3913 17.8647 28.4436 1.75753 0.110944 222.688
4630.82 2.1214 2.23565 2.45883 16.1349 66.4724 62.6464 10.7568 30.4751 10.28 35.0198 17.8447 34.4548 5.54249 30.4626 20.3091 12.418 22.1973 14.8793 35.1768 3.90038 5.63962 0.225467 224.657
4645.92 8.5942 2.23565 29.1503 23.6966 12.4367 59.9828 27.4101 32.2216 17.9212 7.70279 37.6203 42.1335 2.69597 29.2244 8.97084 19.7351 7.07105 10.3949 26.3704 29.5341 5.12247 0.200739 228.314
4622.12 15.0678 2.23565 25.0927 21.7269 25.0888 42.5847 37.3639 15.7433 18.9884 16.0512 14.8977 57.405 6.09411 29.8552 14.8533 33.6729 3.26006 38.5847 27.8681 23.5204 4.26869 0.171945 229.521
4622.12 12.5982 8.99429 28.3608 17.082 25.9546 41.4841 36.2926 4.9543 18.6579 24.3887 20.3523 69.2683 0.950954 25.5722 11.2379 3.04087 0.662712 49.433 26.0949 9.72657 1.38819 0.083509 228.97
4590.61 15.9506 7.53098 23.1879 23.065 20.3249 50.3058 57.5044 3.02966 17.973 11.6235 14.386 69.2683 3.89255 27.9056 9.1232 3.04087 7.33506 17.491 22.7484 8.23591 6.72881 0.0750348 223.286
4604.54 14.2852 4.86142 18.541 15.3208 30.0026 48.8343 57.5044 9.45696 23.321 9.1585 20.3231 55.7949 14.3575 9.14444 21.5711 7.53843 13.0413 10.9781 20.0199 32.4121 63.176 0.0640938 223.802
4600.08 11.0157 11.3399 19.5929 10.1403 30.0026 53.9385 40.5472 20.0657 31.3952 13.9997 21.9679 28.2703 23.0604 21.2869 15.0515 13.3796 11.3376 11.9117 28.3806 5.39263 13.9364 0.014003 213.752
4651.19 12.0698 11.6601 11.2957 5.18138 30.0026 53.9385 47.5098 8.0126 32.6369 3.7344 18.0987 47.9975 23.9319 21.0453 14.4596 15.4995 4.80904 12.4478 34.7516 5.65694 59.1314 0.000428735 220.302
4655.03 4.20584 14.1989 11.2957 6.02367 45.693 53.9385 30.6678 4.49747 41.1385 12.7916 27.3678 33.8449 25.9944 14.8283 17.1724 3.73615 3.25861 15.3953 29.1682 5.50845 28.4193 0.00388634 218.665
4654.07 1.84551 15.8015 18.6054 2.08407 42.4267 53.9385 33.9881 5.14321 39.0656 4.26495 25.1167 47.0313 20.7435 13.6343 12.368 4.41838 48.7427 5.75413 35.6971 7.35673 32.8105 0.00933692 222.948
4646.56 0.815308 21.6855 12.7554 2.08407 47.9215 55.7143 22.0104 12.5715 33.4822 27.8156 25.3958 17.2945 28.1662 17.5431 9.37723 3.98529 57.5663 1.9426 6.56858 19.5512 29.234 0.00972194 219.895
4664.41 4.33615 20.0312 2.02621 10.577 47.9215 55.7143 17.8762 14.2182 39.581 29.1538 19.9354 18.793 31.0973 10.7312 13.4007 9.437 5.65622 12.6956 40.4506 18.3706 8.3417 0.00181594 215.896
4675.35 3.84231 16.3099 3.70627 20.369 52.6146 52.2741 17.8762 7.36664 28.9127 29.1538 17.5994 7.34915 57.5687 5.07939 9.32665 14.3138 3.50943 12.1492 47.9623 18.8773 6.98643 0.00318489 220.257
4597.34 2.72635 27.821 4.60689 13.5404 46.9227 52.2741 26.4117 20.999 25.4936 37.212 12.0626 8.60481 50.1655 5.60958 11.232 26.3 3.99741 2.76832 40.8484 14.7436 20.7155 0.100622 219.147
4558.46 1.79992 26.3194 1.9474 9.29794 41.1961 41.2748 31.1837 24.0139 32.9932 47.2355 6.18392 12.9831 59.5601 8.00545 4.21379 39.0017 2.1222 12.4423 21.4924 1.38389 16.1779 0.5499 228.982
4556.57 2.18723 25.5957 1.9474 12.6462 37.6901 59.6098 27.416 26.3026 32.9932 29.6576 9.12119 13.1548 40.7913 22.9806 8.12581 28.7221 6.36284 23.4148 9.50322 1.28381 11.9037 0.322674 224.885
4592.01 9.39539 26.7275 4.83505 14.2972 42.8654 46.554 25.4139 9.10956 40.6161 18.4999 29.8812 10.1332 38.14 16.3923 17.1495 9.21785 20.2482 46.7203 11.314 0.357966 18.9584 0.0431067 224.072
4615.7 8.83861 24.4895 4.83505 11.1918 57.0748 29.6614 45.3221 11.3062 51.1143 15.9034 12.4952 9.13504 25.2005 23.8283 22.238 12.0409 21.4648 38.1199 22.4076 1.65566 18.4104 0.0171413 221.677
4607.04 7.47993 17.0967 6.48725 7.30854 60.2542 38.187 36.8415 16.9724 44.8243 15.0663 22.3563 6.56321 17.3693 27.4061 24.724 8.84924 23.0643 10.3314 14.4735 3.42478 10.5124 0.161632 221.192
4578.95 11.1499 23.8182 8.07444 5.51264 60.2438 51.8428 33.9149 3.45185 29.2099 24.888 29.9992 8.3405 21.2268 20.8396 25.2166 8.14997 24.3307 2.4132 13.3388 20.3086 2.48783 0.115248 218.824
4605.48 10.7399 26.5456 7.65133 4.86315 55.6745 34.657 35.6544 8.34775 37.9549 19.8564 34.1591 5.87635 35.3978 15.4858 18.1913 11.13 34.5311 5.09965 14.9343 7.70511 11.3445 0.00245195 215.867
4605.48 10.8971 26.4701 0.489512 6.34932 55.6745 39.7356 36.1598 9.72659 34.6439 26.5105 34.1591 7.25455 33.9498 11.0734 14.6454 29.9083 1.51775 5.29627 22.3619 8.62843 43.8548 0.0105635 219.069
4605.48 10.5687 23.6517 6.42423 7.42737 55.4081 39.7356 39.9427 2.05976 31.9144 30.9201 29.0213 7.25455 19.5082 18.4049 11.8169 29.9542 2.94018 19.1323 12.1574 35.2906 39.7189 0.0148346 219.646
4605.48 6.94422 25.7192 10.7982 6.70926 53.8048 37.1713 39.0901 2.05976 37.705 31.0417 27.8455 20.5129 18.5489 19.849 11.4296 28.3287 16.1936 9.99132 4.62689 12.1826 37.2484 0.000196748 213.595
4579.73 7.72986 23.8998 14.9492 17.7532 53.0733 48.9808 17.0594 25.3115 11.8983 24.602 36.4534 3.45193 29.3011 28.6921 11.6612 41.9476 13.8663 1.60585 3.83525 17.0379 27.4932 0.00988845 218.742
4608.39 0.253027 3.38286 14.5433 27.166 49.9172 51.4937 29.0911 19.4757 15.423 23.6317 47.9016 3.45193 18.6626 29.7542 8.28387 14.058 9.4503 34.8943 9.65289 5.52617 12.4626 0.0936386 216.614
4615.92 3.79512 0.292564 15.4254 22.7038 49.9172 59.6385 27.6367 12.1988 18.2219 32.3163 24.0035 3.45193 18.5663 46.9321 13.4543 25.99 16.6497 6.04866 34.4234 5.67743 7.86611 0.0628691 219.336
4615.92 1.73409 0.292564 11.3013 22.5513 56.7183 47.1177 35.6702 16.7675 25.5846 30.2327 14.2996 3.45193 29.7883 31.9476 20.8346 27.2423 10.6593 2.16144 18.2903 1.32652 6.88716 0.0998056 223.647
4619.02 3.63493 0.292564 19.2168 22.744 46.245 45.5208 39.4946 13.5109 15.9668 30.3659 45.2266 12.9345 26.8437 12.5111 10.0196 23.955 20.2146 9.93387 24.0455 5.57861 9.3573 0.0124651 215.668
4641.07 13.206 1.43526 17.0019 23.022 46.245 24.1007 40.4039 23.7353 15.8113 29.8369 38.4528 15.3248 25.7355 20.707 12.692 27.6132 1.87408 13.7546 22.3372 4.4079 7.76096 0.0010299 219.902
4641.07 16.0246 2.69654 8.38772 14.3202 80.262 22.0326 20.2632 23.1611 12.6844 31.1505 38.7346 15.3248 24.2018 16.5232 18.4179 25.2022 19.9557 18.7196 14.1778 2.99132 10.923 0.0578502 218.318
4675.61 18.7194 2.69654 2.52057 8.62264 71.103 32.3803 21.264 27.4763 15.8191 23.0742 34.0465 17.4044 28.7466 20.9311 5.62082 22.4095 21.7811 8.34097 14.1989 16.6743 3.1739 0.0326894 214.831
4664.61 19.5641 2.27877 6.74722 4.70446 73.7646 32.2747 20.0221 28.9114 15.838 26.9855 39.693 13.066 23.0912 16.6959 6.35559 32.0085 0.822426 43.4591 29.3301 4.60553 15.2584 0.0558148 221.035
4664.61 15.7831 2.45072 13.3934 4.70446 74.4436 25.8245 17.6934 33.7611 12.5559 21.5163 37.7898 22.5396 25.9282 15.3854 4.47042 0.97156 4.92805 26.7796 42.5347 16.8442 7.66204 0.110298 224.218
4558.23 14.1387 4.67162 8.21553 5.98729 50.4321 52.0819 14.8164 60.6367 7.66103 28.5883 21.8696 23.6288 22.4657 22.4795 4.49296 50.3891 8.26858 25.7503 31.8732 7.03582 2.38883 0.447559 227.165
4562.26 11.218 26.1126 8.21553 5.77445 42.6564 59.5613 22.3872 31.5193 5.7846 44.7554 30.9348 15.6948 18.3276 24.0462 6.70315 8.80333 12.4373 24.4009 21.0695 3.7914 16.0643 0.210846 217.348
4566.31 7.62367 30.5607 7.89155 1.5841 56.5013 67.8564 16.7813 16.8964 4.58059 46.5161 32.4091 20.0575 14.4211 16.4285 6.61096 9.55826 0.975021 24.0009 14.1194 28.586 15.077 0.0534068 222.453
4589.44 7.21444 30.5607 7.89155 1.53797 54.1954 68.7816 15.4428 12.3471 11.5153 42.4023 37.6005 22.4643 5.61655 15.8039 20.9743 16.8127 14.8925 24.5746 12.8016 23.4849 14.3945 0.041763 219.26
4581.2 6.83739 31.8887 6.19697 4.25404 62.5738 55.8349 13.2335 12.7379 22.7888 32.5365 27.2308 30.1077 26.5077 9.97622 16.6403 13.4423 26.8858 10.3544 4.29835 11.316 29.3263 0.0416076 218.636
4573.63 6.72083 25.4018 13.797 10.0756 53.6791 59.1572 14.0919 12.4469 20.1735 45.4787 15.482 25.5099 34.0624 5.89032 23.1537 5.64709 31.5614 17.8406 5.05912 6.13758 0.380472 0.0010351 215.038
4580.28 1.17528 27.8874 13.797 10.0756 61.7447 59.1572 11.8284 13.7677 27.471 28.047 16.8666 39.4395 8.88723 14.885 23.2362 6.56367 29.1578 24.9686 3.96317 19.2445 27.0762 0.00443406 218.164
4600.64 3.40117 21.7136 19.2688 8.52848 57.0442 59.1572 5.88162 9.78951 31.3854 33.4362 20.4228 39.4395 6.73196 19.7896 20.2523 0.988848 22.2811 17.7406 3.10533 39.4039 20.2507 0.0385356 219.183
4606.39 3.88387 20.6595 12.6938 7.61802 53.7484 57.1932 24.7736 0.670192 27.9155 28.3913 17.02 63.2833 6.5507 15.2815 21.4602 8.26072 5.89347 8.99638 4.88846 42.6336 19.1962 0.132663 226.932
