45.805 2.4612 5.73287 5.58353 6.23224 16.5869 22.8008 50.7483 1.89393 110.895 85.1565 42.3452 7.46866 15.3906 2.24035 11.5273 12.0767 2.71027 12.1296 51.5029 0.000154836 80.0116
73.1741 1.22929 5.73287 5.58353 5.87748 17.3003 20.8999 50.7483 1.89393 110.895 84.6762 42.8063 2.66095 14.8442 10.3403 5.66284 9.60201 2.71027 11.1873 51.5029 7.01831e-05 80.9563
73.1741 1.51087 5.37533 5.58353 4.8494 17.3003 22.0107 47.505 1.89393 114.188 89.4589 46.1458 2.66095 2.12163 10.3403 5.9811 9.60201 2.71027 14.5996 37.2517 7.01831e-05 76.8348
62.4238 1.29765 17.394 4.65241 2.19073 17.3003 24.6947 36.596 1.90746 110.471 85.7805 46.1458 2.66095 7.55524 5.72627 9.05199 8.35807 6.9875 10.6386 41.8796 8.99335e-05 82.8877
56.7987 1.91606 9.60387 4.65892 2.19073 18.6066 23.9094 37.0034 10.3016 114.62 85.6116 41.6417 2.66095 4.06481 9.28178 11.2188 7.88719 5.42325 15.3996 26.0712 0.000176222 73.8489
61.1443 2.52386 9.60387 3.17898 0.118656 20.4623 23.6459 32.9755 12.624 117.59 92.0646 39.4862 12.7086 2.88083 3.51241 10.5417 6.42653 0.835508 5.63126 28.4341 0.000159972 75.961
25.3349 3.99241 9.79023 3.17898 3.14675 20.38 22.3968 35.2035 8.4448 119.773 84.5254 41.5192 21.8863 4.29782 3.32195 7.14005 3.13188 1.73604 4.52581 28.2468 0.000154424 75.834
25.3349 2.30396 7.30418 14.9976 4.79931 15.9968 25.5988 31.408 6.5235 120.893 84.2338 38.1996 10.3206 6.42893 3.14608 6.56769 3.63583 5.77981 4.52581 13.0323 0.000150836 74.9346
25.3349 3.85709 7.83107 12.3239 5.32933 10.8128 23.1115 46.2486 5.15828 122.945 84.1757 36.4433 3.90224 1.5751 5.42966 10.5248 16.7881 5.00632 18.4699 11.0349 6.08029e-05 76.8628
26.4378 2.16036 7.83107 13.0294 5.8248 11.4562 23.4634 46.2486 4.49005 121.67 84.9604 35.9225 2.28682 0.740555 4.81417 6.92571 13.6886 9.93189 16.5963 10.2383 9.3875e-05 75.3733
26.4378 1.613 7.74281 13.547 8.81467 6.59642 23.5709 28.4107 24.6006 120.886 73.6775 39.3886 3.24977 0.294056 4.81417 7.50362 11.9023 13.9846 16.2939 13.9312 2.95132e-05 77.6579
26.4378 1.28538 7.74281 13.547 10.4348 7.54748 23.7776 28.7268 29.0435 122.677 64.4108 41.6151 3.64503 6.18045 8.24891 11.908 9.16619 4.61279 33.4306 34.8616 5.42088e-05 78.3581
26.4378 1.53989 6.23417 13.1441 10.4348 7.54748 23.975 30.7053 29.0435 123.612 64.574 40.323 8.04776 4.66151 3.99768 17.1483 12.5753 7.91389 2.35246 34.8616 0.00272407 79.5328
26.4378 1.53989 6.69111 13.1441 10.4348 7.20832 25.6956 30.7053 29.0435 123.965 68.2483 32.9211 10.2723 3.40265 3.90378 9.66557 12.5753 2.71168 11.9531 36.6036 0.00272407 77.5181
45.1749 1.46749 7.199 12.3828 7.1212 9.24579 19.8412 23.2596 41.7497 130.899 54.4923 40.1755 6.06327 7.27797 3.85557 0.641473 21.8898 2.49813 39.0168 44.9726 0.00187253 82.1062
54.088 0.208072 5.10265 15.4955 7.53651 10.2455 19.8412 22.3617 41.7497 129.483 55.0256 43.7782 12.3852 2.68738 3.49343 7.74588 5.53469 2.18994 16.009 33.6374 0.000581077 76.0399
49.8603 0.582919 6.99259 13.1896 7.53651 10.1051 19.8412 15.4301 41.627 132.632 55.232 48.1841 9.47227 4.47611 6.1452 4.31006 7.44993 2.11616 25.1145 31.6668 0.00175094 74.984
48.1465 0.108059 6.99259 13.1896 7.30378 10.537 19.8412 15.4301 41.627 140.327 54.1989 40.4428 8.99864 4.47611 5.14125 10.1822 2.90558 1.69516 13.6072 30.2503 0.00464369 75.9005
48.3093 7.32705 1.00403 12.4864 7.30378 11.0701 21.043 10.3326 39.8812 140.25 45.2935 50.1689 13.2212 4.30655 16.5326 6.28773 1.21882 2.3556 25.1663 59.4187 0.00255441 79.4031
39.8166 9.40802 0.645336 11.3596 5.26065 12.7835 21.043 10.5797 39.8812 146.019 40.4345 60.1941 3.81207 4.40034 5.3169 7.42723 0.492022 3.69897 35.3442 14.4759 0.00236669 76.6846
39.8166 9.10803 1.11885 11.542 4.0746 22.9352 14.6412 10.5797 39.8812 142.656 41.1128 56.5182 7.35494 6.24454 5.93667 0.843099 0.957126 17.8684 11.252 29.3745 0.00420912 77.6909
41.3926 9.18725 1.22449 11.4123 4.0746 16.965 14.6412 23.9515 39.8812 142.53 41.1128 45.3817 2.35807 5.15587 8.0298 0.374233 1.44146 17.8684 11.252 22.6129 0.00547725 78.6567
42.5835 8.90741 1.22449 11.4261 2.2427 18.2491 11.1043 27.9297 39.8812 141.736 44.8073 48.6125 1.41311 5.90784 1.33759 2.84715 1.8903 17.8084 15.2739 21.0511 0.0239069 81.6109
45.9538 8.90741 1.59325 11.4233 0.337167 18.2491 11.1043 20.9872 42.8615 152.549 46.0235 37.4563 2.27116 2.97147 2.59742 2.84924 3.23429 23.8725 10.7622 15.6815 0.00609378 81.6996
46.8599 8.09751 1.45154 11.4414 0.337167 16.591 16.7121 15.4024 35.5491 149.189 55.1988 39.2056 5.43181 5.59454 5.48749 2.85088 7.23171 15.0633 8.14789 61.6756 0.0041643 80.9247
41.9707 9.07811 1.55859 11.4386 0.337167 16.4439 16.7121 4.08117 48.0128 152.06 52.1351 39.7892 5.02972 0.491217 2.70024 5.3132 2.42818 24.5297 21.7619 35.497 0.00277978 84.1498
50.4901 7.00592 1.40067 11.4118 5.26462 13.9531 22.6971 10.3686 41.427 156.729 40.6871 38.5135 4.69586 5.56539 5.39024 14.7191 2.92478 2.61513 26.4786 6.6542 0.00270319 74.8927
50.4901 6.68965 1.37783 7.08416 5.26462 14.1937 26.5299 8.8387 41.427 148.803 45.9931 42.8646 0.888697 5.15339 3.8523 17.7388 2.51468 5.7903 38.3768 12.4774 0.00201222 75.136
66.5385 5.83176 1.49308 6.33973 6.10475 14.7082 25.7657 7.72794 35.7541 147.878 42.5007 60.3302 3.48978 3.83364 4.26908 15.8036 2.80549 1.54921 32.8162 18.3306 0.000642184 75.6248
37.7134 5.79829 2.73016 8.40534 5.43132 14.7082 24.2846 14.5959 39.6662 147.787 40.2043 59.685 2.07841 2.22325 5.10312 19.5175 2.75117 4.96705 5.63678 15.2245 8.16515e-05 77.3617
29.0664 5.81259 2.73016 9.00415 5.43132 14.7082 26.8284 7.46084 40.0418 141.918 40.399 58.293 3.59968 2.78821 3.0352 19.5175 2.64972 7.50013 2.47396 20.8918 0.000123375 77.6904
35.1749 5.59305 2.11727 9.00415 5.43132 14.7082 26.8284 11.3024 42.1699 141.918 40.399 54.6379 2.62366 8.09307 0.031096 14.6176 2.72822 8.41379 2.47396 35.1173 0.000123375 76.7242
41.6689 5.38535 3.22515 7.86163 5.43132 14.4201 25.3524 11.3024 43.2964 141.918 37.9346 51.7722 2.62366 6.85029 18.1634 17.4457 2.05902 8.46145 3.71218 29.3143 4.07445e-05 77.4344
40.3173 1.5739 3.22515 13.9505 5.43132 14.2347 25.3524 7.83064 43.2964 148.465 32.0713 51.8523 3.39599 6.04976 0.696048 25.1564 1.60462 1.23538 3.71218 3.94843 8.37035e-06 75.8779
38.8047 1.22749 1.95538 13.9505 5.43132 14.2347 25.3524 9.44768 42.6989 148.465 32.0713 55.8426 10.2555 12.4582 0.696048 25.1564 1.60462 1.74305 3.71218 23.8499 1.19296e-05 75.7689
28.1708 1.22749 2.85003 13.9505 5.43132 14.2347 25.3524 9.44768 42.6989 169.506 9.83339 55.3925 2.33344 13.2427 2.4639 18.8794 1.26344 5.30613 8.35559 24.2739 0.00011227 77.4299
33.6734 0.951476 2.10724 11.9899 7.94864 14.5312 25.3524 9.44768 42.6989 169.506 8.95903 65.839 2.97318 13.2427 2.12499 18.8794 1.06231 5.51775 6.47292 31.2096 0.000108169 77.2962
53.4399 6.09664 3.06856 10.8497 7.94864 14.5312 25.3524 0.974898 42.6989 168.705 8.95903 63.5305 4.89737 13.2427 2.01671 18.8794 1.2008 5.75144 5.18483 42.7448 0.000339135 78.7199
54.6669 6.5489 3.06856 10.1811 7.42399 15.5288 26.9126 5.48426 35.7121 75.8195 138.583 29.1804 4.61528 4.23448 2.16297 24.9567 3.19373 7.89364 3.24754 85.1596 0.000450593 78.3559
62.5325 5.76687 1.54435 12.2371 3.31975 19.6401 22.5176 18.7041 35.7121 75.8195 123.303 28.5628 5.40991 8.85813 3.44872 19.1875 3.90947 10.2026 11.4945 67.2709 0.000282664 80.709
58.0417 6.26897 1.25443 13.2755 3.31975 19.6401 22.5176 18.7041 35.7121 75.8195 123.303 28.5628 4.63275 8.85813 2.43626 19.1875 9.77769 7.75858 13.7196 61.657 9.45203e-05 77.4895
58.0417 6.26897 1.63841 13.2755 3.31975 19.6401 23.4731 18.7041 35.7121 76.6942 123.303 21.4042 5.27019 6.35019 2.43626 14.9135 6.37937 7.43764 13.7196 28.3268 3.99482e-05 74.3968
54.4875 6.26897 1.11919 14.706 3.31975 19.5631 23.4731 18.7041 34.3918 76.6942 123.303 19.1042 5.09919 13.2068 15.1014 11.5802 2.21088 3.2719 17.6328 23.6178 0.000120928 80.7417
52.347 4.84651 1.11919 14.706 3.31975 13.3363 23.4731 20.6688 34.3918 86.3853 123.303 21.728 1.26664 6.85629 19.4418 10.999 2.21502 1.92142 10.0176 34.2196 0.000172592 74.2675
50.2931 4.84651 1.11919 14.706 3.31975 13.3363 23.0779 20.6688 34.3918 86.3853 123.303 21.728 1.26664 9.68151 20.3856 9.54147 2.07634 1.37724 4.48755 19.2467 0.000110106 72.9989
21.991 4.57894 1.53516 14.706 3.31975 15.0925 24.2496 20.6688 33.529 86.3853 123.303 22.3492 9.3215 6.86474 20.3856 0.911968 2.27906 4.12098 10.4113 24.7779 6.50019e-05 77.032
32.9875 4.57894 3.17742 14.706 4.02826 15.0925 19.3119 20.6688 33.529 88.82 123.303 22.3492 8.37669 9.52785 20.3856 0.911968 2.54394 1.00837 10.4113 27.7789 6.50019e-05 73.3512
42.7377 3.0049 3.17742 14.706 4.02826 15.8105 19.3119 15.7799 33.529 88.82 123.303 26.9206 6.10855 2.01889 19.9763 0.911968 2.72474 1.00837 3.16182 1.62535 6.50019e-05 74.0002
40.788 3.46409 3.17742 14.5244 9.1926 15.8105 22.157 16.9648 33.285 59.9479 147.948 22.757 2.81905 2.78798 21.2323 4.22527 3.51522 2.46858 5.91672 1.62535 6.50019e-05 79.0398
106.949 2.48568 4.34962 0.694128 10.2278 14.8799 21.5856 17.105 34.5046 74.8519 147.948 13.8962 7.25688 4.11163 17.6729 1.21304 7.8725 2.61969 10.611 38.5311 0.000182168 74.1454
90.2506 3.20122 4.34962 0.694128 10.2278 16.4987 23.4625 17.9248 31.6472 81.8019 129.07 23.52 5.69545 1.03347 13.1678 3.2173 11.352 3.24809 10.642 20.5637 9.43759e-05 75.0127
45.0594 0.881458 9.59589 3.00023 13.3312 16.4987 27.8104 18.4151 29.6578 76.7329 129.07 24.9382 4.3069 1.03347 11.3406 2.78028 13.9907 5.2696 21.1639 9.64974 9.43759e-05 75.5257
73.0113 1.4781 10.6573 4.26292 13.3312 10.1596 29.2946 21.3117 26.5537 76.7329 129.07 23.7451 5.49692 0.486291 11.8424 4.18249 11.8566 7.99709 9.60348 13.1935 2.32751e-05 74.2371
24.6475 1.4781 10.6573 7.69496 16.9726 9.60869 22.5108 21.3117 26.305 94.6908 121.405 23.5241 9.71727 0.486291 12.032 1.60783 16.4883 7.81365 9.60348 11.2411 2.32751e-05 74.7648
39.4577 1.43 1.73936 6.88862 15.7466 10.7035 25.9156 27.9397 22.9763 97.1919 121.126 16.3102 9.14455 2.41329 4.83652 1.60783 14.672 7.98356 9.60348 17.5093 0.000130406 72.3118
47.5057 0.257969 9.90573 6.79143 14.3829 12.5683 23.3471 20.8792 23.7346 97.1919 121.126 19.1711 19.1707 4.17948 3.50852 3.95225 1.70884 11.7617 1.43696 15.3383 0.000130406 73.6305
58.2795 0.257969 7.81296 11.5658 10.7563 12.5683 23.3471 19.2135 20.9119 97.1919 121.126 19.498 25.4642 5.60435 3.50852 4.17843 1.39683 4.79917 1.157 14.2831 0.000130406 76.7997
58.2795 0.889756 6.75062 11.1385 10.7563 12.5683 23.2635 19.0422 21.8869 88.7469 127.196 19.498 25.4642 8.01931 3.50852 4.17843 2.12696 3.7569 1.157 14.6249 0.000130406 77.5179
54.9538 1.5296 6.75062 11.1385 10.7563 12.5683 23.2651 18.1882 21.8869 88.7469 127.196 23.3817 25.4642 4.83538 4.06209 0.454686 2.12696 6.54045 4.71096 14.6249 0.000130406 75.2064
60.1761 1.72576 6.97123 9.40063 12.6704 13.1304 23.2651 16.679 19.4845 89.2232 130.15 23.2066 20.5475 5.41071 3.16167 0.693073 4.82565 10.1871 10.065 14.6492 0.000130406 74.3326
51.674 1.02719 7.6756 9.40063 12.6704 13.562 23.2651 16.679 19.4845 89.2232 130.15 23.2066 15.2083 5.50905 3.16167 4.4383 4.23624 8.03706 13.0159 14.732 0.000130406 71.5299
40.4127 3.23551 7.88086 9.35696 12.6704 13.562 22.7263 16.896 19.629 89.4261 132.202 23.1121 18.6353 3.56087 3.61268 3.859 2.78291 2.54552 18.5051 14.1407 0.000130406 74.2538
29.8893 3.23551 10.3452 6.0213 12.3411 8.72043 37.6359 16.7642 21.6162 89.4261 129.314 16.4309 18.6353 3.15881 5.40421 3.859 2.1297 2.00909 36.9448 13.7882 0.000130406 76.8302
36.12 1.33888 9.95066 8.34466 13.8003 6.10678 37.6359 18.5847 14.9703 97.7077 121.616 16.0608 21.5459 3.15777 12.1583 4.77173 4.36212 2.07269 4.75626 17.6708 0.000130406 76.067
30.4527 1.82489 11.8485 8.34466 11.4329 5.454 37.0501 18.5847 19.2199 99.4614 118.139 16.2002 17.4009 3.15777 9.00995 4.77173 3.4102 3.86051 4.75626 19.824 0.000130406 75.1873
26.9053 5.98483 7.86831 9.37033 3.96692 4.61008 42.3937 20.0326 19.6412 103.496 110.356 15.5744 6.95062 13.9968 1.6986 9.30743 3.90853 4.75763 30.243 5.2811 3.86716e-05 80.0864
39.7898 6.03227 7.05953 7.77319 3.96692 4.20548 42.2384 20.5951 16.2654 103.482 111.767 23.482 12.7317 17.7611 2.34668 2.65291 2.39216 5.0816 6.82342 12.255 5.40179e-05 73.058
48.8401 6.2186 6.113 7.91454 5.06464 3.21049 41.4255 10.8867 30.9592 102.411 111.825 26.0974 7.98825 8.32573 8.61865 2.79873 2.27788 5.35584 5.72966 22.9337 0.000201496 71.7873
61.3817 5.29236 6.87331 7.91454 4.78278 1.07319 45.2231 7.91507 28.5208 102.359 111.812 26.05 8.62103 12.4197 9.75466 1.40591 0.957865 1.75312 6.82789 15.2888 0.000905685 74.6176
45.8688 5.00658 7.59639 7.91454 4.78278 4.59005 54.9542 4.45925 25.9796 101.698 103.79 26.528 11.3856 10.0952 9.4457 1.41447 2.29677 6.23757 6.84235 40.9829 0.000473063 75.7458
56.1562 5.06462 7.98215 7.77253 2.8737 4.56353 54.9542 6.71631 24.0938 100.644 98.8108 30.2366 6.89964 9.45641 15.4851 1.27937 1.36317 9.32115 9.04823 3.38112 0.00404934 77.6978
46.3947 6.24448 8.32506 7.77253 2.8737 4.94288 54.9542 6.93375 27.4395 105.664 97.6937 23.0302 6.65551 0.65098 17.5831 1.47145 5.23505 5.77893 9.09707 3.88481 1.12015e-05 74.431
48.5799 3.85986 9.06149 7.77253 2.8737 5.85601 54.9542 6.93375 28.1406 106.273 97.6937 25.743 2.99636 4.7374 18.3492 1.50558 10.9658 4.15099 9.08596 6.46813 1.12015e-05 72.264
49.6133 3.37502 10.2224 7.77253 2.8737 5.84559 54.9542 8.34009 28.6672 103.413 97.6937 31.7085 4.80405 4.80636 13.1185 1.50558 4.74953 3.03788 9.80048 5.84555 1.12015e-05 71.3112
65.2054 5.34506 7.91026 8.11864 2.8737 8.28527 42.2591 10.5891 35.9967 103.689 99.8138 31.5401 4.80405 4.81953 14.9488 2.39663 3.15518 2.23462 4.16519 12.4375 1.12015e-05 77.2516
64.011 0.433269 7.39183 8.11864 2.8737 6.31154 45.6208 9.79786 36.9236 96.6213 99.8138 35.1423 1.1072 9.64049 14.9488 3.87149 4.28466 5.33687 27.6911 48.5036 1.12015e-05 80.456
72.734 1.59085 7.39647 6.61256 2.8737 6.31154 45.6208 4.49318 36.9236 97.1261 127.134 6.87699 1.1072 7.42464 19.0971 6.03937 3.91027 2.99217 27.6911 45.4037 1.12015e-05 79.3627
64.7471 1.57747 6.50205 6.18724 1.44417 7.28244 45.6208 21.2665 30.4039 96.9218 125.95 6.87699 4.70984 6.902 14.0049 0.390269 4.93953 6.3515 14.7806 30.9052 1.12015e-05 81.0366
52.1346 4.33543 6.24535 5.75903 1.44417 9.03915 46.5843 21.2665 29.9382 97.3134 123.247 7.996 8.17225 5.52937 4.03077 0.390269 6.86785 3.58855 2.95509 39.5906 1.12015e-05 79.364
50.0307 4.27015 6.24535 3.79371 1.44417 9.61289 46.5843 17.9251 1.84577 98.8954 132.922 15.5264 24.0441 3.97546 0.560388 13.3344 11.1558 6.94727 37.2485 39.5614 1.12015e-05 86.9954
53.4985 4.27015 7.6881 3.79371 7.48664 10.5046 46.5843 3.9285 11.5862 99.5616 127.089 25.9573 17.8269 3.61637 0.560388 12.9919 11.9188 4.84584 37.2485 27.9246 1.12015e-05 83.4728
47.8172 7.7489 0.423386 14.2367 2.14896 10.5046 46.5843 3.9285 11.5862 98.6503 127.223 25.1889 5.01917 4.17093 0.560388 16.5503 11.9188 6.54608 16.3629 7.53457 1.12015e-05 77.832
47.8172 7.00972 9.01255 4.28239 2.14896 10.5046 46.5843 3.9285 13.9295 98.6503 127.223 25.1889 8.4206 4.03102 0.495086 10.4583 7.32783 7.41828 14.3329 19.2619 1.12015e-05 73.2533
47.8172 8.1453 4.85004 0.421026 2.14896 13.9569 40.0539 18.5844 13.1678 89.067 138.083 29.8701 5.52377 4.12863 0.495086 1.45564 8.01822 7.40772 12.493 54.3624 1.12015e-05 78.2945
45.6089 8.69782 4.67723 0.421026 2.14896 13.9569 40.0539 22.9916 15.2594 83.5375 137.048 27.4698 5.34741 3.91312 4.17456 8.25583 1.76811 8.79343 7.58443 87.6767 1.12015e-05 75.7421
44.0988 8.90022 3.45394 0.421026 2.14896 13.892 39.8306 25.4733 14.7026 91.8754 124.559 24.3771 6.68494 3.7633 3.5835 13.4561 2.72193 10.774 6.87844 108.869 1.12015e-05 77.3501
44.0988 8.99698 7.1473 4.86539 0.841569 17.8016 34.8184 27.3353 12.0519 90.5434 127.403 19.5933 9.2194 2.72749 10.9556 10.5509 3.41733 9.36511 1.66231 24.6571 1.12015e-05 78.6283
17.7474 7.24475 7.1473 4.86539 0.841569 21.1031 34.8184 27.3353 12.2136 96.6796 122.959 14.1728 3.46271 3.58513 14.0645 3.25354 3.32813 10.1004 12.2069 11.969 1.12015e-05 75.413
39.5166 5.42072 4.05574 5.99037 18.2996 4.51267 34.8184 27.3353 13.3218 96.6796 122.959 14.1728 4.40172 1.84754 15.7285 8.28342 3.57918 6.01483 22.9436 17.7493 1.12015e-05 76.2412
38.1268 5.42072 0.98827 6.83627 12.6516 5.79409 37.6936 27.3353 11.9015 101.42 125.727 20.1355 3.46899 0.856909 16.6335 5.24269 0.612431 7.56425 11.777 19.9147 0.00138026 79.02
68.0157 5.92214 0.631706 7.72402 16.7565 4.64114 39.8302 27.6675 2.76632 94.9072 125.727 22.1233 3.19633 1.58932 4.50388 10.3072 6.19978 15.1012 23.1274 3.5214 0.00138026 77.0094
71.6627 5.99338 0.631706 6.6508 17.5794 4.64114 39.8302 27.6675 2.76632 94.9072 125.727 19.4927 3.74868 0.866731 6.7384 8.45321 6.19978 14.0954 12.7633 19.184 0.00129536 77.3118
71.6627 5.99338 0.631706 7.15539 17.6102 1.45819 39.3436 30.7973 3.86287 94.0062 125.727 19.4927 5.85891 1.99146 5.60855 8.45321 7.39087 9.20875 12.2472 20.6107 0.0025059 76.933
68.8663 6.65689 0.631706 7.7824 10.3762 2.29791 39.3436 30.7973 8.79268 94.0062 125.727 19.4927 5.24254 6.07016 21.0576 7.1216 1.90009 7.47945 25.2846 13.3657 0.000718748 79.1415
68.8663 5.44797 0.631706 11.2249 9.66661 2.22775 39.3436 31.3449 10.4409 94.0062 125.727 19.4927 5.24254 1.13281 22.9274 6.55736 7.18599 7.47945 0.169692 13.478 0.00143584 80.6366
68.8663 5.44797 0.0307389 11.2249 9.66661 2.22775 39.3436 32.7493 9.0786 94.0062 125.727 19.4927 1.74216 0.434749 13.7817 5.39656 6.40222 1.22154 14.3613 13.478 0.00164781 78.7889
69.1543 6.76239 0.0307389 11.2249 8.14949 1.66515 39.3436 33.2622 8.28272 94.0062 125.727 19.4927 4.64921 2.63457 24.3391 3.41754 6.40222 2.61928 7.56055 15.7535 2.77396e-05 77.2453
62.2645 6.76239 1.59165 11.2249 8.49782 1.66515 36.7219 30.1824 11.1751 94.0062 125.727 19.4927 4.64921 1.61688 17.8153 4.95361 13.3461 1.72332 4.5161 25.4295 2.77396e-05 73.485
45.6311 6.76239 5.58574 8.80763 8.49782 1.66515 36.7219 30.1824 11.1751 94.0062 125.727 19.4927 4.64921 1.63241 17.8153 4.95361 13.3461 1.72332 11.1877 25.4295 2.77396e-05 71.907
41.8497 6.76239 5.58574 8.80763 8.77714 1.66515 36.7219 30.1824 11.1751 94.0062 125.727 19.4927 4.64921 1.31062 12.0368 4.57116 13.3461 1.72332 11.1877 28.0052 2.77396e-05 71.8518
47.0401 7.40773 4.34865 7.17968 7.54017 3.66653 36.7219 26.472 10.9916 99.6018 128.769 17.688 5.22742 5.3894 6.62555 4.99255 13.2131 0.128368 34.5159 12.3693 2.77396e-05 71.5355
40.2014 7.40773 5.97751 8.02426 7.94809 3.66653 36.7219 22.6884 14.9214 99.986 128.769 17.688 5.21059 5.3894 6.46298 6.836 13.6557 1.12093 6.46659 10.3183 2.77396e-05 72.1424
35.3625 8.03306 4.4121 7.2307 8.28227 4.62375 36.7219 22.6884 20.615 90.8602 128.769 17.688 6.08846 5.02892 6.46298 9.45382 11.9571 1.12093 9.46142 4.57975 2.77396e-05 70.3916
35.3625 8.64185 4.4121 7.2307 8.28227 4.62375 36.7219 22.7124 20.615 90.8602 128.769 17.688 11.9513 3.44286 6.46298 1.57927 12.4264 2.29457 1.49116 6.84114 2.77396e-05 70.2918
23.8052 8.47493 2.6567 11.4638 5.04734 6.68511 36.7219 17.8576 19.6109 90.8602 128.769 20.5268 14.8968 2.29125 6.69075 4.07819 4.97426 8.5998 15.0006 2.19484 2.77396e-05 73.7485
26.0508 8.75275 4.36639 10.2566 4.23494 6.68511 36.7219 17.8576 21.7172 90.8602 128.769 21.6614 14.4176 2.29125 6.69075 6.13781 1.7615 5.48092 10.3441 6.30815 2.77396e-05 71.2423
26.3784 9.34467 4.53982 7.75168 5.03197 6.68511 36.7219 22.9738 19.4561 90.8602 126.768 16.0528 17.8502 3.87447 7.28218 10.2965 1.7615 4.41294 5.84464 2.53318 2.77396e-05 72.6206
29.5123 9.34467 4.53982 7.23217 1.79356 11.0371 36.7219 22.9738 19.4561 93.0559 126.417 17.8523 22.1286 1.94978 9.98473 10.2965 2.83144 4.41294 9.39166 5.28316 2.77396e-05 76.2246
29.5123 9.34467 0.929253 5.7119 3.0694 15.4119 32.7393 22.9738 19.4561 98.3111 115.377 18.0085 14.0001 1.90049 20.0341 9.62068 2.83144 4.41294 8.62631 5.54626 2.77396e-05 77.0764
29.5123 9.50479 0.929253 6.03553 8.14396 15.4119 31.364 23.9028 20.7167 98.3111 109.013 23.1265 15.0493 1.4605 5.77395 5.06539 2.58506 21.0025 13.1435 11.9639 2.77396e-05 78.9904
29.5123 9.84006 0.0950623 4.86885 6.60641 13.6036 29.4496 23.9028 20.2269 93.8312 124.021 23.1265 9.92066 1.9656 2.33896 6.15313 4.72662 15.6447 25.3874 13.1832 2.77396e-05 74.1371
46.9741 6.4634 4.43021 6.12493 6.06776 12.3976 29.6916 16.1825 31.0247 87.3169 124.021 22.9532 11.2852 4.3317 6.40036 5.59178 5.36081 8.58682 48.9774 7.87902 2.77396e-05 73.2793
52.7074 6.4634 4.43021 8.1938 5.97441 11.8507 39.5 7.38376 31.0247 87.3169 124.021 22.1027 8.67427 4.97468 8.96782 5.97459 0.449153 8.37829 54.0608 20.3361 2.77396e-05 71.9374
52.7074 6.4634 2.88991 10.1338 5.97441 12.2109 33.5393 12.2405 31.0247 87.3169 124.021 22.1027 4.54794 4.78081 5.21951 1.89856 10.9775 7.90838 58.1531 36.5047 2.77396e-05 73.6749
52.7074 6.4634 2.41455 10.1338 5.97441 11.6856 39.6629 5.31996 31.0247 87.3169 124.021 22.6463 4.36299 4.78081 4.94517 4.25356 11.9658 5.93185 58.5794 22.6186 2.77396e-05 72.9103
52.7074 6.4634 2.41455 10.1338 5.85813 11.6856 39.6629 5.31996 32.992 87.3169 124.021 21.8756 4.31199 4.291 8.4327 4.92142 22.6389 5.93185 50.2225 40.6703 2.77396e-05 77.8109
52.7074 6.4634 2.41455 10.1338 5.85813 12.0298 39.6629 5.31996 32.992 87.3169 124.021 28.3886 5.13207 4.291 8.4327 4.45723 15.7727 5.93185 28.4159 40.6703 2.77396e-05 74.3021
52.7074 6.4634 2.41455 9.80089 5.85813 12.8791 38.517 5.31996 39.0531 87.3169 114.198 28.3886 8.14853 4.291 4.48355 1.58128 24.3644 5.93185 24.5282 20.866 2.77396e-05 75.6491
52.7074 6.4634 0.106586 10.6435 6.79636 13.2385 39.1212 5.86366 41.5188 82.4056 117.427 30.4923 5.27367 1.29569 6.91298 1.30753 14.7818 1.14755 25.7687 39.2895 2.77396e-05 77.6271
52.7074 6.4634 0.106586 10.7412 6.79636 13.2385 39.1212 7.23903 27.2746 96.1011 117.427 29.2281 4.8861 7.59549 10.1047 2.6499 6.22446 1.51702 17.7874 35.1137 0.00155287 77.2361
52.7074 6.4634 0.106586 15.8117 2.80187 5.47901 39.1212 7.23903 27.2746 96.1011 119.507 26.3698 5.1631 7.44471 13.7188 8.45712 8.19557 4.4255 2.25426 13.5471 0.00155287 79.7273
52.9533 8.75646 0.106586 11.0472 2.47254 4.94326 39.1212 17.8784 34.7894 96.1011 111.336 25.2105 6.60737 1.15257 12.0983 1.31338 10.4275 4.41269 7.65337 13.5471 0.00810118 81.8652
50.4876 5.93129 4.79424 4.20686 14.0186 3.31174 35.4509 16.157 22.4337 96.1011 123.771 26.4849 4.78307 3.12382 4.63557 19.7881 5.26978 7.22281 9.9346 13.1418 0.00762799 80.0792
33.4927 3.94433 4.55278 5.72342 4.84423 20.6039 35.472 22.5474 8.59421 98.9044 124.054 26.8316 4.60555 1.15398 6.44232 13.5355 1.06106 6.43005 9.42522 17.7981 0.00618661 77.383
33.4927 3.94433 4.61817 5.92407 3.54695 20.6039 37.8998 22.5474 2.75053 98.9044 128.319 27.0262 8.19009 15.0485 5.70294 0.999135 11.4267 3.75454 11.2594 19.7981 0.00390503 83.3142
49.7122 1.94645 5.22298 9.59734 0.440184 18.8688 42.6881 25.6737 0.557932 98.9044 118.767 26.7228 4.25363 7.98932 11.2328 0.612308 3.09234 4.38977 31.7583 14.7141 0.00595502 80.231
49.7122 1.71675 1.25265 10.5349 0.831229 20.12 39.9659 25.7077 3.30428 98.9044 125.184 28.5666 3.96466 7.70448 4.3297 3.49306 3.00171 6.20332 41.5087 10.388 0.00410445 78.8383
57.2324 4.0886 1.25265 8.4857 2.89559 19.243 40.1108 21.6916 3.28787 105.034 125.861 21.5585 4.40445 11.55 12.7327 6.57332 2.28561 6.44837 38.2108 18.0181 0.00527901 83.8809
58.7043 3.8273 2.09639 5.53941 3.57871 18.9515 39.7438 28.3267 3.61701 99.3189 125.519 15.062 5.42562 6.76413 13.4268 1.09015 2.69384 9.73617 22.6559 3.62005 0.00946865 78.8366
68.0677 3.8273 2.09639 3.42985 5.07719 18.7244 43.7906 23.5148 5.59558 99.3189 118.823 19.6597 5.75429 10.6726 13.4268 1.63094 7.61367 5.77788 21.9863 13.4915 0.00575366 77.4629
68.0677 3.8273 2.09639 3.42985 5.07719 19.6613 43.7906 23.5148 5.59558 99.1562 118.823 20.6968 5.75429 14.2986 16.8572 1.63094 5.9471 8.6139 15.297 7.81411 0.000914238 78.8098
47.4558 3.8273 1.41101 4.69452 4.88144 13.4711 43.7906 23.5148 8.2555 105.724 119.631 19.3512 5.22049 17.8203 15.465 0.950202 4.53823 5.04333 16.8552 6.37531 0.000666758 80.2985
47.4558 6.78101 2.60327 1.4368 4.88144 20.5394 41.5981 28.3068 4.71045 102.27 118.43 17.6102 3.11621 7.65481 15.465 8.98518 4.51749 0.511167 1.88776 78.2926 0.00316616 81.2077
47.4558 10.1165 1.4925 4.21011 2.73134 20.7822 36.0378 29.1689 2.95421 102.27 116.492 22.1599 10.0382 8.17955 15.465 8.98518 8.30236 1.0464 1.88776 78.2926 0.00163344 82.1127
46.8106 8.98717 0.0273827 4.34802 8.20089 18.3281 33.4299 34.9302 2.33058 86.3871 122.525 30.2865 6.07743 9.83433 6.15855 5.23492 9.38162 3.65079 25.8465 29.0331 0.0130348 79.0398
52.5431 8.13249 0.0443319 3.88688 7.07647 18.9304 33.1641 32.4259 2.33058 88.363 124.768 28.8362 4.905 12.9016 6.05073 5.3502 3.33197 3.9643 2.11286 0.33485 0.0194108 79.0515
42.289 8.45027 1.38997 4.02172 7.07647 18.0613 32.81 21.331 9.17354 106.825 115.589 27.3567 5.8885 6.55983 6.91807 4.18152 4.13231 4.74449 8.6746 9.31302 0.0135366 77.1529
37.4038 8.0719 2.38732 4.03251 7.84233 17.6546 32.81 14.8988 15.9357 106.825 115.589 34.9085 5.8885 2.32492 11.118 1.02506 6.10397 1.22217 10.2396 9.31302 0.0128227 78.7152
37.4038 8.0719 3.37207 4.64366 7.50688 19.9792 32.81 17.3623 20.5967 98.6203 106.664 34.9085 4.83082 1.74655 20.3933 3.01492 5.87773 2.73757 3.64565 12.0061 0.0691167 85.1593
46.8483 8.0719 6.1922 0.396009 6.56816 20.7707 27.0193 17.3623 19.5978 107.671 105.167 27.1054 10.4743 1.74655 20.3933 2.41228 9.37562 2.82891 4.87697 9.42278 0.0691167 80.4964
51.9599 8.24706 6.75825 0.396009 3.21012 20.7707 27.0193 18.8155 19.5978 104.597 100.478 38.9311 9.13272 1.74655 20.3933 1.34019 10.4422 10.1863 4.87697 3.9273 0.0691167 83.3247
43.5293 8.24706 6.75825 0.396009 3.21012 22.7691 27.0193 18.8155 19.5978 104.597 100.478 38.9311 9.02959 1.74655 20.3933 1.34019 10.4422 10.1863 2.89634 9.26003 0.0691167 82.458
47.1173 3.88932 8.48611 1.08809 4.9455 27.7144 26.4763 8.55106 23.2887 104.597 101.656 38.9311 8.25105 1.74655 14.2036 0.762919 6.4687 12.4604 6.06555 10.9573 0.0609773 84.4084
48.2668 3.88932 8.48611 1.84696 4.9455 25.5722 26.4763 8.55106 23.2887 104.597 101.656 38.9311 6.05777 1.61993 13.4917 1.01874 11.8557 7.16674 5.13826 11.4721 0.0917222 82.0503
45.8426 3.27572 8.32566 1.84696 2.55449 18.3084 28.9723 7.62481 33.72 104.597 101.656 38.8693 3.90899 4.24324 7.97555 1.13836 8.91661 12.5811 13.2655 58.7509 0.0864 82.319
42.0364 8.15593 7.68765 1.84696 2.55449 14.9898 27.3435 7.62481 33.72 114.947 101.656 28.6203 10.9327 2.75486 11.9615 1.66227 4.98526 7.55853 15.3955 53.6936 0.0864 82.6123
42.6319 8.46885 5.88101 1.84696 2.55449 16.5973 27.3435 7.62481 33.72 114.947 101.656 26.112 10.9327 3.65768 22.035 1.66227 6.50192 9.80517 14.8752 21.8168 0.0864 82.1063
43.2651 8.46885 6.97172 1.84696 2.55449 14.8003 26.4011 7.62481 33.72 114.947 101.656 26.112 11.1469 5.49791 17.5368 1.66227 3.87612 7.15999 6.78038 14.1256 0.0864 80.2436
43.6574 8.7128 12.0744 1.84696 2.55449 12.5853 24.4127 5.29599 34.721 114.947 101.656 38.6098 2.86777 8.4297 18.9753 1.66227 6.1761 7.15999 6.78038 7.8495 0.0630855 83.1668
47.2272 4.46327 12.0744 4.6075 7.44818 15.5453 24.3898 4.77185 34.1728 112.263 104.972 27.16 0.131868 3.52829 15.6125 1.66227 2.525 15.4033 29.1303 10.2824 0.0326972 83.1012
29.3692 4.69502 12.0744 4.6075 7.33161 17.6503 24.7483 4.77185 31.5393 112.263 104.972 27.16 0.131868 3.97157 15.6125 1.66227 4.85916 15.4033 27.766 6.44224 0.00523855 80.8788
47.7729 3.50571 11.2723 4.23368 7.90827 19.1319 21.6383 6.01341 31.3571 109.607 104.972 27.16 4.21578 1.6581 11.175 6.71567 9.64337 19.9542 21.8514 9.29054 0.00134494 78.7801
48.9552 4.26576 10.9635 2.68524 8.51948 18.7867 21.618 8.66161 31.3571 109.607 105.156 27.16 4.21578 3.62902 11.175 7.18661 3.20797 14.7238 14.1603 9.29054 0.00233573 76.1806
51.4876 5.6339 10.9635 2.68524 9.25779 18.002 19.5224 8.66161 31.3571 109.607 105.156 34.2996 4.21578 5.85497 7.90557 0.652483 1.33098 14.7238 11.111 9.16377 0.0032218 73.2875
57.3408 4.61803 10.9635 1.61247 10.0846 17.8957 20.0071 8.66161 36.5043 104.227 105.156 36.0692 4.21578 4.41211 7.09647 0.522511 0.868281 14.7238 10.9334 8.49375 0.0032218 76.2759
52.0999 5.23572 8.75669 4.09175 10.5821 18.6561 17.5481 13.8337 37.253 96.8819 105.044 36.0692 2.11031 4.8322 16.3008 5.66513 1.82126 5.44827 9.24987 9.89164 0.000717654 72.7628
52.4531 6.29671 10.1365 4.41391 2.23406 16.0112 17.5481 14.567 40.858 96.8819 106.299 30.8779 2.42512 6.36438 19.5127 6.26468 0.644176 7.45905 7.62368 9.89164 0.0096258 75.5632
51.4091 6.24658 10.1365 4.36423 5.54682 15.4945 9.4918 20.8255 40.858 96.8819 106.299 34.4477 0.470486 11.598 19.1273 12.9747 0.644176 8.17923 1.45538 1.69263 0.000569331 78.5199
51.4091 6.24658 10.1365 4.36423 6.74106 14.9209 9.4918 20.8255 40.858 95.0208 106.299 34.4477 0.470486 11.598 19.1273 12.9093 0.644176 8.17923 0.620093 0.614152 0.000569331 77.4365
52.1355 6.04858 10.8896 4.47827 8.0663 13.4907 9.4918 20.8255 40.858 95.0208 106.299 34.4477 6.63071 9.21033 19.1273 8.00622 0.644176 10.525 12.7372 13.3005 0.00557995 81.7258
53.8697 5.51143 14.3768 1.26237 12.5401 12.3645 6.43704 21.3665 40.858 105.911 90.8436 24.4023 7.51256 9.21033 15.5391 11.9069 1.45941 10.1355 4.67243 30.517 0.00269505 83.7687
52.0451 5.85225 11.8301 2.27022 6.17768 18.8914 4.54746 27.6852 28.0038 114.739 90.8436 40.6357 7.51256 6.15892 4.04322 5.91439 5.01281 1.35196 1.26035 16.9862 0.0028182 74.7313
52.1268 5.19749 13.2974 2.61952 6.17768 19.1317 4.54746 27.6852 27.0704 123.28 87.2324 31.5295 4.15579 14.6804 4.04322 6.00687 1.78045 6.63537 3.74624 16.627 0.00444888 73.1886
72.6341 3.40689 13.2974 2.29223 6.17768 19.0585 5.40366 31.3624 27.0431 123.28 87.2324 27.9417 2.20923 14.9077 3.92093 3.86128 3.93876 8.54387 7.28962 3.24645 0.00656051 75.7376
72.6341 3.40689 11.9615 0.939605 9.90846 17.8336 4.52146 33.4759 27.8054 123.28 82.7078 27.9417 23.2328 1.81993 3.33958 3.30363 4.30695 10.2121 9.02136 21.3904 0.00460662 77.5035
72.6341 3.73629 11.9615 0.939605 9.27333 19.4163 4.52146 34.4786 23.1423 129.273 82.7078 27.9417 22.9219 2.13715 1.61218 1.98609 3.19861 11.925 10.217 35.8534 0.0160487 81.3251
72.6341 3.73629 11.9615 0.939605 9.27333 19.4163 4.18857 31.6649 20.1358 129.273 82.7078 27.9417 26.6943 2.13715 1.61218 1.98609 3.11394 12.018 12.8157 51.4897 0.0160487 82.4066
71.4332 3.73629 11.9615 0.869466 9.5105 18.9304 5.6629 31.6649 19.762 129.273 82.7078 32.0065 16.3218 3.08216 7.18885 1.11646 2.91661 14.0761 12.8157 12.3143 0.0183952 78.8725
71.4332 3.73629 10.3023 3.36652 7.7479 18.9304 5.6629 31.6649 22.2316 129.273 82.7078 32.0065 16.3218 0.831707 3.71069 1.11646 3.10305 12.6074 12.6026 32.1741 0.0391311 78.8745
74.803 3.73629 10.3023 3.36652 5.57534 17.897 8.3597 30.9659 22.2316 126.643 82.7078 35.8839 16.5811 5.54603 3.62521 1.11646 0.890855 13.7651 8.46239 23.705 0.0229085 78.1136
74.803 3.73629 10.3023 3.36652 4.13515 17.897 9.96251 30.9659 22.1657 126.643 82.7078 35.8839 16.5811 2.58547 2.63412 1.11646 2.67324 12.9484 9.01592 37.8088 0.0481815 81.3726
88.7378 3.15694 4.36717 4.33628 8.34545 21.5821 7.77573 30.9659 22.1657 126.643 82.7078 42.851 18.8495 1.25885 2.63412 1.80489 1.98771 7.87884 3.76443 25.3026 0.0350472 86.009
88.7378 1.25301 4.24903 4.01594 8.72919 22.4994 5.65208 30.8489 14.2586 126.643 83.9755 41.7636 19.3205 2.84227 2.63412 1.80489 5.41543 5.16286 7.35388 22.2199 0.0278455 84.3585
84.9968 1.25301 4.32416 4.01602 8.32691 22.4994 7.11127 37.7907 14.2586 126.643 83.9755 41.7636 16.967 3.09696 2.63412 2.8093 5.08589 5.34792 5.10765 12.7735 0.0174699 78.6244
93.9823 2.45849 3.93866 4.02158 7.40873 23.3663 4.69809 37.7907 14.2586 126.643 83.9755 41.7636 14.5882 3.09696 7.15427 1.30719 1.4942 7.66534 5.10765 45.1681 0.0116323 79.3538
93.9823 2.4527 3.93866 4.0234 7.73168 25.0082 3.24089 37.7907 14.5735 126.643 83.9755 41.7636 14.1161 2.95667 4.5965 3.33978 2.16716 5.93339 7.21378 42.6133 0.00769394 77.3804
93.9823 2.4527 3.39874 4.26243 7.72045 25.0082 3.59766 37.7907 14.5735 126.643 83.9755 41.7636 16.9964 1.68469 2.10601 3.60326 0.383117 5.79028 46.6918 17.7371 0.0110696 78.8178
93.9823 2.4527 8.30729 4.15341 8.19781 25.6441 4.24771 31.9677 14.5735 126.643 83.9755 40.5275 16.0544 1.08705 0.187102 2.07027 0.102284 5.45281 46.6918 27.5867 0.00442967 82.1581
107.086 1.85442 8.08258 3.6877 8.59242 25.1499 7.9454 31.9677 16.3641 126.643 83.9755 32.1474 11.6689 1.18661 0.187102 3.00997 3.1705 10.9407 33.3187 26.8698 0.0089233 81.2998
107.086 1.85442 8.08258 2.66326 8.59242 25.1499 7.9454 31.0963 16.3675 126.643 83.9755 32.1474 8.40942 6.77866 4.31773 2.45897 3.08248 10.9407 35.6564 20.87 0.00434973 77.1767
112.807 1.85442 8.08258 2.66326 10.0137 24.1022 7.9454 31.0963 16.3675 123.026 83.9755 34.3522 5.23028 6.1437 6.35752 1.59686 1.70968 10.1206 30.0643 12.1834 0.0017152 76.4811
112.807 0.704804 8.08258 2.78079 10.0137 24.2132 5.96351 31.0963 16.2398 123.026 83.9755 36.999 6.3542 9.23444 7.80814 2.52178 3.65358 9.25626 41.2038 23.3485 0.0017152 77.771
112.807 0.766777 6.1455 2.78079 12.2474 24.3352 4.39701 31.0963 16.6099 123.002 83.9755 34.91 8.27662 2.99462 7.48241 3.67248 2.59874 14.4235 41.2038 20.0309 0.000476057 80.4597
112.807 0.766777 2.60194 2.78079 13.037 26.442 9.6329 32.2536 11.7651 123.002 83.9755 38.624 11.8195 3.06138 0.712043 3.68385 1.21656 14.4235 32.3504 34.6492 0.00269946 78.2682
122.256 0.766777 2.34034 1.78074 13.1579 26.442 8.16976 35.4379 11.4672 123.002 82.4246 38.624 10.3423 4.87855 1.48051 3.94912 2.53701 12.3836 18.4486 17.9888 0.00175904 74.5108
122.256 0.766777 3.08854 1.78074 13.0762 26.1791 14.5297 31.1346 11.4672 107.356 96.7324 39.2262 5.87295 6.5885 1.48051 1.49364 2.40118 13.4173 49.2565 13.4968 0.0014832 78.8835
122.256 1.27438 0.744183 1.05953 13.0762 24.3253 15.4801 29.3393 17.1256 98.1012 105.84 39.2262 8.98003 2.21512 3.1777 1.26579 5.34076 15.0245 30.6102 11.2475 0.00369351 77.777
104.377 1.10864 0.129939 3.62682 12.1817 26.9195 18.9968 31.5259 14.5384 106.016 100.942 39.1717 3.44222 2.70275 2.57819 2.58359 5.71876 9.50368 27.4801 5.50901 0.00438665 84.2863
79.9063 2.43673 0.501444 6.59185 3.89407 25.7598 29.115 26.5861 16.0934 98.6515 110.052 25.0632 2.86516 12.0675 2.52163 7.08568 4.24357 11.8659 26.244 25.4541 0.00242789 77.6247
79.9063 2.94042 0.978791 6.59185 0.496402 26.5731 29.0795 28.3247 14.9838 102.289 114.22 16.5482 2.99516 10.7769 1.04379 9.0135 8.90568 6.31802 68.6774 16.7939 0.00145147 83.0508
78.4954 4.62665 1.52943 7.85061 0.441331 24.6005 29.0985 28.4382 7.51453 64.1466 163.766 11.5541 0.721202 27.5969 9.43967 9.0135 2.50126 2.7335 28.537 15.0602 0.00572054 83.461
78.4954 2.38925 4.35047 7.03922 0.441331 24.6005 28.0455 28.4382 12.1082 64.6781 163.766 11.5541 0.186486 27.5969 10.712 5.69439 2.74978 2.78505 28.537 16.0225 0.0053023 83.977
72.0565 2.33524 1.84659 7.03922 3.58206 24.2729 30.1449 28.4382 13.4706 64.6781 158.955 11.5541 1.36506 26.4573 5.51709 8.14722 3.86109 5.65311 18.8361 7.05115 0.00897108 81.1716
58.5955 2.33524 4.21937 7.69592 3.49942 23.6059 26.6268 31.162 10.2278 64.6781 151.311 19.7643 1.45302 20.428 5.33747 8.41752 5.61952 1.29478 2.57518 11.8725 0.0144888 80.4898
59.1517 2.33524 4.21937 7.62944 3.81491 23.6059 26.6268 32.9997 10.0989 64.6781 151.311 19.7643 1.18707 21.6967 6.42429 6.55418 4.87619 1.29478 4.07129 11.8725 0.0205493 79.1945
59.1517 2.7088 4.6301 6.60448 3.95467 24.4424 27.2969 32.9997 7.93624 64.6781 151.311 22.0868 1.13577 16.7523 6.81544 5.45044 4.03949 4.01064 13.113 8.80976 0.0239359 80.0802
56.4791 4.07914 2.95864 7.91073 2.43453 22.5001 28.9158 33.8229 4.35709 79.2905 151.311 8.45886 3.62901 10.2727 15.7401 4.03362 4.53683 2.9347 12.6948 4.43432 0.013613 77.402
57.5965 5.02675 2.95864 7.91073 2.88746 22.5001 26.194 33.7996 4.35709 79.2905 151.311 8.45886 2.01914 10.4823 17.5481 5.63447 6.51341 2.78796 8.99217 11.4438 0.00821936 78.9745
47.6487 2.98499 3.78242 2.22042 2.51645 22.5001 29.047 39.6683 4.14681 80.6472 151.311 6.87539 1.89677 10.5915 17.5481 9.11992 3.71109 1.26532 20.0554 25.4917 0.0122383 78.5317
47.3743 3.83951 1.88239 3.30792 0.660141 21.7472 32.5718 42.7509 4.21898 80.6472 151.311 2.26571 2.5112 9.91219 9.14618 10.9257 2.93229 1.26532 8.36454 31.9086 0.0178946 83.4067
47.3743 4.88751 1.88239 3.30792 1.49174 21.7472 32.5718 41.4012 4.21859 74.0948 151.311 11.7612 4.77289 6.34323 13.7359 10.9218 1.21475 2.33509 37.9839 4.69949 0.00736431 78.1365
47.3743 4.95608 1.7562 3.28955 0.958876 20.4102 32.5718 43.2261 4.20804 74.0948 151.311 6.74793 12.0255 5.46355 12.1824 14.024 1.85445 2.33509 14.1129 13.6827 0.00847778 80.3577
46.2132 4.51505 0.995562 3.34214 2.63103 18.9926 32.5718 43.7403 4.21531 74.0948 151.311 6.74793 7.76147 10.2799 11.8532 12.6289 0.820807 3.22032 14.9771 16.6952 0.0045457 80.5008
45.9361 5.14734 0.921145 3.9731 2.90262 18.9926 32.5718 43.9294 4.28227 74.0948 151.311 11.4192 1.02405 11.3501 13.3063 11.6327 0.820807 2.47699 10.3879 0.820448 0.00945338 80.3878
41.6409 4.75081 1.01772 3.77597 3.58739 18.9926 32.5718 44.1524 4.28361 74.0948 151.311 11.4192 2.8434 3.23973 12.8371 11.6327 0.820807 17.4442 8.26541 0.820448 0.00932765 83.7768
71.5212 5.37181 2.84306 3.97304 7.64647 17.0443 30.5114 46.7766 4.47634 65.3873 151.311 11.4192 7.60916 0.423797 10.2332 13.0946 1.07764 6.28032 4.3739 12.3308 0.00633494 81.2702
69.4403 3.08847 3.23779 2.54777 11.4253 17.0443 30.5114 43.4376 4.45617 65.3873 151.311 11.4192 9.9107 15.7694 5.23086 9.7417 1.16662 0.614682 11.1687 4.2559 0.0103795 79.855
42.5725 4.06582 0.903513 1.59605 13.432 10.0235 41.0374 43.7846 4.67818 65.3873 153.387 11.4192 4.97898 14.4256 10.1028 8.56945 1.4317 2.91243 15.0993 16.0889 0.00242558 78.453
42.5725 1.02655 1.95042 0.498205 16.5267 10.3243 41.0374 43.7846 3.39693 65.3873 153.387 11.4192 5.69255 15.5879 4.29756 8.94874 1.5666 3.62109 5.53746 15.5603 0.00690492 80.6654
31.3596 1.93448 3.03609 1.2342 15.8499 10.3243 41.0374 43.7846 2.17472 65.3873 153.387 11.4192 5.02825 9.76241 14.8364 1.3576 1.75458 6.67268 12.1948 27.2813 0.00203257 81.0531
94.458 3.32851 1.97541 1.2342 15.8499 10.3243 41.0374 37.5117 0.466172 65.3873 153.387 7.33186 2.05971 9.76241 18.5954 5.46675 1.87872 7.15265 12.6453 35.8825 0.00115045 83.8496
61.284 1.62954 3.98935 2.07938 15.8499 10.3243 41.0374 38.3969 3.42534 65.3873 153.387 7.33186 1.88188 9.76241 16.0387 8.95055 4.59539 6.14131 5.07644 96.4625 0.00309303 84.9766
24.8173 2.79716 2.14644 3.80457 12.2077 6.15243 41.0374 39.5297 3.24417 69.0872 153.387 19.9671 2.17262 3.66791 14.3714 3.08077 4.59539 2.98901 2.55833 58.4389 0.00160545 85.7308
71.5463 2.4157 5.16284 3.90655 11.498 6.88444 31.8349 41.4407 4.15692 69.0872 153.387 13.3205 1.3243 10.9953 8.46842 2.33521 17.1692 3.46229 0.240034 13.9891 0.00120094 78.8351
93.4614 2.4157 3.33552 2.87233 10.3245 9.04678 34.167 39.8675 4.9344 77.3303 143.176 16.8897 1.3243 12.167 6.87935 2.55558 10.8489 2.38964 19.6552 18.096 0.00120094 73.4165
93.4614 2.4157 3.42145 3.14004 9.98642 9.04678 34.167 39.8675 6.74891 77.3303 143.176 16.8897 1.22699 10.6283 10.2696 4.38538 3.78609 2.15824 18.4767 24.0755 0.000807083 73.8813
93.4614 2.4157 3.15617 2.5393 12.4122 6.31412 36.1773 35.6091 4.71782 78.9522 143.176 16.8897 6.53818 1.90924 10.4192 4.63317 15.7662 2.47206 15.7058 7.54614 0.000131416 72.3265
93.4614 2.82639 3.41508 3.03219 12.2664 6.31412 36.1773 36.4599 4.03325 78.9522 143.176 16.8897 6.53818 1.90924 9.854 4.3151 15.7662 5.28643 16.1453 7.54614 0.000104235 73.6176
93.4614 2.48581 3.41508 3.03219 12.2664 6.31412 34.9721 36.4599 3.84024 78.9522 143.176 16.8897 5.42541 1.90924 6.42947 3.62904 13.9164 5.6269 39.1214 13.1722 0.000104235 73.9643
93.4614 2.48581 3.50875 2.28336 12.2664 6.31412 37.9169 36.4599 6.88413 78.9522 143.176 16.8897 4.69006 0.78122 6.69825 2.5601 14.1156 14.2149 39.1214 30.3891 0.000104235 78.5474
93.4614 2.48581 1.46498 2.53279 13.2737 8.08974 34.6131 38.9912 4.10375 82.5055 143.176 10.6371 5.83741 0.78122 6.46862 6.10091 12.3109 15.2981 16.7863 30.3891 0.000104235 75.8952
93.4614 2.48581 3.81866 1.75759 14.0009 8.08974 31.5897 38.9912 5.14401 82.5055 143.176 10.6371 6.74669 0.78122 7.11934 6.79645 10.8897 5.72281 25.9223 18.3853 0.00140445 76.0864
105.686 1.63264 2.33923 1.64433 11.8926 8.99533 31.7539 39.0061 8.66516 82.5055 143.176 10.6371 7.23304 4.53256 0.76008 7.06436 10.8897 7.72302 7.77213 26.785 0.00133596 75.3186
105.686 1.06681 2.33923 1.55308 14.2404 9.07862 31.7539 39.6144 6.4361 78.5881 143.176 18.3263 4.81425 2.78516 0.76008 9.10962 4.05823 7.72302 6.87315 13.4139 0.000683938 75.0398
98.2568 2.80832 2.33923 2.67892 12.0619 9.35544 31.7315 37.0262 6.30303 75.4139 143.176 18.3263 3.57775 3.76063 2.83203 5.99257 11.1733 19.3617 7.14604 29.0631 0.000683938 75.7591
75.0309 2.65598 4.46604 3.82671 10.9527 8.68336 31.7315 40.9105 8.98803 75.4139 143.176 18.3263 9.67956 6.98067 7.18455 1.54133 1.74603 13.9203 9.07234 24.6917 0.000392593 78.9183
51.071 2.65598 4.46604 3.95427 10.334 8.68336 33.2497 40.3892 8.95902 75.4139 143.176 18.3263 10.6639 0.283586 5.26794 1.00694 2.07869 15.3939 3.28602 21.4287 0.000392593 76.9205
55.1261 2.65598 6.29721 3.23016 10.963 8.51357 33.9914 41.6072 11.8437 66.4964 143.176 18.3263 1.35492 2.52316 7.8788 2.22761 4.08798 17.8394 23.132 15.9642 0.00394261 79.5616
65.1468 5.02284 4.41315 2.45223 10.3397 9.14383 32.0275 41.9109 12.3175 66.4964 143.176 19.4214 15.9387 1.71851 8.74644 3.45244 9.69384 16.821 26.9782 6.47411 0.000145121 78.3504
52.0665 4.95634 4.52448 1.91737 10.3066 9.14383 33.4463 42.6183 13.4727 65.4652 143.176 16.1048 15.9387 2.51425 6.46405 4.73646 9.15465 19.9178 19.5893 19.4468 8.50908e-05 79.8685
65.3401 4.95634 5.10789 1.91737 10.4431 9.37086 34.3396 42.5297 13.4727 65.4652 143.176 18.7263 6.30317 1.55903 1.52065 5.81361 12.1913 14.2495 7.69217 14.0883 0.00145851 79.277
70.8411 4.20439 5.10789 2.75406 9.9517 7.4299 32.9976 42.6559 11.9631 65.4652 143.176 21.8492 7.53945 2.53274 4.94436 7.75432 1.16795 11.044 17.5326 30.5431 0.00127205 76.0707
49.3596 4.13318 5.77437 3.22302 9.85635 10.3814 33.5239 42.6291 14.4643 65.4652 141.553 21.8492 6.3332 2.4678 2.23266 8.4592 3.66578 11.4559 5.73235 21.8789 0.000862148 76.4253
52.5273 4.42494 3.37514 2.93771 8.80445 10.3814 35.9838 45.2755 10.9954 65.4652 141.73 15.9941 7.44721 0.077823 2.23266 0.501376 4.96024 24.4381 11.2051 18.8716 0.000590504 79.5998
52.5273 4.08797 3.77364 3.78103 9.32531 9.46579 35.9838 44.0332 8.81385 65.4652 141.73 17.1911 11.5226 0.077823 2.23266 0.501376 4.96024 29.4696 18.3787 17.6099 0.000300448 80.1235
52.5273 4.08797 3.09748 6.53346 9.32531 8.81678 35.9838 43.6922 5.99891 65.4652 149.396 20.1459 10.6611 0.568028 0.498451 5.68898 2.84789 13.5399 19.3789 18.5781 0.000419581 76.3283
52.5273 6.68495 2.99177 3.99768 6.00042 16.0509 35.0778 42.6501 4.88644 65.4652 149.396 14.8371 10.4746 3.34309 6.44362 4.0246 9.1651 20.667 16.3932 21.3641 0.00120507 80.2611
38.1043 7.8562 2.97786 3.92468 5.69245 13.6134 31.1489 41.9385 4.88644 65.4652 163.037 6.68131 10.8564 5.1797 0.811377 10.2698 8.08476 17.0751 5.76003 15.686 0.000308169 77.1612
52.1966 6.53734 3.23642 1.87449 6.59275 16.3507 28.6351 38.5174 6.19475 65.4652 163.037 9.38427 10.532 3.63527 7.02981 8.70735 3.9872 6.35359 15.2386 7.71372 9.52985e-05 68.8099
52.1966 6.8396 3.26663 1.87449 7.39765 16.3507 27.4606 39.2192 6.78837 65.4652 163.037 9.53738 9.76613 8.51051 0.672159 7.37679 9.29159 8.52598 29.8416 21.7451 0.000100476 72.2409
49.1119 6.8396 3.2575 1.87449 7.96006 16.3507 26.8452 39.1051 6.12239 65.4652 163.037 9.53738 8.08184 12.5795 7.03029 8.49064 5.70176 2.85984 9.4366 10.3064 0.000146878 69.0637
49.1119 6.8396 3.27607 2.07653 8.11008 16.3507 27.0673 39.8675 5.93472 65.4652 163.037 9.50181 9.40457 7.94262 9.23609 8.61216 5.70176 2.30607 11.8837 13.677 3.95627e-05 68.095
49.1119 7.13205 3.53489 2.69341 6.01286 16.3507 28.2846 39.8675 2.8422 65.4652 165.705 9.50181 11.3678 7.94262 4.12081 14.8133 5.4542 3.32378 8.37792 8.56808 7.77974e-05 72.619
49.1119 4.91012 5.66091 1.95238 6.01286 16.3507 31.2393 39.8675 2.8422 65.4652 165.705 6.63412 7.48697 6.63592 1.5913 7.61712 9.02462 4.86116 17.6439 6.3595 7.77974e-05 71.6485
49.1119 4.54331 7.76344 1.95238 1.79972 16.3507 36.575 36.9409 5.74444 65.4652 165.705 6.63412 8.04306 9.88873 2.69686 8.75137 9.02462 3.13649 4.42745 17.3769 7.92825e-05 73.0648
49.1119 6.5222 7.8935 0.0784612 1.79972 16.3507 36.575 36.9409 3.34756 65.4652 165.705 6.63412 5.92782 9.88873 3.79373 12.1924 9.02462 3.15948 12.4637 36.7967 1.28607e-05 73.197
49.1119 6.40112 7.72416 0.0784612 1.79972 16.3507 36.7075 36.8721 3.34756 65.4652 165.705 6.63412 10.117 9.51277 3.05941 11.4676 7.6977 3.27017 6.55914 72.6446 1.28607e-05 74.7522
49.1119 6.40112 7.72416 0.0784612 0.178124 16.3507 36.7075 36.8721 3.34756 65.4652 165.705 6.63412 10.117 9.51277 4.02111 11.6143 7.6977 3.27017 6.55914 72.6446 1.28607e-05 74.146
49.4339 6.40112 7.72416 0.0784612 0.178124 15.4656 36.7075 40.7597 1.89061 65.4652 165.705 6.63412 6.44625 11.5905 7.61725 10.5779 3.14978 3.57727 4.59713 72.6446 1.28607e-05 74.7619
64.3197 6.2374 7.72416 0.283077 0.178124 15.1498 36.7075 39.117 1.89061 65.4652 165.705 4.96734 8.72669 12.6214 2.54332 9.17356 5.15994 1.53857 4.59713 72.6446 0.000258156 78.9352
51.9847 6.2374 7.23447 0.283077 0.178124 14.8323 34.9412 38.0923 7.63139 65.4652 161.916 9.73761 6.36614 12.638 2.54332 6.64691 7.33825 1.41312 0.387296 4.50587 0.000174891 76.3187
51.9847 5.71026 7.23447 3.3793 0.178124 14.8665 34.797 38.9918 7.24051 65.4652 161.916 15.5636 6.36614 12.0609 4.35209 10.0151 7.87928 3.78648 9.05628 4.50587 0.000174891 76.1524
45.1836 6.42626 7.3874 2.52467 0.269934 14.536 34.797 38.7348 7.78691 60.0792 161.916 14.2383 11.5572 3.9858 4.35209 8.72923 4.53328 6.90366 5.20491 0.840386 8.18706e-05 72.4999
48.4834 6.72006 7.56837 2.29846 0.52047 13.7171 34.797 36.3123 7.10592 60.0792 161.916 14.2383 14.9692 5.73765 4.35209 7.87213 6.11186 3.96623 20.4981 30.1805 7.38154e-06 71.2216
29.1505 6.72006 8.06917 2.54454 0.52047 16.1322 34.0059 36.3257 7.9476 60.0792 161.916 12.948 12.2368 9.21033 6.79304 7.57672 5.98799 3.41182 18.1499 30.1805 7.38154e-06 73.8138
29.1505 6.8444 8.06917 2.75757 0.52047 16.1322 34.7984 36.3257 8.12841 60.0792 161.916 12.948 10.5457 8.03893 6.79304 7.68465 6.26858 2.69884 4.37314 5.9584 7.38154e-06 72.137
29.0216 6.84334 0.428966 3.95726 0.845024 31.9922 29.7933 28.2787 14.713 66.2508 161.916 15.4857 6.67394 5.55981 5.7266 4.50712 7.14537 2.87403 2.4315 2.81192 7.38154e-06 78.4267
5.7126 6.82337 0.743104 2.34695 2.41959 28.0265 26.0654 28.2787 14.713 71.1506 161.916 7.39875 5.01186 12.6807 21.5697 4.0288 6.72374 3.4425 11.3004 13.9828 7.38154e-06 77.7611
5.7126 3.02363 0.743104 2.71265 12.488 28.0265 24.0344 24.3858 26.3108 66.4009 153.465 15.3876 14.5634 8.42866 5.03506 4.11267 12.7767 3.0418 7.68216 21.9 7.38154e-06 81.8081
11.6655 5.13898 4.83993 3.78667 20.0594 20.5162 12.1952 8.4046 40.6564 64.7947 162.165 6.64642 11.1898 4.83116 9.59978 2.94294 14.7198 4.52053 12.5396 20.4244 0.00185232 77.7883
-14.1386 3.71934 6.33014 2.17897 25.2744 19.2623 12.1894 8.4046 40.6564 64.7947 162.165 18.6861 2.33537 4.13415 7.33557 2.60813 11.747 8.29475 11.8083 6.23189 0.00234357 82.5127
-14.1386 3.60908 5.59014 2.77269 25.2744 19.2623 13.7663 4.97716 40.6564 64.7947 162.165 9.19091 2.33537 0.87696 7.33557 2.65737 19.3989 8.64877 10.3555 7.11036 0.00316082 83.3259
-13.0777 3.80514 5.59014 2.29405 26.9155 15.9277 16.0455 4.97716 40.6564 64.7947 162.165 10.507 3.53828 0.87696 7.41425 7.32673 19.3989 1.74731 22.3337 26.808 0.00270101 83.293
-29.4967 1.38815 7.10631 4.47071 24.1474 15.9277 9.15056 21.0884 40.4858 61.9416 155.491 13.8514 18.5814 0.87696 5.98023 5.97119 9.54696 2.70655 15.488 30.9901 0.0132477 85.4679
-29.4967 1.38815 6.94999 4.47071 24.1474 15.9277 9.15056 21.0884 40.4858 61.9416 155.491 11.3636 18.5814 0.87696 1.86348 5.97119 9.54696 2.70655 15.488 24.8567 0.0132477 86.4641
-38.4271 1.25581 6.20301 4.47071 24.1474 15.7915 9.15056 21.0884 40.4858 42.7444 180.748 11.3636 14.7725 2.99613 1.86348 10.8549 9.54696 0.842207 13.4072 17.3972 0.0132477 87.8318
-8.59569 1.54268 7.92523 4.16375 21.1337 17.7822 9.15056 20.4783 38.3118 42.7444 180.748 16.7113 13.6879 7.23212 1.86348 3.80714 16.5444 1.72654 23.8789 12.3747 0.0121432 88.8674
10.7559 1.48039 7.76315 3.90065 24.0824 13.3584 6.35129 24.1034 32.6163 47.1904 188.374 6.36295 4.41916 6.41985 4.42451 1.76244 13.1286 3.06821 23.988 31.1733 0.00621719 79.9
10.7559 1.3211 7.98224 3.92869 25.498 13.3584 16.4452 25.2478 23.1917 42.8022 188.374 8.3586 1.75614 7.14666 6.61447 4.14168 7.99553 3.06821 25.1408 20.5335 0.012084 80.2505
20.5514 0.570317 7.98224 3.9045 25.498 13.3584 13.2223 24.5945 23.1917 42.8022 188.374 12.6106 4.51525 5.2007 5.22778 5.92235 9.68635 8.95875 15.5967 17.2073 0.00400606 80.7055
14.1869 2.07265 7.14935 3.89823 21.4598 20.4467 15.9923 20.8434 23.1917 42.8022 188.374 10.4186 5.91611 5.31694 3.86324 2.43131 6.5744 9.03329 15.5967 16.8002 0.00274336 79.9784
54.2827 3.74925 6.13428 3.86756 21.4598 8.68121 10.4344 17.9928 39.3795 42.8022 188.374 8.88851 9.9826 9.12912 3.86324 9.9391 5.9235 8.90088 11.7265 23.5405 0.00270431 77.7457
74.6685 4.10723 6.28268 2.2788 28.5721 7.15596 10.4344 22.373 39.3795 29.5201 188.374 8.88851 8.79359 3.00245 9.6011 5.37902 5.22101 8.92119 3.98262 16.5143 0.0017555 77.8216
75.5677 3.98281 8.25049 0.889164 20.1114 7.15596 13.5703 24.5107 39.3795 29.5201 188.374 13.9874 11.9342 7.36367 6.10959 5.41276 3.76744 6.49063 4.53297 18.8177 0.000759587 78.3082
68.4585 4.13049 8.99678 1.54463 20.1114 7.15596 13.5703 24.5107 39.3795 29.5201 188.374 7.6291 6.36957 7.36367 6.10959 5.73601 8.11075 3.94825 4.53297 12.423 0.000581871 75.4253
57.6819 4.24933 8.99678 1.54463 20.1114 7.15596 16.0621 24.6396 39.3795 29.5201 188.374 7.81478 6.36957 6.21316 8.7555 6.02737 1.15586 11.7264 5.33822 11.5777 0.00122378 76.915
57.6819 3.37725 8.99678 2.18955 20.1114 7.15596 14.2406 26.6633 39.3795 29.5201 188.374 7.81478 6.36957 6.21316 8.7555 7.43081 3.08426 11.7264 3.32497 15.425 7.1272e-05 72.2612
55.9125 4.00423 8.99678 2.18955 20.1114 6.48053 14.2406 27.2056 39.2011 29.5201 188.374 7.50028 5.26816 7.13326 15.3351 4.92832 5.71476 12.6701 8.35238 11.0243 7.1272e-05 74.0571
56.2462 3.4675 8.99678 2.18955 20.1114 6.48053 14.2406 27.2056 30.2534 34.7245 188.374 9.63861 5.64363 4.38082 20.639 4.92832 5.71476 0.126663 3.04269 18.1416 7.1272e-05 75.9748
56.1382 2.41933 9.62636 2.70481 21.3671 6.48053 14.2406 27.2056 35.7956 34.7245 188.374 9.63861 5.64363 4.90295 14.1137 4.92832 7.51204 0.126663 0.355191 31.031 7.1272e-05 76.5852
56.1261 2.41933 9.62636 1.91223 21.3671 6.48053 14.2406 27.2056 35.7956 34.7245 188.374 9.63861 0.307674 13.8589 11.714 4.92832 4.23561 0.126663 0.387064 31.031 7.1272e-05 77.7498
56.0627 2.21194 9.2945 1.91223 21.3671 6.48053 14.2406 27.2056 36.7913 34.7245 188.374 2.48749 5.24656 13.104 11.2401 0.333659 7.07217 0.708788 2.6356 15.931 9.28204e-05 77.4179
56.4217 2.21194 9.2945 2.96804 19.0985 7.43817 10.6864 27.2056 36.7913 34.7245 188.374 2.48749 8.14036 15.4595 6.87002 0.693397 8.98979 8.26057 5.41738 7.47794 9.28204e-05 78.4643
56.4217 2.21194 4.18567 0.710633 19.043 14.6527 10.6864 27.2056 36.7913 66.2351 152.426 2.48749 8.14036 15.5802 6.87002 10.3571 5.29409 7.96089 6.40869 9.99425 9.28204e-05 77.9148
59.436 1.7354 3.73908 3.14429 21.244 14.6343 6.14059 23.9673 36.7913 67.5349 152.426 2.48749 10.0689 12.3554 2.43058 17.7091 3.37896 7.78498 9.05963 18.2859 0.000331989 80.5614
59.581 0.987465 2.65141 0.520566 23.0924 12.2326 14.7292 24.1593 36.7913 67.5349 152.426 11.6416 10.0689 14.4833 2.43058 12.7268 3.66488 7.61692 8.94253 51.8749 0.000331989 80.6253
67.2548 0.60126 2.65141 0.520566 23.0924 12.2326 16.0329 24.1347 29.4915 67.5349 152.426 22.2662 10.0689 14.2998 5.80835 6.64978 2.92566 7.53518 19.4467 66.4523 0.000400462 80.8365
87.2237 1.0525 1.68804 2.18716 18.8364 13.4108 16.8787 31.5553 25.7989 48.3917 177.918 18.7755 8.74704 1.53179 4.36413 7.09193 2.59419 11.6507 9.56412 66.4523 0.000211322 83.0576
71.0291 0.716769 1.86929 4.12432 21.6558 10.5474 15.8456 34.9949 19.9204 48.3917 177.918 7.45425 6.71494 3.68828 4.17295 5.41327 5.32652 12.0263 7.76254 45.8219 9.20489e-06 74.1397
77.5994 0.500321 3.32669 4.12432 21.6558 9.25986 15.8456 34.5043 19.9204 48.3917 177.918 13.3221 6.71494 3.68828 2.63992 9.97788 5.32652 6.98726 8.38099 45.8219 9.20489e-06 74.223
67.2928 0.500321 3.52085 4.59104 21.5369 9.25986 15.8456 38.1591 15.5981 48.3917 177.918 14.6401 4.51788 6.65053 1.1566 11.8702 5.92172 9.02278 12.4852 42.3252 9.20489e-06 73.1724
67.2928 0.500321 3.52085 4.59104 21.5369 9.25986 15.8456 38.1591 14.3983 48.3917 177.918 13.5149 7.59941 6.11216 1.1566 13.6538 5.92172 5.49274 12.4852 49.0657 9.20489e-06 74.8364
66.2212 1.20208 3.52085 4.85942 21.5369 9.25986 11.5316 42.5617 14.3983 48.3917 177.918 8.97029 8.87461 8.31172 3.58783 12.2478 5.42865 1.67101 10.9699 48.209 9.20489e-06 74.4288
60.4508 1.20208 3.52085 4.69041 21.9825 9.25986 11.5316 42.5617 14.7248 48.3917 177.918 8.97029 8.87461 8.31172 3.58783 12.2478 5.42865 6.17771 9.02334 36.2552 9.20489e-06 73.6785
49.7401 1.20208 4.79012 4.69041 21.9825 10.0828 11.5316 42.5617 14.8811 48.3917 177.918 8.97029 9.16945 11.5435 0.418376 14.3698 11.5167 6.17771 6.65101 22.0615 9.20489e-06 72.3915
49.7401 0.863704 3.8274 4.69041 23.0356 10.0828 11.5316 42.5617 14.8811 48.3917 177.918 8.97029 9.16945 11.5435 0.418376 14.3698 11.0894 6.17771 6.65101 29.8599 9.20489e-06 73.2799
49.7401 0.300339 5.03027 4.69041 22.6767 10.0828 11.5316 42.5617 14.8811 48.3917 177.918 8.97029 7.14782 11.5435 0.418376 14.3698 2.68065 6.17771 35.8704 29.8599 9.20489e-06 72.6706
40.5987 0.300339 4.45476 5.48124 22.6767 10.5453 10.1192 42.5617 14.8811 48.3917 177.918 8.97029 7.20666 9.14464 1.0386 14.3698 2.68065 6.17771 32.055 5.47818 9.20489e-06 72.6322
44.8137 0.300339 5.05446 5.09521 22.6767 10.5453 11.7789 42.5617 14.8811 48.3917 177.918 12.8026 7.46314 7.75918 1.19836 11.4035 3.14456 5.87768 21.9333 24.8471 9.42257e-06 71.0206
38.7121 0.300339 6.12343 5.74905 21.0943 10.5453 11.7229 43.3933 14.8811 48.3917 177.918 5.93655 7.46314 7.75918 2.18558 11.5445 4.37423 4.87949 27.673 18.6551 9.42257e-06 72.2042
51.0209 0.0702419 5.14069 5.37469 20.5511 10.5453 13.9451 40.3894 14.8811 55.8665 177.918 5.93655 8.64534 7.75918 5.59637 12.9537 5.18584 0.657305 16.2267 16.4437 3.25376e-05 72.2847
51.0209 0.0702419 4.97354 5.37469 20.5511 10.5453 15.133 40.3894 14.8811 56.8277 175.368 8.14574 8.64534 2.261 5.31535 11.932 3.09585 1.0217 10.7381 12.3255 3.98914e-05 71.1358
51.4336 1.28331 3.43768 5.37469 20.633 10.5453 15.133 40.3894 11.945 56.2414 175.368 8.14574 8.64534 8.8557 3.53455 16.9918 2.79559 2.663 20.9411 30.4768 6.65961e-05 73.3539
77.1854 1.94116 3.00546 1.93051 14.0638 16.8538 17.181 36.7895 15.8517 58.0671 175.368 0.585744 6.01985 6.52625 5.42867 16.9399 2.21528 0.863362 23.9693 64.3335 0.000128304 80.1104
75.5229 1.94116 2.61284 1.27645 11.6085 16.8538 19.1504 32.323 15.8517 58.0671 175.368 15.5358 7.05392 6.77789 5.35104 11.9872 2.23055 0.863362 16.4893 64.3335 9.13243e-05 81.0184
74.006 0.705936 1.82555 4.31789 12.0835 18.7821 17.7184 27.2787 22.4801 58.0671 175.368 5.5943 5.0928 12.8184 3.77632 13.2798 2.15806 2.25542 25.3558 40.7659 0.000465916 77.9414
73.9577 1.40629 1.77045 3.23504 9.65079 22.3535 13.8601 27.0299 16.8559 56.0908 184.473 5.5943 3.54033 15.3137 5.03035 12.87 0.401411 3.89223 29.5035 49.2553 0.000793551 84.6039
74.4832 1.49183 6.26754 8.7167 8.00744 22.409 11.6923 23.8712 14.9814 51.3649 196.745 5.5943 3.8286 10.6568 10.4776 8.19172 0.114535 12.085 14.8238 80.6001 0.000271462 88.1786
71.3608 2.12581 7.03747 8.7167 9.04731 17.2509 21.2828 21.8807 6.75844 51.3649 196.745 5.5943 0.812259 7.34537 1.68897 18.6767 0.114535 17.4582 17.5997 80.6001 0.000871512 89.85
69.5464 1.89107 7.60441 5.8075 11.2223 17.2509 16.9426 18.4715 16.7621 51.3649 196.745 5.76625 0.104763 7.34537 3.06966 19.3601 0.114535 12.1093 29.368 63.7753 0.000994213 89.7111
68.7928 1.40201 6.26927 4.65598 10.3566 19.5923 23.2843 18.4715 17.7023 49.6921 196.745 5.18073 2.364 8.47084 0.553511 14.5433 0.19593 4.60812 97.2968 33.6368 0.000582282 87.4632
80.3522 1.86516 1.26635 9.99697 16.6805 16.3823 13.3399 27.1886 14.5429 49.6921 194.319 4.13928 2.18317 3.56348 4.13736 20.7516 4.78896 10.2614 55.7817 10.4699 0.000780991 83.7147
12.642 9.65383 1.11054 9.99697 16.6805 15.4269 13.3399 26.8716 14.5429 49.6921 194.319 4.13928 1.85704 2.52968 6.79259 19.7664 4.85382 5.27972 66.2267 34.0508 0.000721683 83.128
5.61767 12.7885 1.11054 5.83466 18.3401 15.5083 16.1979 23.868 13.0426 49.6921 194.319 4.13928 0.166677 3.30343 6.79259 19.7664 4.88927 5.27972 30.82 44.907 1.11072e-05 82.2335
26.9245 9.32678 1.61549 8.05323 16.6153 10.2758 23.4081 27.8876 10.6746 44.4845 194.319 10.9202 3.53616 4.51734 4.1802 14.0089 4.65512 4.47368 14.6086 21.5959 6.92759e-05 74.8057
26.9245 9.32678 1.61549 9.62208 16.6153 9.68219 23.4081 29.136 6.81678 44.4845 194.319 10.9202 3.25934 5.23482 3.76699 8.09856 4.17935 6.7621 35.5402 21.5959 0.000164368 76.1382
19.8764 9.32678 1.61549 9.62208 16.6873 9.68219 22.3966 33.3905 6.81678 44.4845 191.81 10.9202 5.81367 8.08061 3.76699 12.9599 9.79044 3.21903 31.0926 12.4443 0.000542094 81.5066
43.4554 8.77435 0.668532 6.1231 15.8485 10.0416 27.7344 36.618 6.68173 35.1864 191.81 16.0674 6.12965 5.86828 6.20818 14.5505 5.1012 3.33016 40.0113 15.4765 0.00113448 82.8211
58.8187 6.02091 1.97722 3.82699 18.5695 11.6302 23.6361 35.27 6.68173 35.1864 185.551 20.7454 6.29141 9.48828 1.47302 13.0271 5.79929 1.99215 13.8561 17.1201 0.00239807 81.7196
64.2775 7.08258 1.64372 1.39479 23.1358 11.6302 23.2495 43.7448 6.44526 35.1864 185.551 12.3805 5.14823 7.65744 15.6078 7.99327 1.69957 0.68637 24.3144 17.3338 0.00324509 84.262
64.2775 6.26215 1.64372 1.39479 23.1358 11.6302 23.2495 43.7448 6.44526 35.1864 185.551 12.3805 5.50703 8.55751 15.6078 7.99327 1.69957 0.68637 7.64236 13.719 0.00281194 79.1698
65.2253 6.26215 1.64372 1.39479 23.1358 11.6302 23.2495 43.7448 6.44526 35.1864 185.551 12.3805 5.40226 8.49138 15.6078 6.73333 0.678765 0.68637 7.64236 13.719 0.00281194 79.558
67.4794 4.2115 1.44369 0.856641 23.1358 13.3473 23.2495 43.7448 6.44526 35.1864 185.551 12.3805 5.3184 7.08815 15.5928 6.73333 1.13965 0.51816 2.99073 5.21017 0.000878603 79.0842
69.3974 4.59268 2.06911 0.284249 16.687 13.3473 21.0283 7.17991 57.6857 35.1864 185.551 11.4398 4.26205 8.81189 2.19866 3.32868 0.667981 6.55888 15.5471 24.0828 0.00156146 78.8416
67.8828 4.51589 3.53327 0.268287 16.6448 13.3473 15.5799 10.133 57.6857 38.4129 185.551 11.4398 4.5522 0.77705 1.56589 2.95381 6.68876 11.5608 15.5471 27.2798 0.00156146 80.2031
72.0516 4.24632 2.9975 0.268287 18.6476 13.3473 13.3091 1.42555 59.1469 38.4129 185.551 14.6176 4.10244 0.77705 6.44826 2.92321 4.94302 19.244 6.83833 27.2798 0.000144034 77.036
77.0174 4.48649 2.97468 1.24536 18.6985 13.3473 10.8801 1.42555 59.1469 38.4129 185.551 13.4949 6.75285 2.28009 4.51735 1.27069 1.18011 13.6985 51.0975 29.6299 0.000238768 78.5682
72.8473 3.43335 3.61324 1.24536 18.6985 10.6652 18.9033 10.9566 40.8109 38.4129 185.551 13.4949 9.88753 1.07058 10.4802 3.4422 3.57463 11.9802 30.689 16.8649 0.000153829 78.7026
70.8986 3.21434 3.61324 0.794572 19.4486 18.4635 18.9033 10.9566 37.6116 38.7841 185.551 13.4949 7.48852 3.26174 3.89996 20.0884 8.34278 7.52131 21.3819 24.5133 0.000216896 80.6768
71.3845 2.10157 3.81766 0.794572 19.5011 18.4635 18.9033 10.9566 37.6116 38.7841 185.551 13.4949 5.11834 2.7684 7.67098 7.24031 4.45059 8.30454 5.96474 18.5836 0.000731712 76.1949
71.3845 2.42385 3.74664 1.79405 20.0447 19.1643 18.9033 9.53276 36.1634 38.7841 185.551 6.52048 12.9151 4.89145 4.9282 5.61529 3.00007 9.15047 3.73348 20.931 8.53679e-05 76.7391
57.6739 3.39838 3.68556 1.48829 18.9085 18.6243 19.9368 13.3528 36.1634 37.032 185.551 6.52048 14.2261 4.89145 1.30788 3.33498 1.50548 21.9315 14.6114 17.7616 4.85022e-05 76.8982
58.3952 2.29948 4.42817 1.22742 20.4326 18.6243 18.5826 13.3528 36.4315 37.032 185.551 6.52048 14.2261 4.89145 1.30788 3.33498 2.06002 20.4789 12.6534 6.37184 4.85022e-05 74.2628
50.2166 2.29948 5.51603 0.766371 20.2371 17.444 18.5826 13.3528 36.4315 37.032 191.641 6.05245 10.9628 0.762143 8.08439 0.710206 3.49339 21.2858 13.4804 6.66404 0.000218071 77.3375
46.9401 2.01939 5.76708 1.12508 20.2989 17.444 18.5826 9.59006 37.7782 37.032 191.641 6.05245 11.7046 1.46659 7.03572 0.652034 6.55727 18.7077 13.5299 30.031 0.0006178 77.139
44.8834 2.97396 6.0146 0.684799 18.216 20.8851 18.3689 7.11341 32.5003 40.9616 191.641 6.05245 13.5105 5.15054 8.21926 6.62511 6.9789 4.15497 14.659 15.4247 0.000148988 76.1126
46.7875 0.296303 6.41478 0.314842 18.2171 20.8851 19.421 6.65419 37.765 40.9616 191.641 6.05245 13.5105 4.47365 10.8447 6.62511 7.09798 10.5032 19.4703 15.6142 0.000216422 77.0275
46.7875 0.296303 6.41478 0.869887 18.0139 21.1766 18.6951 6.65419 37.765 40.9616 191.641 6.05245 13.5105 4.70157 3.60083 8.22759 7.56982 0.830874 19.5105 10.9147 9.80394e-05 73.4754
46.7875 0.322886 5.82836 0.937202 18.0139 22.424 18.6951 6.65419 37.3248 40.9616 191.641 6.05245 13.5905 4.8108 3.8599 8.09992 9.73816 3.63058 9.47367 10.3606 0.000167501 73.5283
46.7189 0.322886 5.53886 1.92915 16.8859 22.424 17.1769 6.65419 37.3248 40.9616 191.384 6.05245 14.2011 1.90627 10.0726 7.95476 17.0755 3.63058 31.0803 9.97246 0.000405953 79.3439
41.3705 0.132301 5.40859 4.18994 19.4269 18.232 17.1769 6.65419 40.8648 43.116 191.384 6.40655 8.65694 3.87614 12.5937 5.63866 8.07498 3.63058 38.412 10.091 0.000378159 78.0108
46.2745 0.132301 5.05267 5.08898 19.2341 15.5457 18.4316 7.32812 35.3826 43.116 191.384 6.40655 4.49221 3.74028 9.4394 3.56449 14.8932 1.24264 12.433 10.0905 0.000257995 76.1005
46.5458 0.327443 2.52238 0.919161 18.4289 18.2244 18.4316 11.1387 38.5767 47.1875 186.461 7.42412 16.1104 2.62009 5.16987 5.58022 16.2463 4.46358 3.43988 10.1383 0.000547488 77.119
50.6159 0.327443 2.94319 0.435879 17.9841 23.9211 18.5203 11.1387 35.3037 47.1875 186.461 6.22913 12.2837 2.33007 2.5596 8.48408 16.6654 1.18647 7.15338 10.1801 0.000524272 78.1102
51.755 0.327443 5.07677 2.09746 18.4964 15.71 15.0753 16.6075 35.8866 44.5882 186.461 8.92488 17.3409 1.84869 2.81639 6.32414 1.6268 7.54168 5.51959 10.137 0.000335203 74.099
42.9956 0.327443 4.94393 2.09746 18.7005 23.1739 16.7416 16.6075 31.6938 44.5882 186.461 8.92488 17.3409 1.84869 4.58207 7.28121 6.64589 2.16138 5.51959 10.137 0.000306311 76.3655
50.8036 1.31273 5.41388 1.93808 24.819 18.2291 6.52773 16.6075 30.8234 44.5882 186.461 8.92488 17.3409 3.17426 6.6356 9.95373 0.307204 5.17275 11.7879 7.88474 0.000208394 75.1218
51.6901 1.31273 3.28267 3.54177 23.1833 18.2291 14.0225 16.6075 30.8408 44.5882 186.461 10.2472 17.3409 3.17426 8.19082 8.54104 5.96469 4.67816 2.08697 9.32037 0.000183919 74.8132
40.0756 1.06333 4.66067 4.87823 23.1833 16.4053 14.7122 16.6075 33.46 44.5882 190.565 10.2472 0.289841 17.9013 8.78036 0.291225 4.70248 1.67297 2.08697 8.11202 0.000232455 77.933
54.0749 1.06333 7.84945 3.96779 23.1833 14.8602 13.6504 16.6075 23.8298 44.5882 190.565 4.40405 5.42456 16.55 8.0113 6.06979 5.70168 3.54434 22.6989 5.5992 0.000231485 76.9267
51.5427 0.497311 3.38856 4.90716 22.7038 18.1418 13.7529 20.2065 23.8298 44.5882 190.565 4.40405 0.716961 16.7582 5.77712 9.84016 4.20983 6.13016 8.66822 8.49146 0.000185616 73.0579
50.2719 0.497311 3.4597 4.49949 23.4154 18.1418 17.7208 18.4655 20.2618 50.0986 190.565 4.40405 1.02134 10.6382 2.60954 9.97801 2.73187 6.13016 11.4115 24.8856 0.000269375 75.7312
50.4861 0.497311 3.77135 3.11137 21.8874 19.3665 17.7208 24.6625 20.2618 44.8843 190.565 4.40405 14.1061 12.8241 1.19109 1.41819 1.48483 4.30556 30.1113 26.7117 0.000145453 75.5033
49.1242 0.770955 2.07906 6.12602 20.7848 18.8687 18.8454 22.05 22.5138 44.8843 190.565 4.40405 6.72259 4.15203 5.20029 5.19255 5.3857 5.83415 11.6045 15.7404 8.60965e-06 71.0944
52.3223 0.770955 2.38651 5.19241 19.8203 19.1722 18.8703 20.847 22.6319 44.8843 190.565 4.40405 6.22921 9.32869 8.65262 3.82204 7.18422 5.83415 11.6045 7.58855 4.67497e-05 71.127
52.5593 0.770955 1.76802 3.90764 19.8203 21.5863 18.8703 23.5915 22.6319 44.8843 190.565 4.40405 1.9389 5.06158 6.3871 3.82204 7.82359 8.1463 8.69901 7.58855 0.000650223 74.914
51.5396 1.68418 0.962661 6.00828 21.6971 21.0354 11.2149 22.3517 22.6319 44.8843 190.565 4.40405 0.689495 13.7871 8.70486 2.03427 9.3445 8.13607 8.69901 66.7447 0.00123347 78.5455
53.8013 0.231685 0.991993 7.49572 20.9834 19.1989 10.6842 22.3517 23.5124 44.8843 190.565 12.3984 1.83956 7.16167 9.04552 3.24744 9.3445 6.54403 2.95673 11.5912 0.00193207 75.9447
54.7569 0.231685 0.991993 4.67097 10.9382 18.595 25.934 22.3517 22.3196 44.8843 190.565 6.1927 10.4556 7.16167 9.35085 3.55647 3.04573 5.68813 3.32536 0.600448 0.0117757 77.3888
50.9514 1.11883 0.421508 4.67097 11.9538 18.7295 25.934 22.088 25.4997 44.8843 190.565 6.1927 12.2648 3.10794 7.30953 4.69961 2.66668 8.19768 3.32536 0.600448 0.00811325 76.509
50.9514 2.49685 6.20167 4.9161 11.4365 18.6396 25.934 22.088 20.0582 44.8843 190.565 6.1927 6.4161 2.21465 9.20725 5.33716 3.6949 8.28132 3.32536 2.13768 0.0138877 77.4628
45.4132 0.143563 1.02418 4.81708 11.8523 18.9992 25.5026 25.5313 17.4307 42.3883 190.565 13.2817 10.1278 1.42203 13.4545 3.85861 4.01226 5.49152 2.2353 12.9649 0.0261501 79.2407
43.0899 0.532198 0.973557 4.81708 12.2445 18.782 25.5026 25.5313 17.3194 43.8816 190.565 18.2382 7.58038 2.74568 3.79316 4.91903 5.61644 2.83709 12.7329 12.9649 0.0144969 77.2694
43.0899 0.532198 0.973557 12.2419 11.8943 18.782 25.5026 25.5313 17.3194 43.8816 190.565 11.5359 3.95877 2.74568 4.05055 5.95899 5.68815 2.83709 10.0139 13.8206 0.0144969 77.2375
36.1105 0.532198 0.973557 11.4697 12.8179 16.9671 31.435 19.0219 16.1899 43.8816 190.565 13.2483 3.95877 6.37467 5.259 4.46674 9.02433 2.83709 5.41526 10.9435 0.00289748 78.1562
36.1105 2.25599 0.0928387 16.5055 12.3665 10.811 32.2335 15.0429 21.8328 43.8816 190.565 12.5813 8.23096 1.38424 2.92068 7.53092 1.88687 22.2432 3.233 10.7965 0.00173664 80.4715
47.0111 2.41282 0.776436 7.64676 13.0432 10.811 29.5399 11.7998 35.3606 43.8816 197.913 2.65504 6.32302 2.44056 3.55474 6.47794 3.04502 22.7969 3.07067 6.3639 0.00376907 79.2345
47.0111 2.58051 0.776436 7.64676 11.748 10.811 29.5399 10.6944 34.2946 43.8816 197.913 2.65504 0.230894 1.62132 10.3039 7.83914 11.3064 17.61 11.8295 6.3639 0.00228307 79.1983
47.0111 3.53323 0.776436 7.64676 12.202 9.42509 29.5399 10.6944 34.9655 43.6164 197.913 2.14494 0.230894 3.17285 9.9513 7.83914 11.3064 17.61 13.322 6.3639 0.000917076 79.0909
52.2548 2.88115 0.776436 7.64676 12.202 9.42509 29.5399 10.2777 34.4838 43.6164 197.913 2.14494 0.828775 1.51692 10.9851 7.83914 10.8364 13.789 12.4966 16.5514 0.000917076 80.1931
47.8741 2.88115 2.62726 6.9426 13.333 9.42509 28.9986 9.24981 34.6956 43.6164 197.913 2.14494 0.828775 2.95775 10.9365 7.76931 13.7935 13.789 12.5555 16.8657 0.00296244 77.7192
50.1674 4.83649 3.08874 10.2553 13.9614 1.9541 29.3009 15.1665 32.5862 35.3107 197.913 2.14494 0.828775 2.92821 7.04406 7.7713 11.9756 8.19466 14.994 8.98978 0.0031016 77.3657
47.1588 2.18855 5.80007 10.2553 11.993 3.86592 29.9975 16.0974 30.7087 35.3107 197.913 2.39293 0.682221 1.79462 7.07588 5.92094 19.7251 10.6198 14.6279 16.0339 0.00123453 77.948
53.3625 2.18855 5.80578 10.0445 11.0964 12.7446 29.9975 9.76267 30.7087 35.3107 197.913 3.10493 22.9606 3.55319 12.4417 8.00572 0.566379 3.61197 12.0068 6.16199 0.000930815 77.7597
56.1502 2.18855 7.01402 10.1824 11.0272 5.68163 34.3629 18.8642 30.7087 35.3107 193.375 3.10493 7.09019 1.81097 3.33819 15.2215 2.73642 4.05522 31.1244 5.0993 0.00256509 80.9966
44.8364 4.78852 3.64211 10.8383 13.4788 8.47354 18.3526 31.1542 16.0713 35.3107 193.375 12.6111 2.55307 3.13874 3.33819 4.13242 22.1753 7.37263 47.8342 4.46304 0.00331418 82.7164
38.3247 6.65116 3.64211 10.8383 15.1349 8.47354 34.1738 29.6299 4.00069 35.3107 193.375 12.6111 3.7948 3.6796 2.38175 0.626716 20.9649 3.79399 41.3728 1.64077 0.00331418 88.3259
53.0342 5.45981 3.64211 5.60418 17.3862 8.03624 32.8741 25.1449 12.2083 35.3107 193.375 12.6111 15.2901 4.6189 3.80394 0.626716 8.38124 3.71965 44.0411 0.980748 0.000727307 79.8313
53.0342 5.45981 3.64211 6.79304 21.2833 2.02653 32.8741 29.0078 12.2083 35.3107 193.375 12.6111 15.2901 2.13919 11.02 0.626716 4.23431 13.0204 2.06851 0.980748 0.000727307 79.5252
53.0342 5.43804 3.64211 6.79304 20.7322 2.02653 32.8741 29.0078 12.2083 35.3107 193.375 12.6111 15.2901 2.13919 11.02 0.626716 4.23431 13.0204 2.06851 0.980748 0.000727307 79.1501
53.0342 5.43804 3.64211 6.79304 20.7322 2.02653 32.8741 29.0078 12.2083 35.3107 193.375 1.36593 23.8078 2.13919 14.9326 0.626716 7.43706 9.58905 0.719291 17.2379 0.000500767 81.5466
53.0342 5.43804 3.64211 6.79304 15.4807 2.02653 32.8741 34.6809 12.2083 35.3107 193.375 1.36593 23.8078 2.13919 14.9326 0.626716 7.81402 9.58905 0.719291 17.2379 0.000500767 81.2502
53.0342 6.52674 3.64211 6.79304 15.4807 2.02653 29.3826 34.6809 12.6112 35.3107 193.375 1.36593 25.9413 2.13919 14.9326 0.428152 5.06353 1.98813 0.719291 7.73269 0.000737388 78.3556
53.0342 6.68723 3.64211 6.28588 15.4807 2.02653 29.3826 34.6809 12.6112 35.3107 193.375 1.36593 25.9413 2.13919 14.0452 0.428152 4.6176 3.15724 0.719291 7.73269 0.000759097 78.5173
53.0342 6.68723 3.64211 5.39931 15.9519 3.59956 29.3826 34.6809 16.1431 35.3107 193.375 1.36593 22.8983 2.13919 14.0452 4.25782 6.45915 3.15724 8.72885 7.84889 1.44852e-05 77.6118
53.0342 6.41755 3.64211 5.39931 21.1479 3.59956 29.3826 34.6809 16.1431 35.3107 193.375 1.36593 16.1464 2.13919 12.5314 5.21016 1.0834 1.64412 8.72885 14.5222 0.000313363 75.5687
53.0342 6.535 3.64211 5.39931 21.1479 2.819 29.3826 31.8652 16.1431 35.3107 195.237 1.36593 7.08648 8.4151 9.99773 7.23373 1.26149 3.15541 8.72885 27.8345 4.03927e-05 75.4004
53.0342 6.67549 4.81855 5.39931 21.1479 2.819 26.1301 31.8652 13.9216 35.3107 195.237 1.36593 7.02081 7.94909 6.59436 9.82932 1.55195 1.23263 8.72885 27.5879 4.03927e-05 76.2977
53.0342 6.47465 2.05342 5.39931 21.2541 0.734495 26.1301 37.7014 13.9216 35.3107 195.237 1.36593 20.3976 7.44602 6.59436 9.82932 1.55195 1.2165 8.72885 27.5879 4.03927e-05 76.0726
53.0342 6.47465 2.05342 6.11391 21.2541 0.734495 25.4232 37.7014 13.9216 35.3107 195.237 2.12835 20.3976 7.51235 5.68817 9.82932 0.800506 0.970536 6.28972 25.3934 4.03927e-05 73.6938
53.0342 6.47465 2.05342 6.11391 19.7316 0.734495 25.4232 43.1666 14.063 35.3107 195.237 2.12835 9.31611 7.51235 5.62389 1.30474 8.57203 0.448086 6.28972 25.3934 5.93359e-05 75.2188
53.0342 6.62865 2.66271 7.11032 19.7316 0.734495 25.4232 43.1666 14.063 44.7459 190.342 2.12835 7.46867 7.51235 5.33609 1.93106 6.09237 0.41562 11.8436 15.0334 5.93359e-05 75.3735
35.8853 6.62865 14.1931 7.11032 19.7316 0.734495 4.2553 43.1666 15.4185 44.7459 190.342 2.12835 6.53192 8.26393 20.9451 1.93106 4.83642 0.41562 14.9 6.77395 5.93359e-05 80.5478
48.1944 6.62865 14.1931 6.21666 19.7316 0.734495 4.97338 42.5975 15.4185 44.7459 190.342 2.12835 8.70681 7.74918 13.8888 4.08222 7.92899 0.718164 12.4503 2.15299 6.39715e-05 78.1819
50.3316 6.62865 15.4947 4.94207 19.7316 0.734495 5.23871 42.4212 15.4185 44.7459 190.342 6.98112 9.34117 7.80131 17.3647 4.16237 7.92899 0.776831 10.7958 3.3133 0.00201564 83.1747
50.412 4.81566 20.1524 7.71914 19.7316 0.734495 5.23871 42.4212 5.52641 44.7306 190.342 6.98112 9.20293 7.30214 14.0236 2.51789 7.92899 1.36811 11.3533 37.7684 0.00194714 83.5352
52.697 4.42449 21.2816 5.60048 19.2465 1.12127 9.25132 42.4212 5.52641 44.7306 190.342 6.98112 9.35719 7.23043 12.7391 2.77158 4.26206 1.51635 17.9785 13.4279 0.00241303 82.4068
57.5744 3.85426 20.4845 5.60048 19.2465 1.12127 7.68877 42.4212 5.52641 44.7306 190.342 6.98112 9.28559 5.63478 12.3733 9.15095 5.31889 0.644337 17.5835 10.562 0.00120536 82.435
60.7286 3.12058 20.4845 6.38804 19.2465 1.12127 7.68877 42.4212 2.77942 44.7306 190.342 6.98112 2.7486 12.3253 9.73709 12.835 4.66234 10.4523 17.1202 12.8067 0.00312552 87.4947
55.4778 4.48986 20.4845 5.12909 19.2465 4.47205 5.75179 42.4212 2.77942 44.7306 190.342 4.4745 0.41872 16.9624 9.73709 5.74646 8.2927 5.8545 8.81937 9.47083 0.00202958 80.9301
51.9896 4.22907 20.4845 5.39743 19.2465 4.47205 5.75179 42.4212 2.77942 44.7306 190.342 4.4745 0.41872 10.7149 11.5143 5.92069 8.2927 5.8545 9.74785 6.43768 0.00549923 82.9381
55.7623 5.72532 18.7251 4.66863 19.2465 5.00955 5.75179 42.4212 2.77942 44.7306 190.342 7.06349 5.82705 9.60201 15.8799 13.3928 4.50394 6.17938 8.21522 5.5147 0.00549923 84.1702
57.5488 5.72532 18.7251 4.66863 18.5228 5.00955 5.75179 47.3948 2.77942 44.7306 190.342 3.66336 3.94089 3.4905 15.6179 15.6932 4.50394 7.44667 18.0772 4.08314 0.00646301 86.3803
42.8714 6.42686 18.7251 3.35578 18.9727 5.00955 5.75179 47.3948 6.39331 44.7421 190.342 3.66336 2.82531 3.4905 15.5132 3.82681 6.14309 8.99659 36.2679 4.28917 0.00620218 86.9651
43.4878 7.42034 18.7251 2.7048 18.9727 6.45626 4.68839 47.3948 6.39331 44.7421 190.342 3.66336 0.439604 1.23258 15.4136 8.84508 4.95765 11.8493 31.3169 4.18784 0.00173007 87.6853
41.1049 5.95991 14.2415 3.51756 15.8961 4.42042 11.2271 47.9101 6.39331 44.6781 190.342 3.66336 1.09913 4.66529 15.7698 8.60189 8.98723 13.0949 25.8606 4.58139 0.00214204 87.2083
41.3828 5.88658 14.2415 2.18912 15.2657 4.42042 15.5949 44.8542 0.649957 44.6781 190.342 18.6304 3.40813 4.00239 15.8442 5.63469 0.846527 0.576759 6.97699 12.3672 0.00200377 86.1917
41.3828 5.5589 14.2415 0.229418 15.2657 4.42042 15.5949 44.8542 4.10451 44.6781 190.342 18.6304 3.40813 3.88607 4.15552 5.63469 5.12016 11.1968 6.97699 3.41289 0.00364632 83.6573
43.4231 5.46433 12.6766 0.780593 17.019 4.42042 15.8088 44.8542 4.10451 50.3126 190.342 19.6276 3.33811 5.8766 2.65154 0.727127 4.67348 9.23855 9.23355 3.41289 0.00206967 80.8565
47.7492 6.90001 12.6766 0.780593 17.019 8.61292 6.02526 49.544 4.10451 50.3126 190.342 12.6391 1.18623 2.4631 5.98624 1.18716 5.46295 9.23855 9.23355 3.41289 0.00238603 79.9709
41.5747 7.0523 12.6766 2.14811 7.21839 17.9776 6.02526 47.79 3.75644 52.6661 190.342 11.1518 3.4959 4.63236 0.103986 1.84089 6.59997 14.8172 23.0076 7.6978 0.0021972 77.8253
48.4801 6.40485 12.6766 1.83031 6.21211 18.4837 6.02526 47.79 3.75644 84.2664 153.046 11.1518 6.25839 7.47967 9.69392 2.18226 4.82276 16.5434 16.9918 7.6978 0.00222305 76.9695
36.1343 7.02325 12.6766 2.47531 6.21211 17.5098 9.48832 51.8613 3.75644 84.2664 140.501 11.1518 6.92194 14.0674 2.51615 3.55035 4.79354 12.0836 12.6236 25.34 0.0021944 75.1142
34.7163 7.02325 12.6766 2.43958 6.21211 17.6087 11.2671 51.8613 3.75644 84.2664 140.501 11.1518 7.41863 14.0674 3.70999 3.89005 3.34728 6.69254 26.1186 26.4521 0.00199594 75.8827
56.8486 6.28081 12.6766 2.65404 4.73674 16.0773 11.2671 51.8613 3.75644 84.2664 140.501 11.1518 5.53987 12.5589 5.13574 2.42386 2.15826 8.98089 48.2618 21.8917 0.00199614 78.6694
49.8389 6.10748 12.6766 2.68721 4.73674 18.6568 11.1716 51.8613 1.17894 84.2664 140.501 11.1518 5.53987 13.2469 4.27341 2.49777 1.95404 11.3007 40.737 21.8917 0.0020098 77.2415
52.1583 5.70197 12.6766 1.99942 4.11323 18.6606 11.1716 51.8613 1.17894 87.0528 140.501 11.1518 7.58876 10.8044 2.64603 2.55777 5.43269 11.9674 23.5627 10.0879 0.00272504 73.4591
45.61 6.66579 11.7054 2.87895 3.99277 17.5976 11.4922 51.8613 1.17894 114.47 112.256 11.1518 6.11267 13.8808 2.64603 1.72725 5.36225 8.86849 16.1139 5.19964 0.000899816 75.2164
43.5614 6.74735 11.7054 2.87895 3.42508 18.0034 11.4922 51.8613 1.17894 87.388 141.334 11.1518 4.7939 13.8808 4.49691 1.82819 4.13912 11.1305 15.6338 13.317 0.00060514 73.7425
47.202 7.06351 6.12438 1.07219 9.05622 16.061 11.4922 51.8613 1.17894 87.388 141.334 17.1267 3.10753 13.8808 5.03163 2.80412 4.15568 10.5796 9.12695 16.7079 0.00060514 77.2609
44.1531 6.25264 6.12438 1.43306 9.05622 20.4761 11.2801 48.2513 5.82495 107.959 96.4335 39.0757 3.45102 4.01694 7.87931 4.20525 5.78935 11.6087 1.34422 17.1866 0.000837625 74.2815
43.4153 6.98454 6.75908 1.43306 9.89932 19.3277 9.91494 48.2513 5.82495 107.959 96.4335 39.0757 2.63085 2.19776 4.0117 3.56446 7.83437 12.1237 1.34422 17.0397 0.00194428 75.425
52.4477 4.98438 15.6489 0.149024 9.90285 20.764 6.35737 44.645 5.32495 110.872 96.4335 38.1928 1.17121 8.03567 5.38719 3.31731 6.84967 11.6852 7.90761 13.566 0.00048492 77.5199
51.9158 5.76255 14.249 1.35903 7.42246 23.7119 6.00721 44.645 5.32495 114.389 96.4335 26.9996 1.65447 8.02537 7.12031 3.56614 9.93763 9.47218 6.94934 15.2434 0.00048492 74.3939
67.3624 3.99968 12.4457 1.35903 12.1428 23.7119 6.00721 44.645 5.32495 111.771 96.4335 27.028 1.41351 8.60788 7.6111 5.59094 11.871 8.88263 5.18731 14.9325 0.00048492 76.1683
52.2662 3.69516 12.4457 1.07597 12.1428 23.7119 6.00721 44.645 5.32495 111.771 96.4335 24.9791 2.06497 9.84931 8.7136 5.98375 14.4756 8.28273 10.9293 17.2506 0.00048492 78.0192
46.0618 1.02281 10.5506 2.93804 9.68402 23.7119 11.0667 44.645 5.32495 117.559 96.4335 24.9791 2.61932 5.49662 12.4157 3.69102 10.9581 3.46346 15.19 20.4761 0.00048492 76.7921
42.7125 1.12475 10.3069 2.61254 9.25019 25.2384 11.0667 44.645 5.32495 117.559 96.4335 24.9791 4.37776 8.86956 10.4611 1.11465 16.6074 2.18698 15.6092 13.6839 0.00048492 77.6098
39.6867 1.12475 11.5417 1.59797 9.25019 25.2384 14.1731 44.645 5.19443 117.559 96.4335 24.9791 4.37776 2.43391 13.7825 1.11465 16.2082 2.18698 16.374 13.6839 0.00107884 78.5511
37.6023 1.12475 16.0011 2.76761 10.1803 25.2384 5.09946 44.645 1.32787 117.35 89.2179 48.3529 5.80548 3.66139 24.9171 2.07123 0.767541 3.10298 45.7262 35.2913 0.00112546 86.9416
29.7389 1.3754 12.9469 2.35146 10.0791 25.0074 12.0199 44.645 4.76513 117.35 81.5639 43.6348 7.70665 6.43025 23.2276 3.88033 0.231202 3.50515 47.4619 32.2086 0.00112546 85.8309
29.7389 2.06933 12.9469 1.02968 10.0791 25.7437 12.0199 44.645 4.76513 117.35 81.5639 42.3152 2.5765 6.43025 16.8314 3.88033 0.231202 2.22389 47.4619 40.1381 0.00112546 81.4734
13.5929 2.06933 12.9469 2.66342 10.9888 25.7437 7.80978 44.645 4.76513 120.295 81.5639 43.0105 2.5765 7.60412 16.9683 11.4394 2.26527 2.22389 46.82 38.2516 0.00488066 85.247
30.5233 0.553594 14.2223 1.93317 10.9888 25.4532 7.80978 44.645 4.76513 115.208 83.6406 42.9586 4.4166 7.60412 16.8034 6.23492 6.57628 6.66986 34.7898 57.6838 0.00488066 86.6573
25.9994 0.65365 14.2223 3.66133 2.38734 25.4532 10.6409 44.645 3.09553 141.574 63.9496 42.2074 6.40761 6.07138 19.0206 5.92118 4.9142 3.28191 36.9918 34.6046 0.0102988 82.693
22.9712 0.65365 14.8782 3.66133 2.38734 25.4532 10.6409 44.645 4.01711 147.2 53.6674 38.8952 10.3566 0.562619 18.3687 3.7442 3.19379 3.28191 36.9918 27.6681 0.0102988 86.3979
33.7418 3.41581 15.2312 5.06326 2.37145 25.4532 8.77956 44.645 4.01711 149.781 57.5763 38.9785 6.47654 3.07429 14.9994 4.60947 8.28004 2.91669 9.61863 19.1678 0.00383354 83.37
46.8457 3.41581 14.708 4.34993 4.00708 25.4532 8.77956 37.8059 7.95495 147.615 58.2227 31.5254 5.14946 4.08303 15.3413 0.80991 6.81954 3.23947 9.61863 19.1678 0.00383354 83.1575
37.5463 4.02532 13.0337 1.13102 1.03162 25.5343 23.3973 36.8265 8.13031 144.677 63.0104 31.5254 3.7819 4.4299 12.2 1.42925 10.4883 3.58398 21.926 44.7034 0.00383354 82.3735
36.4239 2.57805 11.7249 1.13102 1.79608 27.3074 24.4557 34.2375 9.05762 136.879 68.7454 31.5254 4.69014 8.63448 6.92552 2.81416 10.3639 1.95228 13.4668 21.5709 0.00383354 79.1223
36.4239 2.65093 11.7632 1.13102 1.79608 27.3074 24.4557 34.2375 9.05762 136.879 67.0668 34.3728 4.77295 14.5725 0.879558 2.81416 11.2732 5.67832 15.7861 26.3208 0.00383354 80.1505
36.4239 1.03749 12.8442 3.29515 4.59821 23.7026 26.3566 17.2031 25.2519 133.247 67.0668 35.3583 4.46283 12.8597 0.879558 3.78512 11.2732 6.411 15.7861 41.9572 0.00383354 77.9174
9.16238 2.33559 12.8442 4.45384 3.98831 23.7026 26.408 17.2031 25.2519 138.277 67.0668 32.232 4.46283 11.4316 0.879558 0.91211 14.0107 6.411 1.79164 41.9572 0.00383354 79.8074
9.16238 2.33559 12.8442 4.20038 3.55955 16.1207 29.3157 17.2031 27.3344 135.129 67.0668 38.6465 4.37071 11.3411 1.90718 1.27806 8.13529 6.411 8.62513 6.22345 0.0113102 77.3113
15.3213 2.20389 12.1585 4.45916 3.55955 14.2552 29.3115 11.0233 31.1063 136.766 67.0668 38.6465 3.64611 10.9865 1.90718 2.38381 13.0921 7.40827 25.4763 1.11524 0.0132606 79.2296
36 1.8029 12.1585 5.15901 13.9252 7.96378 28.2424 18.9465 20.7963 132.884 67.0668 40.9915 7.03369 11.5466 2.61277 1.53624 13.0611 5.57259 19.8969 19.1934 0.014209 78.9893
36 1.99436 12.1585 5.22488 15.8612 8.18968 28.2424 12.1957 22.3701 129.873 75.1643 40.9915 2.39465 11.5466 2.61277 2.97521 11.8369 5.40789 23.767 2.38109 0.00933424 76.7312
35.9313 2.11476 10.9188 2.84632 15.2429 9.96185 20.7886 38.6305 6.40169 126.24 75.1643 40.9915 0.758153 18.9303 3.90104 4.94945 7.68864 3.6826 40.1962 2.38109 0.013409 81.9598
51.7534 2.11476 11.5056 3.79892 15.1725 8.20782 17.1216 40.272 6.40169 136.289 75.1643 31.1182 0.412401 19.053 6.70853 9.25198 13.1906 1.40523 23.7547 18.8856 0.00676764 80.1648
55.1858 2.50411 8.43198 4.86465 14.1359 10.0503 16.0074 43.2368 6.40169 136.289 75.1643 30.2148 4.56878 9.86364 6.97018 0.305407 11.2182 10.1938 21.7454 14.94 0.00982365 79.1517
41.5343 2.62023 9.15051 3.75545 11.9443 14.628 16.0074 42.8672 3.20123 134.57 71.242 30.2148 7.39723 26.6913 2.46531 11.6084 0.0446088 1.95495 17.0558 19.6907 0.00475886 84.9537
47.3699 0.495083 7.73169 3.6943 15.3402 13.5497 16.0074 42.8672 3.20123 134.57 71.242 30.5655 6.31269 26.6913 3.36275 8.96427 1.04319 3.9817 9.70966 16.1856 0.00210991 79.5557
47.3699 0.613099 7.28055 3.82883 14.3287 13.9132 17.796 42.8672 3.20123 134.57 73.7654 25.388 8.42395 23.8789 1.41333 6.81596 5.0584 4.14405 9.70966 30.2965 0.00296508 80.1521
47.8162 0.388176 7.99197 3.6249 14.4742 13.9266 17.796 41.3609 3.20123 136.989 83.5127 27.7525 10.3457 3.79723 3.69081 8.58437 6.59244 6.08711 30.243 17.8822 0.0011115 75.8948
50.4678 2.36131 10.1713 5.90333 14.8805 11.9244 17.796 41.3609 4.00513 133.978 75.1136 30.339 6.8201 5.63687 2.59831 5.91025 8.01873 6.82984 11.4821 5.53425 0.00297703 76.6457
47.1976 2.68254 10.1713 5.76895 14.6709 14.0869 17.796 41.3609 4.00513 131.934 75.1136 30.339 13.8848 3.01343 1.87847 19.9058 8.18432 6.82984 1.32593 4.51304 0.00384768 77.8133
47.5428 2.65543 10.1713 3.54941 15.2869 14.5258 19.3783 41.3609 5.51224 131.934 68.094 36.4711 13.8848 3.72503 1.87847 18.7338 7.17307 7.64116 2.87377 32.6811 0.00384768 79.7147
50.4553 6.51995 7.55785 2.19308 12.9508 12.4514 16.5257 40.175 4.33276 142.763 68.094 36.4711 12.471 3.72503 2.98599 7.86248 3.69155 10.3783 11.889 4.00771 0.00305064 73.4168
52.128 6.10319 9.66595 2.112 11.0368 12.0155 17.7348 34.9727 8.57928 142.763 68.094 36.4711 10.8953 3.53913 2.98599 5.77755 2.6924 6.13029 39.3588 4.00771 0.00235955 73.9922
52.128 5.9511 9.66595 2.13395 11.0368 11.881 17.7348 34.9727 25.1068 131.338 68.094 37.7944 4.78958 2.88913 8.0402 5.77755 4.2626 5.10002 24.9017 19.9734 0.00235955 75.0637
48.914 6.73731 10.7459 2.22158 8.0285 13.4261 17.7348 32.4931 19.4715 131.338 68.094 41.7839 6.72881 7.19971 12.5247 3.9183 1.76988 3.4393 28.9159 33.3462 0.00250573 73.3737
49.2559 6.20469 9.14895 3.37881 6.25416 10.8588 22.6454 32.3799 21.8155 142.644 54.157 36.4416 6.04539 18.1029 3.77964 4.95684 1.36243 7.41152 0.522751 30.5718 0.00200649 78.0373
54.0622 6.65711 10.3573 1.31998 8.45342 11.7233 22.8961 29.8384 17.2667 149.926 61.8292 34.5872 5.45567 12.3274 1.18648 0.491251 1.40806 11.0277 47.0528 31.0505 1.19697e-05 76.1063
63.0403 5.31099 11.2597 3.39398 5.54845 9.63653 20.486 29.7938 17.2667 149.926 61.5476 31.3284 5.42071 10.7661 6.76288 0.25917 4.03983 13.4319 40.8207 28.8202 1.19697e-05 77.3603
60.6043 5.31099 12.3998 2.45253 5.54845 12.1245 19.613 29.0636 17.7902 149.51 62.0799 31.7037 5.98541 12.7378 6.76288 0.634637 5.36593 9.58476 24.6756 28.1189 1.19697e-05 73.2669
53.3998 6.00365 11.2367 2.96911 5.54845 12.1245 19.613 25.3832 13.5427 149.51 62.0799 40.6199 5.67902 12.7378 8.35758 10.7509 5.35394 9.92192 26.6674 25.9601 1.19697e-05 75.667
51.5753 6.00365 11.1612 4.2522 5.54845 10.5234 20.3448 25.3832 13.5427 149.51 62.0799 38.9619 5.08417 10.1475 13.4456 4.2218 1.49044 3.13862 11.2485 25.9601 0.000364109 75.4488
44.8171 4.59695 11.1573 4.1717 5.54845 21.5382 20.6097 30.0086 7.39728 143.75 62.0799 38.9619 0.883163 16.1118 11.0942 4.2218 0.836623 3.82521 6.7154 29.5362 5.78312e-06 71.4657
44.4251 6.21212 11.1573 3.71252 7.74769 19.2082 18.144 31.1356 9.5433 143.75 63.3412 43.5703 0.883163 13.4267 11.0942 4.2218 0.997955 4.16816 4.93582 42.5802 5.78312e-06 72.5211
47.0601 6.23597 11.1573 4.29601 0.305538 25.6081 18.144 31.9167 15.7195 143.75 50.0686 49.0023 4.04006 4.87025 14.4533 4.78026 2.42801 4.02716 3.27697 46.2803 1.30628e-05 71.2729
51.5836 3.89363 11.1195 4.80993 1.9632 23.4733 18.144 32.9157 15.7195 143.75 45.8507 53.608 4.73756 4.10289 25.9813 1.88277 2.34856 7.66013 0.592078 43.7699 3.82572e-05 77.8841
56.0383 3.45027 10.1629 8.90338 0.213708 21.7693 24.9013 36.4768 10.0497 149.648 24.1523 60.7898 5.61212 5.63126 10.9116 0.980408 12.0419 6.84071 14.7176 33.2981 7.12765e-05 80.5093
51.2922 4.40365 7.91314 9.71897 0.213708 14.2416 25.3322 40.1128 13.1646 159.422 24.1571 56.3602 4.61974 5.07968 13.3169 0.740521 13.0478 8.68045 23.1514 20.015 6.28887e-05 78.9953
55.2858 2.25034 8.12818 8.65975 6.59069 14.4677 18.4945 35.2664 13.5167 159.422 23.4206 57.5232 7.08901 6.75171 17.8027 8.40643 10.7122 23.3798 2.55792 8.30246 0.000209377 86.7816
52.5062 1.00484 8.43705 8.65975 7.73269 15.004 18.4945 32.833 12.4834 158.028 30.7456 57.0335 0.0317689 2.52975 16.8913 2.42082 8.73069 15.2479 13.8993 15.6972 0.00118791 80.4689
51.1518 0.884978 8.82869 8.65975 7.1761 19.5373 8.55255 38.2489 12.4834 157.776 41.1711 45.612 2.50034 2.52975 16.8913 0.11025 2.13402 15.2479 14.9385 28.1049 0.0014836 76.1919
51.2752 1.36801 8.82869 8.30791 7.1761 19.5373 8.55255 38.1819 13.3604 159.832 41.1711 45.612 2.55656 2.52975 16.8913 0.11025 2.13402 9.10571 21.5785 50.0328 0.000922171 78.075
57.0383 2.30806 6.37544 11.8799 4.86133 19.5373 8.47376 41.0518 10.0491 159.832 41.1711 44.1066 2.41883 13.2732 3.07353 2.61247 0.491151 16.1269 25.167 50.0328 0.0011861 77.7016
53.3962 2.30806 6.37544 11.8799 4.86133 19.5373 8.47376 41.0518 10.0491 159.832 41.1711 43.4249 2.49596 13.2732 0.747811 2.61247 0.491151 16.1269 10.0752 50.0328 0.000822228 76.246
53.3962 2.77867 6.37544 3.22286 12.302 19.5373 8.47376 35.5325 15.5803 167.036 47.7803 28.9681 6.24487 12.95 2.20327 2.61247 3.13219 16.1269 10.0752 10.0587 0.000622424 76.1562
53.3962 6.77144 4.04266 3.73514 12.302 17.7361 8.47376 33.7543 17.1536 170.413 35.9348 39.0977 5.98809 10.3257 2.05941 3.3897 1.44537 11.9784 6.36902 10.0587 0.000622424 74.7962
44.5865 7.85746 7.22743 3.94859 9.37653 18.2042 8.47376 31.9723 17.1536 169.686 33.7277 38.2724 5.98809 9.98051 1.64932 6.70988 1.87836 16.43 4.70347 28.8045 0.00775889 78.963
44.5865 7.68462 6.34058 2.66927 9.37653 18.2042 8.47376 32.8661 17.5879 167.292 37.1383 39.596 7.06053 8.64376 2.89818 8.87777 1.87836 12.9425 12.3889 14.9154 0.00300965 81.0061
46.8639 7.51352 4.02809 2.66927 13.3436 18.2042 13.1558 35.51 13.8342 167.239 37.1383 39.596 7.06053 8.64376 0.304141 8.87777 1.98003 23.4484 10.2776 15.9558 0.00300965 84.6314
16.6892 7.6823 4.02809 3.73435 15.2418 13.9463 13.1558 37.7932 14.1212 171.748 36.6125 32.8416 12.9118 9.59679 1.93933 7.04538 3.20052 7.44246 2.5537 29.842 0.013786 84.9437
52.3566 6.70614 7.81863 3.38907 13.2149 12.5368 9.38589 40.4971 16.8115 165.688 31.2907 44.6284 7.4026 8.94654 0.213459 3.22028 12.9834 6.36478 2.5537 24.9635 0.0199358 78.7497
57.5718 6.42037 7.89231 2.9589 13.6668 13.1324 8.63122 40.0803 21.9543 159.035 30.5811 50.3453 4.08962 8.63153 1.07527 1.00776 10.8332 4.74236 22.0233 30.1021 0.0337111 81.1244
56.6184 5.81475 7.88786 3.7647 13.6668 13.1324 7.32745 31.6852 25.2018 154.605 31.0265 45.695 5.74973 8.90301 4.30809 1.78205 19.4207 5.30655 8.91019 30.3936 0.0322462 80.5692
58.5692 5.40158 8.47591 2.76229 13.6668 13.1324 7.32745 33.1484 25.2018 157.582 31.0265 50.3386 4.87512 7.23323 6.51791 4.72906 12.0481 8.2864 8.48822 35.6637 0.0756675 80.9221
55.9638 5.40158 8.25705 2.76229 14.1027 13.4538 7.32745 33.4173 25.2018 154.608 33.5878 51.4346 3.27124 6.91872 6.51791 5.17012 7.36941 9.71324 5.99567 42.6314 0.0756675 78.8735
55.1001 6.94203 6.98893 2.65514 14.1027 13.4538 7.32745 38.2327 25.2018 151.802 33.5231 52.9386 6.50409 10.6852 4.07564 5.74041 4.45341 4.88319 5.99567 29.7683 0.0546435 80.5572
44.9401 8.38818 6.98893 1.92827 15.6239 13.4538 2.08833 39.3839 25.3186 151.595 31.4231 52.9386 16.234 5.32943 11.4878 5.11016 5.3447 10.6502 5.99567 21.3356 0.00983063 82.238
42.176 7.16458 7.68192 1.92827 25.7973 5.3673 2.08833 37.2453 27.0349 151.595 31.4231 54.8179 11.783 4.88713 3.11016 1.9853 3.37632 7.82911 4.91714 26.4739 0.00276787 77.2605
41.8589 7.04644 9.18187 1.92827 25.7973 5.3673 2.08833 36.5571 27.0349 154.052 28.6356 51.7194 13.4596 5.8633 2.69587 4.85859 4.82412 4.89241 7.60099 23.0843 0.00826792 80.0238
44.0363 7.04644 6.53481 1.92827 25.5933 5.3673 6.92645 27.824 34.2833 152.875 26.5866 52.0408 7.05707 3.86095 3.65196 5.42552 4.51228 12.5021 32.5819 21.6009 0.00433195 78.8601
36.2082 8.53753 6.53481 1.92827 20.7624 5.3673 15.3555 29.8202 34.2833 151.634 24.7865 54.5633 6.08799 4.31744 2.90332 6.43478 4.89355 9.88609 29.0863 52.2736 0.00242026 76.9484
47.4509 4.82576 7.60495 3.7752 20.427 5.3673 15.9679 32.3876 18.5699 159.33 31.1936 52.6573 5.98403 3.27663 0.754771 5.60396 5.48545 10.5786 7.64182 50.6557 0.00412087 75.6194
46.9087 4.86066 7.60495 3.7752 20.427 5.3673 15.9679 33.2998 17.3435 159.536 31.1936 52.1366 5.88206 3.21534 6.14018 10.3993 5.68103 5.73053 7.64182 40.5405 0.00412087 74.3397
46.302 5.27341 10.3911 3.38337 20.427 2.72613 13.0654 31.2107 17.1837 159.536 39.2089 61.5793 9.76981 3.1635 2.17408 1.26376 10.8444 0.158039 0.331543 17.4168 0.00228344 81.9591
43.4951 5.27565 10.3911 1.40409 20.0185 3.08717 14.1803 33.4382 19.1703 159.536 31.8715 56.2662 9.73756 3.64408 2.47432 11.2756 7.72856 2.5478 18.5416 16.5769 0.0573913 81.9569
45.7372 4.82485 10.3911 1.40409 18.6625 3.08717 13.6791 36.7305 16.1289 159.536 31.0487 58.2248 9.73756 4.02978 0.749159 9.79869 5.90311 4.50173 4.21432 6.87319 0.0573913 82.0147
43.5587 5.8367 10.3911 1.40409 18.0441 1.94355 22.0765 36.1661 12.7152 150.773 35.5575 57.321 14.9708 3.70413 3.17355 5.08772 4.02268 4.8835 4.83158 4.31818 0.018676 77.0872
51.6002 8.27971 6.93954 1.40409 17.6527 4.5192 18.3372 36.778 17.5974 149.767 37.498 49.2704 8.95532 7.73602 1.43768 9.90769 3.26934 21.1784 4.83779 26.1397 0.0114944 80.5174
47.7647 6.88509 6.4669 1.40409 21.1233 3.16368 21.0393 35.9718 25.6012 152.021 25.5018 49.2704 8.02085 2.12002 1.72083 4.72315 4.53581 13.5168 4.41801 4.47981 0.00472474 77.0988
43.9392 5.69097 9.79177 1.40409 19.7091 6.45082 14.4769 37.7624 27.9096 153.138 25.5018 50.598 6.68534 5.09282 1.49719 7.71441 3.0004 9.10254 5.94782 6.99992 0.00543903 77.0218
44.2036 8.30652 6.89823 1.40409 19.7091 14.3867 14.7265 19.5604 20.236 167.782 25.5018 51.8232 5.21011 0.352963 4.5458 3.34712 5.63733 32.6172 5.15604 9.16694 0.0017263 78.5777
47.8278 6.19803 7.7776 1.40409 19.3125 14.3867 14.7265 19.5604 24.0403 164.207 25.5018 51.8232 3.53069 1.4385 3.62138 1.50229 11.1976 22.4031 9.6825 11.0715 0.000563453 74.4859
47.2403 6.95504 7.67525 1.40409 19.3125 14.3867 14.7265 19.5604 24.0403 164.207 25.5018 52.2211 6.15831 2.38625 1.15966 1.50229 7.69559 17.6175 3.89312 17.6444 0.000356598 71.6859
46.8659 0.825515 7.67525 1.40409 19.3125 11.9147 14.7265 19.5604 38.8811 155.124 25.5018 52.2211 6.17243 2.16263 1.15966 1.50229 12.2641 21.4084 1.8119 30.0367 0.000286201 77.3855
51.0961 0.825515 7.67525 1.40409 19.3125 11.9147 14.7265 19.5604 38.8811 155.124 25.5018 63.0284 13.7628 2.7248 1.1383 1.50229 12.2641 13.6348 1.24483 39.8834 0.000389908 78.4901
52.216 1.34099 7.25679 1.40409 20.1384 11.9147 14.7265 19.5604 39.4998 155.124 25.5018 57.5164 9.4026 9.27738 4.17398 1.50229 12.2641 11.3166 3.50913 40.6216 0.000443392 78.0863
56.1268 5.96044 7.26421 1.40409 15.3953 11.9147 14.7265 17.9191 39.4998 149.866 25.5018 57.5164 8.10692 9.27738 2.43217 1.50229 12.2641 5.51956 5.68386 40.6216 0.000374506 76.0598
54.6136 5.97107 6.16119 1.40409 16.764 11.6372 11.0815 23.4313 39.4998 145.075 31.0249 58.3016 12.3358 4.79434 2.43217 6.64069 7.52934 6.06185 5.23936 53.3273 0.000283928 75.244
54.1765 7.09026 6.14025 4.16811 15.675 8.63114 11.0815 19.1775 34.0029 157.306 39.9259 48.4034 12.3358 5.48793 2.43217 0.699804 7.52934 8.01325 10.8779 70.36 0.000155054 75.8408
53.1349 5.24571 8.00385 2.14645 21.0328 8.33904 9.00964 24.6686 34.0029 167.398 15.8882 48.5419 15.2137 9.48667 0.248626 4.16431 4.0599 5.54691 12.8651 51.5241 2.26097e-05 77.9702
48.5233 4.44388 9.80369 3.16725 17.3235 8.33904 14.5289 24.5145 28.0692 162.969 15.8882 60.5413 4.93691 8.50071 2.44349 3.08547 9.01928 7.76205 16.3089 47.4523 2.26097e-05 72.2545
45.5608 4.14942 9.80369 3.37347 17.3235 6.5623 14.1266 27.2629 28.0692 162.969 15.8882 64.6471 7.48345 2.99752 2.44349 6.12091 1.80834 14.224 23.8413 53.401 2.26097e-05 73.3989
45.5608 4.14364 9.80369 3.10979 17.3235 6.014 14.7071 28.1888 31.4203 162.969 22.7041 51.8447 10.6145 2.37105 2.44349 3.61677 4.2106 14.224 28.7483 32.8517 2.26097e-05 73.7575
49.5142 4.60504 7.11444 3.10979 17.3235 6.57476 19.4943 17.5322 31.4203 162.969 22.7041 57.4981 8.99127 0.450186 2.44349 3.61677 1.06303 17.7985 28.9213 27.6922 2.26097e-05 74.5248
50.6804 4.20651 9.22361 3.10354 17.4172 5.95561 19.4943 20.3431 31.4203 162.969 22.7041 52.5317 4.57082 10.6615 2.44349 3.32165 1.06303 22.196 26.2309 25.807 8.47075e-06 72.2982
56.9394 1.98825 9.94197 2.57417 21.4368 2.34293 19.4943 21.3169 35.485 159.318 22.7041 55.5309 12.5536 3.10548 4.20974 2.35952 0.739065 9.60054 7.3269 29.4231 0.000679983 75.8511
49.3571 1.98825 10.1846 2.4566 21.4368 2.34293 19.4943 21.3169 35.485 159.318 22.7041 55.6097 11.7336 3.10548 4.54723 3.72339 0.739065 11.0281 7.3269 34.0904 5.28322e-05 72.1545
49.3571 1.98825 10.1846 3.0397 21.4368 1.69643 19.4943 21.3169 35.485 159.318 22.7041 55.6097 7.06765 3.67782 2.82847 3.78108 10.5655 12.1241 0.707541 29.0263 0.000441392 73.7537
48.7227 1.98825 10.1846 3.0714 21.8749 1.69643 19.4204 19.6068 35.485 159.318 22.7041 55.6097 7.06765 5.05713 2.82847 3.78108 14.9912 7.3221 5.6326 31.3722 0.000234474 72.8612
47.5658 4.33363 8.13969 3.05649 23.7561 1.20577 19.4204 19.6068 35.485 156.495 18.6694 62.5069 7.3113 3.88557 2.89963 4.64596 14.9912 5.97501 7.97316 21.8068 0.000318727 72.644
47.5658 4.70722 6.57578 3.04623 23.7561 1.20577 19.4204 19.6068 35.485 156.495 18.6694 62.5069 6.96553 7.43098 0.741396 5.37028 17.7868 1.74871 7.97316 24.1957 0.000131142 72.7466
47.5846 4.70722 6.57578 3.04515 23.7561 1.20577 19.4204 19.6068 35.485 156.495 20.0646 72.3178 4.90299 5.22782 0.87576 6.92156 17.3016 3.2035 1.31737 17.8432 0.000152595 76.169
47.2681 4.70722 7.2133 3.04586 23.7561 1.20577 19.4204 19.6068 36.8713 156.495 20.0646 58.6427 3.19342 6.52247 2.5004 2.65043 16.0513 4.0752 9.48544 3.8755 0.00024985 72.0965
47.446 6.29108 7.52166 3.0473 20.4495 2.60101 19.4204 19.6068 36.8713 156.495 18.6521 62.8565 1.53708 5.34538 4.16457 3.90473 15.2524 6.82073 8.65404 3.8755 0.00024985 70.8357
44.3645 5.15125 8.16137 3.04719 20.4495 2.60101 19.4204 19.6068 36.8713 157.097 18.6521 62.8565 5.32388 9.97567 3.48835 2.59909 11.9187 3.78399 16.1914 6.24643 0.00019678 72.3832
36.8993 5.15125 8.72686 3.04839 20.4495 2.60101 21.5905 18.2484 36.8713 157.097 18.6521 61.1788 4.54701 3.66433 3.22097 7.94157 10.7055 3.03673 22.82 5.94464 0.000239161 73.2952
43.4644 1.23536 14.6333 2.27905 20.4495 11.2543 14.7621 14.9221 36.8713 159.106 18.6521 64.2551 4.52288 3.06094 2.06898 5.90292 4.63904 2.16378 38.1622 31.935 0.000269352 78.8305
31.9056 0.163848 14.6333 2.7294 20.4495 11.9153 14.7621 15.2352 33.4247 159.106 18.6521 64.3353 4.44285 2.9296 2.06898 13.6746 4.26134 6.62536 1.77401 19.3623 0.000224356 74.0315
28.9181 0.383603 14.6333 2.19345 20.4495 13.7491 14.7621 15.2352 33.4247 159.106 18.6521 64.3353 4.98906 0.922765 1.23469 21.2573 4.26134 5.36091 3.23904 25.2055 0.0011147 77.774
27.3175 0.383603 13.1822 3.16268 20.4495 13.7491 14.7621 15.5492 33.4247 159.106 18.6521 64.3353 4.62504 1.58906 5.4057 14.5723 4.07597 5.54794 5.23117 35.8741 0.000856409 77.5763
38.5994 3.04234 13.1822 2.49227 18.1604 13.7491 10.8902 15.4417 33.4247 159.106 18.6521 64.3353 4.32265 1.29495 6.10934 11.2597 4.22381 5.02758 6.21623 15.7868 0.000852405 78.1216
35.3079 1.94325 13.1822 3.53756 18.1604 14.8923 12.7109 9.23044 37.5886 171.715 8.1284 67.1543 4.32394 1.61956 5.53141 6.57258 4.15302 5.41782 3.40185 36.1131 0.000885414 77.0803
35.007 1.22671 13.1822 3.06477 22.4957 13.7278 8.54222 9.23044 36.2043 171.715 8.1284 67.1543 4.29416 2.62887 5.33301 16.6649 4.21066 5.41782 6.91865 31.4413 0.000885414 75.8983
23.9141 0.874576 12.5561 5.28875 22.4957 14.0144 8.54222 14.7376 36.2043 171.715 8.1284 67.1543 4.46101 0.605122 4.13822 11.1732 2.34139 3.58475 1.97363 21.936 0.00100501 77.2489
25.5096 1.16696 12.5561 5.28875 22.4957 13.1254 8.54222 4.96611 45.1424 176.55 8.1284 67.1543 4.41675 0.605122 1.44753 11.1732 3.75885 5.1501 9.6415 13.6584 0.000934567 79.7625
33.1472 1.16696 13.9233 1.20788 22.4957 13.7875 8.54222 4.96611 45.1424 176.55 8.1284 66.8201 4.41934 8.30342 1.07411 9.11158 4.12443 3.29546 4.89138 14.8539 0.000664893 79.0332
33.1472 1.4363 13.9233 1.01456 22.8016 12.7985 8.54222 4.33396 45.1424 169.969 8.1284 66.8201 4.33299 8.30342 1.9896 9.53312 0.286535 2.03413 47.6432 15.1624 0.000578313 80.0941
47.8341 7.22231 1.67681 1.44094 22.8016 19.699 8.54222 3.63919 45.1424 169.969 8.1284 66.8201 4.43275 11.2845 3.11854 10.7712 0.286535 2.19514 47.6432 20.3819 0.000259683 76.5025
47.8341 7.93693 1.67681 1.61948 22.9131 18.257 5.69996 3.63919 45.1424 169.969 11.4563 66.8201 4.45303 0.476991 1.28806 1.9712 16.1196 6.72243 36.7035 35.7371 6.0008e-05 77.4095
60.6262 6.49483 1.67681 1.61948 22.9131 18.257 5.69996 3.63919 45.1424 169.969 11.4563 66.8201 4.40424 5.28285 1.28806 1.00873 16.1196 8.37019 11.4861 55.7882 0.000122399 78.8582
58.1487 6.43719 4.25738 1.06597 18.1646 23.1717 5.69996 3.63919 45.1424 169.969 11.4563 66.8201 4.18693 0.602211 9.76326 1.1747 11.348 8.08189 3.23427 23.0522 0.000122399 76.6926
51.6218 5.97365 4.25738 1.06597 18.1646 23.1717 5.69996 3.63919 43.9508 169.969 11.4563 66.8201 3.63894 8.15834 2.23263 0.839307 7.71627 8.06037 3.23427 40.4436 7.521e-05 74.8183
50.3644 6.28208 4.25738 1.13054 18.1646 23.1717 5.69996 3.63919 43.9508 169.969 11.4563 66.8201 4.33875 12.2027 1.79497 0.839307 9.05138 8.56293 3.23427 40.4436 4.51982e-05 74.3694
50.3644 6.28208 4.25738 1.54154 18.1646 23.1717 5.69996 3.63919 43.9508 169.969 11.4563 66.8201 4.33875 13.5498 1.79497 1.53391 9.39417 7.53199 11.154 44.9279 4.51982e-05 76.4444
1.30371 8.7892 6.0608 1.54154 18.1646 23.6327 5.69996 3.63919 43.9508 169.969 11.4563 65.6577 3.03788 14.3459 3.62157 0.726626 21.0818 3.47351 8.19005 44.9279 4.51982e-05 81.5079
1.30371 8.7892 6.0608 1.54154 18.1646 23.6327 5.69996 3.63919 43.9508 169.969 11.4563 65.6577 3.03788 14.3459 3.62157 0.726626 21.0818 3.47351 8.19005 33.423 4.51982e-05 80.7929
1.30371 8.7892 6.03788 1.54154 18.1646 23.93 5.69996 3.63919 43.9508 169.969 11.4563 65.6577 2.42089 4.75387 3.62157 0.726626 21.0818 3.87785 14.966 33.423 4.51982e-05 78.3594
-20.6229 8.86728 5.51542 3.77299 16.0984 26.2698 5.69996 3.63919 43.9508 169.969 11.4563 65.6577 0.718336 6.637 5.10381 1.30214 21.0818 5.13991 13.9986 13.0034 3.64589e-05 80.0622
-20.6229 6.43805 4.63519 3.77299 18.5653 26.2698 5.69996 3.63919 43.9508 169.969 11.4563 65.6577 0.718336 6.6197 3.24738 1.30214 21.0818 3.67952 13.9876 10.1574 3.64589e-05 77.2717
-20.6229 6.43805 4.63519 4.60122 18.5653 26.2698 5.69996 3.63919 43.9508 169.969 11.4563 65.6577 0.718336 6.2356 5.10431 1.30214 21.0818 2.98565 13.5627 9.67498 3.64589e-05 75.8402
-18.728 6.43805 7.1128 1.8449 18.5653 26.6387 5.69996 3.63919 43.9508 169.969 11.4563 64.7048 2.61756 6.0719 9.5525 5.75657 11.8008 2.98565 13.3376 3.07396 1.23432e-06 73.047
-18.728 6.43805 7.1128 1.8449 18.5653 26.6387 5.69996 3.63919 43.9508 169.969 11.4563 64.7048 1.5786 6.0719 9.5525 5.3604 11.8008 3.26465 12.5817 7.6775 1.23432e-06 72.2968
-18.728 6.43805 6.24819 1.31369 18.5653 26.6387 5.69996 8.69486 43.9508 169.969 6.93578 64.7048 2.33921 9.40898 1.11721 2.49099 9.40729 7.7453 12.551 26.9507 1.23432e-06 75.1246
-18.728 4.12993 4.45781 2.35191 22.6349 26.6387 5.69996 8.69486 43.9508 169.969 6.93578 64.7048 2.17339 6.13851 1.11721 2.41159 1.35066 20.099 12.8579 26.9507 1.23432e-06 79.6513
-18.728 4.17423 2.29479 3.05187 23.7889 26.6387 5.69996 8.69486 43.9508 169.969 6.93578 64.7048 1.62333 6.13851 1.11721 3.75049 2.03491 20.099 13.43 31.3502 1.23432e-06 77.7361
-18.728 3.38038 1.55638 3.10005 23.7889 26.6387 5.69996 8.69486 43.9508 169.969 6.93578 64.7048 3.52947 11.7441 1.11721 3.75049 6.7828 13.3659 11.0229 19.3454 1.23432e-06 80.0496
25.1121 0.521163 1.55638 3.10005 31.149 20.2966 5.69996 5.79145 43.9508 169.969 6.93578 64.7048 3.71337 11.1521 0.65827 4.8374 3.05946 13.3659 21.3105 51.7268 1.23432e-06 77.2592
30.0737 2.64258 2.9715 3.10005 26.4477 20.2966 5.69996 5.79145 45.0764 169.969 6.93578 64.7048 3.71337 9.4519 0.674743 14.4849 3.05946 9.5253 30.5908 27.5831 1.23432e-06 75.3585
98.9344 2.48093 2.9715 3.10005 26.4637 14.3051 5.69996 12.3013 45.0764 169.969 6.93578 54.9292 4.53846 7.96884 0.674743 5.58692 8.30632 9.5253 54.6821 27.5831 1.23432e-06 77.0049
90.9046 2.49859 2.9715 3.13551 26.4637 14.3051 5.69996 12.3013 45.0764 169.969 6.93578 61.2148 5.26343 7.62621 2.83165 6.15664 6.16862 9.5253 63.5336 27.5831 1.23432e-06 76.8318
49.5989 3.11761 2.28029 3.13551 19.671 14.3051 5.69996 3.96315 59.6392 169.969 11.9637 61.2148 0.826861 3.32626 7.68977 7.65397 3.10599 9.83926 42.3025 26.081 1.23432e-06 76.921
50.4902 1.86523 6.98624 1.57139 19.671 14.3051 5.69996 3.96315 59.6392 169.969 11.9637 61.2148 1.53936 2.50889 7.08792 6.71278 3.10599 9.83926 26.3287 13.8171 1.23432e-06 72.714
51.5024 2.01694 7.48677 1.57139 19.671 14.52 5.69996 7.44922 53.5087 169.969 15.8989 59.9206 8.06318 1.52658 12.3935 6.57691 7.04621 6.89464 24.2742 13.8171 1.23432e-06 72.8268
48.3696 0.279856 8.20597 2.57384 19.671 14.52 7.34205 9.39929 53.5087 165.946 19.8027 45.7085 6.65572 2.07044 10.1073 6.91335 3.36661 11.1305 25.0796 22.1246 1.23432e-06 72.2133
48.0242 0.279856 8.05178 2.57384 19.671 15.8777 5.76462 8.91371 53.5087 171.216 19.8027 45.7085 6.05459 2.07044 9.31583 5.39606 3.36661 11.2134 34.9901 23.797 1.23432e-06 70.9294
43.0459 0.788756 8.23086 2.57384 19.671 3.81408 26.3235 13.3921 33.0345 171.216 19.8027 48.9129 2.44911 7.11417 5.04604 7.23156 3.36661 14.7568 25.7218 30.9164 1.23432e-06 73.8783
31.2556 4.22241 8.23145 2.45275 29.3982 1.59816 28.9897 9.84307 33.0345 171.216 19.8027 48.9129 3.79772 7.97446 5.04604 3.55573 4.61755 5.54966 32.027 42.1708 1.23432e-06 78.0847
0.50743 3.40316 8.23145 2.45275 24.1847 0.946785 28.9897 9.84307 33.0345 171.216 17.4564 56.7636 3.87069 18.6939 9.91844 1.94123 4.34771 9.9119 34.2135 2.35126 1.23432e-06 78.1298
5.81363 3.38542 7.223 1.81038 24.1847 2.54953 28.7693 14.8659 33.0345 161.604 17.4564 60.3259 7.866 17.5119 5.87594 2.20393 2.54738 9.65459 30.8619 2.35126 1.23432e-06 75.3975
5.81363 3.38962 12.4146 1.81038 22.9285 5.31634 28.7693 16.5393 28.6814 161.604 17.4564 60.3259 7.866 8.45562 4.43072 2.47911 5.24093 8.26357 20.9458 2.35126 1.23432e-06 74.4498
5.81363 1.67215 14.3917 2.89924 17.5869 5.31634 24.8357 15.1159 36.1319 162.701 17.4564 59.607 2.11188 10.8414 5.12597 3.09156 5.24093 5.82997 36.007 6.77463 1.23432e-06 74.3396
12.2043 1.67215 14.3917 1.60791 17.5948 5.31634 24.8357 15.1159 36.1319 157.099 17.4564 65.9414 3.21804 10.8414 5.90141 2.91774 5.24093 8.5587 21.1494 6.77463 5.75167e-06 74.2818
12.2043 2.06743 15.2929 2.53663 17.5948 5.66511 22.1863 13.0104 36.8334 157.099 17.4564 66.0476 2.21567 17.7272 6.12325 2.23185 4.50496 5.97708 27.8826 6.77463 3.92309e-06 74.8767
1.02904 3.34022 15.2929 2.53663 17.5948 6.02118 31.0328 12.843 29.3839 157.099 17.4564 66.0476 2.21567 17.7272 3.88885 2.53767 5.48839 2.65271 35.7838 6.58738 5.8813e-07 73.739
28.2504 0.158385 15.2929 2.91618 17.5948 5.93512 31.0328 13.0125 27.8703 158.711 17.4564 65.2371 2.21567 17.7272 3.07934 1.55837 4.36895 3.32132 6.78168 8.9366 5.8813e-07 72.3878
28.2504 0.158385 15.2929 3.97825 17.5948 5.93512 31.0328 13.0125 27.8703 158.814 17.4564 65.2371 2.21567 16.4415 6.87547 1.75999 4.36895 3.32132 20.5403 9.06422 5.8813e-07 72.5302
20.3502 0.703892 15.2929 4.01116 17.5948 5.93512 31.0328 12.8297 27.8703 158.814 17.4564 64.1366 1.89414 13.7185 9.22584 1.75999 4.11036 4.70078 28.7829 62.4929 2.02198e-05 77.8789
18.6548 1.5434 15.2929 4.45971 17.5948 5.93512 31.0328 11.9778 27.534 164.926 17.4564 62.564 2.15559 13.9726 1.84399 1.73015 4.47759 5.46321 5.53685 71.6617 4.19359e-06 77.0668
18.6548 1.5434 13.6196 4.45971 17.5948 5.93512 31.0328 14.0076 27.534 164.926 17.4564 62.564 2.15559 13.8337 0.381688 2.08056 1.53151 5.59403 31.0967 21.6945 4.19359e-06 74.7312
46.586 0.246903 13.0998 4.83077 20.6112 2.20482 27.9196 15.3082 27.2178 164.926 17.4564 66.7631 2.44415 14.4767 12.3381 2.59306 1.53151 8.37281 6.92569 22.5701 4.19359e-06 77.7547
49.3293 0.746335 7.60884 6.95392 19.7002 7.46469 27.5865 13.7878 22.4529 163.569 17.4564 70.95 1.91372 1.79067 7.53351 1.96709 3.74252 5.26579 6.66474 20.0716 0.000139433 74.7546
49.3293 0.746335 9.62516 6.95392 16.5071 7.51851 32.3607 17.2033 20.3716 155.805 17.4564 69.9628 3.4834 3.14919 8.10992 5.48066 14.1632 5.67815 65.6197 16.2446 0.000253404 81.5247
49.3293 0.372334 8.25355 6.95392 16.5071 7.51851 35.0727 17.2033 20.3716 155.805 17.4564 69.9628 4.38431 3.40616 8.10992 8.84781 14.1632 6.24452 0.837519 11.9938 0.00123876 79.531
47.7932 0.372334 7.30991 7.67533 18.2411 4.80895 35.0727 21.4756 13.0096 158.725 17.4564 69.9628 8.1112 1.04592 8.53509 0.550966 18.364 3.08077 24.9638 11.9938 0.00194085 83.5876
55.5038 0.979852 8.56447 5.93664 18.2411 5.38597 32.8712 21.4756 13.0096 158.725 25.5788 69.9628 8.1112 2.14412 0.586808 7.81407 16.0754 3.08077 26.3497 31.3252 0.00194085 81.9506
55.5038 0.979852 7.62182 5.05667 18.2411 7.25941 32.8712 22.0625 13.0096 158.725 25.5788 63.1207 8.1112 2.14412 0.586808 7.34896 16.0754 3.08077 1.37874 12.311 0.0055656 79.5282
55.5038 1.93612 7.94477 5.05667 18.2411 6.83327 32.8712 19.6083 13.0096 161.491 25.5788 63.1207 5.29977 4.46366 0.586808 3.13483 12.8077 0.594602 1.37874 12.311 0.00309883 77.9001
55.5038 3.73842 7.94477 5.05667 16.034 8.27478 29.5622 19.6083 13.0096 158.174 25.5788 63.1207 4.90791 4.46366 5.75906 3.13483 14.7703 7.86063 1.37874 12.311 0.0110406 77.8051
55.5038 3.88221 7.94477 5.41645 16.034 8.27478 29.9042 20.6236 13.9986 158.174 26.3023 63.1207 6.68564 3.28643 7.99865 0.737037 17.8041 10.083 1.37874 22.0607 0.0110406 79.301
47.5154 6.68194 11.3639 3.35047 8.51947 6.77041 33.1636 24.8685 13.9986 155.09 26.3023 61.7902 5.89992 3.87574 10.0899 0.737037 16.259 0.240585 10.5839 33.0559 0.00632556 82.9893
50.956 6.68194 4.57779 3.18598 10.7485 5.3767 37.4179 31.1889 13.9986 140.236 43.0058 62.347 5.10105 2.39588 9.15795 4.86196 17.4916 2.74004 4.4161 75.6697 0.00291282 80.7714
50.956 1.55557 4.57779 3.18598 16.8286 5.55775 36.6129 23.0706 10.7075 169.701 26.092 60.3532 6.10634 2.32153 10.1253 3.32947 18.4625 0.160986 16.1501 36.1552 0.00437985 80.7733
50.956 5.02481 5.6513 0.988194 15.059 4.0012 35.6312 23.357 15.334 169.701 26.092 56.9186 2.0075 1.91541 10.1253 2.1148 16.5999 1.11255 6.53241 21.5094 0.00292465 76.3712
44.0106 8.35293 8.44251 1.19451 17.715 4.15281 34.4311 19.9376 11.6424 169.701 26.092 49.5035 2.29932 1.14819 2.8549 3.07289 13.5461 8.74489 50.8868 5.74281 0.00515291 79.084
37.5025 8.35293 8.44251 1.19451 11.5004 3.73704 35.2331 19.8731 16.5224 167.503 26.092 58.3957 4.65871 1.14819 4.51722 5.99553 7.41535 7.27237 49.9537 9.49391 0.0062154 79.0857
35.0041 8.69888 9.73327 1.12906 10.6604 3.32875 34.2549 19.8731 16.5224 167.503 19.158 60.8428 2.11533 2.16091 3.41989 5.99553 7.8733 20.0484 31.1532 8.2888 0.00232651 79.1458
35.0041 7.82508 9.73327 2.20394 10.6604 10.2042 31.8378 19.8963 16.5224 166.068 19.158 66.5461 2.57284 2.45867 4.62962 2.32832 7.8733 25.6227 24.9483 8.2888 0.00781901 82.1221
-0.142597 7.17563 10.8627 0.848912 5.36686 19.2077 35.6206 18.2142 18.6715 166.068 17.2058 61.1294 2.19145 2.79478 7.69459 1.37429 7.75012 12.9218 4.78184 24.018 0.00324065 81.1367
11.3404 5.61574 10.8627 0.169597 12.5171 22.1765 17.6871 23.7114 17.2617 166.068 17.2058 61.1294 2.19145 4.56732 10.6105 1.35604 8.72623 9.10052 3.19775 24.2823 0.00198038 79.2201
11.3404 3.01622 10.8627 0.169597 13.4471 22.1765 17.6871 17.0691 26.6349 166.068 17.2058 58.2749 4.68609 5.07679 11.2949 1.43692 8.48816 9.10052 3.19775 27.4852 1.03438e-05 76.8687
-10.0408 5.03209 10.8627 3.61359 12.696 21.0289 16.6914 17.1773 26.1 168.122 17.2058 59.7626 4.68609 5.55119 5.36317 1.54348 8.48934 9.10052 10.4656 24.5306 1.03438e-05 73.7362
-10.0408 5.15234 10.8627 3.02264 12.696 21.0289 18.215 17.1773 21.1821 168.122 17.2058 64.0249 4.68609 7.30899 10.2502 1.59612 8.52167 6.43123 8.69446 18.1994 1.03438e-05 74.3328
-10.0408 6.01824 10.8627 2.84734 12.696 21.8803 18.215 17.1773 21.1821 168.122 17.2058 64.0249 3.51506 7.30899 7.18326 1.60105 8.18552 1.36047 10.6578 18.1994 2.12348e-05 76.2332
-13.5524 7.01603 6.07591 2.17371 18.3035 21.8803 16.1996 20.1187 21.1821 170.769 17.2058 64.0249 4.05092 15.3798 10.27 1.35759 8.23404 3.25144 10.6578 16.6489 2.12348e-05 76.8296
-35.3817 6.54289 6.07591 2.22418 18.3035 21.8803 16.1996 20.1187 27.7606 170.769 17.2058 53.4105 3.46707 12.7826 3.8594 1.35759 8.54199 11.0599 10.6578 26.1802 2.12348e-05 78.9729
44.4314 7.88437 7.04593 2.17486 15.3545 9.33369 19.4651 22.9702 25.6673 163.585 17.2058 62.1308 1.46027 12.1367 5.68017 1.58782 8.72733 18.5853 2.53374 19.7782 2.12348e-05 74.9642
44.4314 7.88437 7.04593 2.1767 23.6896 6.31295 19.4651 22.9702 25.6673 164.255 17.2058 52.5514 0.712683 11.3102 12.0598 1.55216 8.64819 19.8424 2.53374 18.3623 2.12348e-05 77.1767
44.4314 4.8604 8.79063 2.10249 23.6896 6.31295 19.4651 22.9702 25.6673 164.255 17.2058 52.5514 0.712683 11.8465 12.0598 1.28067 8.67024 19.8424 2.91271 30.2774 2.12348e-05 77.0301
44.4314 4.8604 9.40537 2.57032 23.6896 6.31295 19.4651 22.9702 25.6673 164.255 17.2058 43.3338 1.78037 18.1969 6.66112 1.32219 8.69637 13.1359 20.8734 19.1836 2.12348e-05 78.7249
44.4314 4.8604 9.40537 2.72441 23.6896 7.99718 17.4179 20.5697 25.6673 164.255 19.7426 51.5342 9.24882 18.1969 7.42573 0.61943 8.63139 5.10549 20.0561 15.9695 2.12348e-05 78.7135
44.4314 8.26845 9.40537 1.72785 20.9238 5.4853 8.2649 19.0613 49.6699 157.533 21.2806 54.3741 1.73524 8.11507 5.15339 1.31966 8.63976 4.79199 6.72833 22.5687 2.12348e-05 76.8107
44.4314 8.1912 7.8174 1.88139 20.9238 5.4853 8.2649 11.7296 49.6699 156.263 21.2806 60.6452 1.08167 9.35381 7.16434 18.5486 9.33098 4.79199 10.6023 1.24934 2.12348e-05 75.3168
44.4314 8.1912 7.30821 1.21719 20.9238 5.59683 8.2649 11.9761 49.6699 156.263 21.2806 60.6452 1.08167 7.98868 11.3213 16.3787 9.33098 4.79199 6.79784 4.25259 0.000829022 76.9978
44.4314 8.1912 6.38792 1.18298 20.9238 5.59683 9.51913 11.9761 49.6699 156.263 21.2806 72.9412 9.69116 5.47864 6.03185 2.605 9.48625 3.16499 6.78683 3.11798 0.000796067 78.7492
48.6555 8.1279 6.38792 2.13693 20.9238 5.59683 9.51913 11.9761 49.6699 159.095 27.9093 55.6384 2.98059 5.48255 14.6674 1.74267 16.8853 2.17811 6.39941 2.71024 0.00194537 76.2123
48.6555 8.1279 6.38792 2.13693 20.9238 5.59683 9.51913 11.9761 49.6699 159.095 27.9093 55.6384 2.98059 5.07592 21.7728 1.74267 10.0064 2.69643 3.70256 24.613 0.0017266 76.701
48.6555 8.1279 6.38792 2.13693 20.9238 5.39786 9.51913 13.1423 49.6699 151.251 27.9093 55.6384 2.98059 5.07592 17.3969 1.74267 9.25746 2.69643 3.70256 36.1943 0.00143243 76.711
48.6555 8.1279 6.38792 1.56032 20.9238 5.39786 8.69945 13.1423 49.6699 151.251 28.6129 55.6384 5.23571 6.05018 16.2502 1.74267 3.08319 2.63068 16.8982 36.1943 0.000959356 76.9109
48.6555 8.1279 6.38792 2.33342 20.9238 5.39786 10.0217 13.1423 49.6699 151.251 28.1928 55.6384 7.76339 1.84052 19.7993 1.90267 3.82808 2.63068 21.2549 62.5577 0.00157349 77.6321
48.6555 7.64128 5.59874 2.97521 20.9238 3.98492 11.4266 13.1423 49.6699 151.251 28.1928 57.8824 7.76339 1.84052 11.5189 1.90267 5.0504 2.57508 16.6186 48.1539 7.81287e-05 75.0463
48.6555 6.80842 5.59874 2.98451 20.9238 6.19757 10.7734 13.1423 49.6699 164.322 5.29344 70.4282 7.76339 1.84052 12.0575 5.58231 7.27826 2.57508 72.6666 48.1539 7.81287e-05 77.5295
48.6555 6.80842 5.59874 2.93108 20.9238 6.97134 10.5516 13.1423 49.6699 164.322 5.29344 66.3439 7.76339 4.194 12.0575 0.927524 6.66684 1.87277 76.2492 89.6249 7.81287e-05 79.7756
48.6555 6.80842 5.51609 2.95736 20.9238 6.97134 10.5516 13.1423 49.6699 164.322 5.29344 66.3439 4.93829 4.194 12.0575 0.927524 8.12046 0.698205 76.2492 89.6249 7.81287e-05 79.5158
48.6555 6.80842 5.51609 2.95736 19.0244 9.03322 10.5516 13.1423 49.6699 165.517 3.4335 66.3439 4.27836 1.05578 12.7367 1.11727 16.3497 0.698205 44.5779 40.0339 7.81287e-05 76.0198
48.6555 6.80842 6.44578 2.95736 19.0244 7.96414 10.5516 13.1423 49.6699 165.517 3.4335 66.3439 2.58154 3.9596 12.7367 2.59899 13.3218 0.698205 44.5779 24.9146 7.81287e-05 73.3913
48.6555 6.80842 6.38762 3.06101 19.0244 7.87249 10.5516 13.1423 49.6699 165.517 3.4335 66.3439 2.67732 3.9596 12.7367 0.84455 13.3218 0.698205 44.5779 24.9146 7.81287e-05 73.6001
48.6555 6.91585 6.38762 3.58397 19.0244 7.75409 10.9716 13.1423 49.6699 165.517 3.4335 66.3439 3.50098 3.89186 10.0656 0.84455 5.52464 9.52908 44.5779 14.5001 7.81287e-05 72.8944
48.6555 6.91585 4.65559 3.78128 19.0244 8.07522 14.4088 13.1423 54.4943 162.048 3.4335 66.3439 1.00982 4.19749 10.0656 1.57894 3.5601 3.56655 44.5779 28.9537 7.81287e-05 74.8536
48.6555 8.57398 3.09181 3.17785 21.5279 4.53593 14.4088 13.1423 54.4943 162.048 3.4335 66.3439 1.00982 5.14016 9.82672 3.33525 3.5601 9.08855 56.866 12.7203 7.81287e-05 76.5976
54.2718 6.74813 2.2243 6.1531 21.5279 5.25004 14.4088 13.1423 54.4943 162.048 3.4335 65.5388 0.953657 3.79859 6.28889 1.78146 6.50256 8.46408 45.6647 3.67855 7.81287e-05 74.1908
54.4382 6.42656 2.37206 5.95498 21.5279 4.51144 17.3884 13.1423 54.4943 162.048 7.16021 53.8544 1.53502 4.56902 13.9184 2.88841 2.2381 16.7275 5.54657 2.25092 0.00324652 77.3929
54.4382 6.42656 2.37206 5.95498 20.9233 5.30013 16.9131 13.1423 54.4943 162.127 7.16021 54.3791 1.48654 3.01232 18.5009 0.819199 5.7254 10.5427 10.3634 2.25092 0.00224173 77.3833
54.4382 7.1102 2.37206 5.95498 20.9233 3.23712 16.9131 13.1423 54.4943 171.105 7.16021 53.7527 2.01043 3.044 18.5009 0.740823 5.7254 14.7262 13.6209 2.83438 0.0014127 80.2467
52.3594 7.1102 3.26619 5.95498 19.557 5.14289 14.5067 3.7134 54.4943 172.292 7.16021 60.93 2.58478 2.76654 12.5923 0.954513 4.54447 11.5163 21.9277 24.6704 0.00090818 74.9902
52.3594 6.13131 3.87792 5.26801 21.6799 4.11799 17.5808 3.7134 54.4943 172.292 7.16021 60.2895 3.26 4.19647 12.5414 2.1522 2.56899 5.69954 24.3699 16.4293 0.00090818 74.5996
49.8701 5.90884 3.29147 1.22553 21.6799 7.28127 14.949 5.50969 49.3068 178.269 7.16021 59.5374 0.246192 5.74106 11.0325 7.74673 13.3087 12.4565 23.3205 21.7592 0.00090818 84.1356
49.8701 6.41698 3.90787 4.00361 21.6799 7.28127 13.1535 5.50969 49.3068 178.269 8.89702 58.4453 0.668878 5.74106 7.56868 4.12785 6.05142 8.53261 4.51663 21.7592 0.0144738 78.3568
45.6287 6.41698 3.90787 4.00361 21.7599 7.28127 13.9397 5.50969 49.3068 178.269 6.17061 56.1302 1.20154 4.79494 7.18027 4.12785 6.05142 10.1553 14.7818 21.7592 0.00704194 77.6564
45.6287 6.85073 3.90787 4.00361 21.7599 7.28127 13.9397 5.50969 49.3068 178.269 6.17061 55.8485 8.8764 4.79494 7.18027 9.59628 6.05142 2.08954 14.9375 21.7592 0.000707962 74.1143
45.6287 6.85073 3.96479 4.00361 21.7599 7.28127 10.9158 5.50969 49.3068 178.269 11.8456 53.483 8.8764 5.29806 6.94419 4.75306 6.55018 4.96075 10.1216 44.4359 0.000707962 75.4411
45.6287 6.85073 3.96479 5.49033 20.9915 7.28127 10.004 5.50969 49.3068 178.269 11.8456 51.053 5.32933 5.26973 6.83557 4.75306 7.28556 6.29509 7.92446 54.9806 0.000707962 74.9135
45.6287 7.01972 4.6546 5.49033 20.9915 7.34013 8.97652 5.50969 49.3068 178.269 11.8456 49.5408 5.32933 5.22077 5.95761 4.19374 7.49327 10.8346 6.2885 7.24737 0.000707962 73.9098
56.4815 6.05511 7.46406 5.49033 20.9915 10.0682 10.8204 5.50969 49.3068 171.204 11.8456 52.4592 5.32933 4.2746 6.18381 5.12581 5.18312 24.0009 10.0981 10.4838 0.000366192 81.4353
21.8177 1.22577 12.1836 5.56244 18.906 8.15478 10.378 4.35261 49.3068 163.358 11.8456 69.6002 5.32933 4.17282 9.21696 3.57287 2.97014 12.2386 17.6745 12.6388 0.000366192 79.2005
50.6981 0.847152 12.1836 5.56244 15.3596 11.0451 11.1258 10.7255 49.3068 163.216 14.0768 59.865 1.15667 4.21438 8.74092 6.54777 2.91566 3.14289 3.89744 4.19567 0.000652091 76.3077
40.9276 0.307968 12.1836 5.56244 15.3596 11.0451 11.0017 10.7255 49.3068 162.721 19.6117 59.865 2.99054 3.8462 8.3378 13.0475 0.677888 1.73595 11.4195 6.45654 5.8969e-05 72.0393
52.5347 0.307968 12.1836 5.56244 15.3596 11.0451 10.898 10.7255 58.5491 157.756 19.6117 57.4083 0.61786 8.13251 8.3378 11.1473 0.677888 1.73595 23.3327 6.74245 5.8969e-05 77.4362
43.6193 0.307968 12.1836 5.56244 15.3596 11.0451 10.5299 9.29647 53.1895 157.756 19.6117 57.4083 1.53175 8.04359 13.9054 9.092 0.677888 2.40454 12.6446 10.5066 5.8969e-05 72.0217
43.6193 0.307968 12.1836 5.56244 15.3596 11.0451 10.6979 9.29647 43.6372 159.634 27.3189 57.4083 1.04008 8.04359 13.8059 9.092 1.68785 4.79937 12.6446 10.2954 3.08546e-05 70.9944
43.6193 0.307968 12.1836 5.56244 14.4886 11.0451 10.6293 10.0183 43.6372 156.828 38.0495 57.0875 3.58856 4.72009 13.8059 0.647745 2.33391 2.7827 16.3907 10.0973 3.08546e-05 72.5275
43.6193 0.307968 12.1836 5.56244 14.4886 11.0451 10.671 10.0183 43.6372 154.063 38.0495 57.0875 5.79327 5.24709 13.8059 0.647745 1.85897 6.4715 0.00988728 10.1374 3.08546e-05 74.1914
43.6193 3.67248 10.497 4.36735 14.8477 11.0451 12.096 6.78604 43.6372 159.282 30.3926 57.0875 4.65671 5.24709 7.72766 8.9047 1.85897 9.74051 0.00988728 10.1389 0.000328898 75.5634
43.6193 1.57202 10.497 3.82196 18.2221 11.0451 9.33791 16.3299 53.984 159.282 15.0067 50.7461 5.78326 4.96204 6.46876 8.9047 6.86791 9.74051 4.77717 11.0344 0.000609408 73.8518
38.9308 2.15698 10.497 4.19953 18.8809 11.0451 8.46543 21.0528 32.0463 171.021 20.5972 51.2587 6.35499 5.55583 9.32588 7.82226 1.71236 17.528 9.59476 1.89257 0.000214692 76.0876
38.9308 0.0859695 12.7673 3.50396 18.8809 19.3904 7.39402 25.5642 25.632 171.473 20.5972 52.391 5.89066 7.96049 6.61031 8.36698 1.57125 12.6092 5.82711 33.7399 0.00015921 79.0062
38.9308 0.0859695 12.7034 3.50396 27.053 12.5082 7.51731 33.3062 25.136 165.29 8.23566 52.391 7.33086 4.22858 5.58284 0.387696 9.13648 12.6092 13.7395 59.5874 0.000186874 84.5885
44.2515 0.0859695 13.0602 1.91127 27.053 12.5082 7.51731 36.1157 25.1371 165.29 8.23566 52.391 7.29748 2.40274 5.02258 4.80101 11.9921 10.159 11.8608 19.8059 3.41609e-05 77.8078
44.8112 1.72641 13.4039 0.821855 25.7468 12.5082 7.23158 38.8021 25.5944 167.477 21.7279 36.5234 9.55004 2.40274 6.78706 4.80101 1.22131 8.26678 2.64749 28.5687 0.000157248 82.891
36.5047 1.72641 5.37895 0.821855 25.7468 12.5082 6.25914 36.2965 24.1665 167.477 21.7279 46.1006 9.55004 2.9569 18.0048 6.68561 0.427626 6.54922 0.67748 28.5687 1.34875e-05 75.0134
42.9612 1.72641 6.43453 0.821855 25.7468 12.5082 5.58312 36.2965 21.2005 167.477 21.7279 52.4154 9.56709 2.04978 13.4704 1.33696 11.8988 1.09351 7.68871 24.1561 3.74485e-05 72.9869
48.2736 1.66397 6.31676 1.73139 23.779 12.5082 4.00755 34.5512 21.7536 167.477 23.7939 53.989 9.21926 2.63177 12.7024 3.84896 6.11881 1.09351 49.3352 12.526 3.85771e-05 73.3793
50.3932 1.66397 6.31676 1.73139 23.779 12.5082 4.00755 32.9669 22.1208 167.477 23.7939 53.989 11.1384 4.95041 12.3605 3.84896 3.4567 1.13251 30.6312 12.526 9.48215e-05 72.4766
60.1127 2.13234 6.31676 1.73139 23.779 12.5082 5.1331 31.8358 22.3352 159.627 23.7939 68.0946 3.27481 3.40278 11.1498 3.84896 4.85531 1.97444 30.6312 12.526 0.000119911 76.5627
24.5142 2.56935 6.37225 2.77943 25.9286 13.4483 14.1985 28.4515 22.1561 153.327 23.7939 57.7073 5.55705 5.65945 9.51251 3.61194 12.2522 1.96528 21.958 3.13744 0.000130786 75.8684
40.1846 2.41666 5.43677 2.77943 26.9469 5.15168 14.6949 28.2788 22.6472 153.327 23.7939 68.0152 8.96562 5.51717 9.10513 1.87576 21.1384 1.52317 14.2303 14.1437 2.04391e-05 78.5786
40.1846 2.41666 5.54128 6.39891 26.9469 5.15168 18.5784 28.2788 20.9049 157.027 8.4053 75.5432 8.96562 5.51717 9.42152 1.78094 9.61157 1.18186 20.8246 14.1437 3.32303e-05 76.7928
52.0362 2.25924 5.61471 6.66865 23.9451 7.96599 20.8337 29.417 21.3735 151.794 8.4053 75.5432 11.5712 6.50834 8.81223 1.72378 14.8607 2.64961 9.38245 45.7921 1.36682e-05 79.3135
49.4355 2.06061 5.61471 6.66865 23.9451 7.96599 20.8337 30.319 28.4747 151.794 8.4053 66.8811 1.55408 6.47501 8.24408 1.46089 11.4951 7.25865 22.9564 45.7921 4.05244e-05 77.7892
46.5113 0.728906 5.01251 0.891016 23.9451 7.13333 23.0603 30.6917 32.0643 155.856 8.4053 66.8811 5.18132 6.44471 6.47159 0.406431 6.35079 7.72888 45.9659 25.7607 4.04688e-05 76.8418
43.7745 1.12605 9.5576 0.891016 16.5812 10.3288 17.8583 31.2803 32.0643 159.583 7.49152 67.5993 1.18386 6.65154 6.3959 6.0316 1.85784 7.69215 47.7139 13.0526 1.36092e-05 77.8761
45.9451 6.56736 9.87104 0.891016 16.5812 9.09175 12.5246 31.9216 40.6684 151.641 9.96454 66.1072 1.18386 6.71645 4.97935 3.96824 7.36482 7.67 44.1876 9.99053 1.65369e-05 76.3101
45.9451 6.51275 9.55489 0.891016 14.2625 9.09175 15.5091 26.1427 40.6684 155.724 9.96454 66.1072 2.41629 6.71066 3.45218 3.11479 11.3475 8.75999 12.117 2.84378 1.64185e-05 71.7294
44.7266 6.51275 10.1582 1.8802 14.3461 9.09175 15.5091 22.7428 45.6121 155.724 9.96454 66.1072 4.47188 6.67 3.45218 3.05223 5.3332 9.16228 5.03958 7.012 1.69989e-05 71.7593
44.7266 6.51275 8.99966 1.8802 14.3461 9.09175 18.8024 22.7428 45.6121 155.724 9.96454 59.9018 6.5618 6.4371 2.16371 6.67313 7.34678 8.09642 3.96837 38.3742 2.19979e-05 73.9043
44.7266 6.51275 8.99966 1.8802 14.3461 8.6197 18.8024 17.1943 47.0656 155.724 9.96454 59.9018 8.33807 6.70799 7.79084 3.23422 5.14102 7.68301 4.77221 36.9585 2.19979e-05 73.5832
55.0693 4.3706 11.7293 1.8802 14.6847 6.41022 20.3147 19.8456 42.2059 170.453 9.96454 59.9018 5.83839 4.59099 12.9461 6.34812 4.38776 7.02826 1.08714 30.0793 2.9987e-05 80.0576
55.0693 3.25707 11.7293 3.20325 14.6847 6.41022 16.2795 10.7975 48.5077 170.453 9.96454 55.807 2.75456 7.83029 10.3323 7.0767 4.72601 6.33966 15.3259 27.756 7.17603e-06 72.0794
52.7172 2.72836 11.6857 3.20325 12.497 5.89982 18.6496 18.2266 38.5668 170.453 9.96454 55.807 5.19112 2.58953 10.3323 5.59633 4.61244 6.33966 17.3316 27.756 3.83277e-05 77.6036
42.2725 2.54802 11.6857 3.60389 18.7278 3.88532 18.6496 18.2266 38.5668 169.57 9.96454 55.807 12.2403 2.35142 9.98304 6.24175 4.49404 3.2977 17.629 28.0074 1.64163e-05 72.1039
50.8231 2.22903 11.9948 0.812977 27.813 3.90084 18.6353 8.96423 34.7981 164.067 15.4444 62.7781 12.8545 1.89302 5.4214 6.88356 4.51942 6.30497 17.7502 30.0271 6.97952e-06 73.7354
50.8231 0.927763 11.4203 0.812977 27.813 3.90084 6.82809 45.9035 10.467 164.067 15.4444 72.6624 1.73993 1.98089 5.4214 5.07205 4.37382 7.48404 18.3864 32.104 8.95363e-06 73.5506
58.7166 1.97607 9.67764 1.99013 27.813 3.90084 6.33895 45.9035 6.73814 164.067 11.9455 76.2915 4.2575 0.894902 6.50634 1.49569 2.69572 7.6132 24.8003 39.1807 9.89581e-06 79.6182
51.1858 1.97607 10.0057 1.99013 27.813 3.90084 6.33895 46.6059 12.4822 164.067 11.9455 76.2915 4.2575 1.79753 3.49239 1.49569 3.73274 9.53546 24.8003 39.1807 2.89612e-07 71.944
36.8622 2.18751 9.37684 1.66177 27.4235 3.90084 6.33895 46.6059 12.4822 164.067 11.9455 76.2915 5.5835 0.497008 4.84846 1.49569 1.73925 12.4214 9.91902 32.4707 2.65739e-08 76.9683
31.8833 2.18751 12.1185 1.66177 27.4235 3.90084 5.68543 46.6059 7.69242 176.862 11.9455 58.2474 6.9385 0.497008 4.92092 1.25133 2.31986 35.4744 10.6408 6.10215 2.65739e-08 74.995
38.9271 1.42439 12.1185 1.66177 27.4235 3.90084 3.98883 54.4317 7.98614 155.65 31.862 56.1659 5.25538 0.669856 0.148763 1.76739 5.22121 33.8331 4.70838 18.8341 2.65739e-08 75.8239
51.9074 1.93342 12.8755 0.0686582 27.4235 3.90084 4.45341 51.9227 7.98614 155.65 31.862 56.0068 6.28128 0.669856 2.26951 1.6405 6.64648 30.492 7.92674 28.2883 2.65739e-08 75.0919
43.2091 2.60538 11.4252 0.97281 24.4096 3.90084 13.3545 51.9426 11.0128 155.65 26.8593 58.5523 0.565085 0.403102 3.05125 3.61332 7.27057 12.1975 17.5558 30.0965 2.65739e-08 72.0478
44.4217 2.69971 11.161 2.73043 24.4096 3.90084 10.7111 42.8804 8.89666 155.65 26.8593 64.5545 0.803165 0.59479 5.35606 4.60896 20.5592 5.45594 3.37289 33.5025 3.09193e-07 74.0095
48.9727 2.04503 11.8587 0.971265 24.4096 3.90084 13.1602 42.8804 13.2121 155.65 32.4112 48.4914 10.2819 1.54734 5.4109 5.17745 20.5592 0.632216 0.323617 18.9976 6.24839e-07 70.2312
45.8553 1.07759 12.167 1.17013 24.4096 3.90084 11.1516 45.7122 14.5438 154.283 32.4112 48.6904 11.5018 4.23326 5.48788 2.81743 13.0399 9.16953 3.14925 23.6465 1.7975e-06 74.1288
47.1897 1.09903 12.1648 1.41652 25.9408 3.90084 8.62329 47.3668 11.0608 154.283 32.4112 51.5889 14.4003 2.1586 5.50202 2.81473 13.0399 4.15556 3.14925 14.6312 1.7975e-06 69.0127
54.264 0.290614 12.3428 1.41652 25.9408 3.90084 7.0223 48.4189 11.0608 154.283 32.4112 56.5545 14.4003 10.1067 5.54842 3.35138 13.2027 2.70841 3.14925 8.1694 6.36746e-07 74.9683
44.1009 0.849049 12.3428 1.25263 28.3429 3.90084 8.62528 48.4189 9.40022 154.283 29.4761 56.5545 14.4003 10.1067 5.80084 3.27828 11.9033 1.40494 12.0349 1.88417 6.36746e-07 72.2607
46.9967 0.409573 12.5941 1.25263 28.3429 2.60519 10.0176 48.4189 6.97729 154.283 29.4761 56.5545 4.29969 10.1067 7.46331 6.33376 3.54773 6.4146 12.0349 21.2922 3.96424e-07 68.4654
35.5442 0.409573 13.6883 1.25263 28.3429 2.60519 9.42954 48.4189 6.97729 154.283 29.4761 56.5545 2.76722 11.2431 7.54883 10.0042 5.80238 2.38797 20.3682 21.2922 4.703e-07 70.0628
35.8063 0.57144 13.6883 1.25263 21.9755 8.16462 10.6871 48.4189 6.97729 154.283 29.4761 56.5545 7.52726 8.20282 7.07112 9.00947 3.8897 2.99327 53.7511 6.70317 9.53965e-07 72.9955
35.8063 0.57144 13.6883 1.25263 21.9755 7.10405 10.6871 48.4189 11.2996 154.283 29.4761 56.5545 1.63881 7.6459 6.89167 9.00947 2.5337 2.99327 29.5936 12.6701 9.53965e-07 71.2368
48.263 1.55562 13.6883 1.25263 21.9755 4.53925 8.79003 48.37 11.2996 154.283 29.4761 56.5545 7.41277 17.9661 7.76018 9.55877 3.18533 3.08047 13.8646 10.6405 9.59447e-07 73.3774
47.096 2.49374 13.6883 1.8744 20.0182 4.53925 8.79003 48.7807 11.2996 154.872 29.4761 56.5545 3.60831 6.00515 3.02818 18.8804 3.28007 4.26593 12.029 14.9611 9.59447e-07 73.1843
39.4839 3.00511 10.2158 8.50177 7.61225 16.4071 7.02835 49.5857 11.2996 154.872 29.4761 60.8288 4.30684 1.8969 2.71018 11.1234 4.23565 4.0417 13.3088 18.9475 1.63906e-06 69.9783
49.2984 1.28991 9.35508 8.49654 10.3517 16.4071 8.30064 52.7705 11.2996 154.872 23.2344 56.905 14.6113 2.78468 1.11048 18.7419 4.54545 6.57355 1.73626 18.8287 1.09676e-06 72.6842
56.2625 2.61407 7.2002 7.29096 10.3406 17.4178 7.53191 52.7705 12.6117 154.872 23.2344 56.905 4.24815 1.34866 3.27774 18.3522 5.83737 4.75765 10.176 17.7213 3.05445e-06 71.3184
56.2625 1.77801 5.98576 9.84282 12.893 12.6372 9.32516 52.7705 14.338 150.199 23.2344 56.905 6.18335 1.57315 7.33505 17.7492 5.65412 2.74452 2.37684 14.8289 3.71366e-06 71.1706
60.7782 3.60277 5.00736 8.19376 11.9715 14.9284 9.0522 56.4767 10.3604 148.939 23.2344 56.905 5.11015 0.842519 10.4719 3.65564 0.875017 14.6766 7.86916 13.8653 1.00224e-06 72.9294
43.5445 1.38433 8.56092 8.64902 10.7231 15.8468 9.38877 56.4957 8.98903 147.916 22.6385 63.2027 13.608 0.852257 10.4841 9.03011 2.26769 2.25677 1.42849 17.7786 1.90791e-06 71.1168
50.4027 0.886365 9.03661 8.32894 11.9842 13.0344 11.1989 56.4957 7.3122 147.916 25.7272 63.2027 14.6322 0.808643 10.4718 5.89719 2.25185 2.58511 7.18326 16.8527 2.12127e-06 70.9652
48.9487 0.886365 8.08728 8.46633 12.3271 13.2706 11.1989 56.4957 11.0296 147.916 25.7272 62.6342 3.99337 1.47945 10.6963 13.4034 2.2452 2.15612 6.69054 17.2895 1.52895e-06 71.196
44.5184 0.886365 8.08728 9.85062 12.7296 12.3938 10.9574 56.4957 9.111 147.916 25.7272 48.0667 13.2789 2.11889 9.68816 16.7679 2.52912 2.15612 7.26347 23.7554 4.65394e-06 76.0904
44.5184 1.82442 4.37381 12.6998 13.447 12.3938 12.6888 55.9183 5.75961 111.601 74.2941 43.2345 16.3004 0.486536 3.64784 3.64185 2.15025 11.5358 25.9192 26.6878 5.47967e-06 75.1503
38.2711 1.82442 5.88346 10.9125 13.447 9.98273 17.5381 55.9183 5.75961 113.778 74.2941 43.2345 14.0879 2.97401 2.24958 2.8084 1.73313 16.3477 16.1141 20.2837 5.46193e-06 74.1931
37.9829 1.82442 5.57615 12.2119 13.447 11.9076 11.5669 55.9183 6.48323 113.778 74.2941 43.2345 7.76475 7.2031 4.05717 2.8084 1.52441 18.3144 20.5338 14.657 7.61698e-07 71.6645
43.0819 1.82442 5.57615 12.1035 13.4801 10.3428 11.5669 55.9183 7.72321 113.778 74.2941 43.2345 7.76475 6.10991 3.73268 2.8084 1.48689 18.3144 27.2426 14.657 4.72886e-06 72.0389
45.0237 1.46755 5.00028 12.1035 13.4801 9.56484 14.9554 55.9183 6.31372 113.778 74.2941 43.2345 7.76475 8.68715 2.53209 2.8084 0.11799 18.3144 23.1706 28.6844 4.72886e-06 73.6671
45.0237 1.63338 4.76131 12.8179 15.0121 8.95565 14.9554 55.9183 6.31372 113.778 74.2941 43.2345 0.111425 10.2984 0.968135 9.29512 4.18116 9.97894 15.6873 26.6922 1.88179e-05 74.4908
43.0944 1.63338 4.09081 11.3858 15.0121 8.95565 19.3528 55.9183 6.31372 109.319 74.2941 43.2345 4.77778 9.44292 8.26715 3.09635 4.68079 9.97894 15.6873 46.6534 2.28532e-05 74.992
46.146 1.9332 3.24257 11.3858 15.0121 8.95565 19.3528 55.9183 6.31372 109.319 77.7586 43.2345 3.29986 10.259 11.2267 1.09286 6.65132 1.09865 21.9629 51.0403 3.06909e-05 75.9516
29.6162 2.14906 3.58995 11.9878 14.3187 9.81865 19.7342 55.9183 6.31372 109.319 77.7586 43.2345 2.77592 12.763 11.3594 1.87967 7.30978 2.43357 21.9629 27.5352 1.68416e-05 76.4708
55.6536 1.66153 3.58995 9.71314 14.3187 9.81865 19.7342 55.9183 4.0091 109.319 77.7586 43.2345 2.77592 9.10437 9.7124 4.44701 7.18784 14.5913 30.1039 35.7097 1.19554e-05 77.5344
56.7004 1.66153 5.27169 10.1263 14.3187 9.81948 16.8026 55.9183 4.0091 109.319 77.7586 43.2345 2.29726 8.47316 6.90223 4.00884 8.9183 11.338 30.1039 0.590311 2.00011e-05 75.1083
52.8428 2.50477 5.39657 10.1263 14.3187 9.41509 16.4263 55.9183 4.0091 109.319 77.7586 43.2345 2.63141 6.44233 4.50057 5.66365 14.1771 2.35773 36.0151 8.89772 3.05449e-05 74.2715
51.6311 3.13814 5.82349 8.84807 14.3187 9.51907 16.394 55.9183 4.0091 109.319 77.7586 43.2345 2.45447 3.21413 7.35668 11.5403 14.1771 2.35773 7.11185 21.3163 0.000171963 75.2151
52.8336 2.4798 5.65711 10.6653 13.0922 9.61023 16.394 55.9183 4.0091 109.637 77.7586 43.2345 2.80661 3.03312 13.4813 8.94045 11.1977 2.35773 7.11185 17.4307 1.37265e-05 72.8458
52.8336 2.62484 5.65711 10.4619 13.0922 9.84776 16.394 55.9183 5.52449 109.637 76.5215 43.2345 2.13179 2.72363 13.4813 11.4098 3.18764 0.810864 7.11185 21.6117 1.37265e-05 73.3683
52.9915 2.62484 4.45373 10.4619 13.0922 9.73225 16.394 55.9183 5.52449 109.637 76.5215 43.2345 2.13179 5.3588 10.1602 11.4098 8.67312 0.810864 7.11185 29.5201 1.37265e-05 74.0109
55.936 3.01047 4.52361 10.4619 13.0922 9.79622 16.394 56.208 5.52449 109.637 76.5215 43.2345 2.77552 5.15919 8.11136 11.4098 8.329 0.810864 17.58 26.9914 1.37265e-05 72.2082
51.0251 3.07468 4.08458 10.2999 13.0922 9.78427 16.394 56.208 8.56515 109.637 76.5215 43.2345 5.13617 7.37094 9.15987 8.59307 11.4564 0.810864 19.9885 26.7704 1.5288e-05 75.6185
34.0161 3.37376 5.83643 10.0781 15.1694 10.639 12.3376 56.208 6.15065 109.637 76.5215 41.5054 5.47087 12.8515 9.40159 12.0218 6.21105 0.810864 1.84367 33.7193 2.13692e-05 78.633
46.4572 2.07153 5.83643 10.0781 16.6163 9.50662 12.3376 56.208 6.15065 109.637 76.5215 41.5054 6.96136 5.53177 9.40159 13.6969 7.83885 0.810864 25.9158 32.8305 2.13692e-05 76.5818
46.4572 2.23281 4.02975 10.0781 16.0847 9.94675 14.6547 56.208 6.15065 109.637 76.5215 47.5083 7.8566 4.62457 16.391 5.04053 13.9543 0.810864 31.7407 33.0253 4.99744e-05 79.7895
47.0121 2.53492 3.53729 9.89544 19.3079 5.20408 14.6547 56.208 6.15065 116.249 76.5215 39.5887 5.67307 14.7027 5.89916 5.04053 9.45845 0.810864 24.1173 31.7885 2.69291e-05 77.044
45.6222 1.93088 3.90967 11.719 19.3079 9.00792 5.40726 53.1321 9.26752 94.4487 109.143 32.347 4.78194 7.96336 1.08001 20.5861 6.19827 1.6424 9.36606 31.8966 1.74006e-05 72.8549
35.5115 1.93088 3.63041 11.719 19.3079 10.3578 5.40726 51.9137 9.26752 94.4487 109.143 32.347 4.98807 8.82782 8.68425 19.5546 9.07439 1.6424 9.36606 32.1468 1.2032e-05 73.042
35.5115 1.93088 3.51446 13.2683 19.3079 10.3578 6.08608 51.9137 8.36163 94.4487 109.143 32.347 5.57409 9.43625 9.34641 16.8041 7.46915 3.89994 10.5922 29.6477 1.78549e-05 73.9141
50.6437 1.71266 2.61413 11.7442 19.3079 10.2432 5.71855 54.6079 0.703382 91.7444 112.446 34.237 4.92873 9.14636 12.7313 16.6116 4.2754 5.17464 20.1658 27.3945 2.54366e-07 77.9709
46.2681 1.71235 2.58602 11.499 15.9518 14.2762 5.71855 58.0255 0.703382 96.4289 112.446 38.7027 3.18409 10.4212 3.0721 5.80559 5.20413 1.67052 1.56673 26.3919 1.46865e-06 72.8789
51.0305 1.10033 3.64115 12.2974 15.9518 13.9741 5.71855 58.0255 0.703382 96.4289 115.137 38.7027 3.24676 10.6957 3.0721 4.56719 5.20413 0.496543 1.56673 46.9144 1.80813e-05 75.2847
35.3808 0.995819 3.98866 12.7459 15.9518 13.4386 5.71855 58.0255 0.703382 92.998 115.137 37.1172 1.31292 9.87426 3.36055 3.74209 10.5651 1.94042 12.7014 21.3984 1.69073e-05 71.8046
36.9543 1.80153 2.69208 13.0818 15.9518 13.4386 6.54318 57.4571 0.703382 92.998 115.137 30.8317 1.31292 14.4178 1.75159 5.9762 8.52126 2.76931 17.2538 14.6951 2.87407e-06 70.6791
36.9543 0.236062 3.45924 13.0534 18.6693 14.9316 5.91918 57.4571 10.108 92.998 102.321 31.3833 1.56985 17.342 6.71291 5.41151 12.0005 7.3259 8.83626 18.5887 8.65775e-06 80.1959
36.9543 0.236062 2.85425 12.8727 18.6693 14.9316 5.91918 42.3447 13.0005 92.998 115.623 31.3833 1.56985 16.3255 8.0421 6.33807 0.907279 6.78089 8.83133 17.014 1.55067e-05 76.0841
36.9543 1.61729 3.33043 11.4726 18.6693 13.0058 5.91918 42.3447 13.0005 92.998 115.623 31.3833 1.56985 19.8877 10.6754 6.33807 1.55183 14.0105 8.81626 17.4039 1.44217e-05 74.5784
43.1413 1.38251 3.03617 11.2677 18.6693 13.0058 5.91918 42.3447 13.0005 93.948 116.391 31.3833 1.56985 8.46508 11.5828 5.21704 2.73806 10.1589 8.71764 17.7798 1.28562e-05 70.7085
110.314 1.38251 2.47559 6.01373 18.6693 11.449 6.72712 42.3447 12.3532 93.948 116.391 34.2168 1.56985 7.242 11.7495 5.21704 1.20653 11.9047 6.61868 17.54 2.4643e-05 71.7823
99.666 1.4885 4.01502 5.72005 18.6693 11.449 4.84025 42.3053 16.8295 109.417 93.2037 34.2168 1.56985 4.28494 12.4414 5.21704 4.47977 8.74773 5.25892 10.0096 3.25704e-05 71.9779
99.666 0.926206 6.44945 4.14574 18.6693 10.6972 4.84025 42.3053 16.8295 111.392 93.2037 34.2168 6.3463 6.06734 14.823 1.89714 0.843853 6.32457 18.7101 16.4154 7.6944e-05 73.1433
99.666 0.926206 7.58054 4.14574 18.6693 10.6972 4.84025 42.3053 16.8295 111.392 93.2037 34.2168 4.37543 4.58203 14.8912 1.89714 7.41471 7.18703 5.05168 16.4154 6.82349e-05 72.3958
99.666 0.926206 7.58054 4.1695 18.6693 10.6972 2.38987 45.9998 16.8295 111.392 93.2037 34.2168 3.81151 4.58203 15.3088 1.89714 7.90686 6.57565 14.2334 16.4154 6.82349e-05 73.4843
99.666 0.926206 12.8094 4.1695 17.3493 12.9399 7.07321 49.181 8.40444 111.392 86.1011 32.3321 3.77161 4.58203 13.2084 1.89714 6.72162 6.56977 14.8119 16.9584 5.97378e-05 80.9318
40.4185 0.663692 12.094 4.1695 17.3493 12.9399 7.07321 44.8991 7.10479 122.937 87.3276 33.7393 4.9654 0.375074 19.5051 5.00904 2.43861 6.9002 7.44741 38.3245 3.5082e-05 73.4359
48.4195 0.128544 12.094 3.9691 17.3493 12.6119 7.07321 44.8991 5.93347 122.937 87.3276 33.7393 4.41965 0.375074 15.7013 10.06 3.13733 6.87629 13.464 24.8919 3.52206e-05 72.54
55.1166 0.128544 11.6098 4.39206 17.3493 13.2808 7.07321 48.979 2.77431 122.937 87.3276 33.7393 4.15981 0.375074 13.7097 10.9824 3.90724 7.23974 31.1259 41.1489 2.22256e-05 77.1323
50.0278 0.128544 10.8566 3.07942 17.3493 13.2808 7.07321 48.979 2.77431 122.937 87.3276 37.4987 4.15981 0.375074 15.0879 10.8222 4.72966 7.40553 42.3983 26.8366 2.29651e-05 79.4483
71.7799 0.441461 10.8566 3.25341 17.5689 9.54651 7.99993 48.979 2.77431 122.937 87.9594 37.4987 1.49378 0.375074 15.1441 8.21866 4.38195 23.3295 23.0405 18.5442 1.13452e-05 80.54
71.7799 0.07817 10.8566 2.97805 17.5689 7.67541 14.8668 44.9363 2.77431 117.948 87.9594 39.0406 3.05275 4.83101 14.7109 7.15765 4.68753 13.2241 36.9282 15.662 2.33886e-07 74.8499
70.2696 0.07817 10.8566 2.97805 19.5631 7.67541 14.8668 44.9363 2.77431 117.948 87.9594 36.8942 11.118 4.83101 12.601 7.15765 5.79095 10.2038 24.7039 16.3188 2.33886e-07 74.0618
70.2696 0.07817 10.8566 2.97805 19.5631 7.06248 14.8668 44.9363 2.77431 117.948 87.9594 36.8942 11.118 4.83101 12.8346 4.4155 3.82884 5.78917 24.7039 15.1477 2.33886e-07 71.0213
31.2761 3.40851 10.8566 3.00058 19.5631 7.27408 14.8668 44.9363 2.77431 117.948 87.9594 36.6351 11.118 4.83101 6.16068 3.88832 1.94419 14.0258 22.8102 12.4059 2.33886e-07 70.5408
44.176 3.16687 8.84095 5.31021 14.7576 7.3722 18.9331 44.9363 2.77431 117.948 87.9594 37.2124 13.5412 1.44859 7.58367 3.38847 0.234109 14.7642 23.1163 7.69405 2.33886e-07 69.8797
49.0524 3.16687 8.84095 4.63702 14.7576 8.74177 18.9331 45.4163 2.77431 117.948 87.9594 37.2124 9.45866 1.44859 7.34637 3.38847 1.6733 17.8752 7.94115 35.4967 2.33886e-07 68.641
50.4286 3.16687 8.84095 4.63702 14.7576 9.21589 18.9331 45.4163 2.77431 117.948 87.9594 36.6294 8.52138 7.24933 6.96728 0.673227 1.66011 17.8752 7.94115 53.3461 2.33886e-07 70.9832
49.377 3.55991 9.73948 5.43286 13.8348 7.38078 18.9331 41.7817 2.77431 117.948 87.9594 36.6294 8.52138 7.61028 5.97511 8.51418 1.05708 17.3882 18.8295 53.3461 2.33886e-07 74.1071
49.3929 4.72108 8.45514 5.06196 13.8348 7.84957 20.6326 41.7817 5.71778 117.948 87.9594 36.6294 7.33139 0.522462 0.963128 6.39527 0.956346 18.965 18.8295 53.3461 2.33886e-07 70.9521
49.9288 4.72108 8.45514 5.29328 13.8348 6.66564 20.6326 41.7817 5.71778 117.948 87.9594 36.6294 6.03993 11.0931 7.07784 0.534011 0.870483 12.9729 30.9844 25.6438 3.52712e-06 70.8422
48.2584 5.09842 8.2484 5.39114 15.1723 6.66564 19.0602 41.7817 10.0881 117.948 87.9594 36.6294 5.77414 7.51863 4.66838 0.936604 1.02893 11.0951 41.0371 9.5937 2.86791e-06 70.7013
47.1743 5.09842 9.36716 4.18821 15.1723 6.31326 16.0628 41.7817 11.9976 117.948 87.9594 36.6294 5.77414 7.51863 1.45079 2.89458 3.31444 14.7264 47.2522 5.06118 9.99852e-07 70.3957
47.1743 6.05631 9.36716 2.93449 15.6789 6.31326 16.0628 41.7817 13.8019 115.055 87.9594 33.3103 5.16922 6.20667 1.45079 2.79461 4.55409 17.8978 23.6457 11.7118 9.99852e-07 67.411
48.5511 6.08953 9.36716 3.01715 15.6789 6.31326 16.0628 42.3197 13.2217 115.055 87.9594 35.8694 4.10629 5.92454 0.761049 4.26477 5.28214 17.8978 29.4719 6.86333 9.99852e-07 67.3429
48.5511 6.08953 9.36716 3.01715 15.7141 6.31326 16.0628 40.8879 13.7176 115.897 87.9594 32.22 4.55695 3.43345 0.761049 6.9834 3.54977 17.5166 36.4257 7.01983 9.99852e-07 68.9385
49.2873 6.52766 9.36716 2.96118 14.9819 6.31326 16.0628 40.8879 13.0609 115.897 87.9594 34.9361 6.62113 5.10194 1.61156 4.5796 3.83589 17.5166 46.4085 9.99976 9.99852e-07 69.0719
59.632 5.36984 9.36716 3.05474 15.3149 6.31326 19.5115 40.8879 10.5423 115.897 87.9594 34.9361 6.51969 4.68138 1.61156 2.27387 3.97423 17.3541 46.4085 10.931 9.99852e-07 69.8187
35.3086 2.75571 8.11076 6.35128 20.4921 6.31326 18.2705 44.838 9.32224 115.897 87.9594 34.9361 5.42556 3.23607 3.06688 5.99934 3.858 13.5433 18.8426 8.16977 2.64928e-05 78.5423
34.0286 4.20224 8.11076 4.18245 20.4921 6.31326 18.0864 38.5472 8.23515 115.897 87.9594 47.2016 6.52325 6.63385 3.22585 6.53003 2.01044 12.6072 26.4721 28.0346 5.39965e-05 79.4527
23.1794 4.98498 9.29618 3.80737 20.081 6.31326 9.7008 49.1263 8.23515 115.897 92.7815 35.9447 2.43603 4.05272 4.47898 7.11174 1.48657 0.686193 29.298 35.5733 6.20287e-05 83.7993
15.409 5.59744 9.29618 3.49308 20.8619 6.31326 11.8301 52.5959 3.36208 115.897 92.7815 33.917 3.60901 2.86841 2.72261 0.120918 3.65889 14.1295 37.7485 2.80005 3.95162e-05 79.1797
16.1459 4.43693 9.60683 3.65154 21.7422 7.1619 11.8301 52.5959 3.99172 115.897 80.0202 41.8551 4.80715 6.67289 3.25724 3.95835 5.42694 7.55235 17.5601 8.98416 6.87017e-05 73.9866
18.235 5.83197 9.60683 3.96569 22.5304 5.74947 8.63609 54.0898 3.99172 115.117 90.0988 33.3006 2.88016 6.67289 6.60215 4.0834 4.84772 13.7772 9.82933 8.98416 2.85498e-05 73.8082
29.3002 5.35651 9.60683 4.24378 22.5304 5.74947 8.63609 54.0898 3.99172 117.267 90.0988 37.8296 5.1714 2.52816 4.62067 4.06888 5.39218 10.7054 15.9739 8.98416 4.75007e-06 75.5193
15.4878 4.5256 9.60683 4.15754 22.8976 6.40256 8.63609 54.0898 3.99172 117.267 90.0988 37.8296 2.34079 2.52816 5.37991 3.62838 7.50399 10.7054 15.9739 8.98416 1.29065e-05 72.7092
15.4878 2.09016 12.6694 3.1092 22.8976 6.40256 8.63609 50.4995 5.34588 117.267 90.0988 37.8296 2.77988 8.03544 4.42145 4.93835 9.01306 5.15065 13.8723 8.98416 6.73205e-05 73.257
15.4878 2.09016 12.6694 2.3951 22.8976 6.40256 10.5223 50.4995 5.34588 117.267 90.0988 38.3707 2.31438 8.44906 2.59523 4.93835 9.01306 8.21082 13.8723 18.5608 0.000119305 74.0739
5.81489 2.09016 15.5916 2.81699 22.9504 6.8986 6.37217 50.4995 3.26494 117.267 90.0988 42.7346 0.46036 11.1243 8.59515 3.91743 11.0178 3.80995 5.4321 33.3365 5.71376e-05 80.3287
13.9922 2.09016 15.5916 2.46577 23.0747 7.48075 1.93488 50.4995 3.26494 117.267 90.0988 40.4893 4.26741 11.1243 2.85836 4.20376 12.9427 1.24935 1.56505 33.3365 7.61837e-05 77.2115
13.9922 0.504056 15.5916 2.75875 23.0747 8.151 6.94038 50.4995 3.26494 117.267 90.0988 40.4893 3.65331 14.2005 2.85836 0.0291035 8.91741 3.23743 0.915281 14.3966 0.000133863 79.0409
16.2853 2.37418 15.5916 2.35155 18.9875 7.22138 6.94038 50.4995 3.26494 117.267 90.0988 46.0749 4.06723 14.2005 4.52573 1.61689 4.14738 3.23743 7.86916 14.5799 0.00010722 77.7566
17.0258 0.7861 15.5916 3.32873 18.6023 9.03123 6.94038 50.4995 12.0622 112.893 90.0988 46.0749 3.72151 9.82223 3.89215 3.15825 4.14738 3.65216 1.53203 30.9974 0.000264903 79.5673
31.016 0.7861 15.5916 3.15099 18.0842 9.12384 6.94038 50.4995 7.45803 112.893 90.0988 40.8177 9.25224 5.56747 3.03936 5.54975 3.54946 6.0983 6.68331 39.9347 7.34671e-05 75.427
26.1846 0.321833 15.5916 4.84445 18.0842 6.33552 10.6372 47.5918 7.45803 112.893 90.3052 40.8177 10.386 5.80755 1.35903 9.15436 6.64741 3.67827 5.13218 41.8219 7.34671e-05 78.0057
26.1161 0.321833 14.9571 4.44548 15.8432 9.21192 11.7388 47.5918 5.34032 113.468 90.3052 40.8177 6.0574 6.36327 2.17655 12.2109 2.75335 5.94248 3.65385 52.6948 0.000228934 76.5623
30.7437 0.321833 13.719 4.23491 16.9327 10.1387 10.22 47.5918 7.92884 110.83 90.3052 40.8177 2.27942 7.70876 6.80909 7.18701 3.0794 8.00295 28.2403 35.6279 0.000297552 74.9574
31.9071 2.27517 12.6213 3.46289 16.7037 12.4537 7.19808 45.0304 6.85852 108.879 100.837 38.0972 3.58913 9.16278 6.02549 1.72705 2.86263 9.33369 10.9901 1.03282 0.000413692 73.5352
34.4837 2.27517 13.9598 3.64747 16.7037 16.8685 7.29867 34.5233 17.5165 108.879 100.837 28.1641 2.47123 9.23089 6.08943 5.36364 4.83106 9.32463 24.6781 20.0561 0.000258027 74.6291
50.004 2.27517 13.9598 2.98009 16.7037 16.8685 7.29867 34.5233 18.3144 108.879 100.837 28.1641 7.86163 4.15471 4.51246 4.65417 6.60371 9.34913 9.99711 19.9427 0.000719574 76.6693
57.9645 2.62078 11.4874 3.52673 14.5899 20.1219 7.29867 34.5233 16.8857 108.879 100.837 27.6431 19.2502 2.67544 5.41118 11.445 6.60371 5.46534 8.24841 37.1039 0.00109393 77.272
53.6127 2.62078 13.9793 2.0398 11.2341 20.6935 7.29867 34.5233 19.3857 108.879 100.837 27.6431 7.90515 2.67544 4.04451 15.5287 9.79903 1.43674 6.30733 28.5902 0.000858743 75.0291
28.9861 1.51423 8.04407 5.29837 9.15986 24.0571 7.29667 34.5233 23.724 103.047 100.837 36.4122 4.29055 5.92864 11.5776 7.14176 17.1868 1.43674 4.46719 28.5902 0.000394498 76.3063
17.0621 6.15973 5.77494 4.75282 7.27967 32.1378 7.29667 24.2856 23.724 106.36 100.837 36.0214 4.29055 5.47306 1.98344 13.7931 12.2277 0.22331 22.6467 35.5285 0.00424036 81.5619
7.49659 8.40877 7.11113 3.10923 5.7802 33.5673 7.29667 27.2025 23.724 106.36 100.837 32.2351 6.19377 0.764869 1.06226 13.1078 8.20894 3.00811 41.9232 26.0696 0.0062185 82.5381
-14.638 11.3612 4.84582 4.03678 5.7802 33.5673 7.08385 27.2025 23.724 106.36 96.7441 32.2351 1.14478 13.4761 11.1268 9.88241 6.80493 0.684629 21.7764 5.644 0.0062185 81.7869
-35.6227 16.0658 4.40184 3.86171 3.9748 33.5673 7.08385 24.8548 23.724 106.36 96.7441 32.2351 2.4185 13.4761 12.2002 9.33062 5.22421 1.89845 26.5131 5.17286 0.00345172 81.9603
-37.4878 16.0658 4.45774 3.46289 4.48066 33.5673 7.08385 28.0734 23.9496 106.36 94.1414 32.2351 2.77975 10.9445 3.3385 7.03456 7.84348 4.82958 58.7976 12.8956 0.010311 84.3658
-37.4878 14.8765 4.2344 4.72661 3.4513 33.5304 7.08385 28.0734 23.9496 103.254 101.425 32.2351 3.34084 5.851 11.199 8.66177 9.71553 4.37064 61.6772 8.9133 0.0251793 86.8273
-30.6201 14.8765 4.2344 5.36436 3.9697 33.5304 4.53578 28.0734 23.9496 103.254 102.055 32.2351 5.99518 5.45401 4.34494 8.95417 9.71553 1.37753 24.0902 5.268 0.0203306 81.7034
-30.6201 14.8765 3.49384 6.7299 3.80792 33.5304 4.53578 28.0734 24.663 105.383 102.055 32.2351 7.94649 3.3307 4.34494 8.59095 1.53914 13.931 25.1196 10.0258 0.0203306 83.8506
-30.6201 12.8797 2.48348 6.62708 7.45838 33.5304 4.53578 23.9152 29.0944 105.383 101.043 34.9353 8.25102 2.87799 5.07312 7.53986 0.337322 14.9173 10.6825 10.4157 0.0178956 82.7234
120.189 5.19825 2.65264 5.42176 0.76254 33.3123 4.86927 23.9152 29.0944 105.383 101.043 34.9353 13.6867 4.94052 1.06737 6.5526 0.337322 14.9173 10.0943 4.53956 0.0178956 84.6288
120.189 7.25001 2.49933 2.22122 4.98439 28.1127 8.28042 15.3221 33.0059 108.688 101.043 28.6419 9.67996 0.821794 5.15929 6.73112 1.65414 17.7195 16.6811 2.38678 0.0226251 80.49
138.132 5.33571 2.88044 2.73447 7.26579 28.1127 1.07272 14.3126 32.9406 108.224 109.488 28.6419 4.03363 0.821794 5.31811 6.762 5.51411 15.3722 19.8349 21.2971 0.0331228 81.7743
138.132 5.21462 3.07145 2.71632 7.40797 19.7108 1.07272 15.829 40.8966 108.224 104.072 31.0039 4.03363 6.06986 8.80105 7.23554 2.7569 8.56588 11.345 4.40158 0.0790768 81.4898
133.962 5.21462 3.24923 2.32815 8.12812 20.2648 1.07272 15.829 40.8966 108.224 104.072 31.0039 4.53198 6.56 8.19852 1.03493 0.921997 11.1224 29.1792 2.52994 0.0790768 82.9936
133.962 5.21462 3.94179 3.27446 3.42497 20.2648 5.34834 15.829 44.229 104.329 104.072 31.0039 3.95376 6.44109 7.80715 1.03493 7.97722 10.5653 24.0297 3.08182 0.0562666 80.8924
133.962 5.49477 5.01326 3.27446 3.42497 20.2648 5.34834 15.829 45.1195 104.329 104.072 33.4525 3.24151 1.65674 7.69383 2.74156 8.8888 10.5653 20.7807 14.8243 0.0924612 85.1813
83.2658 7.44248 7.39148 3.30765 3.42497 20.2648 5.34834 14.302 40.3559 104.329 104.072 31.3096 3.84468 8.682 8.01228 4.16922 8.37861 23.3644 21.3471 14.6419 0.0623078 91.0831
60.9131 6.93702 6.5693 7.45813 4.00518 17.4885 5.34834 15.8941 40.3559 104.329 113.937 19.1957 3.98623 7.38775 8.08142 6.84252 8.62308 16.4122 0.538605 30.8643 0.164941 92.223
56.3693 6.42813 6.48087 5.56454 5.48989 19.3862 5.34834 15.8941 41.8945 97.4646 113.937 35.4926 3.98476 7.60201 7.77746 4.52333 5.90581 2.54083 5.34151 55.8511 0.149282 82.9981
55.45 6.74278 5.22108 4.48453 4.68071 24.8885 5.34834 15.0085 37.5243 97.4646 115.146 35.4926 3.8881 7.60201 9.86905 6.42694 5.90581 2.09763 5.34151 33.6093 0.0991892 81.3441
52.8505 7.09529 3.76644 4.89211 4.68071 23.6348 5.34834 17.9735 38.3633 97.4646 107.491 35.4926 2.45458 17.6925 5.20885 7.31148 2.0326 5.97178 0.653043 18.0501 0.0991892 82.5649
63.7255 5.65759 3.76644 4.92439 4.68071 22.0904 5.34834 20.2041 38.3633 97.4646 107.491 35.4926 0.655888 17.6925 5.20885 4.08661 2.13995 16.223 0.653043 8.87463 0.0696412 85.3392
58.7968 3.42557 4.89141 5.44778 3.94962 25.8211 5.75211 14.9871 38.3633 102.07 116.429 25.7671 0.655888 11.805 6.28915 5.64474 2.5076 16.223 15.9754 8.23522 0.0711712 80.3851
61.0041 5.31494 4.89141 8.91764 2.06377 22.924 8.63836 14.9871 35.4446 102.07 116.429 27.8905 6.62162 1.3408 6.22785 1.62626 1.88983 19.0088 15.9754 1.30109 0.0622952 79.5616
67.9473 5.45687 5.65862 7.87415 6.43247 18.2678 8.26105 19.5035 36.3216 106.136 110.784 27.196 4.5371 8.6098 4.31786 6.45145 5.07286 16.5794 15.9754 9.32361 0.0245845 78.8597
59.997 5.45687 5.65862 7.56073 5.29536 18.269 8.26105 19.5035 36.3216 106.552 110.784 27.4876 0.622464 5.35 3.05107 7.56474 2.84329 18.2329 15.9754 18.9493 0.0553636 80.0473
66.7117 4.62642 6.31689 8.6982 4.23976 18.6613 8.26105 16.4771 37.8791 106.552 110.784 27.4876 0.788674 2.81503 2.32037 13.404 2.78984 19.8868 7.95199 21.2877 0.0793843 81.8736
62.7666 6.37198 6.31689 5.48686 3.56055 20.2222 8.26105 16.4771 38.5001 106.552 110.784 27.4876 0.788674 2.81503 0.463046 20.1674 5.05775 19.5062 8.41763 17.0095 0.0604306 84.8227
62.9502 5.65014 6.64427 5.6189 4.80737 20.134 8.26105 25.7247 27.4427 114.23 110.784 16.6529 1.59026 1.91597 4.45047 14.5042 12.5521 18.4609 11.3844 27.8069 0.0486722 85.5863
61.109 5.65014 6.69707 5.6189 7.8351 25.5094 8.37164 18.9626 25.9908 114.23 106.594 28.1562 1.92116 0.670174 1.39121 4.99428 5.41041 12.5886 13.672 81.1942 0.0195118 83.6299
40.9662 7.36782 6.69707 5.6189 10.3243 25.5094 1.65253 24.0412 25.9908 114.23 106.594 28.1562 1.63238 0.406423 9.82462 3.70385 7.01046 8.06693 30.2558 39.8764 0.0423686 82.4085
12.6564 7.36782 9.66186 5.6189 12.2406 25.5094 1.65253 24.0412 16.6001 114.23 106.594 25.0444 1.95759 9.45913 15.7272 4.09185 5.39602 4.5096 38.1121 23.0946 0.0183041 88.4626
12.6564 6.07782 9.77049 4.97616 11.1338 25.5094 1.65253 40.0177 7.32731 114.23 105.226 30.4523 1.27109 9.45913 17.1085 2.52014 5.39602 2.35235 22.1826 19.3453 0.0196403 83.9401
49.6763 6.07782 8.56599 3.41495 11.1338 25.9873 1.65253 40.0177 4.82612 114.23 105.226 25.4496 2.24831 7.40893 17.1085 2.52014 5.66348 3.80291 38.9923 25.3582 0.0253256 78.5836
51.2667 6.04861 8.56599 4.84719 9.66222 24.5524 1.65253 40.0177 7.19347 114.23 105.226 26.515 1.24159 4.85285 14.5016 2.52014 4.84348 1.83779 28.7282 27.0667 0.00950304 78.9711
47.8275 6.04861 8.56599 4.84719 9.66222 25.3819 1.65253 40.0177 7.19347 113.212 105.226 26.515 10.7653 3.73192 2.04222 19.9082 0.743289 1.83779 22.2916 19.4341 0.00950304 76.9886
47.8275 7.96437 8.56599 2.75486 9.66222 25.3819 1.65253 40.0177 7.19347 113.212 105.226 26.515 8.79334 3.73192 1.9096 25.6724 3.21539 1.1938 42.7252 19.4341 0.0146581 80.97
42.8577 8.18498 8.56599 2.75486 9.66222 25.3819 1.65253 40.0177 7.19347 113.212 105.226 26.515 12.1777 3.73192 1.9096 16.5606 3.21539 1.20548 40.1122 11.5977 0.0146581 78.2734
42.8577 8.18498 8.56599 2.75486 9.66222 25.3819 1.65253 41.1235 7.19347 112.336 105.226 26.515 10.1603 3.85843 1.9096 16.5606 3.21539 1.20548 46.0778 2.6077 0.0146581 78.6073
42.8577 8.18498 8.56599 2.75486 9.66222 25.3819 1.65253 41.1235 7.19347 112.336 105.226 25.6357 10.1603 3.85843 2.55185 16.5606 3.21539 1.20548 29.1489 2.6077 0.0146581 77.4055
42.8577 8.18498 8.56599 2.79674 9.66222 25.3819 1.65253 41.1235 7.19347 112.336 105.226 28.1811 13.5779 2.55229 2.55185 13.6762 3.57504 1.20548 25.0235 2.6077 0.0146581 77.2602
42.8577 7.48307 8.08232 2.79674 10.0018 26.6689 2.84709 41.1235 7.19347 112.336 105.226 24.3813 11.5648 6.63319 1.02076 17.2588 4.26844 2.10128 14.8588 6.06953 0.00564098 76.2475
44.3408 7.13052 8.08232 5.00962 5.52268 27.7361 2.84709 41.4134 7.19347 118.891 105.226 20.2337 10.5553 1.30995 5.67885 17.2588 4.26844 4.09011 5.71945 5.70737 0.00709788 76.8976
31.4434 7.07769 7.31819 7.24114 5.76339 27.7361 1.01609 41.305 7.19347 117.453 105.226 16.4087 21.8353 1.30995 3.70923 21.3908 6.4505 4.50611 7.73046 3.33799 0.000851191 84.738
-19.5748 10.5965 9.24213 8.2958 5.32532 27.7361 5.07524 41.305 9.5739 115.268 105.769 9.93665 12.3395 1.41762 7.66878 13.4912 6.4505 2.01146 15.7646 3.33799 0.000851191 83.4486
-19.5748 10.6273 9.24213 8.55856 5.58806 29.3484 5.07524 40.9434 1.10759 111.835 106.901 20.4269 12.3395 1.41762 5.63797 25.0528 11.3436 2.43791 13.6011 13.5214 0.000851191 87.3573
-68.3666 10.6273 9.24213 8.76836 3.74059 26.2223 5.07524 40.9434 1.10759 118.246 106.901 28.3916 12.8683 1.0413 5.71141 17.6898 11.3436 2.17697 17.1578 13.8166 0.000851191 86.5179
-68.3666 10.6273 14.9479 9.20636 4.01717 26.2223 5.07524 31.4209 15.2421 113.979 106.901 28.3916 9.85036 5.77097 3.67702 10.2262 8.92504 2.8041 19.1997 8.52905 0.000851191 84.3049
-68.3666 10.6273 12.4739 9.75212 4.16845 29.9753 5.07524 32.6086 16.245 113.979 97.0894 29.9097 9.85036 5.72119 13.6576 8.04878 9.14865 3.49745 12.6905 15.0818 0.000851191 79.213
-68.3666 10.6273 12.4739 9.75212 4.79835 26.4977 5.07524 31.6193 16.245 114.357 97.0894 29.9097 12.4266 2.93902 13.3099 6.93622 8.88074 3.36185 10.0005 14.3552 0.000851191 80.9657
-68.3666 10.185 12.4739 9.14192 8.35608 26.4977 5.07524 29.7135 16.245 114.357 97.0894 17.5516 17.9014 1.71707 17.5175 2.67016 13.0786 3.32387 16.6611 5.56724 0.000851191 83.7854
-68.5364 10.4142 12.4739 9.34107 5.69454 29.4888 2.23206 31.0755 18.524 118.096 104.932 17.5516 16.3306 6.10162 9.5707 2.67016 13.9671 1.34014 7.63014 31.0915 0.00157342 84.3348
-64.0846 10.4142 18.5997 4.00454 6.7157 22.845 5.8427 42.8711 11.0785 112.583 100.235 23.1329 17.7891 2.89942 4.56123 3.2808 18.2415 0.0370026 5.11527 16.2699 0.000506228 85.6634
-64.0846 10.4142 11.4486 6.13419 6.7157 22.4233 7.40984 40.6685 11.0785 117.87 93.5297 31.0213 11.7068 2.89942 3.29386 3.2808 12.9084 0.786584 2.17594 27.7113 0.000506228 80.0072
-64.0846 12.8539 12.0666 6.49556 5.34273 21.9303 6.42044 40.6685 11.0785 117.147 100.674 26.86 8.3651 0.791423 5.18021 6.84669 9.84243 1.63783 16.8943 9.08157 0.000506228 79.3216
-64.0846 12.8539 13.5216 6.49556 3.36769 21.0428 5.94996 40.6685 11.0785 118.019 100.674 26.86 15.6448 4.35639 4.64431 6.28358 9.40789 1.29554 4.0576 9.08157 0.000803308 79.0013
-8.38728 10.1151 9.94277 6.52842 3.36769 20.8355 7.51263 40.6685 11.0785 111.643 97.6142 34.2939 15.6448 0.205542 0.820308 9.36583 9.60802 1.5385 24.9782 40.5902 0.000129567 78.92
18.3242 10.1151 8.1992 8.44285 3.5749 20.3762 3.37504 49.3299 11.0785 111.643 77.1338 52.4772 13.6062 0.266297 0.820308 4.46905 9.41528 4.3191 1.39112 10.3249 0.000779066 83.121
48.5382 7.40155 0.24529 8.44285 2.74296 26.5787 4.57989 46.4742 12.9542 111.643 76.5251 55.4273 9.26007 0.266297 5.3081 4.31664 9.49167 20.6734 8.37001 31.063 0.000562782 81.7048
55.8772 7.40155 3.73572 8.44285 4.2566 25.6895 4.57989 41.36 11.7188 110.991 76.5251 53.9652 9.26007 0.266297 5.49071 5.51028 9.2222 20.6734 9.75703 54.0495 0.00039768 88.7082
49.2812 7.27154 4.55403 9.00782 8.21048 22.9807 7.41969 41.36 4.1241 126.995 76.5251 37.3172 4.02816 9.84464 8.30279 1.68204 9.70267 11.5645 38.2496 36.3482 0.00421763 80.6146
42.3782 7.79493 2.35926 9.18117 8.21048 25.476 7.77784 36.1613 10.5017 118.611 83.8169 40.8243 3.47582 11.9017 8.1714 0.573817 9.77659 1.39311 64.8539 40.3102 0.00624369 79.8263
52.0185 6.37615 4.74483 9.3448 5.36094 25.4738 9.31001 36.1156 10.5017 118.611 78.4057 44.0301 2.91434 12.9291 3.09681 2.76995 9.79429 3.54239 31.5635 19.2231 0.00601541 76.937
52.1087 4.74601 4.27607 9.26672 6.86395 25.4053 11.8407 35.9839 11.1946 156.494 42.9487 37.57 3.46066 9.82934 11.225 5.41978 3.96661 6.83941 32.1043 11.3777 0.006105 78.6972
53.1496 5.0828 5.91005 9.54996 8.48862 17.7357 3.02873 25.9286 34.2311 161.197 36.5669 46.3385 3.95652 10.5633 10.6079 1.55984 1.62758 2.23391 21.2335 30.1763 0.00659242 80.2903
51.5252 6.13919 6.15461 6.02507 12.3621 17.9891 0.0433204 28.2166 33.5006 162.384 30.0432 46.3385 10.0639 9.11066 0.460107 2.88167 6.88739 3.48361 9.63099 38.3949 0.00641232 78.1567
52.9947 5.87073 5.11454 6.02507 12.3621 18.7438 0.0433204 29.6763 34.8297 162.384 25.2828 49.3819 5.98739 11.5043 2.02819 3.41676 4.39642 3.88368 8.87915 2.5362 0.00387596 76.3684
52.3095 6.38804 5.11454 7.74507 9.41933 19.3667 0.0433204 23.7125 36.5821 166.448 13.2363 61.222 5.20827 11.3269 14.6584 2.50248 2.74443 6.72082 14.0561 18.8089 0.00673358 78.4394
54.8019 6.66709 5.11454 7.74507 7.75667 19.3667 4.31044 17.4819 41.4794 166.448 13.2363 60.7573 7.93652 8.65148 7.92644 5.36779 4.1358 8.17747 2.19081 23.7157 0.00809332 75.3547
52.5506 6.63413 5.11454 4.97417 10.4624 17.3654 8.79158 17.4819 39.2074 166.448 13.2363 61.8969 4.23081 6.60161 9.95811 2.43694 8.14464 7.65303 19.8042 7.01564 0.0127105 76.3012
53.466 6.68058 2.10201 4.29627 10.4624 20.693 6.08346 17.8262 41.0796 167.912 14.3617 58.5709 3.87781 1.05307 12.6665 3.15453 4.54086 12.1476 16.8774 3.07865 0.0226645 76.6603
53.3931 6.68058 2.10201 3.16866 12.1386 21.6789 6.08346 17.8262 41.0796 167.912 12.979 58.5709 3.87781 1.05307 15.7747 2.54887 9.62964 17.2311 3.87169 1.72877 0.0271068 78.6071
54.6631 6.68058 2.10201 3.16866 12.1386 21.6789 6.08346 17.8262 41.0796 167.912 12.979 58.5709 3.84269 1.05307 15.7747 3.24301 9.62964 17.2311 3.87169 13.6053 0.0274883 78.4723
54.0985 6.68058 1.39733 4.36069 12.1386 21.6789 5.67452 14.5027 40.3495 175.13 12.979 58.5709 4.32234 5.44894 3.8913 2.85407 9.71702 2.82249 1.89238 14.6925 0.00768821 75.6971
54.0985 6.68058 1.39733 4.36069 12.1386 21.6789 6.13924 16.6009 37.0851 175.13 12.979 58.5709 4.36683 5.44894 11.492 3.78632 9.71702 4.19937 1.84913 18.1301 0.0013575 72.6217
48.422 7.62107 1.39733 2.60422 11.8116 23.3338 4.44393 20.3586 37.6937 171.183 19.8201 60.3819 2.4569 1.1976 1.47116 9.66805 7.43326 2.87604 1.84913 11.4026 5.62849e-05 72.5973
45.4543 6.17691 1.39733 3.84214 11.8116 25.7368 4.88664 17.3188 35.2322 167.383 16.4305 61.9155 0.754888 14.0018 1.90544 8.85468 8.38519 1.96643 46.4953 9.7308 5.62849e-05 76.6944
37.1826 5.89637 1.39733 7.8069 11.7504 27.3677 4.88664 17.98 36.5661 167.383 16.4305 61.9155 1.38241 7.90331 2.10046 8.8691 3.14976 1.7216 17.3636 11.8948 5.62849e-05 74.5069
42.6856 5.30004 6.12456 10.258 10.3561 21.6522 4.19489 18.0838 48.9976 162.2 5.51511 59.7787 9.2301 5.5642 11.9394 4.39981 1.28004 3.46841 19.1293 2.9061 5.62849e-05 76.829
50.6677 3.49765 6.89561 10.3039 2.96344 23.0623 4.19489 9.59207 48.9051 162.156 17.8295 61.3683 9.77148 13.9222 9.75015 0.333096 3.98784 3.49233 20.003 2.9061 5.62849e-05 74.0018
52.4071 3.49765 6.92095 11.1945 1.02571 29.0653 8.16363 9.59207 50.8702 159.919 11.9052 60.3904 4.09866 7.3625 10.172 5.60034 0.394449 4.29335 20.2104 16.5164 5.62849e-05 76.2231
47.8643 1.88463 5.57994 11.1945 6.43493 18.7407 11.5344 9.68507 50.4187 159.237 20.8314 61.9892 12.0081 8.2628 4.70239 2.54241 0.237878 4.19675 19.8292 25.1369 5.62849e-05 73.5045
51.2356 1.88463 2.34125 9.18572 11.2473 16.9998 12.8104 9.15381 50.4187 159.237 20.8314 61.57 12.0081 4.42396 6.09718 2.54241 5.31475 4.32781 4.56896 25.1369 5.62849e-05 72.2062
51.2356 1.88463 2.34125 9.18572 11.2473 16.9998 12.8104 7.74546 50.4187 158.754 24.9904 61.2214 13.9657 4.76642 4.34474 1.20345 5.24705 3.90324 6.29598 29.4956 5.62849e-05 71.438
55.6071 4.27063 2.0019 5.53223 12.7894 16.9998 12.8104 6.51319 50.4187 158.754 25.5748 60.8416 13.7297 6.18933 4.34474 0.782064 2.54431 7.74718 10.7917 29.4956 5.62849e-05 73.2692
71.0242 0.348833 3.35474 4.25132 16.3515 12.3076 19.7404 5.59488 47.5266 145.932 31.3729 59.6309 12.0384 6.82923 4.88694 9.16079 2.71456 6.86961 24.8687 32.391 1.42189e-05 80.4692
59.0926 2.58667 2.61473 1.54616 17.4213 14.6676 19.0465 5.8107 50.5213 151.27 30.7065 55.8824 13.5698 9.00606 5.68879 6.38051 3.43818 6.20066 28.0418 1.51412 1.42189e-05 75.4796
44.4366 3.57415 2.4966 2.32683 15.7706 14.6676 18.4009 44.6786 18.6732 151.71 31.6512 53.0532 12.4861 9.00606 9.06871 6.30539 6.91772 0.90726 5.55729 0.285292 1.42189e-05 76.2872
43.9032 2.14726 2.23276 3.35283 16.8088 14.6676 18.3562 44.6786 10.8647 152.182 38.3202 49.5068 8.16035 2.86808 16.6469 5.6291 1.5665 2.43517 11.7884 26.8275 4.4947e-05 73.2011
38.559 3.54789 3.2193 6.32439 16.958 14.6676 11.577 42.2455 10.8647 153.079 42.9116 47.048 8.23309 12.998 13.1573 7.65899 7.0303 3.16831 43.221 33.0453 4.4947e-05 79.1108
35.7912 9.15473 2.17082 5.17486 16.9518 14.6676 6.60139 50.1913 10.8647 149.407 36.8398 48.9595 7.52691 2.76097 0.190902 8.50936 12.3862 5.80274 23.7229 52.4776 6.73471e-05 79.2527
40.6927 7.27169 2.17082 8.11591 15.2185 13.7603 6.4669 37.1109 18.1737 150.285 36.5995 46.4888 15.2233 5.13724 0.940493 10.3244 7.05337 6.92062 52.2814 81.3055 3.10527e-05 81.0755
51.6649 6.33429 3.29417 6.04185 24.8561 11.8147 2.71304 35.911 15.5739 158.9 27.7352 42.7889 5.83571 15.7577 5.45485 0.834038 11.0868 9.62418 11.1567 54.1129 6.59499e-05 82.8808
49.4613 6.62171 4.5725 4.1211 23.0201 14.426 9.4216 35.911 15.4197 166.133 29.0477 43.458 2.16419 12.2898 10.4074 3.31792 0.782244 3.16069 17.2607 87.6092 8.92178e-05 77.5931
48.5208 6.81155 5.98545 1.60919 26.6989 11.8384 9.4216 35.911 6.51296 170.742 29.0492 46.2443 5.79804 7.20173 10.1994 3.20992 14.2983 1.21599 3.39648 51.7738 5.11365e-05 75.1287
46.6427 7.07828 5.4816 1.60919 26.6989 12.1099 5.05378 40.0975 6.51296 171.271 20.5878 41.1445 19.5965 11.5254 5.29117 8.11314 9.33585 1.7671 4.84737 38.9293 5.11365e-05 78.4963
44.2518 7.07828 6.55469 1.60919 26.6989 9.86196 7.14516 40.0975 13.7498 164.331 21.0371 50.9047 1.2498 7.90982 4.86572 7.43259 10.1764 2.00156 7.99069 46.0677 0.000611736 76.7521
44.2518 6.80294 6.55469 1.60919 26.6989 9.86196 7.27981 40.7393 13.7498 163.88 21.0371 51.1307 1.2498 7.90982 4.2664 13.4547 5.20311 1.91549 17.1656 54.472 0.00133323 78.7817
41.3273 7.07548 6.55469 1.60919 26.6989 8.57401 0.520041 40.7393 13.7498 167.863 23.1812 60.0256 3.76822 11.3574 3.58184 8.08903 5.60935 2.96561 12.7719 25.7862 0.00142693 75.9375
35.7049 7.92986 6.32605 1.60919 26.6989 8.57401 0.520041 40.7393 13.7498 167.863 17.649 64.0473 4.19299 11.3574 1.79047 4.38176 7.9997 1.67175 22.7364 6.38797 0.000793973 75.6862
34.155 7.48279 6.32605 2.27833 26.6989 8.57401 0.520041 40.7393 12.2117 168.015 17.649 62.0475 4.19299 11.3574 2.33634 7.00597 9.0464 1.73346 16.2344 51.4545 0.00140358 78.4082
34.155 7.81914 6.54138 1.97117 26.3445 7.8753 0.520041 40.7393 12.2117 170.423 17.649 62.0475 4.19299 7.67237 3.54597 6.80239 5.59921 2.5948 7.06843 1.99853 0.00149763 76.5659
30.1229 8.5898 6.21122 1.17544 26.3445 7.05031 5.79542 37.9362 14.7435 170.423 15.9239 58.2948 1.83063 12.7178 8.34504 0.641485 9.66727 1.43644 10.3942 11.8539 0.00127834 75.344
41.8352 7.48743 4.90484 1.17544 33.6457 9.50639 1.75155 37.9362 14.9917 167.644 7.39915 71.7193 1.76488 9.51748 9.91331 8.38638 0.656297 0.701415 10.1977 11.3181 0.00113235 76.9153
41.8352 7.48743 7.86519 1.18453 23.0512 9.55274 1.75155 37.9362 14.9917 137.867 63.6279 33.8685 17.238 9.51748 9.91331 9.95369 1.29503 0.701415 8.07992 12.6046 0.00113235 79.3213
48.9463 7.48743 7.86519 0.784104 23.0512 9.91232 1.75155 37.9362 14.9917 150.354 49.1812 33.8685 17.379 9.98831 7.56265 11.9362 0.859419 6.6017 2.4336 20.0628 0.00113235 78.6693
48.9463 7.00018 6.47747 0.688524 23.0512 9.48992 2.72491 37.9362 17.4916 149.963 49.6593 45.5963 12.044 3.96342 4.541 11.2435 2.26569 4.30784 3.56271 2.71866 0.00184301 73.2776
47.4625 7.12576 10.5898 0.688524 20.9429 7.25957 6.52443 36.19 25.8207 143.281 48.336 45.0887 4.14044 1.31276 5.12065 14.8081 7.50406 7.52168 3.50035 25.9412 0.00112652 76.9021
42.7759 6.84264 9.98601 0.688524 20.3369 7.25957 5.36338 36.19 17.5697 153.505 47.0893 46.8551 4.22531 3.15788 5.10643 14.8081 13.5611 9.96143 23.7357 20.7968 0.000909968 79.9919
47.2148 6.84282 8.00513 1.85745 20.3369 9.48106 3.86016 36.19 13.7114 152.823 48.1223 46.8551 2.6501 4.48945 2.62381 12.2647 5.42817 13.3939 19.6678 20.4287 0.000856241 78.7395
47.56 7.18445 6.37739 1.68396 20.8834 10.9011 4.48256 40.5879 13.7114 154.381 41.6679 47.5641 5.83627 2.30874 0.738267 4.24667 14.8054 11.9072 28.5601 39.4268 0.00303524 75.753
53.5385 6.46189 8.10976 2.57974 18.63 10.9011 4.48256 45.473 13.7114 149.977 41.6679 48.6495 3.35164 1.68867 2.13183 5.02503 13.8272 9.61514 28.9947 21.9841 0.00188505 74.5882
57.9035 6.58458 6.73386 2.51924 18.2464 12.5295 6.07372 45.473 14.4562 146.553 50.487 42.478 2.61536 4.14926 1.78173 5.90243 9.43442 8.41799 18.6435 26.0752 0.00209792 77.8513
56.4196 6.58458 6.96658 2.88823 18.2464 12.6459 4.91213 45.473 14.5356 138.421 50.487 47.6085 2.23441 4.14926 2.6032 6.03596 7.32879 13.3716 25.7001 9.93111 0.00209792 75.0833
53.3161 9.6151 9.98177 2.88823 17.1673 13.5573 5.158 45.473 14.5356 138.421 42.0787 49.0297 2.5018 2.49379 7.87792 5.01065 6.08152 12.8241 31.0359 9.81792 0.00209792 90.005
47.178 0.886082 6.38579 1.92769 10.5215 15.8705 26.1674 43.8791 16.0635 134.537 43.8698 49.3136 2.04148 4.0505 11.9642 4.5882 4.83327 12.0705 17.6948 8.28234 8.82358e-06 73.0689
50.5114 0.886082 5.94564 1.92769 10.5215 16.3727 26.446 43.8791 16.0635 134.237 47.7535 49.3136 2.17772 14.1005 7.34361 3.4483 0.340175 11.7951 10.6316 6.66046 8.82358e-06 74.7213
52.914 0.886082 4.96097 4.40633 10.4924 16.1013 24.2215 43.2938 16.0635 134.237 48.6012 51.7696 2.097 7.02134 3.80649 9.69915 3.83855 12.3533 16.4714 8.30604 4.76965e-05 73.1747
45.1824 0.886082 5.81665 4.83748 10.2151 16.1013 23.5134 43.2938 3.06203 133.03 66.0374 46.3627 0.168445 7.02134 1.19996 6.27232 3.83855 12.3533 38.7028 9.07682 4.76965e-05 74.4465
43.7038 0.886082 6.33195 4.83748 10.425 15.7246 23.5134 43.2938 7.29607 129.887 59.5785 52.5399 1.11162 7.14862 1.19996 3.10512 6.84068 12.9399 42.5097 9.07682 4.76965e-05 72.4486
43.7038 0.886082 6.33195 4.83748 10.425 15.7246 23.5134 43.2938 7.29607 129.887 59.5785 52.5399 1.22273 7.14862 1.19996 3.10512 7.6322 12.9399 61.7868 9.07682 4.76965e-05 74.2337
35.0218 0.886082 6.74031 4.83748 10.4519 16.2591 23.5134 43.2938 7.29607 129.887 59.5785 52.3753 1.67633 7.68702 6.99721 2.51363 9.46191 12.9399 61.3852 16.5552 4.76965e-05 75.8706
45.5984 0.886082 5.25771 2.76506 14.4248 15.1395 19.7034 38.7935 7.29607 138.595 59.5785 50.8928 2.67016 4.29307 8.9025 2.0598 3.38498 21.7528 7.45067 7.0439 0.00498249 78.7361
34.6211 0.886082 8.09653 6.58962 16.8697 9.91908 19.7034 38.7935 7.29607 135.838 59.5785 51.3061 2.53799 2.75497 11.022 2.1016 7.80042 6.45971 14.2015 7.43315 0.00474991 78.7648
27.6311 3.21014 10.7419 4.86434 19.2715 10.8734 18.467 38.7935 5.33764 134.46 63.1559 47.331 5.02983 9.77558 11.2462 1.10784 1.63347 6.45971 13.5637 13.1728 0.00519769 79.4563
25.6418 3.21014 9.73816 5.52737 18.4178 11.1415 18.467 39.1101 5.33764 132.808 61.1059 46.8782 3.48439 8.13042 10.9401 1.3213 6.19019 3.44697 39.5117 12.5664 0.00612855 78.4182
34.7334 3.46853 8.99196 4.55405 17.892 12.2092 18.467 39.4715 7.90507 137.473 51.9267 47.6243 3.81284 2.36324 7.05718 8.08158 10.4436 3.32287 32.7567 2.32617 0.00796426 79.6835
37.998 2.18367 9.27466 5.472 18.0065 12.1011 19.7841 39.4715 7.90507 142.849 53.8821 51.0866 5.35986 0.73637 7.96361 2.01205 8.31193 0.442858 48.7166 2.40876 0.00241304 79.7256
50.4899 1.01107 9.27466 6.03276 18.323 10.9494 19.7841 39.4715 7.90507 146.011 44.1208 52.921 4.48078 0.296705 13.129 2.95542 6.31623 0.442858 48.7166 2.27193 0.00210925 79.2334
47.027 1.01107 8.26674 6.46517 19.7428 12.3986 19.7841 39.4715 3.38131 143.655 44.1208 52.3057 18.9344 0.391512 9.34985 9.08693 1.67998 6.76037 36.1611 1.4522 0.00323716 80.7137
49.0373 1.01107 8.26674 6.45795 18.3856 11.9431 18.0275 39.4715 3.38131 151.473 46.0594 53.2836 16.0692 0.391512 7.62552 9.15382 1.67998 1.9141 18.342 20.7437 0.00323716 80.5313
49.0373 1.01107 2.58505 5.95199 18.7176 12.9579 18.0275 39.73 3.38131 151.473 49.8941 49.7412 17.0028 0.382157 7.91629 7.02762 5.02337 0.268406 26.1509 12.4227 0.00159417 77.8185
45.476 4.08348 4.08496 3.82156 18.2788 12.3285 14.1103 44.7036 3.38131 143.367 51.5199 46.6434 14.2237 2.14604 11.129 3.16709 10.7941 1.28821 29.8486 9.90739 0.00350216 78.4863
42.4474 3.95228 8.30782 2.45656 24.6136 2.82045 15.9428 44.7036 3.38131 143.367 52.697 46.6434 8.61368 2.14604 8.39821 2.64677 11.6244 1.41018 45.9982 23.6181 0.00208282 79.0984
50.9884 2.41954 9.36215 3.61231 24.6136 0.605087 15.9428 42.1063 5.8971 143.367 52.697 48.6422 1.77369 2.56896 8.6895 2.64677 21.3424 3.20797 24.4192 0.241973 0.0121306 80.5771
52.8789 3.2935 9.26436 3.61231 24.0831 0.605087 14.8756 42.1063 5.8971 143.367 52.4097 49.9605 2.20937 2.56896 7.0457 2.64677 17.0177 4.00987 18.5016 4.33475 0.0124277 79.4144
55.5955 3.2935 7.50237 3.53219 26.3926 0.605087 13.155 32.5209 15.0519 143.367 52.4097 50.9133 2.28751 8.13719 6.82001 5.58321 17.9289 2.91625 21.311 1.69241 0.00692355 80.228
48.9861 3.96957 7.3493 2.4187 26.3926 0.605087 18.2422 32.5209 16.6221 143.367 52.4097 53.1307 1.87357 1.39942 10.4059 5.35937 1.75018 5.04583 13.4598 8.21046 0.0070199 75.6794
45.2955 2.83471 6.90238 4.06104 26.3926 0.605087 17.3559 44.1224 5.13299 143.367 51.9831 46.6856 6.15333 1.72203 17.6038 2.83819 2.93783 5.12708 37.3386 4.49006 0.00423442 78.3288
52.7523 2.83471 6.90238 4.3448 26.3926 0.605087 14.8654 40.2514 6.53431 150.951 51.9831 45.5414 17.2965 1.61655 17.6038 2.30012 4.03033 4.52267 39.8281 12.4198 0.00371675 80.6308
49.3319 0.943494 9.09599 4.11728 26.3926 7.14755 17.9576 35.5999 9.17703 150.951 43.4243 45.8363 11.0553 3.67341 8.32081 2.25996 4.03033 0.608062 14.2032 31.6396 0.00496147 77.2546
45.42 0.943494 9.21648 4.53245 25.1653 8.06732 17.9576 35.5999 9.17703 150.951 43.4243 46.9719 11.2896 5.72195 6.59306 2.25996 8.74503 3.02655 10.8029 30.1404 0.00999643 77.8564
44.775 1.25004 7.68243 5.43948 25.1653 7.21346 17.9576 31.2433 9.17703 165.093 27.9232 52.3079 13.1704 3.0356 8.11844 1.38273 7.76483 1.67899 14.4589 22.2565 0.00756869 76.4387
10.78 2.49743 9.76588 5.28628 25.7914 7.25131 16.3114 32.3185 9.17703 164.953 33.8052 56.5325 10.1951 1.75515 10.7764 0.499253 0.302858 9.12298 19.2307 23.6024 0.0135436 84.1063
48.5691 1.00045 9.76588 5.52054 25.7914 4.55657 18.936 24.2014 5.99527 158.096 41.834 56.5325 6.56142 1.75515 10.7764 10.828 10.1065 10.857 23.1804 5.99686 0.00172393 84.8065
48.5691 1.00045 9.76588 5.52054 25.7914 4.55657 18.936 24.6279 5.99527 158.096 41.834 53.7983 6.56142 1.75515 11.412 10.828 10.1065 10.857 19.7709 7.46381 0.000941105 81.8268
25.8802 2.52728 10.4241 2.79719 20.642 4.55657 21.198 25.6245 24.3461 162.775 34.6046 44.2978 0.855864 9.16183 1.23483 9.55532 7.43749 10.5488 4.68295 9.03256 0.020721 81.5123
25.8802 3.30097 10.4241 4.33662 20.642 3.30765 21.198 22.6087 26.7697 162.775 34.6046 43.4598 0.750354 6.4013 3.10266 9.34076 6.59811 10.498 4.68295 9.03256 0.00896289 79.2501
22.1175 2.72033 12.28 5.17714 27.99 2.03871 17.8715 22.9167 22.4942 156.761 30.7321 57.8713 2.41998 6.01449 6.05313 6.84221 1.69231 10.6342 5.96569 31.9566 0.0145682 86.2172
22.1175 3.80422 11.4284 5.33876 14.448 2.03871 25.9726 27.7239 19.3568 155.414 30.7321 56.0292 4.59684 6.98129 4.02258 9.7262 3.15407 11.9591 10.0295 35.6114 0.0790302 84.3156
29.6291 1.81833 11.5759 5.33876 14.448 2.03871 25.9726 16.1497 17.6597 155.414 44.103 56.0292 7.94155 4.027 8.97315 13.4043 3.30056 13.6945 10.3404 49.6735 0.0874853 85.3196
29.6291 1.81833 11.5759 6.83346 14.448 2.03871 25.9726 16.1497 17.6597 155.414 44.103 54.5256 7.94155 4.027 4.97135 3.20868 0.569662 13.6945 10.3404 49.6735 0.0874853 84.5793
19.6662 1.54821 11.5759 5.4879 14.448 1.71873 32.0676 18.812 12.46 155.414 44.103 57.71 7.96473 4.027 8.47115 1.42465 2.91801 12.4088 10.9605 29.92 0.0679711 82.1572
19.6662 3.31317 11.5759 5.67301 12.0934 1.89124 32.0676 18.812 10.2064 155.414 44.103 56.842 8.65341 4.21788 10.5198 1.96007 2.66982 13.2227 11.6476 32.19 0.08297 83.2788
17.9443 2.63773 10.6345 7.76044 12.2305 1.89124 32.0676 14.8815 11.5169 155.414 48.9431 56.9386 8.65341 4.21788 9.21464 2.95366 1.94718 14.1506 11.7023 3.82713 0.08297 84.6134
14.0325 2.63773 10.6345 7.76044 9.67784 1.89124 32.0676 9.97083 14.8683 162.043 42.69 56.9386 14.6803 4.21788 8.24934 6.57434 1.94718 5.77134 11.7023 12.2728 0.112981 85.8555
6.50467 2.51659 10.5319 5.44429 14.1139 18.2418 18.6025 9.69746 14.8683 162.043 37.9913 57.6139 14.6803 7.13886 5.07125 6.57434 0.940805 5.68016 10.8794 5.69072 0.112981 85.0286
52.6506 2.89245 9.95539 3.11456 13.9712 12.5395 31.0719 16.7841 12.679 167.974 25.4432 55.6899 10.4777 6.34536 4.7988 6.73913 3.26073 4.45926 10.4959 44.494 0.0348419 81.7009
49.4791 2.82624 10.6082 5.13013 8.66502 12.5395 31.0719 12.6453 19.324 168.321 25.4432 55.9687 2.46306 7.44153 5.27729 5.11964 14.526 4.45926 9.37894 74.1972 0.0348419 81.0479
49.4791 2.71872 12.19 4.40953 8.66502 12.4696 31.0719 12.6453 19.324 167.489 25.4432 55.0799 2.46306 7.44153 5.84661 5.04893 24.2135 4.21789 7.0565 7.75157 0.0512338 78.9796
49.4791 2.08728 11.0791 6.72439 6.96744 10.9536 31.0719 14.4965 19.324 165.445 25.7352 58.4555 2.91673 8.74789 15.4106 3.85715 6.79238 8.28034 7.21376 58.0389 0.113041 85.4229
51.0875 1.08723 11.0791 6.72439 7.27165 10.9536 31.0719 14.4965 18.4063 164.326 25.7352 58.4555 2.91673 8.74789 9.20482 6.02407 6.79238 8.71606 9.97878 48.6318 0.113041 84.8867
49.1103 3.70479 11.0791 6.62311 3.47151 13.3412 31.0719 20.0607 15.5845 166.055 16.3511 62.3994 2.04455 8.74789 7.28169 8.92258 4.20545 1.65655 23.9167 45.8221 0.0611039 82.4098
47.2178 3.42811 8.15619 7.84114 6.1994 9.94857 39.2522 20.5698 11.6253 168.834 20.1003 52.2117 18.8921 1.39505 4.97124 9.31159 18.3621 1.65655 9.86733 28.94 0.0277407 83.7282
57.3311 3.38174 8.54829 8.2054 5.19119 10.27 39.2522 16.8676 8.28448 168.75 27.6701 52.195 9.49666 3.7822 4.80781 9.69096 12.3706 3.31468 2.73646 37.0424 0.0225819 79.4275
56.055 3.2738 9.8756 7.96761 2.92218 10.27 29.0972 14.4188 28.9091 164.537 23.8562 52.9792 7.0222 4.78469 5.26173 4.83526 18.5362 3.23679 3.0632 32.8421 0.0249023 78.0513
52.4001 3.0509 9.8756 9.02535 1.55371 10.27 29.0972 14.4188 28.9091 163.314 26.3143 52.9099 6.64253 3.87875 0.932152 6.98086 18.5362 4.56882 8.33402 29.8626 0.0374439 78.2836
48.9793 3.0509 10.6805 8.51189 1.55371 10.27 29.0972 15.499 28.2522 163.314 26.7833 54.9995 4.65251 3.87875 1.75869 2.18412 20.4476 5.40634 8.33402 42.7671 0.0305448 77.9463
48.4883 2.08902 7.72421 4.08163 8.83556 10.27 29.0972 14.7007 32.1804 167.312 21.7219 54.7797 5.22429 7.68328 5.46623 4.37419 1.13428 5.67673 29.8272 26.5318 0.0353849 79.0212
54.0394 0.549936 3.14752 10.1451 8.24384 12.1187 28.757 15.467 33.0164 161.566 23.8235 57.3502 4.08368 3.16813 9.29825 0.127591 10.5396 8.90078 28.7306 33.9416 0.020751 81.5586
41.4322 0.416846 3.14752 10.1451 9.17457 15.306 22.2608 15.467 33.0164 161.566 27.8745 54.0974 2.70904 0.790199 6.77544 7.054 13.6429 8.90078 12.8902 33.7263 0.0511157 80.3711
43.7317 0.222517 3.77746 10.3149 7.81172 15.306 22.2608 13.5011 33.0164 154.238 30.3024 65.8909 2.24169 0.790199 6.7543 13.6277 11.0619 9.15417 16.7294 34.8037 0.0432548 82.2468
49.3792 0.180507 4.65451 14.7771 6.58697 11.2742 22.2528 13.5011 29.2525 159.715 30.532 53.0366 1.81194 5.24803 11.7141 13.6277 2.34341 5.28937 16.7047 28.0525 0.0149408 80.6746
49.8982 0.546018 5.67548 14.238 6.78574 11.2742 22.8564 13.5011 30.5005 159.4 33.9665 51.2971 1.88762 9.01671 11.014 2.82019 2.8166 5.16515 1.23579 31.124 0.0118838 76.777
52.3304 1.16033 5.23282 13.269 6.82488 10.4508 21.8784 18.5394 30.5005 161.218 25.5117 55.1511 2.13378 7.41744 11.2879 8.30745 2.8166 8.85012 7.44471 17.4296 0.0295033 76.1102
54.1794 0.958601 4.82984 13.269 8.06594 11.2488 21.8784 18.5394 29.9379 166.674 25.9118 50.1512 0.671669 3.24846 10.8886 5.70962 1.17885 6.82036 17.524 21.0123 0.0138956 78.8045
49.9884 1.01162 4.88873 13.2626 10.461 7.66548 22.5494 20.2694 31.4849 172.567 24.5532 40.4153 1.76837 11.3602 21.8496 1.88437 2.73641 1.51858 5.32028 44.4403 0.0094937 79.5798
59.1638 0.912075 2.75457 15.356 8.78283 9.13792 24.0365 10.7201 24.8919 168.001 26.1718 55.573 6.25121 5.83608 11.4019 1.7087 1.42742 8.81738 9.09831 5.469 0.0152973 82.7511
54.282 0.912075 2.60768 14.9004 11.0458 5.54299 24.087 10.7201 28.0794 170.508 32.3379 54.109 6.04449 5.83608 16.2504 1.11355 2.41728 5.40411 6.54062 14.699 0.00343501 80.2787
48.1573 0.790933 2.60768 14.9004 9.63548 5.54299 28.2575 19.4295 33.4469 168.752 30.0752 42.7288 4.0616 5.15852 16.8911 1.06908 4.82908 2.02324 5.57166 7.78249 0.00112993 78.1909
45.0495 1.67846 2.60768 14.9004 8.98096 6.66078 41.8348 14.3784 15.8988 169.617 23.5414 39.4227 5.77035 9.27266 14.083 0.527769 14.7813 4.14439 6.013 7.41439 0.000906213 80.4991
49.7205 0.165149 2.60768 14.9004 13.3148 6.49986 41.8348 14.4481 16.9952 162.039 24.7515 51.6551 5.12226 12.5395 8.80904 0.2486 11.8716 2.33675 3.18978 2.44672 0.000949475 76.2376
49.7205 0.366166 2.95645 14.9004 12.861 4.75625 37.7203 16.2344 20.7954 156.706 36.4688 46.5177 13.4558 2.33398 7.81037 0.941685 13.0466 3.40959 3.18978 4.45392 0.000619285 73.9355
49.7205 0.366166 2.95645 14.9004 13.5502 4.75625 37.7203 16.5403 20.7954 156.706 36.4688 46.5177 1.97595 8.59028 6.49168 0.913145 15.9281 3.67536 3.18978 4.45392 0.000619285 73.3065
52.961 0.972556 2.95645 13.8591 14.2612 4.68284 37.7203 16.5403 23.3224 156.706 36.4688 44.4951 1.79376 8.60586 7.17852 1.40173 12.9227 8.43907 3.36011 13.0616 2.79603e-05 74.4922
56.7112 0.274782 2.95645 13.0293 14.2612 5.83687 37.7203 21.861 16.1077 155.361 37.0063 44.4951 1.79376 14.0312 5.81779 1.50931 9.35056 9.596 3.36011 31.9164 2.79603e-05 72.5256
56.7112 0.274782 2.95645 13.0293 14.2612 5.51232 37.7203 21.5322 16.1077 155.361 37.0063 49.3188 4.33174 14.0312 5.81779 1.31878 5.1323 7.25938 3.93563 28.1666 1.51365e-07 70.0677
53.9633 2.76748 4.21346 12.3327 10.0944 1.47609 37.7203 21.9456 16.1077 158.651 37.5614 47.6603 6.40537 10.3125 6.07174 6.99841 1.37733 7.59617 3.93563 24.3525 1.51365e-07 69.1143
42.4537 2.76748 4.21346 12.3327 10.0944 1.47609 37.7203 21.9456 16.1077 158.651 37.5614 47.6603 6.17137 8.06808 2.79179 7.7379 5.59545 7.39043 27.2536 23.2102 1.51365e-07 68.1276
48.1125 3.21039 2.78933 12.3327 11.0383 1.47609 37.5782 21.9456 20.6589 162.141 37.5614 42.7382 6.70061 8.1064 3.20931 9.93622 0.409678 7.39043 25.3855 2.30294 1.51365e-07 70.2879
48.4717 1.36309 2.78933 12.3327 15.3348 2.0197 28.9404 22.7718 19.8343 158.53 37.5614 48.2968 8.15691 6.01787 2.50975 4.28831 2.78814 10.8259 18.2831 2.30294 1.51365e-07 66.9254
48.0954 2.81007 3.07276 12.0315 15.3348 2.0197 28.9404 36.4674 2.73315 158.53 37.5614 51.6044 3.04635 3.46522 2.11038 5.75434 4.70337 17.6105 18.9574 4.02643 1.51365e-07 68.1767
47.2246 2.81007 3.22202 12.0315 14.8839 2.0197 28.9404 36.4674 4.38012 158.53 37.5614 51.4958 4.78712 3.27798 1.27291 5.06635 3.82438 17.6105 17.7349 1.51529 1.51365e-07 67.2621
47.9183 2.05455 2.1129 12.0315 16.8042 2.0197 28.9404 36.4674 3.17303 160.579 37.5614 55.5823 2.51774 1.01593 3.13071 4.87999 2.98041 17.6105 18.1113 2.50172 1.51365e-07 67.545
48.3849 2.05455 2.1129 12.0315 16.8042 2.0197 28.9404 36.4674 3.17303 154.321 37.5614 55.5823 4.11909 6.41134 5.24117 3.9312 2.98041 15.1248 18.1113 4.52714 1.51365e-07 66.7545
48.3849 2.05455 2.1129 12.0231 16.8042 2.0197 29.6597 34.5595 3.17303 154.321 40.1306 55.5823 4.11909 7.11436 5.78694 4.01207 1.62514 13.5054 14.4031 5.45427 1.51365e-07 67.5574
48.3849 2.05455 2.1129 12.0231 16.8045 2.0197 29.6597 41.1148 3.17303 154.321 39.6508 54.3104 5.39376 6.45588 7.24437 7.02285 1.62514 7.01132 18.6426 5.45427 1.90394e-05 71.5995
51.0044 1.60272 3.39992 12.7743 16.1394 1.63541 29.6597 41.1148 1.86368 154.321 39.6508 45.791 15.9249 6.90795 8.00493 1.93582 1.62514 5.46682 21.5497 24.2337 8.50044e-06 72.827
45.3362 1.51031 3.39992 12.4126 16.1394 1.63541 30.9848 41.1148 1.86368 154.321 39.6508 47.8074 11.7778 9.21427 0.291352 5.03564 1.62514 8.63439 14.4668 16.4294 8.50044e-06 72.1336
41.2566 1.51031 1.74598 13.937 15.0909 3.56915 30.9848 30.4756 12.8285 154.321 39.6508 42.8278 18.3867 8.30504 2.84553 5.15271 1.62514 9.84544 25.6181 42.0497 8.50044e-06 76.9556
43.0997 2.70621 2.94508 17.3585 9.19517 3.30703 26.6063 30.4756 16.2636 154.228 39.6508 44.3533 17.0302 8.55175 1.82046 2.95707 1.62514 6.45416 17.4548 35.6632 9.10301e-06 77.7024
47.4365 0.512271 0.24727 17.3585 14.2254 4.96888 24.2105 30.4756 16.2636 154.228 39.6508 47.9413 0.64407 10.7905 5.35801 7.39933 7.73499 6.45416 12.4203 29.5596 5.07077e-06 69.4289
47.4365 0.512271 0.24727 15.0559 16.1208 6.54172 23.3738 30.4756 16.2636 154.756 39.6508 47.9413 0.64407 10.7905 8.97914 8.72145 7.68809 4.93959 4.7881 28.7587 5.07077e-06 71.0801
51.8458 0.257019 1.12858 15.0559 16.9754 3.14326 25.088 19.5136 25.0467 153.707 39.6508 47.3296 2.31039 7.90335 9.40501 8.35727 4.89694 5.5597 12.6096 34.5723 5.07077e-06 71.486
56.0863 0.257019 1.12858 15.0559 17.1166 7.91258 29.7471 8.11782 27.8169 155.372 35.2108 54.2208 1.78341 5.6858 9.728 7.0207 9.24825 4.60349 13.0925 24.5048 5.07077e-06 70.26
50.5403 0.257019 1.17627 16.3645 16.5049 8.74898 32.1305 2.85016 27.8169 163.094 43.3249 40.7641 5.00336 3.07465 11.3333 4.74823 3.45768 7.45208 13.3291 21.8551 5.07077e-06 74.2278
39.7872 5.47398 1.42069 12.1612 16.3201 4.25548 23.2033 8.46537 45.4051 157.701 33.4222 40.7641 10.9232 4.49238 7.64338 7.26588 16.8772 0.88152 27.7833 1.75093 6.24347e-06 78.2082
31.9174 3.35183 1.79 12.5901 17.7924 6.66676 18.4737 6.9812 32.1279 159.441 45.409 50.4284 10.9232 2.80938 3.50529 5.95395 5.96673 1.90638 40.6845 17.9233 1.10998e-05 76.258
25.1439 1.62503 4.27866 11.6234 21.3004 6.237 21.7025 8.46078 39.6533 151.248 44.1913 41.2809 9.46811 0.594941 4.47167 12.9363 14.4182 2.2362 70.7963 30.8524 2.26264e-05 81.657
72.5872 2.21617 3.27258 12.3726 12.5048 5.51734 20.2766 13.6955 34.5867 146.391 55.0367 37.8833 13.7205 6.76882 4.43556 9.45278 9.63907 11.1564 12.5534 32.9265 6.74136e-05 79.0933
103.554 0.921906 5.62902 2.72952 12.9687 4.94146 31.889 13.6955 35.6862 163.207 40.9008 30.2487 14.4333 1.71791 5.723 9.43765 6.59353 4.1479 10.0349 8.53327 1.55767e-06 74.4852
103.554 0.921906 5.85719 0.525288 12.7747 8.8111 32.2048 11.7442 36.0618 164.95 40.9008 30.3065 14.8646 1.6492 4.34701 6.21929 6.55946 3.51377 21.4064 21.4579 9.42866e-08 71.9691
103.554 0.921906 5.83782 0.525288 13.0071 8.8111 30.4465 10.3476 41.3206 165.281 34.2946 30.3065 17.4845 0.399449 7.03166 0.632039 6.10831 10.87 14.7954 10.3106 9.42866e-08 73.6839
116.533 0.921906 4.73299 0.525288 11.636 8.8111 31.682 10.3476 41.3206 165.281 32.6163 36.1236 17.311 0.399449 4.29727 0.632039 6.09684 7.9392 19.7298 3.3013 9.42866e-08 72.3635
116.533 1.11479 4.73299 0.748809 9.52822 11.0018 29.8632 10.3476 40.1104 162.316 37.1971 34.3005 28.4514 2.02858 4.29727 2.07936 5.5557 1.24962 16.513 5.47471 9.42866e-08 73.1736
110.23 1.11479 3.59938 3.44354 9.54795 11.0018 28.9048 10.155 37.753 162.499 37.1971 38.6496 22.8889 2.52798 4.51746 2.59009 4.92867 1.24962 7.41251 8.00402 9.42866e-08 69.0749
110.23 1.11479 3.59938 3.44354 9.54795 10.1476 27.1176 11.4707 37.753 162.127 46.6989 24.9967 21.8422 2.52798 1.88442 3.57438 6.42546 1.24962 7.41251 4.08133 9.42866e-08 76.6025
96.809 1.12482 1.99278 6.23289 11.5473 10.1476 25.1253 11.4707 38.9689 162.223 51.4361 23.7091 17.4789 9.87981 3.41225 2.76833 0.390275 1.24962 7.41251 31.8513 9.42866e-08 75.1937
73.4503 1.91643 2.96162 4.64953 14.3834 11.8273 25.8757 11.4499 38.9689 161.003 46.9897 23.7091 8.04863 7.02587 6.87819 2.5138 1.36599 17.5207 12.2258 46.9098 9.42866e-08 75.9627
66.2066 5.12798 2.63117 5.20711 21.4872 0.363702 26.2977 11.4121 39.3703 152.151 57.9182 25.1528 5.37136 4.91545 9.03293 3.83519 2.62621 16.366 11.7223 53.3154 9.42866e-08 73.5309
68.4077 4.92558 4.15144 4.2702 17.1741 4.96318 24.4721 11.4262 39.3703 152.003 57.9182 25.1528 1.64721 3.93176 18.9928 6.59772 2.62621 9.50884 4.02215 8.75497 9.42866e-08 70.3179
68.4077 4.92558 3.84773 4.29533 14.9465 7.72015 21.8054 11.4049 39.3182 139.896 62.1215 37.0008 1.44321 16.8556 12.5711 6.69765 1.19499 4.46998 1.75685 23.5042 9.42866e-08 69.2657
76.1182 3.71869 6.61326 4.2056 14.3184 6.16371 21.815 11.6674 39.5395 136.13 62.1215 39.1795 2.12263 15.1822 10.5545 7.26185 1.65931 4.25458 11.6255 30.4009 9.42866e-08 68.2923
16.0825 4.32696 8.3744 8.74219 14.3982 6.16371 20.5124 12.124 39.5395 136.221 62.1215 39.1795 3.18559 4.15566 3.86837 16.6756 2.64777 5.43118 11.6255 32.1858 9.42866e-08 69.8418
1.34062 4.32696 8.94342 8.50712 14.3982 7.33795 18.0063 11.9704 39.83 136.221 70.3563 40.2441 3.37912 4.79306 4.78141 17.0562 3.34356 3.51995 10.3213 33.6009 9.42866e-08 71.5148
44.721 1.02028 3.8009 8.62322 14.3982 12.888 18.0063 12.2251 38.0588 136.221 70.3563 40.6565 3.15224 0.841294 4.06706 13.2684 3.72248 11.0988 10.3213 13.1808 9.42866e-08 66.7024
44.721 1.02028 3.8009 8.62322 14.3673 12.888 18.0063 12.2251 38.0588 135.797 70.3563 34.0566 2.98456 0.841294 4.96827 13.2684 4.69075 12.4481 15.9913 27.417 9.42866e-08 68.2205
42.1687 1.84553 1.60745 13.4738 10.163 12.888 20.7212 12.7887 33.6659 133.52 70.3563 45.8742 2.85304 0.841294 9.67105 8.15871 3.97032 17.2898 17.7301 83.8949 9.42866e-08 76.0983
55.164 1.37249 2.00945 13.4738 9.81351 12.4765 21.1726 11.4893 33.6659 133.52 70.3563 40.222 1.87743 1.1029 2.54234 8.15871 9.43273 11.5818 16.1658 83.8949 9.42866e-08 73.4788
41.8707 1.37249 3.34621 15.2717 9.70321 9.84655 19.1813 15.1798 37.8867 133.52 70.3563 40.3746 1.99455 4.53826 0.488945 12.6545 9.67642 1.97782 15.805 83.8949 9.42866e-08 71.9224
49.2188 1.82835 3.34621 15.2717 9.93499 11.1624 17.6172 21.3661 32.1167 137.301 70.3563 36.952 2.48868 4.98186 0.488945 12.6545 11.2006 0.490656 15.805 33.8948 9.42866e-08 72.1935
49.0331 1.20008 3.34621 15.2717 10.2123 10.8844 17.1899 21.4027 28.1145 145.168 53.947 41.9793 6.25934 7.93842 17.8919 2.46714 0.954653 3.43863 6.57138 41.9443 9.42866e-08 67.3508
43.297 1.32708 4.2017 15.2717 10.1585 11.4034 15.5863 20.1498 33.1453 145.71 51.7715 44.2225 7.04399 8.40995 11.9619 2.22019 1.16661 4.50434 47.1907 41.9443 9.42866e-08 71.2298
42.0208 0.522644 4.38481 14.825 10.1959 10.1987 17.5472 15.3879 38.6878 140.235 53.8885 46.8064 5.28412 7.80011 14.5741 4.64634 2.90331 2.44719 32.586 34.8389 9.42866e-08 68.365
33.3694 0.522644 6.8231 14.825 10.7556 9.77064 17.8092 18.522 38.952 148.207 39.8678 46.6767 7.82635 7.80011 14.3105 3.4374 3.34937 2.44719 21.5269 36.4711 9.42866e-08 71.3968
37.1799 7.53938 12.5773 1.34794 9.77313 9.6874 17.8092 16.2429 41.6679 148.207 41.0355 44.722 9.38985 20.54 6.14379 0.771138 2.1846 0.917322 26.9724 3.33276 9.42866e-08 69.8127
43.8423 8.35398 10.9589 1.34794 8.47609 13.521 15.4517 23.9634 41.9708 158.429 26.8247 40.9935 8.23848 11.1046 3.44503 5.26157 6.34616 7.98236 3.70649 26.299 9.42866e-08 70.2458
43.8423 8.35398 10.959 1.34794 8.47609 12.294 15.4517 13.9004 43.9721 164.076 26.8247 41.3293 6.7264 11.9297 2.71754 8.9413 2.88181 9.17587 15.7906 11.7234 9.42866e-08 69.3952
43.8423 8.35398 10.959 0.943943 9.87124 15.4106 10.287 16.9368 42.0497 157.197 36.8677 36.746 6.504 8.51631 0.809934 10.1818 13.5879 6.94395 5.95033 10.867 9.42866e-08 70.3081
46.7407 6.83767 10.959 0.943943 10.3046 14.7405 13.6948 15.1046 34.0665 157.197 45.1708 46.4192 5.25328 2.04031 2.84512 9.98799 11.4085 6.76582 28.6741 8.66618 9.42866e-08 69.989
46.7407 6.83767 9.2707 0.943943 13.5613 14.7405 9.45082 16.0325 34.6949 157.197 39.8178 46.5632 2.8283 1.44007 2.8791 7.75267 10.5913 10.7968 44.3855 26.132 9.42866e-08 69.0647
46.7407 6.83767 9.2707 0.757237 13.4879 14.5093 9.45082 16.0325 35.3645 161.394 39.8178 49.3041 6.21087 2.14002 1.01919 4.07799 10.8322 11.2152 50.7568 14.396 9.42866e-08 71.1019
46.9042 6.83767 9.31048 0.839459 14.4397 15.4451 3.73203 23.0039 29.5809 158.125 39.8178 55.8067 5.14552 1.97498 0.54773 7.02439 12.9864 3.07715 22.3471 5.52198 9.42866e-08 70.6517
46.9042 6.83767 5.89654 0.839459 12.8187 19.5245 3.73203 26.1511 29.5809 158.125 39.8178 55.8067 0.186028 1.97498 3.81585 12.1562 12.9864 3.22454 2.31145 16.5171 9.42866e-08 70.5766
54.3067 6.83767 4.28675 0.839459 13.7263 29.0317 3.73203 17.6982 29.888 158.125 36.6561 55.8067 0.981519 4.38587 6.38732 7.93145 8.79793 5.08511 2.31145 22.9374 9.42866e-08 66.9366
51.0522 6.34513 4.28675 0.839459 13.7263 29.0317 3.73203 17.6982 33.9644 158.125 36.6561 52.6858 0.981519 4.32234 0.675726 5.80603 11.9688 4.44375 35.3087 26.7885 9.42866e-08 69.8288
39.7675 8.01026 3.64341 1.68013 13.7263 27.6756 3.73203 17.6982 32.2923 158.125 35.2265 55.8355 2.4566 0.853918 5.96304 5.51864 8.32345 3.55099 24.9756 17.0541 9.42866e-08 68.0627
26.1786 9.20946 2.47273 0.779186 19.6914 25.6513 3.73203 16.2184 40.0793 145.249 35.2953 53.2501 2.67891 1.16805 5.96304 4.91401 9.31471 8.50292 25.1236 16.6686 9.42866e-08 71.6972
26.1786 9.20946 4.0185 0.779186 19.6914 25.6513 0.53267 19.5943 35.225 140.753 39.2284 57.0167 3.61926 0.318908 5.08886 5.94069 12.6456 8.50292 27.4799 9.47931 9.42866e-08 75.0164
8.95325 2.21875 11.2792 0.779186 19.6914 26.1849 0.53267 19.5943 35.225 140.753 48.1934 49.6367 3.48838 0.318908 3.70919 9.99664 19.6237 2.87946 8.67459 12.9722 9.42866e-08 72.8227
8.95325 3.22614 13.4887 0.790451 19.6914 21.2562 6.12222 19.0593 36.1181 144.33 47.5152 43.6451 1.19467 3.42896 1.43937 12.2232 17.3059 3.16205 15.3253 12.9722 9.42866e-08 73.8833
12.9522 1.08611 16.5177 2.87103 21.5501 17.6295 6.12222 19.355 31.8134 144.33 49.7439 41.1618 11.4435 5.03132 11.423 8.54565 11.5192 2.87286 4.73084 14.0558 9.42866e-08 75.0831
10.2154 2.19068 16.5177 0.420052 21.5501 15.5173 9.13998 19.2686 31.8134 146.814 45.7496 41.1618 11.8017 4.20848 10.7108 8.54565 11.565 1.49482 3.67045 16.3584 9.42866e-08 73.5323
10.2154 2.19068 16.7627 0.174014 13.897 15.5173 9.13998 22.9603 35.7212 146.814 45.7496 41.1618 11.1677 0.410916 10.7108 13.8775 10.3443 12.4454 8.35135 11.5908 9.42866e-08 79.4369
10.2154 2.19068 18.9549 0.690782 13.897 12.3509 6.08429 23.425 39.7274 148.087 47.2908 40.1682 6.91858 4.77135 7.72504 15.0131 8.17982 10.5549 7.09369 11.5908 9.42866e-08 72.2985
10.2154 2.19068 18.9549 0.783015 12.903 14.1276 6.08429 23.5451 39.7274 146.39 47.2908 37.5328 6.91858 4.09611 10.0746 15.4823 8.66571 10.7861 6.31954 5.21834 9.42866e-08 72.8941
8.99223 2.35498 19.131 0.169022 12.903 14.3698 4.6453 20.5417 42.8869 144.487 51.1399 39.2671 8.06549 4.69751 7.21449 11.6901 3.44919 4.33285 7.32686 21.377 9.42866e-08 71.8998
32.4494 0.773816 17.1137 0.169022 22.6941 6.6884 6.55155 20.8627 42.8869 146.208 48.0371 39.2671 5.23328 6.72875 5.63801 11.2595 6.38139 3.72958 17.5357 44.9264 9.42866e-08 73.2735
25.5744 0.773816 17.1137 0.169022 22.9402 7.40865 6.55155 18.6637 42.8869 145.756 43.805 44.3978 5.33239 7.39777 10.5236 11.2595 6.38139 3.30222 16.0746 52.4454 9.42866e-08 72.6339
24.4279 0.773816 17.0271 0.204186 22.5837 7.40865 6.55155 20.5446 42.8869 144.578 43.805 49.4301 7.02738 0.451448 8.06933 12.6585 6.57504 3.08808 5.18642 30.0148 9.42866e-08 70.5671
24.4279 1.36783 17.0271 0.482636 22.5837 6.80926 5.66887 21.1152 42.4166 143.39 43.805 48.8836 5.55096 0.451448 13.3463 5.11285 8.18013 2.97773 5.79692 29.9997 9.42866e-08 71.4922
16.3409 1.36783 17.0271 0.482636 22.5837 7.71805 5.66887 22.2697 34.1601 154.127 43.805 47.6471 6.28821 0.738008 10.886 7.28912 1.56512 3.63517 38.3713 8.68079 9.42866e-08 72.254
16.3409 1.36783 17.0271 0.482636 22.5837 7.71805 8.1669 22.2697 34.1601 149.35 43.805 47.3516 2.44944 2.12623 10.886 15.6828 1.56512 4.6511 1.72505 39.3634 9.42866e-08 71.6306
15.8852 1.36783 17.0271 0.482636 20.9037 7.71805 10.4515 22.4997 34.1438 149.35 45.6919 44.5995 4.95237 1.53059 12.47 16.3578 1.56512 2.71027 3.50354 43.813 9.42866e-08 71.6738
15.5695 1.36783 17.0271 0.482636 20.9037 8.18856 10.2283 19.8784 33.2766 158.279 45.6919 44.5995 1.676 3.68882 8.58716 10.5206 1.56512 1.5676 14.3399 33.8295 9.42866e-08 72.2046
15.5695 1.36783 17.0271 0.482636 20.9037 8.18856 10.0642 18.4774 24.2792 158.279 47.6646 46.3833 0.293023 4.77446 10.6368 21.8452 1.56512 1.5676 10.314 65.0222 9.42866e-08 76.8269
7.41374 1.36783 14.2224 3.59039 27.9598 8.49499 10.0642 18.8715 24.2792 158.279 40.2527 47.984 1.13678 4.77446 10.6368 21.8452 1.56512 1.5107 7.07964 49.1688 9.42866e-08 76.2346
15.1773 1.03267 14.2224 4.03825 27.9598 4.55514 0.967433 17.746 40.5597 157.364 48.7073 38.8834 0.728165 4.77446 12.0364 13.7593 2.02035 3.89589 22.8223 16.7084 9.42866e-08 77.726
36.7577 2.28903 6.96339 7.31991 30.2176 4.55514 0.841664 16.9285 43.4354 157.364 43.144 35.985 1.11856 6.37544 8.3548 16.6949 2.02035 3.71912 20.8153 15.5948 9.42866e-08 75.0661
19.5134 2.7372 6.96339 6.55963 30.2176 5.60039 0.841664 16.9857 43.9972 157.364 43.144 36.9378 2.87937 6.27583 6.79925 10.9016 4.63099 6.41421 20.7174 25.7777 9.42866e-08 71.9189
35.3659 2.64874 6.96339 5.67747 30.2176 5.60039 0.841664 16.9857 43.9972 154.519 44.7539 36.7012 3.57816 4.77044 10.4547 10.9016 2.53602 8.21373 22.5566 11.561 9.42866e-08 70.9167
35.3659 2.64874 5.93572 5.67747 30.2176 5.60039 1.52525 17.3615 44.3059 154.519 45.2057 35.5085 3.92087 2.92256 8.44644 10.0815 6.16351 13.154 17.6746 11.561 9.42866e-08 70.8643
41.6803 1.40512 5.93572 4.66881 30.2176 6.94667 2.89721 12.9991 44.3059 154.519 48.9816 35.5085 3.37029 5.45035 9.58647 9.50846 5.21573 8.6984 18.2342 21.0995 9.42866e-08 71.4093
33.6022 1.40512 4.9596 4.04772 30.2176 10.134 1.96375 8.26861 53.0437 149.205 54.9748 33.0421 1.19863 5.45035 7.81475 5.42864 11.1019 4.12288 22.7123 10.6562 9.42866e-08 71.2715
41.6999 0.260207 4.77064 3.19636 29.8302 10.134 1.0155 7.61909 52.0271 145.229 58.0782 36.3048 7.89314 9.23019 7.53239 5.91353 6.9422 0.136463 20.6267 12.9596 9.42866e-08 69.8735
34.8061 0.260207 5.4616 2.10537 29.8302 10.4665 4.46866 7.61909 54.2634 143.639 58.9285 35.42 8.19672 4.08029 6.11605 8.87319 5.85238 2.55699 20.6267 14.3551 9.42866e-08 70.9184
33.4634 1.0447 4.27046 2.10537 30.6387 13.6537 1.70131 2.748 53.6282 137.17 58.3768 47.975 0.559052 1.4973 6.24575 16.9207 1.89787 1.70039 17.1339 18.2884 9.42866e-08 74.1439
33.4634 1.0447 3.18272 2.76793 37.9253 3.23304 4.04382 4.06122 61.3804 138.18 53.5369 43.5807 3.92499 6.14347 5.83673 13.4823 1.45911 1.85256 7.29273 10.2956 9.42866e-08 68.7221
35.05 1.0447 1.29707 4.67618 37.9253 3.23304 4.19561 4.06122 61.3804 138.18 52.9249 43.6685 5.5595 6.14347 11.318 13.4823 9.64332 1.68306 7.29273 1.18078 6.00983e-06 74.1901
40.2649 0.161613 1.29707 5.91006 37.9253 3.23304 0.8126 4.06122 61.3804 136.185 55.4652 44.9438 17.8723 6.14347 7.00765 2.44483 7.29252 1.77826 1.26597 7.05887 6.00983e-06 76.5751
42.4775 0.161613 1.29707 5.55965 37.9253 3.23304 0.8126 4.06122 61.3804 122.323 66.3637 47.4029 17.5672 9.1713 5.7482 2.44483 4.06175 1.84294 6.08753 1.82767 6.00983e-06 74.5806
46.832 0.974658 1.29707 5.7463 37.9253 3.23304 3.5404 4.06122 61.3804 122.493 66.1108 42.0302 14.4681 10.2561 5.86457 1.50209 5.57588 0.982453 6.08753 21.2304 6.00983e-06 75.1087
48.4266 0.763145 1.03796 5.5682 37.9253 3.23304 3.56834 4.06122 61.3804 122.493 68.9595 42.0302 1.99855 10.2561 5.02761 6.43148 10.5218 4.10064 4.75951 24.3814 6.00983e-06 72.8192
47.3998 0.246661 1.03796 3.76643 37.9253 3.23304 3.3718 4.06122 61.3804 123.023 70.8315 42.0302 14.6792 9.64159 6.17758 6.43148 10.5218 3.99743 7.82933 24.3814 0.00996665 80.6976
46.7623 0.781767 5.20574 3.76643 37.9253 0.723908 4.03859 2.99673 61.3804 123.023 69.8832 42.0302 15.8338 9.64159 6.17758 3.49481 0.489961 1.86643 7.80597 39.157 0.00996665 79.6735
40.3897 0.781767 5.20574 4.56433 37.9253 0.723908 3.06308 2.99673 61.3804 128.314 70.5274 40.6399 4.4038 5.00788 8.36171 22.2836 3.26533 1.08288 5.3698 55.664 0.00616762 82.1063
42.9465 0.849858 5.9981 4.56433 37.9253 0.723908 1.61328 2.99673 61.3804 123.949 73.5478 34.5024 3.54453 5.00788 8.36171 28.3926 7.24756 1.57014 2.06632 55.664 0.00616762 83.4659
43.0231 0.382412 5.9981 4.63747 37.9253 0.723908 2.02893 2.99673 62.8267 123.949 71.2844 36.3375 3.54453 5.00788 10.1606 28.3926 4.14983 2.92247 4.96583 34.8676 0.00493805 81.278
43.0231 0.382412 5.93375 5.06438 37.9253 0.723908 1.72072 2.99673 62.1125 125.253 72.011 34.4502 2.73871 5.00788 6.34536 21.532 4.14983 2.95073 8.15168 40.7501 0.00282839 78.9885
55.0463 0.899807 5.67406 3.12049 38.2534 0.723908 3.29224 2.99673 62.1125 121.508 70.8158 40.9655 0.905806 7.52652 9.93776 12.6756 10.5648 4.66282 7.05092 11.9619 0.00114814 81.6078
55.471 0.478574 4.40452 3.47847 38.2534 0.723908 2.01929 2.99673 54.5826 128.188 70.9238 44.7839 4.98211 5.0035 15.9218 12.2201 8.11644 1.46273 7.52959 45.1558 0.00104532 81.4291
54.562 0.478574 1.21109 3.36706 38.2534 0.723908 6.89807 2.99673 54.5826 129.589 71.2394 42.7123 1.96916 6.25572 4.58069 12.446 8.11644 1.41718 7.9463 35.5791 4.02836e-05 75.1098
38.616 2.65248 1.21109 5.03358 38.2534 0.723908 5.40119 2.99673 57.6869 120.585 69.7812 48.0076 7.99919 13.6243 5.18178 9.68482 1.9612 0.422591 15.7448 22.9698 4.02836e-05 77.532
38.616 2.9148 1.21109 5.03358 38.2534 0.723908 7.42344 2.99673 57.6869 120.585 69.7812 44.2757 3.62925 8.02186 4.47304 13.4478 1.9612 3.17032 10.8207 22.9698 4.02836e-05 76.6978
41.4423 5.15624 3.02276 1.9684 38.2534 0.998658 3.45862 2.99673 57.6869 124.388 69.9366 43.734 2.31628 6.57824 4.845 11.3984 13.3518 2.44756 4.26128 7.36946 4.02836e-05 74.5455
42.5905 5.15624 3.02276 1.54759 38.2534 0.998658 3.45862 2.99673 57.6869 128.172 69.8836 40.4664 2.60978 7.24233 4.3714 6.86468 9.87732 1.64113 5.47787 29.0312 4.02836e-05 74.8343
44.3436 5.15624 3.02276 1.54759 38.2534 0.998658 3.03513 2.99673 57.6869 128.172 69.0956 40.4664 8.69067 8.0285 3.38875 9.142 5.11195 1.73858 0.877047 22.9524 4.02836e-05 74.4549
44.6648 5.15624 3.02276 1.54759 38.2534 0.998658 3.03513 2.99673 57.6869 128.467 69.5016 41.699 8.69067 11.8773 4.39407 9.142 5.11195 1.73858 0.877047 22.9524 4.02836e-05 75.6774
48.1162 5.02106 4.19007 1.54759 38.2534 0.998658 3.03513 6.75777 57.6869 126.254 72.6429 41.7462 9.62989 2.78789 6.34629 6.91191 8.67517 1.73858 8.46697 37.9511 4.02836e-05 80.8497
55.7644 5.02106 4.19007 0.857069 34.3815 2.69699 3.03513 4.76123 57.6869 126.254 72.6429 42.4703 11.3878 0.310289 5.49005 7.80613 9.1558 0.593717 10.571 37.9511 4.02836e-05 75.0727
72.6002 4.04722 4.37623 1.68982 34.3815 0.0621675 1.82687 5.78438 63.857 126.254 68.2881 38.4954 8.41132 0.729247 5.13958 13.1458 8.6899 4.43933 3.03906 51.9014 0.00010115 79.7531
50.2999 4.04722 3.27564 4.00762 34.3815 0.0621675 4.2809 1.92787 63.857 125.718 68.4716 38.4954 9.24906 0.729247 3.55751 13.1458 9.19206 1.07273 11.9225 26.117 0.000606311 77.1267
65.7475 4.04722 3.67453 3.34358 33.4071 0.0621675 4.2809 3.55355 63.857 126.508 68.4716 38.4954 9.24906 1.07704 1.4254 8.50428 9.19206 6.59786 3.60089 6.2169 0.000963124 78.3067
65.7475 4.04722 3.73528 3.34358 33.4071 0.0621675 4.2809 3.55355 63.857 126.508 67.8865 38.4954 8.8727 1.20288 1.4254 8.50428 9.19206 7.69973 3.60089 4.23975 0.00028789 76.8156
65.7475 6.57848 3.07031 1.06171 33.4071 0.0621675 4.2809 7.28778 60.6622 127.597 68.7889 38.0357 5.45725 0.952365 1.69825 9.61996 12.966 4.54367 4.74259 0.643639 0.000346022 78.4739
65.7475 6.35491 1.55472 1.06171 33.4071 0.0621675 5.23191 7.28778 58.7818 126.164 67.9087 41.5017 6.144 1.52932 1.69825 8.94741 12.966 4.54367 33.1006 30.8618 0.000313213 80.4126
59.7395 5.31707 3.2944 1.06171 33.4071 0.0621675 5.0749 7.28778 58.7818 125.093 71.8636 42.8106 6.01797 4.34867 2.28257 3.78663 7.36377 13.4712 30.2668 12.1481 0.000313213 80.7201
53.6212 6.15236 3.2944 2.05379 33.4071 0.0621675 5.0749 14.0464 58.7818 118.796 66.1494 42.5902 3.04693 4.74965 0.52927 3.78663 10.2672 27.9115 2.50643 7.9297 0.000328097 80.0667
53.6212 6.15236 3.2944 2.51741 33.4071 0.0621675 4.91735 14.0956 58.7818 117.256 66.4367 40.4745 3.82346 0.284794 2.43593 3.78663 13.2559 14.3369 2.50643 28.1847 0.000385107 79.3009
53.6212 6.15236 3.2944 2.51741 33.4071 0.101742 6.17914 6.7686 66.5064 107.598 75.4888 46.2792 3.82346 0.877995 2.48957 3.78663 9.65258 12.7108 49.7979 17.2069 0.000627214 79.1705
51.9439 7.01414 3.06749 2.10624 33.4071 0.101742 4.34835 6.7686 68.0464 107.598 75.1655 41.557 1.45734 4.04163 2.48957 2.24228 15.9991 12.7108 27.7388 12.9663 0.000515957 76.7749
51.9439 7.88127 3.06749 1.5861 33.4071 0.101742 6.39731 6.7686 68.0464 107.598 75.1655 41.557 1.45734 4.04163 2.48957 2.24228 15.9991 9.93278 27.7388 12.9663 0.00339635 79.6454
51.9439 7.88127 3.06749 1.5861 33.4071 0.101742 6.39731 6.7686 68.9942 107.598 74.0356 41.557 4.74399 6.41565 1.44304 2.24228 16.7069 9.93278 2.5668 12.9663 0.00127654 78.6707
51.1289 7.88127 3.06749 1.5861 32.9229 0.101742 8.49838 6.7686 68.9942 107.598 76.6687 41.557 4.39193 4.16821 8.70879 2.24228 7.90096 6.32748 22.663 64.6676 0.00243697 83.0174
51.1289 7.13404 3.06749 1.31379 32.9229 0.101742 7.63162 3.93026 68.9942 107.112 74.5867 41.557 10.4366 1.74892 8.46474 5.1951 6.0044 8.51536 4.19405 58.0074 0.00299688 79.0971
47.854 7.33895 3.69552 1.55713 32.9229 0.101742 8.11725 3.93026 68.9942 109.026 73.9203 37.8338 7.54323 1.12727 5.04001 3.47425 13.0297 8.64772 9.80568 12.5155 0.00230126 78.6563
47.854 7.33895 4.11619 0.82865 32.9229 0.101742 7.18221 3.93026 68.9942 109.026 77.0774 37.5507 14.7309 0.250532 3.65054 8.27884 8.77919 6.96095 11.6366 12.5155 0.000220006 74.9495
47.854 7.33895 4.11619 0.82865 32.9229 0.101742 7.18221 3.93026 68.9942 109.168 76.8206 42.8189 12.8756 0.250532 2.50007 4.76094 9.02789 7.02152 18.8926 11.0017 0.000220006 76.3217
47.854 7.33895 4.11619 0.82865 32.9229 1.61948 7.18221 3.93026 68.9942 108.352 76.8206 42.8189 6.3409 1.62817 2.81744 4.9193 6.77539 7.02152 26.3624 2.58982 5.74839e-05 74.643
47.854 7.33895 4.11619 0.82865 31.5655 1.61948 7.18221 9.85972 63.1173 108.352 76.3902 48.9642 6.8412 1.62817 3.32553 4.43384 7.21395 6.40276 18.7449 12.904 5.74839e-05 73.7101
38.253 7.33895 4.72543 1.63695 31.5655 1.61948 8.11396 6.6761 63.1173 108.352 76.3902 48.9642 6.44641 1.91531 2.72485 3.68425 7.21395 9.11022 1.37299 13.6628 5.74839e-05 75.1284
55.8239 7.37283 3.86089 1.26594 30.0386 1.61948 8.44255 0.88209 63.1173 117.018 69.7841 52.1793 6.08597 2.2555 3.23158 6.75761 4.32717 6.65674 5.60373 11.2225 9.35913e-05 72.0133
55.2273 7.37283 3.14556 1.83201 30.0386 1.61948 8.44255 0.88209 63.1173 117.018 68.9204 59.2379 6.08597 2.60631 0.379102 1.00103 4.32717 8.34992 3.27349 11.5596 9.35913e-05 75.8992
50.8911 7.37283 2.30165 3.90626 28.2829 0.690933 12.9655 0.88209 57.5161 120.316 70.1076 56.858 3.8052 0.752757 2.19111 2.0019 8.21571 4.23765 5.30877 14.4699 9.35913e-05 74.2475
50.8911 6.62372 1.94997 4.4013 29.3637 0.690933 12.9655 0.88209 57.5161 120.827 75.4017 56.858 1.30883 2.3815 4.09813 4.66851 8.74811 2.58169 11.2638 21.4457 9.35913e-05 74.4381
50.8911 7.33012 2.54224 5.80519 25.1778 0.607897 17.5971 0.788027 57.5161 120.827 65.8087 49.8146 11.6724 3.73707 4.44017 3.15509 10.0064 0.157912 12.2353 19.367 9.35913e-05 76.1193
50.8911 7.33012 0.998503 5.39201 25.1778 1.9931 17.5971 0.788027 56.2599 119.302 65.8087 49.5333 10.8918 4.20313 3.40455 3.66266 9.47333 5.46636 13.7621 13.3173 0.000836797 74.5559
50.8911 7.33012 1.31418 5.39201 24.101 1.9931 17.5971 0.788027 56.2599 120.354 65.8087 49.5333 12.9762 4.42344 1.56647 5.01366 6.88884 6.58316 11.294 13.3173 0.000506181 74.5762
50.8911 7.33012 1.22905 5.20586 25.4574 9.33597 15.5138 18.4182 38.2996 119.426 66.6783 41.8669 13.6512 5.45449 1.83732 2.00096 11.0882 4.03596 10.2982 27.713 0.000661283 74.3786
56.539 6.58558 1.01111 3.8068 27.1777 9.48787 17.9058 18.4182 35.7087 122.897 61.8897 49.7588 13.9138 0.140801 2.34576 1.88715 10.856 6.30822 5.24683 31.7506 3.11425e-05 77.3314
56.539 6.56997 0.82165 5.51349 27.8043 7.23005 15.6571 9.47702 35.7087 121.816 74.8961 42.5807 5.48534 3.86404 0.895672 0.821414 2.77586 23.0468 12.414 15.4221 3.11425e-05 71.8551
56.539 5.24066 1.53007 5.51349 26.8483 7.23005 16.265 11.0934 35.7087 122.488 74.254 43.8174 3.28175 2.41392 2.21626 3.42687 2.77586 24.3931 20.7627 14.8954 3.11425e-05 73.2852
48.3147 7.26333 2.04372 2.26896 30.0645 7.1935 16.265 11.0934 35.7087 119.976 74.254 41.1712 4.41821 2.70863 2.97343 4.76102 5.08082 24.3931 13.2842 44.4237 3.11425e-05 74.7003
56.2113 8.12822 2.0733 1.91897 27.4129 5.98789 21.5749 11.0934 35.7087 121.061 69.6467 42.8118 4.69668 2.98809 5.60569 4.76102 1.11499 22.6304 3.81419 26.5798 2.57036e-06 71.5219
56.2113 6.28782 2.0733 2.16392 10.9134 23.0527 21.0595 11.0934 37.929 121.061 69.6467 42.8118 4.54629 3.18363 8.9732 4.76102 1.11499 17.9815 4.60802 24.8847 0.00155326 74.1271
53.2098 6.36168 1.94233 1.88762 8.46939 19.2277 38.3148 9.85589 35.9118 121.061 70.8148 32.7232 8.30575 8.11696 10.3741 7.53542 2.18915 17.2227 20.3652 29.3134 0.00115983 79.706
48.944 6.9936 2.82935 1.92566 7.44044 18.7674 22.2512 9.07237 43.5898 121.061 70.8148 34.9289 5.75879 9.3159 10.3741 10.542 14.9487 3.43559 61.1369 14.6792 0.00241212 80.8063
46.4764 7.71588 1.44521 1.04062 7.10945 18.7867 24.354 18.8775 40.5775 125.57 70.0507 33.8193 5.05893 11.9045 9.55488 6.90929 8.95063 2.91055 15.5361 36.8495 0.00199725 81.1809
55.9759 9.09071 2.67319 1.08618 13.095 16.2857 27.9305 5.48196 40.2068 125.57 70.0507 38.7711 4.57084 10.9394 13.6279 2.41024 7.01917 2.91055 18.7418 29.682 0.000269116 76.9315
51.4375 6.62774 3.61742 2.24481 14.9009 16.4645 22.1503 5.485 40.2068 132.264 70.0507 41.549 4.90039 11.2868 9.33877 1.00652 2.58111 1.69593 0.990028 33.4474 0.00076871 74.0506
55.9643 6.29721 1.54433 3.87069 14.7938 16.1512 22.4724 4.52748 40.2068 129.041 70.0507 39.972 0.314536 11.0761 6.96817 2.21081 11.1681 3.1336 17.8562 29.8462 8.058e-05 72.9577
60.8177 8.13953 5.56421 3.70108 11.7113 16.0293 19.5445 4.52748 40.2068 129.041 70.0507 44.7449 3.84344 11.3593 7.11717 3.42637 7.29487 3.93896 9.6242 66.1531 0.000238215 78.8501
54.9649 5.9829 10.6103 2.4091 8.66836 16.0279 22.6511 4.52748 42.8111 121.228 66.0897 58.7698 0.75627 10.9149 7.19049 11.4498 1.60922 6.85917 8.54313 57.221 0.000304228 80.7854
55.0841 5.20462 10.6103 2.60433 11.5138 16.0279 15.9568 4.52748 43.6655 120.086 66.0897 59.7767 0.75627 7.78753 7.89294 8.12052 1.60922 6.92716 8.54313 1.76797 4.39588e-05 76.1777
56.9971 5.62763 9.45979 3.45577 6.06628 16.0141 16.1379 12.8073 43.6655 120.086 66.0897 54.3063 3.15929 1.44242 2.36889 16.2632 2.00456 6.02379 25.1681 7.77778 0.000157685 73.8375
63.5836 5.62763 9.45979 3.45577 3.62949 16.0954 19.4492 12.8073 43.6655 115.367 66.0897 60.506 5.29195 4.39275 0.818846 12.3313 1.97042 6.02379 18.9693 4.63212 9.27781e-05 74.5747
68.3615 4.62183 9.45979 3.45577 3.62949 16.2086 18.025 14.2838 43.6655 126.16 66.0897 53.6491 2.05782 0.84707 5.85387 7.60884 1.65612 4.4923 17.8443 4.63212 0.000248112 73.988
70.6554 3.80352 10.9371 4.83203 4.30132 13.9385 21.394 6.61648 43.6655 126.16 66.0897 57.4081 2.43271 0.621022 7.97639 9.46733 2.35039 2.42287 7.72817 7.68239 0.000248112 73.9642
55.3572 3.80352 11.2269 3.44851 8.25826 13.9385 19.0224 6.61648 43.6655 134.199 66.0897 57.4081 2.43271 0.621022 8.38983 6.86219 1.57268 1.98341 7.72817 14.5239 0.000248112 76.0503
34.8219 6.41901 2.24149 2.20265 18.8336 12.355 19.6516 6.61648 41.9187 134.199 66.0897 47.8361 6.82293 0.300482 10.7254 6.40229 1.57268 2.47308 9.41911 6.0154 0.000248112 74.3255
34.8219 6.41901 2.24149 2.20265 18.8336 12.355 19.6516 7.44998 41.9187 134.199 66.0897 47.1917 6.75546 0.300482 11.1152 6.23671 5.57594 2.47308 9.41911 15.2895 0.000248112 74.8334
69.9596 4.37792 9.36616 2.13595 9.18225 11.2619 19.6516 7.44998 41.9187 134.199 65.516 44.8644 6.62562 3.32055 8.93601 2.2004 9.11393 6.72879 11.762 13.1186 0.00093543 73.2144
65.6333 3.48266 10.8757 3.02141 9.18225 12.145 19.8591 7.44998 41.9187 124.543 74.5178 44.0726 6.67723 0.996579 7.58928 3.38601 12.1194 4.64689 5.75255 23.6823 0.000376839 74.537
67.2602 2.31408 11.4028 3.12989 9.18225 12.145 19.8591 7.44998 39.4473 124.543 74.5178 44.0726 3.47891 3.20176 11.3763 6.70666 12.1194 4.64689 7.62351 27.4569 0.000571175 73.9818
67.2602 2.31408 11.4028 3.12989 9.18225 11.4008 19.8591 8.90127 39.4473 124.543 74.5178 48.419 5.27165 3.18815 11.3763 6.70666 4.71604 4.64689 2.79755 27.4569 0.000571175 73.441
61.4874 2.18444 11.2611 3.12989 9.18225 11.4008 24.1664 8.90127 38.3563 124.543 76.656 38.2224 7.36512 3.88852 11.1814 7.52177 8.76952 1.11403 5.63613 68.0401 0.00217997 79.8811
50.7455 2.96885 10.4713 3.91572 8.14725 11.4008 24.1664 16.4808 34.5705 124.543 79.1204 34.5017 6.70069 2.22527 8.99927 9.18937 6.53303 4.05793 3.38425 35.5008 0.0052007 76.573
53.8667 3.28915 10.3684 1.49198 18.6128 10.1978 24.1664 20.5236 24.9498 119.002 79.1204 40.1852 5.7673 2.28724 8.20905 4.95931 14.7544 3.41212 4.00914 10.8256 0.00742073 76.5561
58.9298 3.17244 9.47597 2.31257 18.7748 10.1978 24.1664 11.9645 24.9498 114.008 90.4909 40.1852 8.84985 3.52046 11.6903 8.36274 12.9431 3.30252 13.7472 0.877216 0.0129382 78.927
63.3793 3.17244 8.80275 2.31257 18.8013 10.1978 24.1664 17.616 22.1491 117.292 87.5826 37.0583 5.84215 4.70313 18.459 8.36274 10.8878 1.81 12.6152 0.877216 0.00803906 78.3406
51.9578 3.76153 8.82437 1.83821 18.7208 10.1978 24.1664 18.0087 28.3885 119.37 85.4892 34.1093 5.88538 3.42876 6.48527 11.2655 9.33641 1.96961 3.18257 42.4896 0.00346222 78.1712
50.3069 2.80242 11.6897 1.06722 19.0144 8.97938 21.1392 17.8634 27.3677 118.251 84.4989 42.5941 3.83209 0.627262 5.1649 18.525 0.919357 1.81715 1.81243 56.6413 0.00921076 80.7016
58.0469 1.5787 11.6897 1.08417 19.0512 12.3417 21.1392 28.5847 24.5365 111.824 81.1662 42.5529 4.84934 2.91164 4.38207 15.4282 0.515587 2.47197 14.9671 59.0777 0.00134613 79.6674
40.0407 1.5787 13.6252 1.08417 19.1482 11.5392 20.4911 22.4903 24.6702 115.02 88.3975 37.5787 8.02784 4.85206 4.38207 8.16125 6.82707 2.56258 16.0195 61.3257 0.000330857 76.3282
39.5148 1.5787 15.4867 1.48169 18.9542 7.83477 20.4911 24.9968 16.9288 119.811 90.2997 32.6173 4.63896 5.39876 3.34237 10.2772 10.0951 2.50257 8.6364 48.7926 0.000643828 77.2917
40.0505 1.5787 14.1022 1.69843 18.7831 16.9889 10.3592 27.5332 19.3099 114.531 98.3284 25.7427 2.03458 12.8639 3.93883 11.4037 16.1953 4.31112 26.836 10.2498 0.000456482 77.811
39.0189 1.5787 14.1022 1.5401 18.7803 16.6145 10.3592 30.5191 16.374 112.789 98.3284 32.5158 6.08949 4.44685 4.28701 11.1704 16.1953 6.66186 16.379 24.263 0.000456482 76.6036
37.8591 0.302135 14.1022 2.9875 18.7803 15.5929 12.6026 30.5191 16.0063 108.679 102.297 28.4083 5.62087 4.65919 4.28701 5.22585 11.8691 9.26963 26.7939 23.3537 0.000456482 74.4441
30.8095 1.20506 14.1022 2.58312 18.8169 16.5259 13.9747 30.7206 14.2614 108.679 102.297 34.7538 5.88128 4.65919 4.91819 4.52424 6.53436 1.51473 19.7621 20.7675 0.000718174 76.6656
30.8095 1.20506 14.1022 2.22568 18.8038 16.5259 10.2292 37.331 15.4478 108.679 101.919 36.2917 5.08419 1.09778 6.75647 1.7276 2.85997 9.41194 35.2227 7.47292 0.00128251 77.4864
29.8159 1.20506 8.97363 2.32466 18.7995 16.5259 6.79792 38.0116 13.5764 108.679 101.919 36.2917 5.08013 5.55371 6.25811 1.7276 2.85997 9.41194 22.7663 6.30401 0.00128251 74.4029
33.3083 0.790819 9.15924 3.18626 19.4561 16.5259 4.16008 38.4393 16.1584 108.679 105.471 30.1322 4.6554 6.31923 11.1572 2.92729 0.697744 17.3518 22.3311 6.30401 0.00128251 76.6183
35.8433 1.11865 11.6236 5.58061 19.3938 17.1643 6.35383 35.4373 16.8373 102.288 105.471 30.1322 4.03978 6.45743 8.52299 2.28617 0.164469 16.2505 25.6035 10.3579 0.00128251 75.3638
46.7623 1.11865 13.3579 2.45629 19.4288 17.0069 6.35383 35.0357 16.0336 102.288 105.471 30.1322 3.11518 6.04412 10.6199 1.79668 2.47717 16.2505 19.0359 6.89957 0.00128251 74.883
32.022 0.815257 13.5518 3.4142 20.5727 18.4793 6.35383 36.7599 15.8558 104.169 101.91 30.1322 7.76035 2.04901 12.6223 4.07682 2.84702 7.52127 18.7195 7.30678 0.00128251 76.1846
34.4672 0.815257 12.9596 3.12804 20.5727 17.5713 6.35383 34.2265 16.7437 104.169 101.91 30.1322 7.76035 7.68442 12.6223 4.07682 1.88218 6.19437 18.4762 7.6482 0.00128251 74.574
36.2435 0.506086 8.13881 3.92321 17.7502 16.7091 8.38119 35.9547 17.8156 108.649 103.255 30.1322 6.5858 6.5469 9.66307 8.64747 6.34953 1.36649 4.92928 39.3977 0.00128251 74.5931
36.7902 0.506086 14.5418 4.14057 17.9889 15.9039 10.1015 33.4548 17.3763 108.649 103.255 26.7696 8.43521 1.54457 10.8627 4.36066 13.8506 2.01344 3.22465 21.9031 0.00128251 76.2069
26.7513 0.506086 14.5418 4.14057 17.9889 16.6117 10.1015 33.4548 14.1107 108.649 103.255 28.8635 9.53255 1.54457 10.8627 6.66048 3.32452 1.49885 2.53807 30.7945 0.00128251 76.007
23.3733 0.506086 14.3724 4.14057 18.264 16.3542 10.3292 33.3945 12.1434 113.549 98.5298 29.4888 16.1889 1.54457 14.7116 0.99727 5.36717 1.49885 1.62214 18.3949 0.00128251 78.4536
23.3733 2.18217 14.3724 3.20632 16.1214 16.6414 11.795 33.3945 12.1434 113.549 99.9591 29.4888 16.1889 1.54457 9.7064 1.39907 7.31126 1.46957 1.23133 9.41868 0.00128251 77.078
25.5602 2.12621 14.3724 2.32393 17.5111 16.9683 11.795 30.7436 9.10838 113.176 99.9591 36.974 15.9745 1.54457 9.7064 1.39907 7.70502 0.690543 43.1907 11.2363 0.00128251 81.3194
25.6985 2.12621 10.1668 3.24648 18.6534 18.5115 11.795 30.7436 12.417 109.044 99.9591 34.0427 13.8251 1.77588 7.03501 1.36173 12.0025 0.690543 29.3353 10.1326 0.00128251 78.5247
40.3468 0.720438 2.0307 4.37154 23.3999 18.6216 18.7841 30.6938 7.72512 109.044 99.9591 34.0427 5.49794 14.6931 4.93869 4.81794 10.2198 2.27045 0.442436 11.2388 0.00128251 75.5128
42.0665 2.16333 3.09467 1.89473 19.5197 16.915 12.523 30.6938 18.6833 112.153 99.9591 34.4704 4.95236 12.689 4.71841 3.09082 8.1377 4.97598 24.6346 6.226 0.00671245 76.4168
40.0055 3.2491 6.19049 6.88119 21.1217 16.6334 8.55601 30.6938 12.356 117.668 99.9591 19.8299 10.906 8.50044 10.7775 9.96071 3.3723 3.04996 26.2739 11.2503 0.0179002 82.6747
39.4031 3.2491 3.74778 10.9638 18.1035 15.8918 10.5994 38.599 8.8582 117.668 99.0599 23.8656 1.00932 9.16145 12.2924 9.10149 5.45253 3.72994 1.55503 21.7158 0.0151905 79.5677
29.1656 2.57261 2.92479 10.9638 20.7633 16.0189 8.68866 34.8639 8.24829 117.668 99.0599 30.744 1.00932 8.46521 7.15041 17.0258 0.785232 5.24895 14.6729 15.6848 0.0140439 78.5662
36.9177 2.57261 2.69409 10.9638 20.7633 15.9218 9.44708 40.2092 8.98478 128.552 99.0599 7.69535 0.116698 9.38408 5.53882 24.5977 0.785232 5.75224 6.97204 20.785 0.0154687 83.0669
24.7144 3.88936 2.41611 10.6707 20.0109 16.5309 10.1226 40.8245 6.17851 130.973 99.0599 8.56536 4.68882 10.21 1.81864 23.6357 2.18068 2.88785 16.2064 12.4783 0.0139101 84.7403
38.0079 3.88936 2.2488 11.2127 18.6599 16.5309 10.0244 41.3966 4.11667 130.973 99.0599 8.56536 8.74323 0.602742 15.1015 11.4558 2.20347 2.95616 16.0705 10.6282 0.0149626 82.6992
38.0079 3.88936 2.33604 11.2127 19.4657 16.5309 10.0244 41.3966 3.46879 130.973 99.0599 8.56536 7.44906 0.602742 19.1465 11.4558 2.20347 3.04669 14.895 5.6127 0.0185002 84.0436
27.1156 3.88936 2.71161 11.0841 19.968 16.5309 10.7902 38.4182 3.46879 133.322 99.0599 8.56536 9.63929 11.6896 10.6322 12.78 2.20347 4.78078 6.68972 10.1418 0.000273418 82.1589
38.098 2.51523 2.65218 0.709068 25.9563 21.096 10.7902 34.0179 5.78377 123.195 96.5892 28.1722 7.97619 12.0508 7.00538 11.441 6.0567 6.83985 4.60761 13.7965 0.000696591 78.6356
107.508 2.51523 2.65707 1.3726 10.8809 25.4931 18.9802 36.4574 5.53518 114.886 96.5892 25.6551 8.367 11.4151 6.05574 11.441 6.51815 10.6958 4.60761 13.7965 0.000246377 77.9008
107.508 1.36406 2.6355 1.3726 10.8809 25.4931 17.6219 37.9592 5.53518 114.886 96.5892 25.6551 4.82073 3.79737 6.05574 11.441 6.51815 9.66071 23.1711 13.7965 0.000246377 74.8002
107.508 1.36406 2.74824 1.95974 10.8809 23.6906 17.409 38.7058 3.27055 114.886 96.5892 34.3487 6.4943 10.5871 2.77225 19.9044 1.21938 9.08308 34.7708 13.7965 0.000246377 80.9951
99.6761 2.26236 3.24424 2.05463 12.9833 20.9009 19.537 42.8853 2.13736 120.321 96.5892 17.8182 5.86719 11.8946 3.08148 14.5066 1.21938 8.17187 4.51655 5.36191 3.7621e-05 74.2093
68.4571 2.93069 3.75667 1.10593 13.5977 21.7272 23.2366 42.8853 1.56457 127.641 75.0307 27.6824 3.60417 14.2666 2.4579 14.5066 1.21938 7.25981 4.74958 5.36191 3.7621e-05 76.429
102.323 1.94571 1.92926 3.05536 8.92115 20.2616 30.8819 42.7197 2.29135 108.504 103.818 27.6824 4.56744 2.91342 0.513564 7.77129 6.38981 6.57664 7.38689 10.9963 3.7621e-05 76.5308
99.3397 2.20114 1.12129 0.953616 13.3589 22.0412 21.6759 42.8353 0.0827035 112.181 103.048 30.196 0.470074 4.60944 0.445808 14.68 4.09005 5.35507 10.6409 24.0855 3.7621e-05 76.3251
99.3397 1.69382 0.631119 0.953616 13.3589 23.9659 21.6759 38.8584 1.57126 90.4933 123.658 37.2833 4.18042 4.60944 2.41471 24.4038 3.32971 5.35507 10.6409 17.9763 3.7621e-05 80.4911
100.983 2.22393 0.74362 1.38836 11.4884 23.8888 21.6759 38.8584 2.00878 90.5926 123.658 37.2833 3.5455 7.91726 2.41471 11.7831 6.23915 9.92139 3.94785 22.9445 3.7621e-05 76.8244
100.983 2.16625 1.19045 2.41032 8.89752 26.9541 21.6759 41.1145 2.00878 90.5926 127.036 22.6743 3.59447 7.17697 2.31549 7.47256 5.50961 3.2775 13.6568 35.1335 3.7621e-05 75.6109
116.915 1.92982 0.5001 3.02802 8.89752 26.9541 21.6759 41.0528 2.00878 90.5926 130.155 22.6743 3.27986 5.77231 5.0706 5.55816 11.4441 3.2775 19.783 3.31812 3.7621e-05 75.9907
116.915 1.94971 1.06996 1.40047 8.89752 26.9541 21.6759 36.6801 4.80672 85.7735 134.332 22.6743 4.00489 7.07793 4.54898 5.08455 8.75078 3.64122 36.6281 13.2737 3.7621e-05 74.4729
71.0203 3.0083 4.72829 2.0862 8.89752 29.4238 16.1072 36.5888 4.80672 85.7735 134.332 22.6743 4.07265 5.31353 7.90292 5.39831 8.75078 5.72697 37.8339 23.1707 3.7621e-05 76.0666
111.091 1.786 3.99384 1.03978 10.2877 26.8104 10.4365 36.1936 8.98198 85.7735 134.332 28.5624 4.13037 6.24905 9.0295 5.39831 6.37519 0.679586 7.59962 5.32187 3.7621e-05 72.1854
111.091 2.044 3.29036 1.30609 9.37906 26.5339 14.3239 36.0642 6.64862 85.7735 134.332 28.5624 3.93429 3.40759 15.1058 5.39831 4.15323 3.56749 8.33411 7.86138 3.7621e-05 72.4725
111.091 2.7623 3.2674 1.30609 9.37906 26.5339 13.9881 35.639 7.74064 85.7735 134.332 26.0971 4.31916 2.22082 7.24917 4.25477 2.74292 7.13985 13.09 3.43244 3.7621e-05 75.5564
111.091 0.607101 1.62898 5.10937 9.37906 26.5339 13.9881 33.3638 12.0412 85.7735 136.477 21.171 4.47472 7.28516 12.7728 4.25477 2.3888 6.44493 15.8646 18.3659 3.7621e-05 72.4471
111.091 0.607101 1.62898 5.6924 9.83121 26.5339 13.9881 31.6012 12.0412 85.7735 136.477 16.9171 1.03943 15.7517 5.62485 2.86487 3.60329 8.50407 12.2906 15.7037 3.7621e-05 73.0604
121.167 0.607101 1.16224 7.04422 7.21263 26.7167 13.9881 27.6906 14.9148 85.7735 136.477 16.9171 7.89964 10.969 6.00499 0.264878 4.21487 9.29375 35.1187 21.527 3.7621e-05 75.0388
121.167 1.19167 1.16224 4.77909 8.01533 27.9987 13.8364 27.6906 15.9659 85.7735 136.477 16.9171 7.89964 9.92913 6.00499 0.264878 4.97502 13.2995 31.1927 19.7177 3.7621e-05 72.0797
121.167 1.19167 1.16224 4.9529 8.10343 27.9987 13.5792 27.1968 15.9016 63.1948 159.333 16.9171 5.25391 11.1472 3.40137 1.00703 5.44862 9.35171 31.1927 13.0323 3.7621e-05 73.0966
121.334 1.19167 1.16224 4.54981 4.13654 27.9987 22.5671 28.3499 15.8813 63.1948 159.333 16.9171 5.2336 11.7923 2.78248 2.24369 5.90892 4.38249 26.8789 13.6353 0.000196705 74.2725
121.334 0.895485 1.16224 4.54981 4.15794 27.9987 22.5671 23.675 16.1326 63.1948 161.099 16.9171 3.61268 11.2704 5.86935 2.00625 6.29501 4.38249 18.7134 40.2099 0.000196705 74.1077
121.334 0.524061 1.16224 5.22032 2.63992 28.9235 22.8483 25.0562 13.4632 63.1948 161.099 16.9171 3.61268 13.5601 5.86935 6.92407 6.29501 6.81615 16.99 40.2099 0.000196705 74.0231
121.334 0.524061 1.16224 5.22032 2.63992 28.9235 22.8483 25.0562 13.4632 63.1948 161.099 16.9171 3.61268 13.5601 5.86935 6.44384 8.80239 5.65051 3.73878 22.5628 0.000196705 72.6471
121.334 0.115992 1.16224 5.22032 2.68092 28.9235 22.8483 26.2075 13.4632 63.1948 161.099 16.2646 4.10593 13.5601 6.40626 8.72748 2.44482 8.92628 3.73878 30.728 0.000196705 73.1672
121.334 0.115992 1.16224 5.30812 2.68092 28.9235 22.8483 24.2345 13.4632 63.1948 161.099 16.2646 5.45486 13.5601 10.2609 8.72748 2.2561 4.69966 13.7301 10.7735 0.000196705 73.2932
121.334 0.115992 1.16224 5.30812 2.68092 28.9235 22.8483 26.2752 11.4187 63.1948 161.099 16.2646 5.45486 12.4223 10.2609 8.72748 3.21262 4.69966 13.7301 10.7735 0.000334736 73.8755
121.334 0.115992 1.65267 5.17545 1.6728 29.0961 25.1959 26.6168 12.2857 63.1948 161.099 16.2646 3.82713 7.03327 9.22037 8.82079 3.26123 6.90876 16.0328 13.9013 0.000334736 73.4326
121.334 2.85551 3.73924 3.88481 0.424536 29.0961 15.7881 34.1297 12.2857 63.1948 161.099 16.2646 3.70153 6.47311 9.22037 6.29145 2.7145 12.5117 23.877 18.519 0.000351392 79.4219
46.6844 6.58062 4.31071 3.44864 7.87503 29.0961 11.8565 29.7 10.6465 70.1476 161.099 12.3848 4.16424 4.9888 12.3411 5.65166 1.39641 6.25568 8.29279 33.9192 0.000351392 74.6751
49.3926 4.65902 4.54265 3.44864 9.43251 29.0961 11.8565 31.3362 10.6465 70.1476 161.099 12.3848 3.42519 6.05384 12.9955 8.12352 3.37251 6.81515 8.18964 29.3875 0.00192837 75.044
48.4874 4.65902 4.54265 3.44864 9.67496 29.0961 11.8565 31.3362 15.7864 66.9076 161.099 9.91487 1.95541 12.715 12.9955 2.17115 6.31266 7.46322 7.73093 19.3719 0.00131685 73.7005
51.5337 0.561357 5.95713 7.7151 8.50765 21.7124 8.86767 35.889 16.6462 66.9076 161.099 9.91487 2.02028 12.5392 10.9643 1.06837 8.31326 11.9434 5.63649 15.5734 0.000450395 75.3461
51.5337 0.561357 5.93246 7.7151 7.45776 21.7124 8.86767 42.0357 16.2825 70.2414 161.099 9.91487 2.94098 12.532 2.24693 5.35545 8.31326 8.30694 10.0193 19.4575 0.000593292 73.2956
47.8653 0.769238 3.7172 7.2908 8.62723 21.7124 8.86767 39.7606 18.9946 68.0759 158.422 9.91487 10.0604 12.7257 3.4076 1.31223 12.4073 4.12112 10.8797 12.2448 0.00139145 75.4795
35.3145 3.11684 8.87733 7.61613 13.3078 16.241 1.25622 39.2876 15.6413 96.2699 126.705 17.6396 6.17008 11.0115 2.1524 1.31223 12.8796 8.2741 9.44882 11.1106 0.00323139 78.1095
49.9956 2.97997 10.95 5.77715 10.3427 14.4472 9.01205 43.1874 9.55924 107.349 110.09 13.741 9.59507 10.0372 2.19001 6.22131 12.8768 10.9662 9.43942 24.0784 0.00826189 79.4852
49.9956 2.32607 10.95 5.77715 11.8881 15.4427 7.47921 38.7067 12.5512 111.149 110.09 21.0013 11.3126 8.54622 0.89854 4.5516 13.5739 15.377 7.02663 25.321 0.00826189 78.168
49.9956 3.40221 8.82812 5.66659 11.8881 15.4427 7.06505 38.7067 14.5889 111.149 110.09 21.0013 8.726 8.54622 0.89854 4.5516 13.5739 15.377 13.1273 26.6224 0.00467406 77.691
59.3352 3.06395 9.14342 4.61625 11.8881 13.6833 7.06505 38.7067 14.5889 109.988 110.09 23.735 9.15367 11.4695 1.71833 13.1625 12.2603 13.5426 11.0258 14.1898 0.00253708 83.5774
49.3544 2.36329 8.64404 7.29183 12.6614 13.2381 7.23191 38.0429 14.5889 109.246 110.09 24.8005 17.1676 5.63266 1.85048 8.75068 7.97881 9.72618 7.1361 30.4603 0.00922144 78.6243
55.7934 2.36329 7.11792 7.29183 12.6614 13.5956 7.23191 38.0429 16.4735 109.246 110.09 24.8005 10.6996 5.28963 1.85048 8.75068 5.63961 9.72618 3.56697 27.1446 0.0311695 77.6602
40.2106 4.3705 7.11792 8.04129 12.5928 13.5956 10.2629 35.5726 16.4735 109.246 110.09 21.475 9.13712 9.63323 1.05809 7.31476 5.6424 12.6668 45.73 36.0913 0.0269009 83.0547
40.2106 5.43934 6.91233 7.79733 10.0947 15.652 7.04465 39.3336 16.4735 109.246 110.09 20.8402 9.16946 9.37188 2.72012 7.38136 11.3677 1.24585 46.385 35.7982 0.00610071 80.3745
67.6579 5.76306 4.57618 6.65019 10.9824 15.9792 7.04465 44.0184 11.7755 109.246 110.09 20.8402 7.97687 3.89571 4.89331 11.6838 16.5317 1.24585 19.6191 31.9662 0.0008427 77.6864
59.9607 6.05146 3.6791 8.03898 11.5522 15.609 6.50942 42.8569 11.8432 109.246 110.09 22.6189 7.57785 5.17712 4.93238 10.9434 13.3878 8.79562 20.7388 36.3055 0.000920632 75.9799
64.1752 5.95393 3.28735 8.03898 11.5522 15.4843 6.50942 44.7256 11.1999 109.246 110.09 19.3518 10.905 2.62025 4.47836 14.3557 5.82761 8.49024 15.783 42.6398 0.00158583 76.7156
68.3566 5.51857 3.29864 7.00714 12.9359 15.0317 6.50942 44.5198 11.1999 107.529 109.257 19.3518 8.07532 7.6644 8.42853 13.2634 6.253 2.13902 22.6674 29.1391 0.000337186 74.5823
70.9477 4.87561 3.02743 7.00714 12.9359 22.9325 6.78061 52.0981 5.6559 116.596 89.7868 25.9743 7.21194 8.97296 1.31055 18.8601 4.31225 0.115994 28.5829 38.1953 0.000186493 79.729
46.1684 7.23773 3.7885 7.00714 12.5826 22.4657 6.78061 52.0981 7.28442 109.146 89.7868 30.8629 7.21638 3.11724 2.29021 14.7002 6.71404 0.74192 29.1277 22.293 0.000269347 73.6615
42.7822 6.88435 5.18061 7.23367 13.6027 15.2251 4.94751 60.4416 6.7798 109.146 85.6237 30.8629 2.50666 7.06298 1.88402 13.7611 12.9905 2.34602 39.883 21.7001 8.997e-05 75.3276
44.73 6.90489 5.18061 5.77907 13.6027 15.2251 4.94751 60.4416 6.7798 107.981 88.4092 33.9523 7.29029 4.60559 1.026 15.9224 3.86855 3.45754 27.6678 59.1757 0.000115322 75.2131
48.3 8.36148 5.81396 3.81737 13.1135 15.2251 5.9993 58.2773 11.6316 107.189 88.2568 32.6501 7.28451 5.54124 1.95066 13.4009 4.13288 2.69791 55.319 19.3426 9.99944e-06 72.788
48.664 8.05581 5.81396 4.19964 13.1135 15.2251 6.25366 58.2773 8.69732 107.189 87.9907 30.4407 17.1515 2.32166 1.56707 12.6893 8.09256 5.12562 54.1776 13.3137 7.22833e-05 76.0191
48.664 7.83104 4.57406 5.12155 13.1135 14.6052 6.25366 45.7397 10.3986 107.189 99.7376 32.6253 21.522 0.425033 3.31735 6.91459 4.54878 9.18716 29.1553 12.8897 7.22833e-05 74.1725
17.7834 6.98133 3.60943 10.5399 11.5765 7.32543 24.387 51.7675 2.15525 100.137 99.7376 31.9958 22.0998 1.28726 0.39919 1.46853 3.84363 10.9377 17.7252 25.7727 0.000597841 83.1369
23.5302 8.62114 3.15373 9.0523 11.5765 8.33987 24.387 51.7675 6.31006 100.137 99.7376 26.6552 21.0258 1.51728 3.69933 1.85001 0.493011 10.9377 47.9561 39.2343 0.00197988 84.0671
25.6119 6.53253 6.07225 8.62095 10.7 7.13566 24.1552 49.7387 7.5769 100.137 99.7376 30.4132 16.8657 5.22873 3.69933 4.5424 0.593324 7.80476 61.9141 30.758 0.00511316 83.4418
19.7572 6.9655 7.87688 7.89456 9.60817 6.77177 24.1552 49.7387 10.0556 100.137 99.7376 30.4132 16.0764 4.63646 3.22621 4.5424 1.92987 5.83641 35.4242 38.2715 0.00201584 80.2256
-2.13244 7.26713 7.87688 8.50783 11.7901 6.31388 24.1552 46.8209 9.72469 100.137 99.7376 30.4132 16.0764 4.63646 3.60855 4.5424 1.02154 15.1134 12.7351 44.5449 0.00201584 82.9959
-2.13244 8.22192 7.47951 9.19187 11.6896 6.31388 22.8453 46.8209 9.72469 100.137 98.835 30.7782 20.4858 4.63646 2.13785 7.34219 1.16921 8.1921 12.7351 39.4359 0.000733619 82.3029
-2.13244 7.15652 7.47951 9.19187 11.6896 6.31388 22.8453 43.5999 16.2078 100.137 97.3299 30.9132 12.6945 0.380768 6.30942 7.24168 1.88504 10.1351 11.0299 4.69227 0.000621232 78.2022
-2.13244 6.92113 7.52045 9.19187 14.2391 6.31388 22.8453 43.5999 14.8073 111.814 84.2244 30.7127 13.54 3.91048 6.33196 1.05033 0.879282 7.57423 42.0312 15.4448 0.000933264 81.2948
-2.13244 6.99252 7.52045 8.29742 14.2391 6.31388 22.8453 43.5999 14.8073 111.814 85.3757 33.5276 8.0762 3.91048 7.36194 1.03677 13.283 3.52661 26.0763 13.4725 0.00130389 78.0141
-2.13244 6.7037 7.52045 8.58027 14.2391 6.31388 22.8453 43.5999 14.4317 111.814 85.4644 31.6512 4.06717 3.91048 7.57641 0.373551 19.4056 3.18568 6.69629 19.1705 0.00126147 78.7177
20.7941 5.52864 5.50521 8.52947 14.1125 8.58727 22.8453 43.5999 14.3263 115.507 89.0386 21.9927 8.02108 5.32596 7.34653 1.21985 14.0188 1.98817 4.10234 7.29282 0.00126147 80.1387
12.5449 3.28544 9.49946 6.1534 15.7923 4.79498 24.731 43.5999 15.3274 118.123 86.6151 21.2717 21.6 5.04704 8.84866 1.63645 13.7465 6.91912 38.1494 15.4571 0.000579519 85.9764
12.5449 3.28544 13.6905 2.85355 17.626 4.38186 24.731 43.5999 11.1522 118.123 81.1175 33.4773 14.9603 3.79932 8.11909 2.14507 13.7278 12.0129 37.9662 7.74106 0.000579519 84.4793
10.5743 3.00089 13.6905 3.23015 17.0755 4.31442 24.731 45.6928 1.26998 125.931 82.3131 31.9045 14.6823 5.84723 7.47638 2.86122 13.8477 1.84868 57.3938 9.84353 0.000127658 80.3503
10.5743 3.00089 13.6905 3.23015 16.5664 4.694 22.619 49.5837 1.06926 115.811 78.8861 26.9652 22.3228 6.35505 5.10318 3.05928 14.0844 8.12861 18.6356 13.0727 0.00116872 85.6156
19.7092 1.64445 13.6905 3.23015 16.5664 4.694 22.619 49.5837 1.06926 115.811 78.8861 33.2636 24.7574 6.51811 5.99458 3.1295 16.3325 6.15277 18.6356 12.5047 0.00116872 87.2233
35.4975 0.515825 13.6905 3.14992 18.4019 4.694 22.619 38.415 2.1064 115.811 112.789 2.53243 22.3117 3.83461 5.83151 0.214871 13.3361 4.85579 13.1647 8.52899 0.00116872 84.3719
34.0978 0.515825 16.0945 3.14992 15.281 3.60584 22.619 39.3713 7.27734 115.811 112.789 14.0806 22.3117 5.17234 4.57783 1.98943 1.5552 3.51161 18.5478 19.8743 0.00302159 79.261
32.2628 0.666256 15.1143 2.61511 14.3887 6.45911 22.619 41.4756 9.44965 115.811 112.789 10.4572 18.3148 2.19636 3.36066 5.23327 2.72232 4.23575 52.701 6.98993 0.00447312 83.101
29.3257 0.666256 15.1143 4.37516 14.421 7.34812 18.5313 39.1843 9.51921 115.811 111.159 10.4572 16.287 2.13663 7.37338 3.31633 3.01199 10.7172 18.5527 3.42445 0.00164919 77.8494
45.3205 1.30072 15.0219 3.94401 10.4987 7.56839 19.8494 39.1843 8.55821 109.456 111.159 10.4572 20.4262 2.13443 12.764 1.7681 4.8882 13.951 13.5862 8.24882 0.00164919 81.7414
45.3205 1.30072 12.6348 4.66719 8.41705 21.1813 15.8136 34.5079 8.39304 105.069 111.159 21.2298 20.4262 2.27668 15.8489 3.23538 0.861696 1.5934 12.925 8.24882 0.00451955 78.7945
43.6687 1.30072 12.6348 4.74979 10.053 13.7778 15.8136 43.0466 8.39304 105.069 111.159 21.2298 20.4262 2.29256 11.7279 3.23538 6.19923 1.42567 3.45061 24.135 0.000273468 74.1803
52.484 1.86341 12.6348 3.59636 10.053 13.7778 15.8136 43.0466 7.11124 105.069 111.159 24.7572 23.5639 2.48772 1.84063 2.6173 1.25284 2.72641 38.3988 16.0419 0.000997026 75.3001
50.7486 1.86341 13.0037 2.09291 10.9888 14.1681 15.8136 40.383 6.58529 105.069 111.159 26.9761 21.8666 1.61084 6.67715 2.73807 4.16541 2.14305 52.6591 6.61066 0.000997026 77.5373
50.7486 1.49871 13.0037 4.35188 9.61558 13.0746 12.7337 50.9239 5.39933 105.069 111.159 26.9761 21.8666 2.37257 2.23138 1.28553 4.16541 2.14305 6.19117 17.1116 0.00326703 76.5811
50.7486 1.38868 13.3684 4.18932 9.5092 13.0746 12.7337 50.9239 3.92258 105.069 111.159 31.3764 18.868 2.83737 3.03983 1.11884 2.09299 2.14305 29.8478 0.6858 0.00142441 78.7829
48.8511 1.67383 13.3684 4.38332 9.68381 13.0746 12.7337 50.9239 2.67658 105.069 111.159 29.9005 20.1952 2.83737 9.42076 2.03106 3.69156 5.34233 25.9259 5.29384 0.0141044 80.4821
73.4334 0.945447 10.2413 5.96482 8.49538 14.2034 10.4214 46.9937 3.46022 105.069 111.159 29.9005 14.1247 3.11745 6.65247 2.51092 5.51614 10.915 8.02187 6.83261 0.0274422 79.2616
78.0407 1.15795 10.2413 6.37026 9.77675 14.2034 10.4214 46.9937 3.46022 105.069 111.159 29.9005 11.0905 3.0093 3.35029 3.72228 5.8908 11.4964 7.49164 10.7373 0.0453471 84.5168
79.0645 1.27872 10.2413 5.61902 4.63372 21.7357 15.783 36.6396 7.23349 105.092 111.159 29.9005 8.41698 3.09559 6.39689 1.96762 1.78978 13.3639 7.49164 9.71209 0.0374077 80.3124
80.6383 1.88411 10.2413 4.82669 4.13141 21.7357 15.783 36.6396 4.4542 97.7887 114.367 31.9845 8.41698 3.10929 6.39689 1.94241 2.5766 13.9222 7.49164 0.448108 0.0980967 82.971
76.1417 1.91599 14.3393 1.59911 2.32997 21.7357 15.783 35.4702 4.4542 97.7887 114.367 31.9845 11.2507 2.91124 7.16776 1.05439 3.74644 23.1919 12.8636 13.7189 0.0980967 85.9988
76.1417 2.55698 14.3393 1.59911 2.32997 21.7357 15.783 36.6086 4.4542 97.7887 114.367 31.9845 12.0981 2.87347 2.95281 0.163515 3.03471 22.5027 12.8636 1.57562 0.0980967 83.9925
62.8963 3.54361 12.871 1.93438 2.32997 22.6692 15.783 35.0127 4.4542 97.7887 114.367 42.1023 2.21671 2.97671 2.14508 1.77439 5.97599 16.4405 12.8636 17.7482 0.106834 82.086
69.9101 5.25013 12.871 1.93438 2.32997 22.6692 15.783 35.0127 4.4542 97.7887 114.367 35.0795 5.14545 3.75998 3.76496 1.77439 9.41424 15.146 10.5505 17.7482 0.0511863 81.0619
52.4491 5.25013 12.871 2.56761 2.32997 22.6692 15.783 39.1564 4.4542 97.7887 114.367 32.8599 6.1656 1.91098 9.69059 1.99274 8.50557 13.8123 10.5505 17.7482 0.0511863 78.8786
55.3916 5.25013 12.871 3.1374 2.32997 24.2515 15.646 35.5343 2.88576 97.7887 120.714 38.6687 1.60251 2.45522 8.53704 3.56399 4.1708 10.3689 10.219 0.780254 0.0640311 80.2513
51.7041 4.80503 11.7211 2.51559 3.7336 17.208 16.5523 36.8541 4.53194 99.5938 120.714 30.3052 2.75363 2.52384 12.2421 8.42162 7.63196 7.50204 22.2636 7.45924 0.054227 79.3381
51.1607 6.27078 11.7211 2.95678 3.7336 14.4483 17.9261 36.658 4.8465 99.439 120.714 30.3052 6.99304 2.49058 10.6607 8.78583 3.32862 7.31932 13.6329 3.19698 0.0475378 76.5174
47.5395 4.97382 11.7211 4.79672 3.7336 13.5376 17.9261 36.2833 7.04249 98.9075 120.714 30.3052 0.471996 2.65938 26.7765 6.06725 4.91595 8.51258 13.923 10.942 0.0774797 81.991
47.6226 4.58766 6.73382 4.17583 3.01783 18.1328 22.7684 37.4379 6.87163 78.6253 138.822 29.8306 1.45681 2.48793 23.9476 5.94795 9.79218 4.9066 9.01213 8.35728 0.0771102 81.1682
47.7758 5.71388 3.2095 3.88631 3.79289 16.0693 21.6855 34.6529 8.9655 78.6253 138.822 35.0594 6.86914 2.57192 14.7731 8.37074 6.27716 4.5187 12.4858 77.0986 0.148516 88.811
47.4112 9.92538 1.51161 1.50811 4.10312 14.4295 21.3955 29.3405 9.75036 91.6414 138.822 27.382 6.95064 2.53599 19.4669 2.28223 4.12632 4.92156 11.9419 46.993 0.148516 86.771
50.5702 11.338 1.15588 2.88243 6.71163 13.0624 19.8478 30.8172 8.76165 91.6414 138.822 22.8658 4.10138 2.05804 20.568 13.1516 5.38588 6.58941 1.04383 54.5697 0.169406 88.6617
24.6166 11.338 1.15588 5.49618 6.97183 12.2193 22.0106 30.8172 5.36982 91.6414 142.756 16.2977 5.24871 3.13408 17.3057 13.1715 3.48497 0.291193 2.48175 55.0641 0.169406 89.8458
12.6771 12.906 4.31504 1.16921 7.16366 13.8012 18.1093 30.8172 5.01678 95.6179 142.756 20.9883 10.8586 2.87534 9.03487 10.7433 1.53684 6.72466 3.33105 46.1707 0.159883 86.3513
0.144238 12.906 4.06773 2.87819 7.25593 14.4277 18.1093 34.2971 4.14263 94.1122 142.756 20.4642 9.60209 1.19035 12.9734 10.0222 4.58603 1.62182 3.33105 30.7972 0.159883 85.0414
0.144238 12.906 4.06773 2.45789 7.25593 14.4841 18.1093 33.8781 3.64606 94.1122 142.756 20.4642 9.60209 5.18453 19.2929 7.07953 3.59659 1.62182 39.8908 1.00949 0.149455 89.1902
-43.7994 10.3295 4.06773 2.82972 11.2016 17.4186 22.2838 31.5843 3.64606 94.1122 142.756 5.2057 6.08346 12.2816 2.71792 15.8975 3.20355 13.2948 36.5429 11.7583 0.149455 94.6789
-43.7994 16.6089 5.21996 6.59884 8.89403 16.6389 18.2502 34.1686 8.33333 81.6081 141.684 21.9713 7.7203 2.04037 2.31991 12.6283 1.2899 10.2243 6.76674 14.2327 0.152338 87.8581
-40.2289 9.94817 3.73765 6.09949 8.75408 15.0141 18.2502 33.1487 2.15678 41.9719 202.015 17.5015 7.83249 2.87191 4.83733 7.73646 8.88236 7.96927 6.76674 14.0308 0.262498 85.1918
-40.2289 9.94817 2.37945 7.05917 8.75408 15.0141 18.2502 34.0423 2.15678 41.9719 202.015 17.5015 9.89682 2.87191 3.46584 6.28825 7.57642 9.01784 6.76674 26.9918 0.262498 85.575
-40.2289 9.94817 2.37945 7.2697 8.75408 15.0141 18.2502 36.66 2.15678 41.9719 202.015 17.3478 9.89682 1.16631 1.71445 7.87939 7.57642 9.01784 8.2331 26.9918 0.262498 87.8786
-40.2289 9.94817 2.37945 7.49882 8.75408 15.5976 17.7289 36.5628 2.56157 41.9719 202.015 17.7807 9.79328 1.36164 2.40824 7.87939 7.57642 6.43452 8.2331 35.5875 0.238927 86.0335
-40.2289 11.1021 2.37945 7.7676 8.75408 14.0578 17.4938 36.1604 2.98857 41.9719 202.015 17.7807 12.3263 1.12204 2.26781 7.89103 7.57642 6.43452 5.9338 45.8158 0.238927 88.6024
-31.8293 11.1021 2.5386 7.13387 7.72133 14.0578 17.4938 30.2693 8.79402 41.9719 202.015 11.5903 14.2805 3.53786 1.64882 9.7331 2.63123 7.18775 5.9338 43.4582 0.250974 87.9201
-31.8293 11.1021 2.53125 6.02059 7.53319 14.0578 17.4938 30.2693 7.83703 41.9719 202.015 11.5903 16.1768 3.53786 1.42635 10.9591 3.40366 5.47506 15.6828 22.8189 0.278541 87.4169
-31.8293 11.1021 3.81534 6.13894 6.13491 15.7577 17.4938 30.1671 9.23926 41.9719 200.363 11.5903 14.9359 2.77208 10.6503 6.69103 3.74767 3.34948 7.57944 13.975 0.264077 85.8973
-31.8293 11.1021 4.2635 6.20243 6.85571 15.7577 17.2039 30.9467 7.78426 41.9719 200.363 11.5903 29.309 2.96701 11.1405 6.69103 4.717 0.462605 9.19813 12.6481 0.264077 90.0969
-31.8293 10.5349 4.2635 6.20243 6.26359 16.2886 17.2039 37.576 8.04909 41.9719 200.363 11.5903 18.8791 1.47931 9.42843 5.63554 3.61624 0.237547 9.19813 7.8871 0.179001 87.2503
34.769 10.5349 4.06982 5.92804 11.2113 15.0794 17.2039 33.1349 8.98669 32.6695 200.363 13.7322 11.8344 4.89355 2.77449 9.39056 4.63521 1.9831 17.7889 22.6882 0.0929085 82.1764
34.769 10.5349 4.06982 5.58707 11.6012 15.7489 17.2039 33.1349 14.0293 32.6695 200.363 13.7322 10.1307 5.22044 3.91946 3.13727 4.63521 1.57373 22.2509 22.7285 0.0929085 82.8901
2.9129 10.5682 1.77929 5.4984 9.44919 15.7489 17.2039 23.3388 29.8638 32.6695 200.363 4.04458 9.23334 7.81563 15.2498 7.07166 1.35665 1.84889 16.4096 34.337 0.0618768 85.5926
37.8495 8.5866 6.93321 6.48082 0.929488 15.7489 38.9187 6.18574 29.8638 32.6695 202.176 4.04458 7.18565 8.91666 5.88919 6.28853 4.05072 1.69417 15.8857 35.3483 0.0356482 81.3626
39.8985 8.5866 6.93321 6.48082 0.929488 15.7489 38.9187 6.18574 29.8638 32.6695 202.176 4.04458 7.18565 8.91666 1.77916 6.28853 4.05072 1.69417 15.8857 20.5536 0.0337136 81.1702
45.9306 8.41069 5.06222 5.5245 2.91539 7.07856 38.7165 6.18574 36.944 34.3309 202.252 4.04458 7.3664 6.16395 5.81984 3.0953 7.96122 1.70134 6.35716 37.0407 0.012469 79.9428
46.6488 8.41069 5.75821 5.5245 2.91539 7.07856 38.7165 6.18574 34.0477 34.3309 202.252 4.04458 9.02182 6.30955 5.81984 3.0748 10.9998 1.70012 8.14114 23.7063 0.0130015 78.1397
46.5574 9.02557 4.44895 8.63095 1.73807 4.41972 38.6895 6.18574 34.0477 34.3309 202.252 4.04458 10.5994 7.63751 5.58677 1.4814 10.6987 2.72485 7.90348 10.5439 0.0282196 78.7405
43.2777 9.02557 4.01892 8.36103 1.88873 5.68827 38.6895 11.1594 34.0477 34.3309 202.252 4.04458 1.40552 7.63751 5.58677 3.71346 11.1689 8.65128 8.66032 18.9382 0.037521 78.2152
42.5073 9.02557 3.17362 8.49965 3.65959 6.92235 38.6895 11.1594 34.0477 34.3309 197.301 1.51123 5.64452 14.1341 2.23101 5.48354 6.81371 8.21272 9.62794 18.9844 0.0115129 77.1599
42.6628 6.8777 4.4625 5.88056 3.86749 8.09846 38.6895 11.1594 34.0477 34.3309 197.301 3.74265 4.59787 14.1341 1.91902 14.5197 4.66625 3.39644 12.7824 17.408 0.0631805 80.3892
50.8429 6.80361 2.95909 5.11943 16.3011 3.13199 41.2079 1.73601 25.5514 48.0065 197.301 3.74265 4.33223 10.6183 1.22151 13.0088 0.75339 9.70747 11.6478 3.20486 0.0267309 80.6365
50.8429 7.61057 3.71516 5.2425 16.3011 3.06663 41.2079 3.17406 25.5514 48.0065 197.301 0.312875 4.11908 3.86337 3.12576 19.7041 1.35391 7.62684 17.7242 8.25607 0.0121108 78.5241
49.4291 6.97792 2.86431 5.2425 17.0172 3.54032 42.4913 3.049 23.1789 52.3465 197.301 0.312875 3.73991 6.05052 3.09073 15.3965 3.34901 4.40258 25.5392 22.6679 0.0131147 82.5435
60.3768 6.13454 1.58314 2.68486 17.0172 5.18319 42.6485 13.9047 13.3011 46.4808 197.301 0.312875 4.50012 5.09123 3.3964 12.2956 5.2468 1.36094 29.6198 26.7355 0.0197444 81.983
69.6186 6.13454 5.48389 3.82063 14.3772 3.48344 42.6485 13.9047 16.0078 46.4808 197.301 0.312875 5.06135 5.09123 6.5085 17.284 3.33436 1.36094 17.6449 20.5058 0.0197444 79.9176
69.6186 6.13454 5.48389 3.27775 14.3772 3.80214 42.6485 14.948 16.0078 46.4808 196.253 0.312875 3.63163 5.09123 6.5085 18.198 3.88963 0.954711 17.6449 2.18193 0.0197444 79.4222
69.6186 6.13454 1.15076 7.84033 14.3772 3.80214 40.5927 14.948 16.0078 46.4808 196.253 0.312875 6.11356 5.09123 11.2854 14.9434 0.563894 0.954711 22.293 11.1255 0.0138988 81.0659
66.0702 6.13454 1.5619 8.11516 14.6296 4.34986 40.3474 14.948 12.5244 46.4808 196.253 13.6113 5.84543 5.09123 11.2854 11.9091 1.38904 4.88801 22.293 8.75341 0.0144381 82.6893
66.0702 6.13454 0.642793 8.11516 15.0121 4.34986 43.6469 13.7635 12.5244 46.4808 196.253 2.88773 5.87373 0.296575 5.35184 16.5252 4.92057 5.07266 20.0416 5.16746 0.0327678 83.1421
76.239 6.13454 1.45662 7.75014 13.6565 2.90543 41.9432 13.7635 12.2773 46.4808 196.253 4.82661 7.32933 8.16367 2.69417 21.8088 4.92057 3.82664 20.0416 2.0866 0.0559718 84.5085
55.88 7.17657 0.919134 7.09839 18.0865 1.12159 42.8122 13.7635 12.2773 46.4808 196.253 4.7578 9.20179 8.16367 2.58715 13.196 4.92057 2.45594 20.0416 2.0866 0.0440414 81.1792
76.8465 3.90559 0.919134 7.09839 18.0865 1.12159 38.3844 13.7635 12.2773 46.4808 196.253 4.7578 0.401745 18.3209 6.35342 8.10617 6.0299 2.45594 3.85066 16.1987 0.137096 84.6899
76.8465 1.83163 0.919134 7.05326 18.0865 2.01824 38.8596 11.0432 13.0652 46.4808 196.253 4.68201 3.30405 16.8405 7.11539 6.08268 3.67852 3.94285 3.85066 14.3648 0.185328 86.3026
51.192 2.59766 1.02358 7.05326 15.6518 1.84859 38.8596 12.5539 17.9944 46.4808 196.253 8.08883 2.1842 18.6821 7.11539 2.90331 2.06279 2.71131 3.85066 23.6 0.109084 83.0182
52.4304 2.612 0.484868 7.05326 15.6518 1.84859 37.5912 14.2017 26.8229 46.4808 196.253 3.28749 2.1842 4.34843 12.3022 0.796034 9.01687 11.0426 3.85066 24.149 0.0667263 82.2323
53.3322 3.45959 0.125075 7.65449 15.5268 2.01001 36.0405 10.1009 27.4976 46.4808 196.253 3.28749 2.1842 12.7069 10.3511 3.75099 7.44797 5.72793 10.085 31.1388 0.0659562 82.4171
55.1759 0.713435 3.15792 6.89032 15.5268 3.37291 33.1503 10.7453 27.4976 46.4808 196.253 5.19444 2.66519 14.1162 1.98575 3.31564 15.9299 4.20922 8.45279 15.7247 0.0605288 81.0135
52.6384 4.7037 3.15792 6.89032 15.5268 3.09703 30.0697 10.7453 27.4976 46.4808 196.253 7.16791 1.02788 14.1162 3.30152 1.49623 23.0323 7.3376 8.45279 15.7247 0.0538374 83.9841
52.0056 4.7037 3.15792 7.68777 15.5268 3.09703 29.9839 10.7453 27.4976 46.4808 196.253 7.16791 0.513888 19.4978 2.71412 1.49623 15.081 8.15586 9.87472 28.1639 0.0597793 83.097
52.0056 4.7033 3.15792 7.68777 15.9173 3.09703 29.9839 10.7453 27.4976 46.4808 196.253 7.16791 0.513888 19.0872 2.71412 1.49623 13.7553 8.43544 9.87472 31.7086 0.0381373 83.7162
50.7159 0.814676 5.93362 8.30218 15.227 3.95713 30.0574 10.7453 27.4976 46.4808 196.253 7.62453 3.43184 12.6753 1.29234 1.49623 10.3313 1.41575 6.3032 63.3956 0.0372748 84.0398
48.3863 0.615124 6.29782 7.96985 21.4038 9.24892 31.2552 3.09853 17.7952 46.4808 196.253 4.18839 3.88811 17.9032 1.29234 1.45493 11.9019 6.761 6.3032 35.9492 0.0251581 88.3294
42.2186 0.615124 5.73614 11.1809 17.5326 9.12791 30.8278 14.4867 16.6066 46.4808 196.253 5.3049 5.17412 2.49932 2.14109 5.64192 16.6068 4.48385 6.3032 27.4743 0.0168443 80.4118
38.2329 0.345602 6.29794 11.1809 17.7596 5.75588 31.4127 14.6889 17.9547 42.3146 196.253 6.3222 6.27897 3.06219 3.3708 5.8893 16.6068 4.48385 6.3032 32.3017 0.0289813 80.9263
33.9424 1.798 7.16274 8.60956 16.5978 6.04742 30.4373 16.9152 18.337 42.3146 196.253 8.24552 7.71277 2.52918 2.17901 5.183 14.8766 4.76906 19.9337 32.3017 0.0355457 82.0574
42.0701 0.445888 8.50864 6.89965 16.5978 7.97568 30.6925 15.5513 17.7888 29.521 214.239 5.29921 2.80387 6.01428 3.15577 9.67125 15.1484 5.56578 17.3287 24.9217 0.0178282 83.464
42.0701 0.556563 7.20785 5.32243 16.2233 8.42307 35.7819 15.5513 17.6155 32.5925 214.239 1.31415 0.224083 6.01428 3.00326 7.30325 9.79332 5.56578 14.581 38.6411 0.0160869 81.6997
43.7718 0.556563 6.51543 4.43195 18.0933 8.42307 37.7876 15.5513 17.4309 32.5925 214.239 1.31415 4.84998 2.09711 2.35881 6.6755 8.25816 1.3575 12.8193 55.8644 0.0138163 82.231
43.7718 0.556563 6.06686 4.63702 17.3847 8.27864 38.3541 15.5513 6.39096 32.5925 214.239 8.38051 4.84593 3.31813 2.35881 6.18402 8.71712 10.6685 12.6839 97.1012 0.0179295 87.2358
50.3711 0.554665 5.41748 4.63702 16.1553 8.49617 38.3541 24.6911 4.3585 32.5925 214.239 8.38051 2.80945 3.36709 1.56115 5.13955 8.71712 11.8189 12.5147 97.1012 0.00807695 84.7227
63.5825 1.86292 8.1638 6.67782 14.0367 7.6056 34.562 24.6911 2.96504 32.5925 214.239 8.38051 2.0078 2.98978 1.18183 4.91063 8.71712 13.5382 13.4788 25.2914 0.000966006 78.8173
63.5825 1.78129 8.1638 6.5117 14.0367 7.6056 34.562 26.1384 2.96504 32.5925 214.239 6.60917 1.86118 2.39018 12.5462 2.93801 7.54789 6.01671 13.6124 9.89734 0.00795398 79.3184
60.7578 1.06885 7.65005 6.25544 14.0367 6.55146 37.7533 21.7769 11.0591 32.5925 214.239 6.24084 11.0041 4.76069 8.97297 6.87195 3.21074 6.45652 14.5385 20.1486 0.00671964 85.3311
43.9983 0.784944 2.21771 7.21295 13.7181 5.94525 40.4758 21.9718 12.8236 32.5925 214.239 6.4412 0.688563 2.32764 8.7956 13.5876 10.8795 5.20539 9.92679 27.6587 0.00537513 79.9527
43.9983 0.804796 2.21771 7.21295 8.52489 5.94525 49.2703 18.1342 11.5674 32.5925 214.239 6.4412 0.178377 3.69138 10.247 13.5876 10.8795 6.1703 9.36402 26.2542 0.00552276 81.1038
47.7955 0.861975 2.62447 7.10286 11.1978 3.48869 49.2703 27.3841 15.7377 32.5925 195.314 1.95044 13.2378 5.15922 0.580632 0.749419 11.7292 10.5694 9.36402 26.248 0.0058912 79.8373
48.6708 2.49725 2.66054 7.4037 14.6039 5.70767 49.2703 25.0115 2.37398 38.3601 195.314 1.95044 17.1121 4.75015 7.07471 3.15533 9.76916 2.44485 15.1318 25.4289 0.00447616 78.1411
47.3798 2.49725 2.7613 8.57148 12.0481 6.41699 49.388 25.7386 2.37398 38.3601 195.314 7.69917 17.1121 4.39823 3.43168 3.15533 9.76916 3.68042 15.1318 22.7129 0.000472909 76.8858
47.7822 1.79432 2.38891 9.3888 12.0481 6.41699 49.388 25.7386 2.37398 38.3601 195.314 1.57994 17.1121 3.22554 4.62851 19.9396 6.47444 5.34546 16.3321 23.6919 0.000472909 77.1052
48.8395 1.80215 1.72939 9.3888 12.0481 7.38773 46.2842 29.902 2.37398 38.3601 195.314 1.57994 17.1121 2.85975 4.82816 19.9396 5.28622 4.57993 17.0603 23.8969 0.00403484 80.1529
55.1576 0.463711 1.60734 19.0874 2.80214 2.41827 46.2842 26.737 8.40428 38.3601 199.634 1.57994 10.0837 3.05771 5.51264 7.1659 13.5994 3.99676 21.2978 20.1701 0.000559365 77.4492
55.1576 0.641005 1.60734 17.1086 2.80214 2.41827 46.2842 26.737 7.41146 38.3601 199.634 1.9084 14.3846 3.57671 4.58434 9.94751 3.5553 4.76865 56.7004 11.4583 0.000506041 78.5806
61.8393 1.11723 2.88926 15.9012 2.80214 2.98146 46.2842 26.737 7.41146 38.3601 199.634 1.9084 13.6793 3.53277 12.239 3.94389 2.51369 4.8495 23.1274 20.9661 0.000506041 77.3612
55.9622 0.846255 3.29676 15.8941 2.80214 2.44162 46.2842 26.737 7.90035 38.3023 199.634 4.64267 18.9348 2.99741 12.9806 1.66486 0.929005 4.40708 10.1988 14.3479 0.00191171 76.9153
48.2892 0.218804 3.19059 15.8941 2.80214 3.11023 47.8687 30.7626 3.44646 38.3023 199.634 3.47608 9.07578 3.11488 4.64308 3.15614 17.8011 0.302056 11.2656 42.4681 0.0066761 80.9876
40.5619 0.619437 3.15185 16.6662 2.80214 3.11023 47.8687 29.7026 4.12249 38.3023 199.634 3.47608 11.6051 4.2824 7.13322 4.01637 17.8011 7.04699 23.7732 1.17602 0.00645183 81.6875
40.5619 1.39276 3.22108 16.6662 2.80214 2.35154 47.8687 23.6769 6.14155 38.3023 199.634 3.74532 2.37814 8.20965 12.271 4.79842 18.9364 7.29156 23.7732 4.85236 0.00514223 81.8441
52.3417 0.931042 3.1272 16.0985 7.51149 0.123111 47.3485 23.6769 6.35116 38.3023 199.634 3.74532 5.26557 8.61374 9.76618 3.69178 2.43073 5.61965 42.5361 6.6581 0.00361839 82.1285
48.8913 0.47279 3.01109 10.6615 8.52077 1.74464 52.0252 21.2395 14.6925 38.3023 194.837 5.66442 4.6488 1.91322 2.24768 6.37929 7.40663 7.75789 41.1197 3.34895 0.00178346 77.4672
51.1929 0.47279 2.28151 11.1822 8.04874 1.74464 52.0252 21.2395 12.2934 38.3023 194.837 5.66442 5.6876 3.58224 3.59188 6.37929 7.82584 9.53239 28.0357 3.34895 0.00287226 75.8653
53.1312 6.75085 0.91553 11.3535 8.04874 1.74464 49.9916 23.0961 3.19634 38.3023 194.837 5.66442 11.5542 3.1275 5.09388 13.6159 4.27117 6.60904 24.3272 16.6282 0.00117337 79.9518
51.792 6.75085 0.786183 11.6978 11.076 2.05056 48.4311 21.7276 4.99794 41.7692 194.837 5.66442 1.27493 5.65765 10.2004 15.7289 2.86959 14.3115 19.9627 21.734 0.000413865 78.8559
44.5708 3.0319 0.793224 9.0131 13.2746 4.79492 48.4311 23.8492 0.162322 41.7692 194.837 5.43312 3.62285 7.06257 2.15261 15.7289 0.758481 14.6891 21.1896 27.4543 0.000316197 81.484
35.2594 4.14248 0.793224 10.5421 13.0785 3.80283 51.2598 26.2659 1.57191 37.9109 194.837 5.43312 1.62211 6.79751 6.38691 11.6554 0.763079 8.74643 29.3514 29.7583 0.000203448 80.518
54.5031 4.01563 3.40144 6.15954 9.95093 3.80283 47.9828 26.3499 8.0005 42.254 194.837 5.43312 1.96728 7.23843 7.42645 8.68649 5.95306 3.69655 13.3408 7.68422 0.000253521 76.2836
36.0272 0.392524 3.40144 8.35723 13.0481 2.85814 47.9828 27.3678 7.67843 42.254 194.837 5.43312 2.39045 2.69016 7.59099 13.0396 10.4772 4.13895 1.16028 26.2455 0.000221531 77.0113
36.0272 0.536229 1.02674 8.34863 13.0481 2.85814 47.9828 27.3678 5.36867 42.254 194.837 5.43312 2.9379 2.66632 7.40677 13.2996 7.77816 6.607 7.573 8.04396 0.000221531 75.3198
23.3129 2.52841 1.16773 8.34863 13.0481 2.85814 47.9828 27.3678 5.36867 42.254 194.837 5.43312 3.83057 2.66632 7.40677 13.2996 7.77816 6.93227 6.28419 8.04396 0.000221531 75.2019
22.5376 0.638999 4.48792 8.34863 11.4623 3.0059 47.9828 28.8861 7.14307 42.254 194.837 5.43312 1.09839 3.87995 3.8708 18.7504 6.99513 6.00982 3.29796 5.74117 2.65131e-06 74.5213
40.0666 1.52918 2.26586 8.59388 11.4623 3.0059 47.9828 28.8861 7.14307 42.254 194.837 5.43312 2.24732 3.62231 3.8708 12.6952 7.11234 12.0466 3.76158 12.8153 2.65131e-06 72.008
40.0666 1.52918 2.26586 8.59388 11.4623 3.0059 47.9828 26.6393 6.68942 42.254 194.837 5.43312 2.24732 1.34121 4.14524 12.6952 7.11234 13.3206 3.6495 37.4775 2.65131e-06 73.6391
30.3767 1.33011 2.12928 11.8848 8.77648 3.26197 47.9828 26.6393 11.272 42.254 194.837 5.43312 3.27648 6.75938 2.88494 8.27947 7.11234 8.55582 7.04374 37.4775 2.65131e-06 72.2063
28.4555 7.7334 3.16656 11.8308 2.27757 1.90974 47.9828 26.6393 10.2253 34.809 194.837 10.8272 1.95512 9.08394 7.79452 7.46872 4.37375 0.41336 7.11023 37.4775 2.65131e-06 77.7326
32.484 4.37472 7.1962 11.8308 2.27757 6.10711 37.8315 26.6393 17.0602 34.809 194.837 6.35773 5.9281 12.6229 7.79452 7.12171 4.68381 4.42699 7.1247 21.6365 2.65131e-06 71.1905
43.8739 4.50093 7.1962 11.1749 2.27757 6.10711 37.8315 26.6393 17.0602 34.809 194.837 5.54569 5.9281 12.6229 3.04586 5.42411 6.64957 4.42699 7.1247 21.6365 2.65131e-06 69.5229
43.9192 2.99054 7.1962 10.6444 2.4855 6.10711 39.2942 23.5281 17.0602 35.6353 194.837 5.54569 2.6577 12.69 3.05578 9.90346 7.212 4.48084 18.5431 9.78523 0.000528816 76.3053
47.857 3.25867 7.52678 10.7952 2.3334 5.09929 37.7328 18.5292 19.848 40.4157 194.837 5.54569 0.483482 10.0958 1.87952 9.49902 7.31787 10.0636 20.6298 5.35192 0.00089997 77.1099
48.5168 3.25867 6.71451 10.8372 3.20482 7.26158 37.7328 21.3737 19.848 40.4157 194.848 5.54569 3.84438 5.95652 0.162891 9.49902 7.79294 8.0679 20.6298 3.39618 0.00115386 75.2258
49.691 3.32927 6.21272 10.717 4.83978 6.29177 34.7976 23.6966 16.8341 40.4157 197.084 7.95729 9.76258 4.03853 6.46659 0.30302 7.74456 4.10884 21.2357 24.1459 0.00153948 75.1508
49.6001 4.22367 6.5182 10.7166 3.72892 6.29177 49.5243 7.95841 16.8341 40.4157 197.084 7.95729 14.1683 7.2918 1.99773 2.62485 7.84682 4.86388 13.633 10.3199 0.00285535 75.8772
49.9932 4.59135 6.56402 8.11711 3.80301 6.29177 49.5243 13.8438 19.3909 40.4157 197.084 6.8773 6.64737 3.71895 5.64019 8.15868 4.83963 4.32311 18.4818 3.59474 0.000681749 76.6676
52.9924 6.20952 7.22181 7.51353 2.4691 6.29177 49.5243 5.95019 19.3909 40.4157 197.084 4.74424 2.91678 3.60372 3.87056 19.5787 3.11467 6.55783 19.7012 1.88438 0.00114986 74.8788
48.1217 6.89245 5.8131 7.51353 3.26597 9.63791 35.8279 20.3427 21.6167 40.4157 197.084 4.74424 13.2739 4.58748 0.312808 5.55695 9.30102 5.43275 3.36219 8.75234 0.000674762 74.2871
43.8888 5.89419 3.26726 7.99576 3.52223 9.63791 33.4174 20.3427 21.6167 40.4157 197.084 4.74424 13.9562 11.4535 7.8414 3.56237 13.4632 5.43275 2.44984 9.23251 0.000708214 80.4811
49.2228 5.8918 3.49173 9.60202 3.95653 9.63791 33.0593 18.1745 27.9572 33.3778 197.084 4.74424 8.45447 10.8414 2.2477 1.63782 23.2727 5.43275 7.0258 5.10423 0.00194176 78.6806
46.9141 6.01555 2.88515 9.60202 5.00992 9.63791 33.0593 18.1745 27.9572 33.3778 197.084 4.74424 7.52593 7.10103 4.65846 2.36336 8.04986 5.43275 2.38401 4.95978 0.00261948 75.884
49.388 7.4153 2.88515 7.91014 5.39672 9.63791 33.0593 18.1745 27.9572 33.3778 197.084 4.74424 5.24827 6.97721 10.6766 3.43051 9.73006 7.24527 2.38401 4.95978 0.00175387 73.2835
47.5667 8.5927 2.88515 7.98319 5.39672 9.63791 33.0593 18.1745 27.9572 33.3778 197.084 4.74424 8.63335 3.38923 10.6766 3.43051 9.73006 7.24527 4.78933 12.4454 0.00209473 75.1791
54.4889 7.91439 2.79719 7.98319 3.63583 9.63791 33.0593 18.1745 27.9572 33.3778 197.084 4.74424 6.54581 3.38923 5.70925 12.8455 14.6425 10.2284 4.78933 14.2961 0.00162139 77.901
54.3903 7.91439 3.49221 7.98319 3.63583 9.63791 33.0593 18.1745 27.9572 33.3778 197.084 4.74424 5.8817 0.806606 0.694459 3.26172 9.70739 19.01 8.25332 30.0832 0.0017995 76.0303
55.0025 7.60327 3.97335 7.98319 4.15255 9.63791 33.0593 18.1745 27.9572 33.3778 197.084 4.74424 5.8817 0.406264 0.694459 6.1938 9.70739 15.3185 23.731 4.71065 0.0017995 76.4009
48.9381 7.60327 3.97335 7.98319 4.12037 9.63791 33.0593 18.1745 27.9572 33.3778 197.084 4.74424 8.22529 10.0254 0.694459 6.21218 9.70739 15.3185 33.1399 4.71065 0.00839799 78.665
47.4034 7.8746 3.97335 7.98319 3.43731 9.80366 33.0593 18.1745 27.9572 33.3778 197.084 4.74424 6.08834 4.66141 2.84895 0.538394 4.6506 15.3185 80.0201 4.71065 0.00327504 78.7996
43.6421 6.86798 5.05874 6.15022 7.37252 7.99669 33.0593 17.6266 27.9572 33.3778 197.084 10.5631 9.4899 1.46176 0.939868 2.59749 3.14991 11.6649 95.8066 13.3302 0.00242878 81.5697
57.2975 5.92058 4.09691 8.88575 5.3943 7.18494 33.0593 17.6266 24.224 33.3778 197.084 10.5631 8.66585 4.13194 9.41926 5.40578 9.55801 9.01399 54.8997 13.454 0.00210188 80.9211
0.159968 7.11825 4.03805 8.88575 4.95775 11.9455 34.7819 18.7318 29.1377 31.313 197.084 10.5631 10.3442 3.65429 0.996264 5.92429 0.432678 4.37305 54.8997 30.5946 0.00106853 83.3659
0.159968 8.94686 4.92446 6.39131 4.93423 11.9455 34.7819 18.7318 19.7766 31.313 197.084 16.1666 11.7633 5.13701 3.76607 3.00618 4.61081 6.38918 11.593 5.5503 0.000737615 80.3096
-1.84041 12.7721 4.50758 9.265 4.80735 11.9455 33.131 18.7318 15.2197 31.313 197.084 21.4364 11.5934 2.5666 3.76607 2.28892 7.56801 7.32368 29.4801 4.39383 0.000737615 83.806
-1.84041 12.7721 4.50758 7.88866 6.70426 11.9455 33.131 18.7318 15.2197 31.313 198.378 21.4364 11.6348 2.71412 3.76607 3.66939 7.29338 3.13301 29.4801 4.39383 0.000737615 82.9623
-70.3474 18.63 4.6245 7.88866 5.08861 13.0903 38.7205 30.1115 12.9673 84.7705 121.915 21.4364 11.4367 2.15351 3.76607 8.13488 4.22918 4.21871 45.7574 27.9591 0.00484747 82.3275
-73.1109 18.63 5.95686 4.31172 3.25732 13.0903 43.7485 30.1115 13.9581 83.8739 121.915 22.2674 11.4025 5.50749 5.12554 3.53662 8.81435 4.2666 31.3312 23.9244 0.00612227 83.3975
-73.1109 18.63 5.51924 4.28614 3.25732 13.0903 43.7485 30.1533 13.9581 83.8739 121.915 22.2674 11.0682 4.02347 2.39927 3.41363 13.492 6.22199 31.3893 33.34 0.00348099 83.4176
-73.1109 18.63 5.51924 4.28614 3.65431 13.0903 43.7485 30.1533 13.5308 83.8739 121.915 22.2674 10.9757 1.76103 4.4312 2.92939 13.492 6.36131 43.7804 33.34 0.00348099 83.2391
-69.4546 11.2804 5.20283 4.0081 3.36761 13.0903 47.9966 30.5181 15.6599 83.8739 121.915 22.2674 11.0761 2.22908 5.37391 2.92939 13.9615 4.72135 58.1978 11.1598 0.00729401 82.2821
-69.4546 11.2804 5.20283 4.60053 3.15159 12.9523 47.9966 30.5181 15.5902 83.8739 122.037 22.2674 10.4444 0.662995 11.2281 5.28494 13.2618 4.6406 12.7509 13.4345 0.0106273 82.1474
-16.4974 6.48913 4.43232 3.99746 3.34926 14.2964 47.9966 30.0833 15.1606 83.8739 122.037 22.2674 7.41005 1.34167 8.74853 8.05158 14.4262 2.42517 31.9437 3.26393 0.00702409 81.1392
-16.4974 6.3433 4.43232 4.70249 1.96891 13.6744 47.9966 30.0833 16.7347 83.8739 122.037 22.2674 15.5691 2.10199 6.44437 0.220941 1.71086 3.77162 82.7136 19.3642 0.0208622 87.3926
-16.4974 6.3433 4.43232 4.70249 2.03867 13.6744 47.9966 30.0833 16.7347 85.258 122.037 20.2433 15.0406 0.0649567 6.34621 5.60281 8.3458 10.5027 82.7136 3.13799 0.0146055 86.8085
-16.4974 6.3433 4.43232 4.36268 1.67948 14.5021 47.9966 30.0833 15.6 88.9956 122.037 20.4937 13.3801 1.50343 3.57607 5.16553 7.22224 10.4269 50.5663 5.51982 0.0303084 85.9114
-16.4974 6.3433 4.43232 4.74056 1.59979 14.5021 47.9966 30.0833 17.2899 88.9956 115.703 20.4937 15.0285 1.63973 2.21096 5.29742 5.50665 10.4269 44.8122 29.0535 0.0303084 85.9025
-16.4974 6.3433 4.43232 4.74056 2.64204 13.1341 47.9966 30.0833 16.2533 82.9592 123.373 20.9956 13.1278 4.9826 2.21096 7.81335 3.01083 8.55054 34.2398 10.169 0.0263558 81.114
-16.4974 6.19555 4.43232 4.74056 2.98363 13.0896 47.9966 30.0833 16.2533 82.9592 124.516 19.6586 14.7616 5.63036 2.21096 7.81335 1.35665 11.3339 34.2398 2.30423 0.0263558 83.1505
-16.4974 6.19555 4.43232 4.70697 2.98363 13.0896 47.9966 30.1368 16.2533 82.9592 126.418 19.6586 9.90028 5.63036 1.9882 7.81335 1.35665 13.6532 24.3554 2.30423 0.0263558 82.2787
-16.4974 6.19555 4.43232 3.6719 4.29598 13.1279 47.9966 30.1368 15.0658 82.6558 126.418 31.6728 4.06176 4.51227 1.275 4.71337 3.80684 13.6532 13.7106 2.30423 0.0263558 82.4192
-16.4974 5.93925 4.6939 3.40571 4.29598 13.1279 47.9966 30.1368 15.0658 82.6558 116.844 31.6728 3.46704 4.51227 1.08572 4.71337 3.6363 14.1948 2.6332 15.573 0.0237649 83.5664
-8.52549 6.2156 4.6939 2.86002 3.71841 12.7974 47.9966 28.9161 11.3357 82.6558 124.073 31.0689 1.06416 7.21202 1.08572 8.36383 4.9925 14.1948 2.6332 49.5002 0.012667 83.3172
30.656 9.92378 4.6939 2.86002 2.4468 8.40554 46.1063 30.0816 6.44897 92.3613 130.529 33.5295 1.06416 4.74282 0.415666 10.9796 4.9925 16.6724 10.4511 46.2752 0.00950763 87.4162
30.656 9.7313 5.23339 8.83248 2.4468 7.25739 46.1063 24.3335 4.26654 90.1895 130.529 32.6671 1.06416 4.36501 2.79004 10.9796 7.51459 13.4846 2.0377 39.517 0.0149588 83.3927
30.656 9.63041 5.23339 8.83248 3.36183 9.03993 46.1063 15.4826 6.72892 97.2358 120.5 33.4461 1.06416 4.42256 2.79004 7.531 5.44813 16.3699 2.0377 39.517 0.0163183 81.0399
33.0714 9.63041 5.23339 7.34484 3.36183 8.13801 46.1063 15.4826 6.13994 97.2358 120.5 32.4337 1.06416 4.42256 2.79004 7.531 7.3508 16.1402 2.95572 37.4562 0.0330638 81.0691
33.0714 9.49809 5.23339 7.34484 4.2746 8.13801 46.1063 15.4826 6.40603 97.2358 120.5 31.6371 1.06416 6.2199 2.79004 5.89791 6.33655 16.1402 9.06245 67.2261 0.030538 81.4866
27.0713 9.49809 2.2429 10.1139 4.2746 8.13801 46.1063 15.4826 6.59374 97.3862 120.5 31.9864 0.675124 8.84815 2.79004 5.06404 1.05599 20.9064 11.4214 67.2261 0.0245976 84.8034
30.0218 9.49809 2.2429 12.5717 2.695 8.13801 45.7476 15.4826 6.59374 97.3862 120.5 28.8974 3.91086 3.34312 1.29693 5.06404 7.67267 20.9064 5.77459 58.8132 0.0284221 81.8978
24.5109 9.37762 2.2429 12.5717 2.695 8.13801 45.7476 15.4826 6.59374 97.3862 120.5 28.8974 3.91086 3.34312 1.29693 4.46271 7.67267 20.9064 6.0464 82.821 0.0284221 85.3283
44.4368 9.37762 2.2429 9.81599 4.232 7.78409 45.7476 15.4826 6.98558 97.3862 120.5 28.2702 7.5287 3.34312 1.21167 4.62944 6.54782 20.9064 7.20445 78.5279 0.0284221 82.8481
45.5543 8.28703 2.2429 11.1655 4.232 7.911 45.7476 15.4826 8.10265 97.3862 120.5 26.8665 4.00294 3.26984 3.55306 4.62944 5.13051 20.9064 7.20445 38.7188 0.0184869 77.5658
47.9992 7.92745 1.66477 11.1655 6.80372 8.08889 40.2972 15.4826 14.2524 109.756 107.54 25.9706 1.99008 5.3547 4.44894 1.97107 3.56204 17.8717 38.0808 55.2225 0.0162527 80.4412
57.8871 7.07056 1.66477 10.0472 10.039 8.08889 39.1803 15.4826 12.2406 107.993 110.626 30.7409 1.83502 4.9224 1.97316 3.35692 3.59194 10.775 38.0232 47.2558 0.0145958 80.5823
71.3081 6.29606 2.60542 2.58248 9.44891 1.77589 45.2658 6.81501 25.5022 107.993 103.908 37.2252 3.28341 5.58342 3.35182 2.92597 6.89578 9.99664 24.101 31.2104 0.0310894 79.8323
63.8503 6.73367 2.60542 6.98293 12.9614 1.77589 45.2658 9.56826 23.0043 105.981 103.908 34.0157 8.26681 6.93339 3.75637 2.92597 5.61329 9.37124 26.3001 17.9601 0.0341218 80.2079
63.2093 6.89242 2.60542 7.18744 12.9614 1.77589 49.4936 8.70062 15.2174 111.55 99.2179 34.0157 6.50003 2.91728 4.78724 2.63413 3.80743 14.51 32.6774 9.30424 0.00403607 77.6169
57.3874 6.89242 3.50027 7.18744 12.9614 1.77589 46.3325 12.3055 13.5984 111.55 99.2179 32.479 1.50842 7.96139 4.78724 3.36088 6.51801 23.1455 49.029 7.48315 0.00525471 80.3435
55.7074 4.64218 3.50027 8.50612 12.9614 1.77589 46.3325 13.1289 13.8514 118.269 93.0573 35.2128 1.26943 13.9813 4.25225 3.33738 2.556 11.5697 39.7027 11.1955 0.00539349 78.0969
49.3415 5.24558 3.50027 10.4112 10.4165 1.77589 45.4679 19.0413 10.1372 118.269 94.6425 35.969 2.30015 12.8476 4.24383 3.39243 2.556 7.43607 37.325 28.148 0.00439809 79.2353
48.215 4.40831 4.31798 10.4112 12.4845 4.1304 45.4679 10.638 17.7216 111.291 90.473 36.9861 3.25475 14.6872 2.8212 3.46755 9.61261 5.52783 24.3135 20.906 0.00450342 77.1661
48.215 3.59192 4.31798 10.4112 11.6706 4.1304 45.4679 11.0079 17.7216 112.651 90.473 36.9291 1.83904 13.0888 2.96104 3.29581 8.60377 7.75899 22.9482 20.2258 0.00252103 74.5968
48.215 3.68209 4.31798 10.4112 12.0445 4.1304 45.4679 11.0079 17.7216 112.651 90.473 37.2412 2.44098 19.9017 2.28973 3.50075 7.48602 5.69181 9.04103 23.7432 0.011341 77.1607
48.215 3.44573 3.72994 10.4112 12.0445 4.1304 45.4679 11.0079 17.7216 112.651 90.971 34.6297 0.76573 15.5059 4.91645 3.55543 17.4367 3.03739 3.16782 31.2601 0.0137585 79.6233
50.5225 5.67736 8.24295 3.72001 10.0957 6.03372 45.4679 8.41154 15.2959 118.703 88.6358 37.5534 3.49383 13.3625 6.23535 3.52553 12.3074 3.25801 3.24589 31.2601 0.00818597 76.0126
50.5225 6.85333 8.55588 3.65494 9.03326 7.80513 45.4679 8.41154 13.6524 118.415 88.6358 37.5534 2.82562 11.1183 7.17802 3.62813 9.04082 3.64935 3.36618 17.0273 0.0130737 76.2832
65.1927 5.8443 10.0907 3.2467 8.43487 7.29748 45.4679 8.41154 15.1679 118.856 85.7869 38.6628 2.74405 14.3676 5.55504 3.75011 9.57961 5.6121 21.1063 35.3575 0.00407124 79.3314
67.1457 6.29484 7.87439 4.27178 8.07649 9.44685 38.286 13.9733 18.0227 111.355 94.667 35.5446 2.65977 7.67648 4.28741 4.13654 12.9934 6.38091 6.12012 44.7882 0.00859123 77.5541
58.1601 6.71115 6.40577 4.41917 8.07649 10.567 38.286 13.9733 21.1351 114.183 94.667 28.9789 1.94042 4.6478 4.5469 7.36966 14.8445 8.74661 4.74207 33.9896 0.0121949 76.9309
46.8434 7.2483 8.5796 3.78794 8.07649 11.4283 35.6297 13.9733 21.1385 119.897 91.4962 29.9957 1.16164 5.14512 4.12512 0.15668 19.1482 2.11868 8.49422 39.4081 0.0167478 78.9156
51.1436 6.3406 6.86237 7.54244 7.3188 12.0373 28.4261 18.3799 19.8686 115.163 95.7898 27.4751 2.6004 9.19616 3.80671 0.263873 14.097 11.2784 10.1805 52.9043 0.0557613 83.0399
31.7901 6.58346 6.86237 7.54244 7.81072 14.4349 28.5308 8.84379 25.8041 115.163 95.7898 31.7799 3.51205 9.0803 5.82859 8.41577 14.097 1.21974 17.8501 52.9043 0.0956377 84.1448
36.6342 7.60115 6.55495 7.43847 7.60846 14.0646 26.3824 8.84379 25.8041 101.383 107.057 41.2479 6.96587 4.67814 7.97668 17.6935 4.80328 1.21974 17.8501 65.8597 0.107491 86.3982
44.3591 9.05776 5.9279 5.98364 7.43778 14.1309 25.4213 8.84379 25.8041 101.383 107.057 41.2479 6.96587 5.43837 8.19302 16.902 3.23586 6.00477 26.3619 65.8597 0.103685 86.5373
45.9488 8.20058 5.59496 4.68283 7.43778 15.0811 25.6976 8.84379 25.8041 101.383 107.426 42.3484 6.96587 2.78024 10.7145 1.47254 5.32934 12.1584 24.2162 36.1575 0.129989 83.6569
57.7157 6.1634 5.47679 0.916026 2.61112 14.0754 35.449 19.3054 17.9005 99.7469 110.997 41.4313 8.38368 1.48606 12.2394 6.20112 9.42716 7.05366 22.1456 39.4499 0.0630093 81.926
68.1295 6.1634 5.30519 0.916026 2.89036 14.6718 32.7839 19.3054 15.3204 102.947 110.997 38.5806 8.38368 4.85814 12.2394 4.65231 8.21709 1.41509 24.2442 39.5784 0.0630093 82.4478
71.553 5.67151 5.43699 0.916026 2.89036 15.3957 46.0535 10.882 12.7744 132.318 80.5123 39.2539 9.04824 1.93385 12.8516 0.0939617 24.5526 0.477133 8.30458 40.8133 0.0630093 89.9871
77.4633 5.10369 5.76411 0.402054 2.89036 15.3957 46.0535 6.35622 16.3614 130.245 77.4908 39.2539 9.18807 6.0877 21.8546 6.15023 14.3237 1.12892 44.2044 38.4857 0.0764565 93.4688
50.4973 7.35637 6.51003 0.402054 2.97379 15.4468 46.0535 6.35622 17.9168 126.715 77.4908 41.2201 7.22484 6.0877 2.00508 5.94086 10.1955 5.33124 8.01463 43.9378 0.0791635 80.3105
53.7277 6.50958 5.97622 0.402054 2.97379 13.8431 46.7962 11.1723 15.3609 132.48 77.4908 41.2201 1.70787 5.42082 6.2698 0.429508 14.2203 4.86706 24.3688 15.7474 0.0791635 81.3059
51.1331 7.4759 6.12377 0.402054 2.97379 15.1279 46.7962 11.1723 6.60537 132.48 77.4908 45.191 1.70787 2.7677 6.2698 0.429508 14.2203 5.41647 19.854 1.01332 0.0751378 82.0054
48.1767 6.7352 1.05649 0.402054 2.97379 13.4767 46.7962 6.59466 12.4448 132.48 87.1897 48.1429 4.65341 4.54692 2.72459 4.42328 19.1274 3.81121 19.2208 18.7771 0.111491 85.6945
48.1767 6.67785 1.61767 0.402054 2.41369 13.4767 46.7962 6.59466 12.7294 132.48 87.1897 41.9599 0.752131 0.958654 4.20866 3.61156 19.1274 3.25785 19.2208 12.3523 0.104963 82.8508
48.1767 6.1437 1.61767 0.402054 2.41369 13.4714 46.7962 6.59466 14.5403 132.48 87.1897 36.2683 9.53959 0.654801 3.95108 3.61156 19.1274 2.11372 17.3128 12.3523 0.108745 81.99
39.5897 8.83035 1.61767 2.26335 2.41369 10.8621 46.7962 10.8794 14.5403 115.201 102.749 36.2683 17.1985 0.777075 4.75152 1.94688 14.7933 1.88245 17.3128 22.5298 0.108745 86.6122
39.5897 8.83035 1.3881 2.26335 2.41369 10.8621 46.7962 10.8794 14.5403 115.201 102.749 33.598 17.1985 0.777075 4.34805 1.94688 14.7933 1.04861 7.46788 32.1362 0.104972 82.8543
39.5897 8.89733 2.55943 1.06381 6.63896 10.8621 44.7368 10.8794 24.4025 108.646 102.749 32.5624 18.7843 5.1634 4.13537 1.94688 6.37246 3.64715 11.9209 14.6495 0.104972 87.1841
53.4685 7.09562 11.0562 0.65582 6.92901 8.78884 42.8146 4.86956 27.9317 104.73 102.749 32.8786 17.9839 9.00307 4.1525 8.82971 5.98899 3.61384 9.97303 11.3507 0.0514954 80.264
47.6791 6.57615 11.0562 0.342084 6.92901 8.78884 42.8146 4.86956 27.9317 104.73 102.749 32.8786 12.261 9.00307 5.76376 9.76792 5.98899 7.78967 9.97303 12.4451 0.0429387 81.0775
47.6791 6.90295 8.69661 0.0708592 7.85592 2.6862 42.8146 4.86956 27.9317 104.73 100.263 40.4503 9.00052 7.50878 2.82561 3.45658 8.31487 7.48289 9.97303 9.69323 0.0449957 84.396
47.6791 4.14535 11.2984 1.32066 4.7764 2.6862 47.5963 4.86956 27.9317 104.73 100.263 42.5101 6.5944 7.81157 7.94536 1.46561 4.93862 8.62776 8.30029 9.22812 0.0718152 80.6706
65.945 4.27242 11.2984 2.21037 4.67957 2.6862 45.829 4.86956 27.9317 104.73 104.058 38.6193 6.89878 7.42634 2.17616 9.81522 4.58273 0.894382 9.83158 19.9272 0.0718152 83.0743
66.716 4.52293 11.2984 2.21037 7.73185 1.00677 36.7488 4.86956 35.9918 104.832 100.083 35.9782 3.01166 7.9754 10.4659 9.37005 4.24269 7.55948 9.83158 21.4266 0.0607315 80.4655
72.1155 4.58393 11.1106 2.33088 4.76626 1.00677 41.1928 4.86956 35.9918 104.832 120.408 14.06 3.16164 3.47321 20.6936 3.07529 5.82034 7.38346 44.9156 35.1517 0.0671009 87.0129
72.1155 3.848 11.3785 2.33088 5.79256 27.1805 7.90672 8.49045 35.9918 104.832 120.408 17.5453 13.1096 2.43615 16.2017 2.13267 1.39052 0.426494 39.9803 31.5215 0.0102567 80.3154
69.8183 3.848 11.3785 3.93253 6.72415 23.318 7.90672 9.07273 35.3897 104.832 120.408 18.0522 13.4744 1.82363 13.4446 0.466761 1.19618 7.01615 42.7509 23.6266 0.0102567 82.7133
70.1726 3.848 11.3785 3.1096 6.59008 23.318 12.383 9.07273 35.3897 104.832 120.408 18.0522 10.6116 3.13764 17.205 1.74299 1.19618 13.0919 32.7996 32.4709 0.0790295 87.3355
55.8834 3.81469 11.3172 3.1096 7.79122 22.3751 13.188 9.07273 35.3897 104.832 120.408 18.0522 11.1874 2.85618 13.6947 1.84699 6.56591 7.92248 21.2663 24.5267 0.0706332 85.3072
52.2469 3.81469 11.3172 3.1096 8.39142 13.4381 17.2321 9.07273 35.3897 104.832 120.408 18.0522 10.7075 5.68345 9.31144 4.98312 1.68091 8.73928 14.2784 8.33355 0.0576549 77.2984
54.0657 4.93398 11.3172 1.07746 9.81254 13.4381 17.2321 9.07273 35.3897 104.832 120.408 18.0522 15.8692 6.91044 8.89869 9.07812 2.35682 2.14621 12.4909 8.33355 0.0540526 78.2066
54.01 6.91534 12.267 1.07746 8.70906 13.4381 11.8587 9.07273 39.532 104.832 115.826 23.801 9.26187 5.78819 13.5495 9.7156 0.179801 5.64638 16.4326 8.33355 0.0418657 80.8604
52.3079 6.07671 12.267 1.25558 8.58323 13.4381 11.8587 15.1299 39.532 104.832 115.826 23.801 5.88353 8.68432 10.2396 3.09827 1.2462 2.7485 8.5177 9.11683 0.00181003 73.3625
46.0877 6.07671 12.267 0.793382 9.73521 13.2527 11.8587 15.4477 39.532 103.723 115.826 23.801 4.46216 10.4928 10.2396 1.30319 0.660641 2.65795 19.8665 0.957585 0.00181003 76.1856
46.718 4.26577 12.267 0.793382 13.1557 12.4386 11.8587 15.4477 39.532 103.723 111.118 23.801 3.40157 10.728 20.2489 1.30319 0.660641 1.21529 0.80577 9.04264 0.00181003 75.549
47.256 4.26577 12.267 0.793382 9.67055 13.0698 20.086 13.5703 39.3699 103.723 111.118 22.9341 4.96397 10.728 20.2489 2.07669 0.870835 1.21529 7.07931 20.4024 0.00181003 76.5109
47.256 1.05423 12.267 4.9008 9.67055 13.0698 18.8938 6.96639 39.3699 103.723 111.118 26.2032 4.96397 10.728 17.3218 6.12984 2.95184 0.807987 7.07931 9.26729 0.00879886 75.4544
47.5708 5.65146 8.65919 4.9008 10.135 15.9663 20.5545 8.9719 39.3699 103.723 95.4848 36.0406 7.46227 14.5934 8.92072 5.10317 3.57977 0.493127 7.07931 7.79146 2.43841e-05 70.5706
46.8545 0.29799 2.93024 7.44289 8.08025 14.3696 30.1694 8.9719 39.3699 101.831 99.824 35.3641 7.29253 10.1741 7.96815 10.0843 2.47304 4.33547 10.2389 13.3696 2.43841e-05 69.5331
46.1458 7.86208 5.01702 7.15951 8.08025 15.2325 23.7653 6.34645 41.2988 101.831 99.824 35.3641 8.06085 1.54009 2.40143 11.7252 8.9193 8.14243 10.2389 21.3379 2.43841e-05 70.6939
46.7345 7.69101 4.58723 7.18468 7.18698 12.2623 23.9486 6.54777 42.8241 101.831 99.824 35.3641 8.17488 2.51773 2.40143 11.7252 5.87341 9.10094 7.96428 30.5205 2.43841e-05 69.7093
52.2359 5.59049 7.58482 7.26331 4.77976 13.8042 20.3833 6.54777 42.8241 115.999 94.4172 35.3641 7.1123 4.9948 3.70181 15.9547 3.26051 0.788192 6.34916 44.3098 2.43841e-05 70.3766
50.4044 5.59049 8.31301 6.95527 4.77976 13.8042 20.3833 6.54777 42.8241 115.999 94.4172 35.3641 5.21369 3.181 5.10254 10.4622 1.43859 1.54496 22.7379 44.3098 2.43841e-05 72.1096
57.7759 5.34253 8.26471 6.54673 4.77976 16.2509 18.0606 6.54777 42.8241 115.999 94.4172 35.3641 1.38811 4.44989 4.7817 10.4313 6.68149 4.07281 7.62323 34.0396 2.43841e-05 72.0793
57.6358 5.34253 8.55485 7.00475 5.30112 13.506 18.8048 6.54777 42.8241 115.999 94.4172 35.3641 2.29135 2.38693 8.10817 10.7088 9.48462 4.85308 9.94573 6.50264 2.43841e-05 70.2677
48.2639 7.78226 9.25273 4.60788 5.93459 13.506 17.8202 6.54777 42.8241 114.604 100.956 36.7328 2.64423 1.01705 3.20887 9.25687 10.3384 4.75598 7.15366 15.2446 2.43841e-05 70.89
50.9079 7.78226 8.53305 4.80492 5.93459 13.506 17.8202 6.54777 42.8241 114.604 95.8838 30.797 1.92135 3.41056 3.54663 9.25687 15.1188 3.49652 9.66512 18.1913 2.43841e-05 69.4455
50.9079 6.24164 7.34187 7.0974 7.83985 13.506 17.8202 6.54777 42.8241 114.604 95.8838 30.797 1.19592 3.41056 14.9859 11.9428 15.1188 3.49652 8.70319 15.0157 2.43841e-05 73.4214
49.5893 7.29111 7.34187 4.71765 7.83985 13.506 17.8202 6.54777 42.8241 114.604 95.8838 30.797 1.82701 3.41056 17.0061 12.1461 15.1188 3.49652 8.48812 16.5351 2.43841e-05 71.1843
51.3426 6.32856 7.34187 4.21215 9.75678 13.506 17.8202 12.7975 42.8241 114.604 95.8838 22.1359 1.39946 11.7365 2.24101 9.41217 15.1188 3.75064 8.47237 28.8033 2.43841e-05 70.4453
44.0209 6.06475 6.69819 4.42138 16.9857 12.6652 17.1561 8.74749 42.8241 114.604 95.1788 27.2005 2.47512 5.08727 2.24101 7.24217 15.1288 6.25557 9.11512 28.8033 2.43841e-05 73.8884
44.0209 7.15116 2.97182 4.15371 11.5642 13.4905 18.2939 4.24911 51.1027 114.604 95.1788 27.2005 2.46412 5.08727 4.13991 5.54293 19.0033 5.51591 7.6076 49.3316 2.43841e-05 72.3197
46.8268 7.24811 3.9386 2.49674 11.7198 14.303 22.1546 0.226953 50.4476 114.604 94.6009 27.2005 1.33953 6.06496 4.53785 3.99378 19.7895 5.53747 8.55938 58.4829 2.43841e-05 74.3301
49.1489 7.37582 4.66934 0.980101 11.7198 14.0159 22.1546 2.08974 49.2212 114.604 94.6009 16.8961 1.10689 8.57458 4.53785 5.27664 29.3801 3.40008 10.1947 52.2822 2.43841e-05 78.0777
55.9678 6.65919 4.66934 1.14068 11.7198 14.0159 20.6088 2.08974 49.2212 114.604 103.42 16.1477 1.10689 9.80542 4.53785 5.34263 20.4871 6.01989 8.45829 52.2822 2.43841e-05 75.3643
55.4426 6.65919 4.83283 0.674416 11.7198 13.0547 21.9286 3.90388 49.2212 112.983 103.42 16.1477 0.370073 9.54005 7.7348 1.56939 20.4871 6.05502 0.859684 52.4319 2.43841e-05 76.3659
47.5023 6.65919 5.52366 0.674416 11.7198 13.3564 21.9286 3.90388 49.2212 112.983 103.42 24.6324 0.968409 6.53493 7.7348 1.56939 16.8977 4.19626 5.80604 56.2512 2.43841e-05 73.4681
44.3124 7.17785 5.4686 0.674416 11.7198 13.3564 22.2334 3.90388 46.5724 112.983 103.42 19.6621 3.82187 6.53493 6.6045 1.56939 16.8977 3.86911 7.17032 5.63005 2.43841e-05 71.5407
42.6305 6.74655 6.99601 0.674416 10.2173 13.3564 22.2334 5.80994 46.5724 112.983 103.42 19.6621 1.07164 8.76684 10.4481 2.86913 13.8534 5.00354 11.1276 13.6926 2.43841e-05 72.3415
48.6211 6.74655 12.7972 0.674416 5.33565 13.3564 22.2334 1.79429 46.5724 112.983 103.42 19.6621 13.1934 18.6636 4.42479 4.04868 13.8534 1.84246 11.8517 3.44381 2.43841e-05 73.6139
47.7942 6.74655 12.7972 0.258012 4.21049 13.3564 22.2334 1.79429 46.5724 118.995 103.42 21.3647 0.722565 8.78617 4.42479 5.50586 17.937 1.84246 10.5467 46.4764 2.43841e-05 75.5351
50.2918 5.16603 12.7972 2.25389 4.21049 13.3564 23.1239 1.79429 46.5724 118.995 103.42 22.0979 0.722565 8.78617 2.64644 3.74955 17.937 5.36722 7.27409 46.4764 2.43841e-05 75.1447
49.8697 6.80362 10.9747 1.8854 4.57117 13.3564 23.1239 17.9608 30.8894 118.945 95.3608 22.5554 5.23273 9.04562 2.64644 2.67298 12.3773 2.89966 2.51698 74.3645 2.43841e-05 74.6174
50.6412 6.5543 10.9747 2.56806 3.78709 13.3564 20.3281 17.9608 30.8894 118.945 103.234 22.5554 0.0263213 17.2211 3.96803 3.65403 11.0402 3.29482 3.56135 47.903 2.43841e-05 75.758
50.5365 5.58858 11.3477 3.56991 7.59224 13.3564 17.6992 17.9608 30.8894 118.945 103.234 22.5554 10.931 3.44036 13.5536 1.15135 6.76493 1.95053 11.4818 17.9974 2.43841e-05 71.4652
56.4662 5.58858 11.3477 2.41553 7.69151 13.3564 15.8051 17.9608 29.0177 118.339 103.234 22.5554 16.5846 5.9984 4.48467 5.5567 1.34856 12.0628 16.293 0.788373 2.43841e-05 74.6273
46.0307 6.94759 11.3477 2.60661 8.06189 13.3564 15.8051 17.9608 29.5771 116.038 103.234 23.6215 15.5417 6.76997 5.3208 10.7154 1.66273 12.0628 8.11618 14.7701 2.43841e-05 71.6646
46.0307 7.23514 8.26841 2.52652 8.94479 14.7735 15.8051 17.9608 29.5771 116.038 104.041 23.6215 15.5417 4.09149 12.2565 7.83765 1.66273 11.5784 8.16629 14.7701 2.43841e-05 72.5851
52.4801 6.15006 7.12619 2.48217 4.43534 14.7735 42.8871 15.5736 15.6205 108.767 99.0318 25.8572 27.8193 4.09149 2.66742 3.15335 8.70396 1.17852 6.84159 3.79028 2.43841e-05 73.3302
52.4801 6.18585 7.13858 2.35068 4.43534 14.7735 42.8871 15.5736 19.8581 108.767 99.0318 26.5751 8.73946 7.62314 1.6758 4.28507 12.9634 6.44422 9.71343 20.8843 2.43841e-05 69.6068
50.0037 6.18585 7.08775 2.23484 4.86038 14.7735 42.8871 15.5736 19.1851 108.767 99.0318 26.5751 8.73946 8.16852 1.6758 2.90666 12.9634 6.44422 10.6252 1.36305 2.43841e-05 68.7307
50.0037 6.18585 6.82406 1.70565 4.82962 14.7735 42.8871 15.5736 19.1851 108.767 99.0318 28.408 5.66032 11.4579 1.6758 5.21819 12.9634 4.80967 23.43 1.36305 2.43841e-05 69.5414
49.6499 6.45541 7.53752 1.61372 3.3022 14.7735 42.8871 20.0977 14.9568 104.248 99.0318 23.3872 7.63046 9.63262 1.6758 2.81353 12.9634 15.8565 19.2478 1.98593 2.43841e-05 73.7286
49.6499 6.45541 7.53752 1.48744 3.09516 13.7639 42.8871 20.0977 9.68452 104.248 115.547 23.3872 6.43616 6.92289 1.6758 2.60667 25.741 8.78373 13.8808 1.98593 2.43841e-05 74.0723
55.1215 6.07394 7.53752 2.18516 3.09516 13.7639 42.8871 20.0977 8.50924 104.248 115.547 29.4109 2.74158 7.38503 1.11866 1.2537 25.7011 9.70732 21.8355 0.332702 2.43841e-05 76.8484
51.3607 5.99266 7.5963 2.35714 3.09516 13.7639 42.8871 20.0977 8.9978 104.248 115.547 29.4109 0.500897 6.24272 3.21755 1.2537 18.8419 9.68001 38.0185 0.332702 0.000429496 78.263
56.5378 5.96012 5.4736 2.09888 3.09516 17.4388 42.8871 24.3923 5.92565 104.248 115.547 22.6438 0.819492 7.26397 2.07886 4.48391 9.54766 9.77652 28.1978 0.801567 0.000577648 75.1279
28.3834 10.2358 4.20223 1.71426 2.46176 11.4036 42.8871 31.9903 5.92565 104.248 115.547 16.7642 4.30563 17.3284 4.99588 3.12436 8.32879 10.2817 2.04973 10.3974 0.00129356 77.4996
30.3607 10.2486 5.14098 1.41993 2.46176 17.1715 42.8871 32.1718 3.07186 104.248 115.547 16.7642 3.7655 7.75789 5.3528 5.08503 6.33881 7.97796 2.10001 8.79802 0.000848996 78.0848
30.3607 10.2486 5.26268 0.304737 2.46176 18.2332 42.8871 31.9391 0.895422 104.248 115.547 20.1337 2.26608 5.73941 8.91391 4.28533 8.29558 7.97796 8.22178 6.93975 0.000622434 79.0101
30.3607 12.4484 5.26268 0.304737 2.46176 16.8525 42.8871 29.9949 0.895422 104.248 115.547 20.1337 2.26608 7.56207 11.6935 4.28533 5.53934 11.4222 9.13379 6.64185 0.000633364 81.2354
13.0644 11.0492 5.39306 0.509097 5.13086 16.8525 42.8871 31.7387 0.895422 103.025 115.547 20.1337 3.86703 18.8911 4.27355 2.14077 6.48232 10.0686 6.51953 5.47455 0.00062965 80.7537
-44.943 15.6656 5.25912 0.509097 5.13086 14.8753 42.8871 22.8021 6.32871 103.025 115.547 24.4466 2.53254 12.3631 7.17265 2.51486 9.46083 11.72 6.51953 11.5994 0.000447282 81.1971
-46.6944 15.6656 7.99267 0.509097 5.13086 14.8753 42.8871 22.8021 6.32871 103.025 115.547 24.4466 2.04067 7.6003 7.17265 2.51486 8.88125 11.6424 6.51953 15.923 0.000366472 77.6996
-46.6944 15.6656 7.75525 0.509097 5.13086 15.1595 42.8871 22.8021 5.85061 103.025 115.547 24.4466 2.04067 8.11646 3.60045 6.13944 9.13152 9.69758 40.4701 26.071 0.000795619 80.3462
-46.6944 15.6656 8.43141 0.743544 4.12731 14.0887 29.9873 37.0518 5.85061 103.025 115.547 20.9447 4.46797 11.0226 2.08173 10.4361 9.07698 9.67703 30.8829 23.8742 0.00149065 81.366
-46.6944 15.6656 8.17691 0.743544 4.12731 15.0931 29.9873 37.0518 5.85061 103.025 115.547 20.9447 7.11753 11.8859 2.08173 13.8453 9.35749 10.3337 14.5501 23.2284 0.00581994 81.4437
-46.6944 15.6656 8.17691 0.743544 4.12731 14.2503 29.9873 35.8217 5.85061 103.025 115.547 20.9447 6.19793 10.6855 2.08173 13.8453 10.8063 14.6401 3.46222 25.5067 0.00581994 83.9714
-42.6762 15.6656 8.81505 0.743544 4.12731 14.9647 29.9873 35.8217 5.85061 103.025 115.547 20.9447 6.52248 10.6855 2.08173 11.1809 10.8063 14.6401 1.93459 25.3723 0.00581994 82.0026
-42.6762 15.6656 8.81505 0.743544 2.82418 14.8952 29.4036 33.9654 11.5921 103.744 115.547 20.9447 6.52248 6.72409 1.08011 3.3877 10.8063 14.6401 1.93459 25.5392 0.00262881 78.6429
-42.6762 15.6656 8.90352 0.743544 2.82418 15.6636 29.4036 32.0329 16.596 103.744 115.547 20.9447 9.80913 6.31359 1.08011 0.560104 16.9554 14.6401 7.12938 24.9536 0.00504401 84.2309
-57.5991 12.2014 9.22439 0.743544 4.85298 17.8129 29.4036 32.0329 12.4383 103.744 116.074 20.9447 4.87346 12.0599 1.10692 0.905695 11.3751 22.4923 12.6417 25.9825 0.00302776 84.5174
-57.5991 12.2014 8.99659 1.4836 4.91396 18.1195 29.4036 27.8346 11.563 103.744 116.074 24.5838 5.87126 9.9501 1.10692 0.905695 10.6786 20.9568 44.0725 24.3003 0.00600193 86.6555
-48.5052 12.4211 8.48429 0.444033 7.1534 16.2547 29.4036 27.8346 12.1263 103.744 116.074 24.5838 5.44816 8.6184 1.15235 0.905695 1.38514 18.197 70.8605 24.9498 0.00542368 85.2382
-56.441 12.4211 11.123 2.99796 3.4319 13.7198 33.6355 22.1905 17.1994 103.744 116.074 24.5838 5.01624 10.5915 1.15235 0.469362 0.947422 17.1856 0.860864 16.1492 0.00095389 79.9694
-65.1704 12.4211 11.123 3.75178 3.4319 13.4837 33.6355 22.1905 17.1994 103.744 116.074 24.5838 3.57628 11.5346 0.807952 0.469362 8.48691 14.3007 12.6048 16.1492 0.000639532 77.8197
-65.1704 9.18587 11.123 3.55348 5.60751 13.1088 35.4707 22.1905 15.6568 103.744 116.051 24.5838 4.15759 9.65697 6.03406 3.26151 1.28794 11.4915 13.5017 13.7467 0.00340653 78.494
-28.7375 8.37548 10.6799 4.36702 1.31891 14.3203 35.4564 22.1905 15.6568 103.744 116.051 24.5838 5.00219 14.7914 1.33813 2.59584 6.13762 11.4915 12.177 15.7786 0.00143017 77.8844
-31.0227 8.37548 10.9215 4.36702 1.31891 14.3203 35.4564 22.1905 14.9996 103.744 116.051 24.5838 6.80245 4.28923 4.99505 3.90916 1.62721 17.5479 15.9888 12.5656 0.00110221 77.9754
-30.0074 13.8379 10.8717 5.65894 1.31891 14.3203 35.4564 20.433 14.1385 103.744 116.051 23.4159 7.38091 4.4122 6.05402 4.14641 3.6435 17.5479 39.2679 1.67268 0.00144412 82.1042
-32.2158 13.8379 11.673 5.65894 1.31891 14.4456 35.4564 20.433 8.78283 103.744 116.051 25.6315 7.55164 9.74076 4.3565 3.25423 1.29288 16.834 23.6367 6.06278 0.00164438 80.5111
-32.2158 13.8379 10.9032 5.65894 1.34228 15.1769 34.5885 20.433 8.78283 103.744 116.051 25.6315 4.07932 4.93005 3.26562 1.96612 9.44586 16.834 30.9104 14.6816 0.00164438 80.4887
-24.031 13.1773 10.4361 5.33441 1.34228 15.1769 38.2498 19.6556 8.78283 103.744 117.138 25.6315 2.20625 4.93005 3.19279 4.73738 10.7568 8.56048 40.0592 4.67697 0.00071294 78.4514
-27.5651 12.2315 10.87 4.44405 4.71574 15.1769 35.4511 19.6556 9.59223 103.744 117.138 25.6315 2.71003 1.86432 0.561298 7.97096 13.5136 11.719 31.6865 6.2855 0.000514331 80.1332
-27.5651 12.2315 10.87 4.44405 4.71574 15.1769 35.4511 19.6556 9.59223 103.744 117.138 25.6315 2.71003 1.86432 1.44218 7.97096 13.5136 11.719 31.6865 6.2855 0.000678725 80.652
-40.3369 13.1796 12.4863 4.44405 3.98147 15.1769 32.876 19.6556 15.2731 103.744 117.138 25.7964 2.71003 1.9488 10.8211 5.80667 2.48206 10.6719 23.6599 34.8296 0.000678725 79.567
-40.3369 13.1796 13.4346 4.44405 3.98147 15.1345 30.5681 19.5358 12.9096 100.376 117.138 24.9476 0.131263 1.99626 12.223 2.80678 4.46475 14.673 17.0962 24.65 0.000905828 84.3629
-40.3369 9.21779 14.8559 4.44405 4.20031 15.1345 37.1433 19.5358 12.9096 100.376 113.31 24.9476 11.2853 1.99626 7.20543 2.80678 7.39257 11.778 17.0962 8.55305 0.00091204 77.9666
-40.6885 6.98562 16.9229 5.77247 4.05139 12.5165 28.6439 19.5358 17.8463 94.3807 113.31 37.2834 11.9022 0.468547 11.1325 2.80678 6.17839 13.0686 5.67103 20.5095 0.00091204 85.8764
-5.81531 3.26774 13.6624 9.05355 6.24098 9.51704 35.0258 24.2828 11.5613 94.3807 113.31 37.2834 2.93762 4.1107 7.2172 4.75412 10.1444 10.4147 8.98307 32.7437 6.1159e-05 80.6604
-8.22429 5.53563 13.6624 7.55145 1.95553 12.7709 42.5446 24.2828 16.5284 90.6408 112.507 27.0243 4.84035 9.91403 6.1718 6.85052 9.9155 4.65246 24.1704 41.1833 5.18605e-05 78.5683
-12.9696 5.73422 11.3207 7.71389 8.42681 12.7406 38.2779 24.2828 18.5675 87.1788 112.507 25.0731 9.08261 11.8526 2.64856 6.41758 10.2259 4.89573 15.7839 56.5071 5.18605e-05 81.0723
-0.306393 5.43427 12.9895 7.91265 8.12178 11.7427 31.22 24.2828 26.8163 87.1788 111.573 25.0731 10.3519 0.601132 2.64856 4.04976 10.2259 10.5252 6.76518 56.5071 3.7502e-05 80.3201
-13.8023 5.43427 12.1795 8.25153 8.12178 10.2166 21.6421 42.3962 17.8842 87.1788 111.573 33.187 5.41387 6.09717 9.0679 7.3304 10.4082 9.72969 8.83861 53.6387 0.000454954 80.4826
-13.8023 5.43427 12.7378 8.13561 6.58201 17.7355 22.5877 34.6771 18.4502 87.2787 111.573 14.0601 9.57071 4.57763 12.4734 2.52663 7.65901 9.72882 13.7295 30.6045 0.00131571 88.1271
-21.5246 5.88683 10.5235 7.07877 4.14242 16.1817 25.1919 30.1029 32.7742 87.2787 111.573 18.9412 9.57071 3.25774 12.0586 18.4269 4.04559 0.676609 4.52376 41.218 0.0302218 90.3325
-45.7525 16.0142 9.38418 5.29134 3.50107 17.6575 25.0634 27.8137 18.8708 100.059 109.503 25.239 7.06462 3.97292 15.2747 18.4269 3.76556 1.0017 17.7305 19.44 0.0052489 81.6562
-50.5341 16.0142 9.38418 5.29134 3.50107 18.1428 25.0634 27.8137 18.8708 99.6921 109.503 25.239 7.06462 3.97292 15.2747 14.6077 3.85305 1.0017 22.1418 19.44 0.0052489 82.9004
-50.5341 16.0142 10.4386 5.58102 2.1504 18.9957 23.0929 27.8137 18.8708 98.971 109.503 25.239 4.83191 1.78639 14.9057 11.8507 3.66761 5.76944 32.2779 16.673 0.0036487 81.0579
-50.5341 14.5849 12.6291 5.25642 2.1629 18.9957 27.9909 17.2667 18.8708 110.032 109.503 25.239 3.83856 4.03291 9.01996 12.294 3.46871 4.17996 41.0499 17.8286 0.00458805 84.7779
-45.5067 14.5849 10.6754 5.62851 2.1629 18.9957 26.1332 17.2667 18.6379 110.032 109.503 25.239 6.68023 7.24043 14.3787 10.7328 3.82933 3.13862 41.0499 53.2185 0.000866551 84.7127
-55.8234 11.8764 10.5157 5.56685 1.98839 22.7619 26.4379 17.2667 19.5122 109.902 109.503 22.3455 0.413501 9.44328 18.5858 11.7789 0.818126 2.99762 13.1679 28.5512 0.00456027 85.1288
-45.2312 13.9687 9.60146 6.70517 1.98839 22.7619 26.4379 18.8618 17.2922 109.902 109.924 18.6252 0.62486 8.9017 16.6191 8.6632 5.91186 2.99762 25.9633 32.815 0.00403552 85.4159
-67.4913 10.7596 7.54851 7.2641 1.13463 22.7619 32.7557 18.8618 23.8147 109.902 109.924 18.6252 3.66752 5.17183 9.24913 5.67479 4.66298 4.06072 30.167 30.9193 0.00281534 82.8549
-42.7171 8.46059 5.21937 5.50754 1.13463 22.7619 32.7557 23.3223 23.8147 107.894 109.778 18.6252 6.56074 2.52203 1.69213 3.94788 4.09826 24.5372 30.3784 25.9419 0.000491123 82.5176
-60.8126 8.62167 11.5108 3.43775 0.817916 19.0149 32.7557 23.3223 21.966 107.894 109.778 18.6252 9.04885 9.14405 1.69213 5.82322 3.12851 17.1716 78.5303 5.9703 0.0006839 83.6512
-60.8126 9.70464 11.5108 3.59777 0.817916 19.0149 32.7557 23.3223 21.966 107.894 112.76 18.6252 7.89782 6.73017 4.93343 5.70611 1.22295 17.1716 75.7161 24.4051 0.000380108 83.907
-60.8126 9.70464 11.5108 3.34775 6.32167 18.6845 32.7557 22.3506 21.966 104.644 99.1698 31.2502 7.03204 7.55423 2.83253 5.50633 1.96358 5.56756 29.1966 25.6776 0.00158435 81.9647
-60.8126 10.0822 9.07661 4.58734 0.557384 16.417 41.4622 26.8569 14.7928 104.644 101.075 38.3175 5.97665 8.2496 8.17695 6.01857 5.4262 9.32638 23.3725 19.5814 0.00118406 81.897
-56.1034 10.0822 10.275 4.94655 0.557384 16.1073 36.6937 31.0551 14.7928 104.644 101.075 27.7937 6.69731 8.06648 8.53709 6.01857 6.2864 9.61005 13.8856 19.5814 0.00149133 77.8862
-46.6611 8.01034 9.93041 5.93876 0.557384 15.7172 36.6937 26.441 8.80632 112.94 99.4593 33.4469 10.9915 9.37907 3.0162 6.89946 0.797846 10.8466 1.10893 10.8275 0.00233878 80.0837
-36.8591 9.23509 7.6425 6.08535 0.557384 15.7172 36.6937 23.1365 14.6914 114.424 99.4593 30.9762 6.23632 9.37907 3.0162 8.91084 5.06762 8.87517 0.905943 10.8275 0.00381741 78.17
-51.0988 9.6193 7.77908 6.55643 0.557384 17.1701 36.6937 23.6288 14.6914 112.975 99.4593 36.6215 7.97309 20.3672 2.64759 8.30639 1.28736 4.34942 8.30888 11.0492 0.00434905 82.4547
-57.0067 9.6193 8.96694 6.10471 0.557384 17.1701 36.6937 23.6288 14.0598 112.975 99.4593 27.1857 18.5474 12.3197 0.996881 9.0268 1.96027 2.7633 12.7311 14.6009 0.00649291 81.2903
-57.0067 9.6193 8.92613 5.38499 1.28324 15.9094 38.1309 23.6288 13.9428 112.975 99.4593 31.9678 11.7487 9.44639 2.64626 5.09341 1.96027 6.7331 8.17763 14.6009 0.00682237 78.4632
-57.0067 9.6193 8.92613 5.38499 1.28324 15.9094 38.1309 23.6288 13.9428 106.596 99.4593 37.8295 14.044 12.7286 2.64626 5.43104 0.434589 6.7331 8.08696 12.7449 0.00380057 79.2242
-64.7892 10.3889 8.92613 5.11529 1.28324 15.9094 38.1309 24.6561 13.9891 106.596 99.4593 37.8295 13.1318 12.7286 1.39758 1.91034 14.6487 5.68229 8.81901 12.7449 0.00463919 80.5988
-64.7892 10.3889 8.92613 5.92215 1.28324 15.9094 37.6777 24.6561 13.9891 106.596 99.2757 37.8295 13.1318 2.04586 1.91058 12.4374 14.6487 5.68229 10.1493 12.7449 0.0023439 79.4587
-64.7892 10.3889 8.92613 5.90947 1.28324 15.8716 37.6777 24.1059 13.9891 106.596 99.2757 37.8295 13.1318 2.04586 1.91058 12.4374 12.9142 5.68229 29.6158 32.5769 0.00145267 82.3294
-43.6428 10.3889 8.22785 5.90947 6.84023 15.8716 37.8409 24.1059 13.9951 106.596 99.2757 38.4077 4.79041 2.04586 1.91058 12.4374 1.10449 4.13808 29.6158 34.1246 0.00145267 81.0667
-26.3783 10.3889 12.5613 6.76237 3.28243 15.7812 28.6904 24.1059 8.68939 108.138 99.2757 40.8014 8.50781 10.5211 1.91058 15.1752 1.10449 3.92863 16.4635 33.7799 0.000683455 84.3077
-42.3099 11.7279 12.5613 8.20093 0.941824 16.3628 28.6904 26.1268 12.3286 108.138 99.2757 40.8014 3.04113 5.73419 2.66139 7.88095 1.10449 7.56631 25.4185 44.1302 0.000434451 82.4902
-27.6038 11.7279 10.2083 6.88619 2.48193 17.6325 30.3747 21.1731 14.3672 108.138 99.2757 36.8728 1.78133 12.2262 4.81409 6.88728 3.24181 13.1147 51.6863 38.2234 0.00179541 83.6196
-60.3013 10.8672 13.113 6.88619 2.48193 17.6325 31.7264 21.1731 13.5627 108.138 99.2757 36.8728 3.80075 10.4655 4.81409 5.02637 3.24181 13.1147 58.8481 25.0557 0.00166183 83.7337
-60.3013 9.39666 14.356 7.92679 2.48193 7.37366 33.8581 15.9743 26.3532 108.138 99.2757 35.0064 5.2685 12.7281 4.39659 5.0468 0.760945 9.44421 23.7715 14.1232 0.000766181 78.2333
-43.5725 7.7708 16.4929 9.43657 2.52013 3.64935 38.1932 13.5878 23.4631 108.138 95 39.0303 2.35374 10.2833 8.20061 1.58667 2.8649 9.62353 14.7126 15.2627 0.000820849 83.0061
-43.5725 7.7708 16.4929 5.59446 3.16328 3.64935 43.4938 20.078 23.4631 108.138 95 39.0303 9.6041 0.648174 2.96315 4.70607 2.8649 18.7633 23.1551 1.15854 0.000762152 82.0995
-43.5725 7.7708 16.4929 5.59446 3.16328 7.71649 35.5172 17.766 23.4631 108.138 95 39.0303 14.8209 2.92402 2.96315 4.44041 2.29221 12.0858 18.5977 1.15854 0.00117361 78.051
-35.5198 7.7708 16.4929 5.59446 3.0552 7.71649 35.5172 17.766 21.3773 108.138 95 39.0303 14.8209 4.50497 0.824454 4.85235 2.29221 12.0858 18.5977 1.15854 7.80184e-05 77.267
-35.5198 7.89583 16.4929 7.25201 1.22606 7.49266 35.5172 17.766 20.8817 108.138 101.232 33.1639 14.8209 3.37665 11.1039 5.02762 2.29221 12.0858 19.5263 1.15854 7.80184e-05 79.897
-39.8849 7.89583 16.4929 7.10062 1.22606 7.49266 35.5172 17.766 21.2284 108.138 101.232 33.1639 14.8209 2.09501 16.8296 5.27237 2.02827 9.82237 7.77231 1.15854 7.80184e-05 77.6494
-39.8849 7.89583 16.3584 7.36119 1.22606 7.49266 35.5172 17.766 19.8809 108.138 101.232 33.1639 11.1713 2.29046 14.9432 5.81811 1.75239 2.07567 12.2068 1.15854 5.42312e-05 75.4663
-39.8849 6.67549 16.3584 9.00666 1.22606 7.63108 35.1793 17.8352 21.515 104.7 101.232 33.1639 11.1713 8.83342 17.6101 4.02004 0.707484 2.07567 14.4597 3.807 0.000284426 80.1609
-39.8849 6.96851 13.3812 10.8005 0.969391 7.63108 34.4236 17.7548 25.9412 104.7 101.232 33.1639 10.1989 9.407 2.61731 10.7154 4.16141 8.39114 7.84515 2.15087 0.000150151 77.1002
-39.8849 6.30446 14.8764 10.7527 0.572565 7.13361 34.9952 17.9353 28.2866 109.745 103.306 30.0508 10.8685 7.81338 2.61731 4.58322 0.0282604 7.35473 7.84515 11.8043 0.0007507 81.2368
-39.8849 7.3262 14.8764 10.7527 0.572565 7.13361 34.9952 17.8499 27.0066 109.745 103.306 30.0508 9.41436 6.61806 2.61731 5.67605 3.10619 9.52447 7.84515 12.7073 0.000846983 78.8806
-35.071 5.01357 14.8764 9.67461 1.1103 6.39014 36.1752 18.005 24.7751 109.745 103.306 25.4297 1.43013 8.25219 1.40267 9.75227 0.505236 22.3076 20.4562 1.33552 0.000846983 83.6464
-35.071 11.0529 13.9829 2.48266 1.1103 15.8711 37.4768 8.79414 30.5626 109.745 103.306 28.4141 0.95122 11.3294 1.07178 5.38531 8.75999 9.07062 3.75612 17.205 0.000607685 81.8267
-35.071 8.51875 15.7997 2.57376 2.74194 15.5323 37.2963 2.70325 34.7666 110.613 103.306 28.4141 0.95122 11.6481 1.07178 5.43567 7.35205 10.4405 16.1834 2.87965 0.000653922 81.2154
34.489 7.22207 10.8375 1.3241 2.74194 15.5323 37.2963 9.05333 24.0974 110.613 103.306 28.4141 3.09604 11.2938 2.17704 6.38398 7.32385 9.35207 9.36458 4.43113 0.000800854 76.4004
53.9682 7.84034 1.50335 2.85116 23.0144 1.66225 38.0073 11.1182 18.2036 110.613 103.306 28.4141 2.12875 12.8712 0.978515 7.9354 7.68723 11.9587 12.7195 13.0986 0.000178063 74.8721
53.3478 7.02267 3.34824 0.444329 17.4232 6.34586 37.6823 13.1401 20.0432 110.613 103.306 27.3362 10.3959 10.1022 4.6463 11.5722 2.44622 6.19713 6.81921 34.3555 0.000178063 75.1365
47.1588 6.40305 3.72577 1.74895 20.8086 4.78485 37.7278 13.9418 20.3526 112.058 102.733 27.462 7.66402 3.84283 7.43455 12.6869 2.23308 0.266581 4.29312 8.47659 0.000178063 74.6763
48.0824 7.2982 2.31281 4.71226 10.9107 6.49849 36.1337 13.1093 24.333 113.193 102.733 27.462 15.1554 8.87484 13.8394 0.514468 0.185339 1.1111 9.3463 15.274 0.000178063 72.8397
48.0824 7.02638 2.58108 4.71226 10.9107 6.49849 36.1337 13.1093 24.333 113.193 102.733 27.462 10.279 8.87484 11.0226 2.65786 5.12989 1.1111 0.978321 15.9251 0.0159995 74.9949
48.0824 5.15086 3.37627 8.06909 3.71684 9.76557 36.1337 22.1981 19.7452 113.193 102.733 19.4101 15.7639 2.00534 9.38423 9.0081 3.34522 7.35168 18.2249 20.5793 0.0225692 79.4304
60.1409 5.16378 3.79606 4.68776 6.82526 9.37705 36.3178 22.1981 21.5534 83.105 134.287 19.4101 6.34784 1.71737 6.27486 7.77314 6.66953 8.63082 8.36858 0.731909 0.0225692 77.0846
70.5003 5.25559 2.44685 2.60765 7.71009 9.29368 41.2889 22.1981 17.9839 83.105 134.287 19.4101 6.69046 6.10175 8.18913 2.28041 6.66953 7.13325 6.55486 7.65211 0.012194 75.1172
55.8133 2.73983 2.55432 3.66121 8.46037 8.49328 43.6075 22.1981 19.4718 83.105 134.287 16.6132 1.52161 7.57377 12.107 1.87221 10.7506 3.77856 4.56689 4.28072 0.00894149 77.3215
66.4168 2.73983 3.21199 5.82777 8.46037 6.87769 40.9663 21.2664 17.5877 83.105 138.744 22.431 1.87412 10.6626 6.89016 10.0492 10.7506 6.24624 8.09477 1.5459 0.00935633 78.2511
68.0469 1.8648 3.95091 5.82777 9.06418 6.87769 40.9663 15.4755 17.9503 83.105 138.744 22.431 1.87412 14.2284 2.32197 8.99004 5.19968 6.24624 8.09477 1.5459 0.00667997 76.0973
71.0168 1.8648 3.95091 5.82777 9.06418 6.87769 40.1371 15.0086 18.2055 83.105 138.744 22.431 5.19796 6.66303 13.2446 8.63499 4.35987 2.78508 8.09477 1.5459 0.00667997 76.9482
57.345 1.69432 4.41376 5.82777 9.96854 5.74128 38.7522 18.6641 18.1341 83.105 138.744 22.431 4.69715 5.96014 14.1935 6.88266 3.97106 2.54153 10.5457 19.396 0.00667997 76.6001
53.8848 2.23599 7.78237 5.84041 9.96854 5.74128 34.3764 23.035 18.3432 83.105 138.744 22.431 4.69715 1.71039 14.9244 6.88266 4.01059 5.90246 0.990701 20.5486 0.00466539 78.1041
56.0436 3.43749 8.07309 5.84041 8.83451 5.74128 34.6263 19.9453 18.5063 83.105 138.744 22.431 4.76237 7.90596 8.51214 4.96151 3.08816 6.32977 6.89958 2.56127 0.00136464 73.3458
55.1834 5.61738 9.72988 4.66018 6.76578 5.74128 33.6066 18.7665 18.7359 83.105 138.744 22.431 10.3419 6.57563 8.66048 8.34374 3.08816 2.31753 3.70331 14.0967 0.00136464 71.2632
56.9036 5.62972 9.72988 4.64911 6.76578 5.74128 33.6066 18.7665 19.2203 83.105 138.744 22.431 10.3419 8.6174 11.1232 5.9902 3.6251 2.31753 5.1389 15.8776 2.82447e-05 68.6056
56.9036 4.91749 10.2284 4.64911 6.20062 5.74128 33.6066 18.7665 18.1074 83.105 138.744 22.431 5.07186 16.3466 11.1232 5.9902 3.57584 2.15698 7.00454 15.8776 2.82447e-05 71.4679
64.3867 5.15599 9.69249 4.64911 6.15846 5.74128 33.846 20.0069 18.5591 83.105 138.744 22.431 6.84044 14.7601 9.81211 2.80984 2.21608 2.15698 15.0282 15.2379 2.82447e-05 70.7789
64.3867 4.91498 9.69249 4.28702 6.51981 10.5871 34.2303 23.1446 9.68094 83.105 138.744 22.431 6.41439 9.41631 15.6152 3.84558 5.45882 2.15698 3.54926 39.0786 2.82447e-05 72.048
64.3867 4.77095 7.19491 4.28702 7.34629 14.2906 34.9287 22.8506 9.68094 83.105 138.744 22.431 6.76126 1.34467 15.6152 3.8337 6.59621 4.49943 3.54926 39.0786 2.82447e-05 74.4124
64.3867 4.80595 7.29506 4.61694 7.72676 6.16646 35.5472 24.6492 11.9555 83.105 138.744 20.8011 6.58567 10.1265 10.4736 2.04979 6.0351 3.60966 51.8429 31.106 2.82447e-05 73.1313
64.3867 4.74958 9.29094 4.61694 7.72676 6.16646 35.7069 24.6492 15.2527 83.105 138.744 20.8011 4.42794 11.1884 6.77213 1.5512 3.02729 8.36017 50.5298 4.68186 2.82447e-05 75.3432
80.2979 4.42649 7.91117 4.61694 6.26345 6.05602 36.2834 20.0329 15.2527 83.105 138.744 20.8011 4.42794 15.5048 5.87522 3.41852 2.93929 7.67325 50.5298 10.4935 2.06849e-05 72.8497
69.4787 4.41405 7.91117 4.63871 6.62108 4.83212 36.3458 19.8385 20.93 79.6724 138.744 20.8011 0.243545 11.7079 8.52948 6.9955 1.90257 4.11919 46.7739 20.8482 2.06849e-05 73.5522
79.1115 3.48434 8.04317 5.05128 6.9418 4.83212 36.3715 25.156 20.93 79.6724 138.744 15.3696 3.53286 12.242 5.43031 7.61131 1.73076 3.421 40.7791 13.2478 2.06849e-05 71.6883
79.1115 3.48434 8.1132 5.0837 6.06411 4.83212 36.3062 23.7727 20.93 79.6724 138.744 17.996 0.704828 13.1027 3.25899 10.3465 1.49707 3.59568 7.65758 21.8363 2.06849e-05 71.7811
79.1115 4.55334 6.31153 5.0837 5.93495 4.83212 38.2946 23.7727 20.93 79.6724 138.744 17.996 10.3264 13.1027 3.25899 10.3465 1.49707 7.46446 13.8321 8.00809 2.06849e-05 74.8745
79.1115 4.798 6.35933 4.9238 5.07384 4.83212 38.0457 22.8529 26.1041 79.6724 138.744 17.996 16.7198 2.30635 3.25899 6.55571 0.88795 10.6287 15.9838 12.1576 2.06849e-05 78.6954
74.2468 2.04191 15.3976 1.08408 6.54932 17.2342 27.0306 20.5014 26.1041 79.6724 138.744 17.996 2.86203 1.33814 2.73657 10.7437 0.88795 10.5269 22.283 8.49644 2.06849e-05 81.287
74.2468 2.13349 6.75947 1.08408 6.54932 17.8956 27.0306 22.1681 26.1041 79.6724 138.744 17.996 3.96755 1.33814 4.34 16.6437 1.39435 10.3289 22.283 8.49644 2.06849e-05 73.1847
92.7508 2.02769 6.18917 2.5323 4.75617 16.9641 27.0306 21.8278 26.1041 79.6724 138.744 17.996 3.96755 1.33814 4.45458 16.6437 4.65588 8.06244 7.21414 1.84386 2.06849e-05 70.5439
92.7508 2.61505 6.18917 1.28127 5.57961 14.6467 30.0193 21.8278 26.1041 79.6724 138.744 17.996 4.28951 2.45961 3.70658 24.328 7.08005 10.9448 4.55611 0.944254 0.000640003 75.554
92.7508 2.61505 6.864 5.39249 5.57961 14.6467 20.3193 19.7192 26.1041 79.6724 144.919 17.996 4.28951 0.349893 3.70658 24.328 10.312 10.9448 2.61992 3.67872 8.90998e-05 75.2222
92.7508 3.27013 6.864 5.66238 5.20447 14.6467 20.3193 19.8785 26.1041 79.6724 140.731 24.5956 1.28754 0.349893 3.70658 24.328 10.312 10.9448 2.61992 2.13529 8.90998e-05 75.6032
92.7508 3.27013 6.62752 5.61225 3.0114 14.6467 20.3193 22.0479 26.1041 79.6724 140.731 24.5956 1.98879 1.66331 4.18325 11.4997 6.55844 10.9448 15.7779 3.74882 3.1852e-05 72.8163
68.6042 2.72925 6.96074 5.43495 5.90747 13.1153 23.2237 19.0107 28.1802 79.6724 140.731 24.5956 4.6927 0.841226 1.46971 18.5362 6.55844 7.57517 1.59564 6.60661 3.1852e-05 75.593
67.8943 5.43262 8.81992 4.96012 5.29643 19.3175 23.2237 15.5687 28.1802 79.6724 140.731 24.5956 4.6927 2.43904 1.46971 10.4871 6.31578 7.57517 2.37489 6.16814 3.73149e-05 70.9576
54.4279 5.8363 6.95981 4.21831 4.69166 20.8879 23.9993 11.8762 26.7862 79.6724 140.731 19.8496 11.6841 3.53215 5.98311 1.5345 11.7112 7.57517 3.7411 5.32053 0.000381995 73.82
64.3095 6.84126 8.51975 6.07506 0.682548 22.2977 19.9388 15.9661 29.3388 79.6724 140.731 20.9959 12.4297 5.15205 4.28613 2.0978 6.6632 17.9932 4.57448 4.16319 0.000356777 78.2351
73.2123 6.68645 6.35579 6.13469 0.851652 22.841 24.8213 18.4852 18.0106 80.1764 140.731 15.27 11.8665 9.19185 4.11411 2.6148 4.29499 10.612 19.4944 4.45357 8.62212e-05 78.1255
48.7078 6.68645 1.55446 8.59749 2.73902 23.1507 27.7993 21.6467 16.9818 80.1764 140.731 17.2936 11.8284 7.29424 4.11411 2.6148 5.06823 9.41176 21.7565 10.2605 4.15057e-05 70.598
-31.9759 6.68645 11.4 7.46776 4.29811 23.1507 25.4858 20.5702 16.9818 80.1764 140.731 17.2936 10.0023 3.42154 3.6948 4.74024 7.88524 10.5252 7.30765 21.9445 4.15057e-05 77.3773
-20.5648 6.00637 7.26995 5.74692 3.75207 20.492 28.2558 28.0203 11.5528 85.726 140.731 17.2936 17.0696 4.42298 7.43018 5.88346 3.5491 4.15788 9.19341 23.401 0.000779198 77.0755
-8.64163 11.5458 7.84335 9.01782 3.91689 15.5364 29.2276 29.4862 2.22511 85.726 140.731 17.2936 15.4637 6.60336 10.1585 4.77202 2.7415 5.94514 4.37978 25.946 3.97445e-06 76.7567
-63.0979 10.6792 6.89372 8.41711 4.47451 13.3038 32.218 31.1714 7.98023 97.4035 126.827 20.7218 11.7434 7.89014 2.05415 5.96401 16.2198 0.508863 3.11006 28.719 3.97445e-06 75.3592
-63.0979 10.6792 6.89372 7.20426 4.47451 15.0232 32.218 28.932 11.5542 97.4035 126.827 18.6202 12.3667 6.38059 1.85671 4.412 15.6705 3.12746 4.17836 41.8809 3.30584e-05 75.678
-66.8993 11.3346 7.49764 8.1752 5.26736 13.6514 30.3189 27.2216 12.691 99.2555 126.827 18.0106 12.3488 2.02439 10.6468 3.48509 14.601 8.5933 4.17836 37.0405 1.90246e-05 76.674
-66.8993 9.92401 5.48525 7.48289 4.58543 17.6461 32.0879 27.2648 15.7861 99.2555 126.827 18.0106 14.4559 2.11846 9.8872 1.15906 2.64287 9.39954 4.26245 17.8944 3.62605e-06 76.5298
-51.3801 11.6332 5.07881 5.96838 7.23952 17.6461 31.6157 27.0774 14.9482 93.6757 126.827 21.0715 11.8864 2.26373 9.04381 1.15906 6.12192 9.44868 18.8075 7.40276 3.62605e-06 78.8413
-51.3801 10.1229 6.94449 8.05345 3.58409 16.5204 25.2311 28.3801 17.4713 93.6798 126.827 26.9608 1.09207 0.437783 6.05176 3.15707 5.38275 12.4594 31.411 26.2937 6.10593e-05 78.219
-51.3801 10.1229 6.45256 7.58411 5.35297 22.7342 29.3796 28.3801 8.41499 93.6798 126.827 26.9608 1.95487 1.32915 7.21776 5.0902 10.4322 2.74746 90.4642 36.7728 0.000144016 83.0733
-51.3801 11.429 6.86524 6.7436 4.53366 23.0969 29.7053 28.1694 19.0756 76.1416 126.827 39.7587 4.10097 5.6055 6.72216 1.15305 3.76229 1.72315 11.7587 40.5152 0.000124205 80.8485
-37.7721 8.82821 5.06017 5.64699 10.3438 21.8278 28.6207 31.0131 8.49741 76.1416 126.827 31.372 6.79123 3.49262 14.1443 4.30804 4.64758 1.72315 1.30016 23.0525 9.87068e-05 81.4666
-23.3713 10.859 4.97279 5.85225 8.64023 20.0635 28.6207 31.0131 9.40026 76.1416 126.827 36.1735 1.93033 13.8061 6.67069 3.02169 6.81595 0.725026 10.3359 33.5054 9.87068e-05 80.9326
31.0747 10.859 4.97279 5.47457 5.73363 19.0131 25.263 32.0935 19.7469 76.1416 126.827 36.1735 0.928227 2.29262 16.395 3.05946 4.58343 3.88577 7.01898 33.5054 9.17814e-05 78.748
-3.52361 12.5731 1.68579 5.47457 6.58741 20.2692 26.665 15.5254 19.7469 90.8518 126.827 36.1735 1.40519 11.446 16.395 3.05946 3.62006 3.88577 4.25694 23.5925 9.17814e-05 84.0149
-3.52361 12.3621 1.03239 5.66245 3.27626 24.5475 31.4907 15.5254 14.4836 90.8518 126.827 33.3441 1.69793 8.43644 12.3093 3.78444 1.12825 3.40822 9.27503 5.71687 0.000215854 77.6496
-3.52361 12.1563 1.03239 5.66245 5.07026 24.7335 24.1252 15.74 22.2563 90.8518 126.827 28.272 1.26855 12.2686 7.58436 2.06135 2.55355 8.59611 8.95064 21.3666 0.000371743 77.1247
51.1905 7.88747 2.13213 5.66245 5.46526 24.3849 18.5257 17.9982 33.5807 90.8518 116.599 28.0997 1.37874 8.10816 7.34781 0.78863 3.69851 14.8853 11.9374 32.1918 0.00064969 74.6757
51.1905 7.88747 2.13213 4.62759 6.07201 24.3849 18.5257 17.9982 33.4232 90.8518 116.599 28.0997 1.37874 14.3228 4.25916 5.62429 3.68758 22.8181 3.23024 24.054 0.000473842 76.6939
54.1778 4.01508 2.57508 4.62759 5.76774 23.4083 18.5257 17.8959 33.4232 90.8518 116.599 28.0997 0.730117 9.16491 1.29595 5.36435 4.69049 25.7096 0.654158 37.1309 0.000134235 76.9381
52.9076 4.01508 3.20552 4.62759 5.01942 23.4083 18.5257 21.9893 33.5196 87.1449 116.599 28.0997 4.65963 0.981228 1.29595 5.36435 5.10066 23.6533 38.779 12.8272 0.00054508 76.2193
58.2855 4.18467 3.97744 4.46023 5.01942 23.4083 18.5257 21.9893 33.5196 87.1449 116.599 28.0997 4.82994 1.06908 0.979964 8.35611 14.5045 10.279 25.3625 13.0216 0.00054508 77.3641
56.7575 4.31408 3.75295 4.95691 5.01942 27.7508 18.5257 24.0389 26.057 87.1449 116.599 28.0997 4.09367 6.8182 0.979964 1.98368 23.9066 3.54094 25.092 8.80756 0.000533505 75.1253
67.4586 4.31408 5.26683 3.04672 3.15105 27.7508 22.885 27.4783 24.6991 87.1449 116.599 21.8383 4.95743 6.8182 0.799428 2.92224 14.2962 9.61822 25.092 6.96229 0.000690061 76.0211
69.0724 4.39028 5.24006 3.74815 3.15105 20.043 22.885 36.3473 24.702 87.1449 116.599 22.2893 5.84277 4.64705 5.57585 1.08289 24.2719 5.95 3.93275 2.91425 0.00261466 80.5201
69.0724 6.1541 2.43317 3.74815 3.04655 20.043 22.885 36.3473 24.5351 87.1449 116.599 22.2893 3.2023 4.87957 3.87146 2.79982 18.2607 8.49763 3.93275 34.1541 0.000421444 74.5342
69.0724 6.1541 2.43317 3.74815 3.04655 20.043 22.885 36.3473 24.5351 87.1449 116.599 22.2893 5.29063 2.09324 3.87146 2.3296 18.2607 4.23185 2.46181 34.1541 0.000421444 75.3316
65.4519 6.1541 2.04306 2.71516 3.04655 20.043 24.4275 36.3473 24.5276 134.814 64.11 27.8081 0.0951043 5.55657 4.0541 7.58029 20.3096 6.87723 2.46181 11.8455 0.000421444 78.2853
65.195 6.1541 2.78768 2.8063 3.04655 20.043 24.4275 34.3995 25.5724 134.814 64.11 27.8081 0.0951043 6.34453 4.0541 7.14096 10.7815 5.45347 2.46181 3.24097 0.000421444 77.6266
64.615 6.1541 2.39425 1.82635 4.27874 20.043 23.7043 34.3995 25.5724 134.814 63.5687 27.8081 2.88619 7.60449 3.19717 6.75726 15.9124 3.14644 0.887786 3.24097 0.000421444 78.6033
57.3552 6.1541 2.39425 4.04663 1.38296 20.043 23.7043 34.3995 29.0477 134.814 63.0586 27.8081 1.98657 7.61359 8.94024 3.54746 15.9124 4.66193 13.1196 16.1694 0.000421444 77.1664
55.5906 5.46696 2.73521 5.93244 7.61498 20.043 13.3219 34.3995 29.3891 143.121 52.2804 27.8081 9.99272 5.30777 8.27305 3.85722 17.5017 1.55364 6.78324 23.5239 0.000300201 80.151
63.2933 3.99551 2.4937 13.1591 2.90964 20.1672 22.8001 25.9522 25.5695 143.121 43.66 41.8614 8.07864 5.13851 8.05608 1.3337 27.4026 3.44625 4.04806 7.01654 7.5561e-05 80.1519
63.2933 2.2936 2.81609 13.9264 2.90964 19.1285 13.372 28.5189 27.0605 142.686 52.9275 42.2044 6.06242 5.11273 8.68789 1.64802 8.35965 3.44625 4.04806 6.57603 7.5561e-05 71.9904
70.6562 2.2936 2.81609 12.4096 3.20826 18.4156 13.372 27.1634 25.2311 142.686 59.17 42.2044 5.21712 6.30614 9.14665 1.89939 7.5688 3.44625 3.84105 1.53434 7.5561e-05 72.992
15.329 2.2936 9.44067 12.4096 3.94051 17.4064 13.372 27.1634 21.405 143.493 59.17 42.2044 5.21712 6.30614 13.6827 8.98093 7.5688 1.2835 0.867027 25.5481 7.5561e-05 73.4315
15.329 1.80581 10.6911 12.4096 4.48723 17.4397 13.372 34.2847 21.405 137.999 59.17 41.769 5.14008 5.84233 8.35515 10.4303 6.79811 0.65226 21.0218 24.4518 7.5561e-05 74.6742
73.3971 1.54977 2.25057 12.4096 6.88252 17.5463 13.0842 34.2847 21.405 126.548 62.8997 48.3884 3.72392 8.6514 6.3959 8.83761 9.77896 1.80292 21.1086 1.1376 7.5561e-05 74.0205
69.3288 0.673101 4.1043 12.8304 6.52394 17.6298 13.0842 26.3722 21.8155 138.264 62.8997 43.1877 5.39646 6.68271 7.43026 10.8957 9.7629 0.954406 18.1026 31.3023 0.000129656 73.5282
74.1004 0.673101 5.8027 12.8304 3.79349 17.1457 13.0842 26.3722 21.8155 138.264 72.8001 37.2088 1.95261 18.1753 7.37708 0.447448 7.27685 2.27087 10.1243 11.2031 9.96117e-06 74.1247
74.1004 0.673101 5.73742 12.8304 3.79349 17.6993 13.0842 26.3722 21.8155 135.453 72.8001 37.2088 1.95261 18.1753 6.24096 0.91859 12.3927 1.81628 7.21125 11.2031 9.96117e-06 72.7568
74.1004 0.673101 5.34702 12.8304 3.79349 17.3374 13.0842 26.6311 21.8155 135.453 72.8001 36.172 1.95261 14.0898 9.76094 0.91859 12.3927 2.2507 7.21125 11.2031 9.96117e-06 72.5412
74.1004 0.673101 5.34702 12.8304 3.79349 17.6248 13.0842 26.6311 21.8155 135.453 72.8001 36.172 1.95261 14.0898 9.76094 0.91859 12.3927 2.2507 3.02411 11.2031 9.96117e-06 71.8855
81.7732 0.673101 4.61898 12.8304 3.79349 17.8276 13.0842 26.6311 21.8155 135.453 72.8001 24.9913 2.15085 14.0898 9.76094 1.44204 21.8926 2.513 2.34971 10.5372 9.96117e-06 77.4891
81.7732 0.673101 4.90183 12.8304 3.79349 16.7165 13.0842 26.6311 27.4773 146.741 64.6158 22.9313 2.64884 14.0898 4.8921 2.23138 21.8926 2.51048 8.22448 27.0652 9.96117e-06 77.9628
81.4961 2.04249 3.94746 12.8304 3.79349 16.9363 13.0842 26.6311 30.3551 138.704 64.6158 27.3169 4.10905 17.8472 6.96456 2.23138 20.6402 4.18294 9.08436 27.8296 9.96117e-06 78.8574
80.4922 3.13691 3.94746 10.6551 3.79349 16.2914 13.0842 25.1485 26.3602 151.123 51.1982 38.0514 5.37106 18.5076 1.11645 0.966112 12.1164 5.65974 11.0711 32.5299 9.96117e-06 76.4701
70.3607 6.5848 4.21845 10.8338 4.18697 20.7444 13.5276 33.4707 24.1026 144.539 51.1982 38.9951 6.9597 10.3655 1.11645 0.966112 9.16188 5.65974 6.93326 22.272 5.27257e-05 80.7545
58.9817 6.5322 5.11741 2.63747 4.18697 20.7444 15.8205 33.4707 26.4974 145.727 51.1982 38.9951 3.39124 17.138 1.11645 1.00823 11.8064 3.84211 10.5861 22.272 0.000597225 78.7171
62.4194 6.5674 5.11741 2.63747 2.9489 22.5973 15.6321 33.4707 31.493 141.828 41.626 38.9951 12.6506 15.7829 1.11645 0.751958 12.4936 3.06241 12.237 16.3862 0.000597225 79.1005
56.8709 7.40004 4.57038 2.63747 2.9489 22.5973 17.1981 33.4707 28.2557 141.828 41.626 43.3341 11.9361 14.6507 1.11645 0.877806 10.0571 2.60716 9.80056 13.9576 0.000378264 75.6104
58.7076 6.20383 4.57038 3.33595 3.15341 23.2961 13.0531 29.5488 21.8817 154.516 46.5341 43.3341 10.7185 11.5337 6.33593 1.32244 8.89589 0.2602 9.53449 17.754 0.000427187 74.1426
58.0176 6.20383 4.57038 4.11298 3.15341 23.2961 15.2056 39.1324 16.2719 143.705 46.5341 46.8357 10.7185 11.2616 6.13513 3.12205 8.7292 2.17604 8.42109 17.109 0.000427187 71.1898
58.0176 6.20383 4.57038 4.11298 3.15341 23.2961 15.2056 39.1324 16.2719 143.705 46.5341 46.8357 18.857 7.21439 4.41859 2.87095 16.38 2.17604 18.6859 16.8731 0.00054292 74.978
45.1457 4.52159 0.919552 2.90011 29.0816 8.54697 10.7107 48.2383 3.95708 143.705 50.6914 46.8357 12.3101 1.84252 2.94403 7.74153 18.0037 1.73742 23.417 17.0038 0.000618886 80.2962
40.7588 4.11377 0.919552 3.74156 26.3983 8.54697 10.7107 48.2383 3.95708 144.792 50.6914 44.3601 10.8773 3.18506 7.83376 3.18182 18.1492 1.57988 34.0629 14.4845 0.000676403 80.4322
41.3751 4.11377 1.28499 5.96877 28.0564 11.6862 13.2645 44.3719 4.37164 134.143 64.3078 45.7057 7.84069 3.18506 5.12128 2.5438 18.0599 4.05911 45.131 3.48304 0.00041448 82.02
45.4041 2.90906 1.74222 9.0873 28.0564 11.6862 13.0286 37.2578 5.20362 138.465 62.6476 35.9838 7.3756 20.8753 4.01807 2.48703 4.09664 0.0536494 63.4385 0.482589 7.10725e-05 82.0283
52.1218 2.6044 0.690016 8.023 22.5891 14.0554 15.7709 34.7537 5.20362 136.509 62.6476 49.4592 8.10909 7.0649 5.54205 9.80319 3.65686 2.82122 31.5545 4.61671 0.000108062 75.8588
40.3369 2.81575 1.2067 12.0297 22.5891 10.8006 15.9812 36.9876 4.34114 134.756 62.6476 47.7747 11.0206 10.8752 8.67672 6.11938 3.27249 8.34157 33.302 22.1428 9.5797e-06 75.3911
46.2299 3.06193 0.98866 12.0297 22.5891 10.8006 16.0331 36.9876 7.30376 134.756 62.6476 47.7747 9.5858 10.8752 3.12816 5.23316 3.27249 3.85089 12.5815 23.7874 9.5797e-06 71.617
45.2374 4.71792 1.55134 10.6449 22.5891 12.1825 14.5924 36.9876 10.4943 134.756 57.4134 46.0062 9.582 13.12 3.12816 1.5132 5.33901 2.31028 19.3225 29.4919 9.5797e-06 76.6059
45.2374 4.6729 2.16974 9.09272 32.1628 3.33208 14.5924 36.9876 7.16671 136.968 57.4134 45.3929 15.2846 13.12 3.12816 8.2909 5.33901 2.59312 24.7484 29.4919 9.5797e-06 81.4896
36.4352 4.6729 0.725208 7.65054 33.9509 3.33208 13.3601 46.6106 3.41713 136.968 51.7937 46.9038 12.5088 5.89317 5.65989 2.7271 7.5581 3.32836 21.5254 44.2107 9.5797e-06 76.5346
39.4155 1.76498 3.69397 8.42207 33.9509 3.76199 11.0628 46.6106 3.1462 141.082 51.7937 46.9038 12.5088 2.0061 5.65989 3.1924 12.4114 3.50279 12.6578 56.3346 9.5797e-06 74.0497
41.658 0.66495 3.32688 8.42207 33.9509 7.23379 10.1455 46.6106 3.1462 138.637 51.7937 46.9038 12.5088 0.455291 6.50513 4.10949 15.8122 3.66407 6.53993 60.6567 9.5797e-06 77.9079
34.4041 1.04154 1.05342 4.77473 33.9509 7.23379 6.90381 47.6582 3.1462 145.253 51.7937 46.9038 8.1001 5.65627 4.80049 3.74259 13.0015 2.72571 3.95535 51.0004 9.5797e-06 74.3593
34.4041 1.60081 0.244942 4.77473 33.9509 7.23379 6.90381 49.0885 3.1462 145.253 51.7937 46.9038 9.13998 6.18643 15.3527 4.57274 13.0015 3.42429 3.95535 30.3711 9.5797e-06 74.4641
34.4041 1.71114 0.244942 4.77473 33.9509 7.23379 6.90381 49.7699 3.1462 45.5318 198.245 1.04265 5.47034 2.31814 10.1166 2.85983 8.5569 2.62955 63.0164 5.34192 9.5797e-06 77.1082
39.4192 5.14577 1.25235 4.77473 33.9509 9.49503 6.90381 39.1198 3.1462 49.8735 198.245 1.04265 10.0954 0.216356 3.29372 3.01678 15.6479 3.16108 35.7044 8.71455 9.5797e-06 77.0681
45.581 5.47104 1.73461 4.77473 33.9509 9.76853 6.90381 39.1198 12.2138 36.7749 190.623 6.88372 17.1518 1.01592 5.50503 3.28176 11.6206 3.14396 19.8292 11.7538 0.00957888 79.5865
42.8376 6.02422 2.89146 5.30882 29.8575 8.68042 6.90381 40.3005 12.2138 36.7749 190.623 8.31185 14.6433 3.40878 8.01686 10.2089 10.47 5.82353 24.3464 10.5188 0.00490924 80.3843
48.207 5.62039 3.057 4.73407 29.8575 8.68042 6.73128 40.1414 12.591 36.7749 190.623 8.31185 14.4808 2.9984 7.89655 10.2089 8.89207 1.81329 29.2065 30.1713 0.00947116 81.9451
35.6066 5.07279 6.422 2.99079 28.8152 8.68042 11.4023 40.1414 10.5427 32.0801 195.75 8.9917 13.6135 4.76098 7.37279 4.5022 7.81709 1.91272 17.8744 30.2392 0.00781163 80.5964
36.9178 4.05577 6.53257 3.24492 28.8152 8.68042 10.7221 40.1414 10.5427 32.0801 195.75 8.9917 10.4846 4.93042 14.5283 1.51751 7.81709 0.615298 28.4148 38.9805 0.0142025 83.3706
46.9393 4.16225 6.42344 3.56626 28.8152 6.27549 12.5908 41.8195 15.4596 32.0801 195.75 5.89631 10.6454 2.51755 8.36059 4.70012 7.18694 2.70365 25.8201 21.3863 0.0142025 79.4046
56.1784 5.31498 5.75596 1.49443 28.8152 6.27549 12.2909 41.8195 16.4633 32.0801 195.75 5.89631 3.39264 5.41326 1.64474 12.4467 7.42946 2.70365 26.5834 29.436 0.0112817 80.1444
56.1784 5.31498 2.10515 1.49443 21.6949 11.954 12.2909 41.8195 16.0966 32.0801 195.75 10.8541 3.39264 5.43459 1.64474 9.13134 7.41504 5.12616 26.5834 6.72605 0.00264368 76.1476
56.1784 5.86315 3.14378 1.49443 19.6369 14.6684 7.80542 35.7219 17.2436 49.7337 191.123 5.42816 6.57936 5.3611 1.89842 6.0928 7.62163 1.53115 40.3802 17.2887 0.00365057 75.5382
58.7435 5.86315 3.14378 1.38209 19.6369 14.6684 7.42484 42.2616 16.6373 48.7208 191.123 5.42816 7.58368 5.01988 2.46897 6.00433 7.6675 4.32231 26.5325 8.35915 0.00509117 77.9678
64.1901 5.57014 3.14378 1.38209 17.3364 15.3115 7.28405 41.452 16.0869 48.7208 191.123 8.9557 6.48525 1.0828 9.23529 6.72617 8.15843 2.9818 10.9989 19.1757 0.00279159 77.6272
64.1901 5.42895 1.17995 1.38209 16.3318 17.2753 6.84047 41.9425 15.7524 44.0193 191.123 7.37375 1.37962 4.44334 2.49553 17.7739 7.0171 5.59546 23.531 6.32975 0.00264791 80.3187
64.1901 5.78638 3.7506 1.66946 15.7767 17.006 6.88358 41.9425 14.4703 44.0193 187.798 7.37375 1.52122 4.8422 2.49553 16.1198 7.73954 5.48247 18.7239 37.4628 0.0010247 76.0106
56.5137 5.78638 5.74532 0.403732 16.159 16.3788 6.3734 40.6217 13.8844 44.0193 187.798 7.65993 9.34788 5.60024 3.83841 16.1198 4.79346 5.43403 8.95338 35.9015 0.00257279 76.7517
56.5137 4.31333 3.72545 3.65508 26.4281 15.047 3.98419 46.4539 17.7864 33.8279 187.798 6.86832 8.01386 5.23933 3.07816 6.54397 4.52432 5.46526 29.095 25.7722 0.00404318 81.3258
87.9586 3.80306 1.63598 3.65508 26.4281 15.047 1.83607 46.9956 17.085 33.8279 187.798 6.43201 4.95893 6.08857 8.27121 6.26063 9.52403 5.2638 21.3792 5.5759 0.00541709 80.0195
87.9586 3.57373 1.63598 4.31223 26.4281 15.7687 1.83607 46.9956 17.6093 33.8279 187.798 6.27869 4.54423 7.84374 7.92638 6.39572 7.99936 5.38591 15.7453 28.529 0.00694104 81.1494
49.7294 3.57373 1.77658 4.88894 21.7997 15.2627 5.25137 49.1343 17.3 33.8279 187.798 6.27869 7.89432 7.67983 4.54727 6.39572 3.223 3.42823 9.75428 85.5717 0.00371137 81.6178
49.7294 2.54024 1.77658 3.4177 21.9906 15.7336 5.25137 49.1343 21.2672 34.3691 187.798 6.27869 11.5166 6.4898 6.59065 6.39572 4.39498 3.33291 6.72973 85.5717 0.00239499 81.2131
49.7294 2.54024 4.88372 3.71518 29.5453 16.0789 0.33844 44.2727 22.7194 34.3691 187.798 5.35347 8.62944 10.7093 3.60171 2.28288 6.69755 1.75295 12.8744 48.1114 0.00139261 82.1247
49.7294 3.41204 1.15516 2.42517 19.6771 18.406 9.1189 44.2727 23.8293 34.3691 187.798 5.35347 6.31282 6.53916 1.63627 10.5917 8.27538 0.714187 8.15692 48.1114 0.00108526 80.2139
49.7294 3.41204 1.62088 3.32059 19.6771 18.406 5.66309 44.2468 23.8293 35.5259 187.798 5.35347 6.31282 6.53916 6.7894 12.1775 2.6365 2.51693 8.15692 43.9059 0.00261028 77.5071
49.3547 4.90286 1.62088 3.32059 19.6771 14.5935 5.66309 47.9257 22.9894 35.5259 187.798 5.35347 6.31282 0.541469 11.7224 10.1634 2.56394 5.40914 4.94231 50.1745 0.00526646 82.0553
66.2987 4.90286 3.35716 3.94757 19.8956 14.5479 5.66309 47.9257 21.9777 35.5259 187.798 5.35347 2.6539 0.541469 13.935 18.5625 2.56114 10.1623 5.79116 56.4863 0.0025963 87.1958
63.0773 4.27094 3.35716 4.02175 19.5669 15.0865 5.66309 44.6897 23.5344 38.821 180.751 10.2276 4.67217 5.74264 14.2553 16.6869 2.50764 6.53145 3.20813 31.5426 0.00391328 84.2216
69.305 5.14653 5.43459 4.74732 19.5669 15.0865 5.66309 45.7815 14.5807 38.821 180.751 14.0306 2.85764 2.7636 14.0214 13.0592 2.44574 4.59112 15.0915 21.0968 0.00194793 78.7259
90.2428 3.86035 2.37604 4.74732 24.653 16.3025 5.90645 45.7815 14.5807 38.821 180.751 6.27752 11.3509 2.7636 15.0633 7.50494 2.56706 3.80463 2.61032 32.8305 0.000793727 80.3777
102.651 2.79396 1.04476 5.9189 26.4377 15.2142 1.36019 47.142 14.5807 38.821 180.751 6.27752 17.9897 2.7636 11.3134 6.03932 0.897308 2.14646 42.9452 13.3738 0.000343446 78.5286
102.651 2.79396 1.04476 5.9189 26.4377 15.2142 1.36019 45.3884 14.5807 38.821 180.751 6.27752 17.9897 4.39037 11.3134 6.03932 0.77582 4.51767 39.5249 4.21177 1.79744e-05 78.3904
102.651 2.79396 1.04476 5.90527 26.4377 16.5014 1.36019 45.4983 14.1982 38.821 180.751 6.58133 12.8291 4.39037 11.7188 6.03932 0.77582 1.19326 39.5249 4.21177 0.000158765 80.2731
66.0375 3.53743 3.68378 5.34516 26.4377 16.8491 1.36019 42.8362 17.2012 38.821 180.751 6.58133 8.28968 6.39993 14.6009 6.6059 4.51593 1.74042 6.90624 1.24824 0.000615988 78.7646
62.4944 3.00133 2.40515 5.78626 26.4377 17.3955 1.36019 42.873 17.2012 38.821 180.751 6.58133 3.55831 4.20445 19.5911 6.6059 1.23583 8.55738 32.5994 56.8495 1.85385e-05 83.5629
82.8003 1.66889 2.03981 6.19137 25.8752 17.6198 1.36019 44.3922 17.2012 38.821 180.751 6.58133 2.93591 4.9683 27.2672 3.82427 7.80354 8.31831 18.4855 31.2807 1.85385e-05 79.8035
89.4748 1.66889 1.92707 6.40612 25.8752 18.443 1.36019 44.5046 16.2789 38.821 180.751 4.06967 2.37702 11.8606 16.3466 6.09853 11.4103 10.1666 11.9139 19.7444 1.85385e-05 82.1887
89.4748 3.07255 1.92707 4.95293 23.86 18.443 1.36019 45.0477 16.2789 43.2503 174.536 4.06967 4.86807 10.273 16.3466 6.09853 11.4103 9.20381 14.8506 19.7444 1.85385e-05 80.5364
82.3044 3.72606 0.999835 4.60405 23.86 18.083 4.1961 45.7438 14.4768 43.2503 174.536 10.2361 4.49066 8.0387 4.75894 9.03256 15.3408 1.83066 0.286629 19.7444 0.0159187 82.0495
82.3044 3.72606 1.83197 4.60405 23.86 16.0944 4.1961 45.7438 14.4768 43.2503 170.894 10.9609 3.42313 7.44689 4.75894 13.6352 15.3408 0.809366 21.5314 15.3016 0.0572504 83.559
82.3044 3.25953 2.78294 3.86169 16.2781 16.0944 4.1961 44.8643 18.5184 53.3811 170.894 10.9609 1.90331 15.3432 6.24231 9.62338 16.0957 3.08974 27.037 18.5327 0.026593 85.5063
105.69 2.6773 0.100106 1.22183 22.7045 13.4668 4.0877 40.9048 19.4663 53.3811 170.894 10.9609 0.510682 12.5545 8.13317 7.28186 12.6734 4.77607 23.4418 22.2021 0.0173263 82.1321
105.69 2.6773 0.100106 1.22183 22.7045 13.4668 4.0877 40.9048 19.4663 53.3811 170.894 10.9609 0.143498 17.0755 12.8466 8.1606 2.84547 4.45684 12.5657 21.1163 0.0133872 80.5208
105.69 2.6773 0.100106 1.60147 22.7045 13.4668 4.0877 41.176 18.2519 53.3811 170.894 11.4515 4.01726 17.0755 15.3568 0.763051 2.84547 4.45684 13.9834 22.1906 0.0119095 80.1262
97.8525 2.6773 0.100106 2.35829 22.7045 14.05 4.0877 41.176 18.0427 53.3811 170.894 11.4515 6.65817 17.0755 1.05444 7.84549 2.84547 4.45684 15.0945 5.39192 0.0186269 78.6847
97.8525 2.6773 1.93583 4.87655 22.7045 11.7044 4.0877 41.176 18.0427 53.3811 170.894 11.4515 9.28846 16.7015 1.05444 7.84549 4.11686 2.72014 17.2532 5.39192 0.0186269 80.6285
97.8525 1.84819 2.5747 4.88678 22.781 8.33602 6.08893 41.176 19.8267 53.3811 170.894 11.4515 8.993 12.6603 0.783733 11.6529 3.74449 2.72014 28.1637 9.0676 0.0242142 79.9504
97.8525 3.10106 2.95928 4.88143 22.781 13.1283 6.1051 37.6922 15.625 53.3811 170.894 11.4515 12.1934 7.54006 0.783733 15.647 2.58387 4.50626 18.1132 9.0676 0.0137263 78.3024
99.6412 1.68398 4.23891 4.87371 22.781 13.5087 6.1051 37.6922 10.9433 61.1644 170.894 13.5185 11.6197 8.98751 5.08204 11.2496 4.53018 4.50626 23.1871 1.23245 0.0165458 80.9273
99.6412 1.68398 3.4032 4.83405 24.337 5.72662 8.05404 42.4485 11.967 61.1644 170.894 9.75338 7.83927 7.06237 4.62908 7.32332 2.3329 6.32582 21.8571 13.8514 0.00630703 75.7401
99.6412 2.04427 3.18861 4.82537 24.337 5.72662 8.05404 39.7651 11.7631 62.0028 172.847 9.20897 8.93622 6.28805 4.15759 9.45716 2.08178 13.013 5.79176 9.07868 0.000564411 73.4833
99.6412 2.25849 3.50138 4.85329 24.4735 5.72662 8.05404 44.706 12.6896 62.0028 172.847 0.867003 8.93622 6.43108 12.9375 9.45716 2.68532 11.308 26.8354 9.07868 0.000564411 77.996
99.6412 2.66035 3.50138 4.85214 25.416 3.76579 8.05404 44.706 11.2308 62.0028 175.659 0.867003 6.2217 4.00473 10.8989 14.9653 0.986627 21.1139 27.1276 9.07868 0.000564411 83.4075
122.296 0.762605 2.79329 4.85543 25.416 3.79048 8.05404 44.706 11.6128 62.0028 166.824 6.3985 1.03978 1.10725 9.9476 9.90084 0.986627 18.0671 9.17649 16.527 1.97855e-05 74.8487
122.296 0.774253 2.47815 4.85598 25.4547 3.79048 8.63163 47.0249 11.911 64.7068 166.824 12.6705 3.83037 2.09558 4.48206 9.90084 0.986627 29.2912 9.17649 26.5379 1.97855e-05 79.5705
122.296 0.774253 2.35452 4.85738 20.5961 7.16543 8.63163 45.0757 11.9547 57.4469 166.824 12.5973 5.94125 8.67381 4.48206 6.55602 2.81719 30.5362 20.0421 26.5379 1.97855e-05 78.1222
123.41 0.774253 2.35452 4.84202 20.5961 7.16543 9.14995 45.0757 10.7996 57.4469 166.824 12.9787 5.15676 7.38482 4.78575 6.55602 5.30747 30.5362 30.7233 46.475 1.97855e-05 80
123.41 0.774253 2.09478 4.8595 21.1221 7.3873 9.14995 42.255 11.6354 57.4469 166.824 14.6234 3.61632 6.66842 2.76529 5.60215 5.45965 26.8902 19.3321 12.8466 1.97855e-05 76.5698
123.41 0.774253 2.28365 4.84434 21.1221 7.3873 9.14995 40.2791 18.7784 62.0582 166.824 6.97569 10.3728 6.40656 2.76529 4.88296 3.77769 26.3471 31.6553 8.33519 1.97855e-05 75.8441
123.41 0.774253 1.56679 4.85399 21.1221 15.2341 9.14995 34.7585 18.7784 62.7997 166.824 2.07753 16.6585 7.11061 5.78886 3.2853 1.34683 6.58335 29.5836 2.77185 1.97855e-05 73.8778
123.41 0.774253 2.22955 5.70863 21.1221 15.2341 9.14995 29.6841 18.7784 62.7997 166.824 2.07753 16.6585 9.60189 1.2705 3.31925 7.76385 6.58335 29.5836 3.38522 1.97855e-05 73.7582
123.41 0.796839 1.34841 5.56384 21.1221 14.905 9.14995 27.2079 22.9127 62.7997 166.824 10.6784 16.6585 9.9496 1.2705 3.55881 2.15695 7.01687 3.56227 8.15498 1.97855e-05 71.1386
58.1274 1.62914 2.73729 5.0865 20.2883 14.905 9.14995 22.6307 27.3043 62.7997 166.824 10.6784 3.74029 19.727 1.04682 3.95213 4.73682 15.4071 3.56227 7.75349 1.97855e-05 73.7849
101.034 0.960206 4.62907 5.82849 20.2883 8.81545 9.14995 22.6307 27.3043 62.7997 166.824 10.6784 4.80022 28.7892 8.1972 4.74024 6.80862 6.59455 41.9989 6.57631 1.97855e-05 79.9802
105.649 0.802313 4.62907 5.87181 20.2883 8.81545 9.14995 23.2182 27.3043 62.7997 166.824 10.6784 5.04907 10.9533 13.616 7.04569 6.02474 8.63425 15.5568 5.6365 0.00348188 79.4139
103.645 0.883744 5.58519 4.67723 20.2883 9.40597 8.09214 23.2182 27.3043 62.7997 166.824 12.0254 9.63508 12.3842 8.81462 7.04569 6.02474 9.45307 15.5568 3.71392 0.00348188 77.5934
105.343 0.689713 4.19785 4.71757 20.2883 9.40597 8.09214 30.1756 27.3043 62.7997 166.824 10.3941 11.0251 6.9975 13.7194 1.08738 8.74742 9.37965 18.4699 3.30056 0.00348188 79.3896
106.337 1.34329 3.0706 4.00106 21.241 9.47927 10.0576 30.1756 27.3043 62.7997 166.824 10.3941 7.52495 5.40586 5.93047 1.5882 2.33128 7.91346 14.0948 10.5797 0.00328427 75.967
111.136 1.82715 3.29594 4.47724 21.241 9.47927 3.2248 33.5183 24.2172 62.7997 166.824 10.3941 10.0768 7.53658 5.31435 1.5882 6.33826 1.90025 17.0198 3.05501 0.0017173 76.1856
106.203 2.64664 3.29594 5.70428 21.241 9.47927 3.2248 39.4405 24.2172 53.2092 166.824 10.3941 10.0768 7.53658 3.51899 14.6694 5.43755 3.07626 22.5065 2.63586 1.87415e-05 73.6899
104.603 2.54232 3.56457 4.17747 21.3637 9.47927 3.2248 39.4405 24.2172 53.2092 166.824 10.3941 24.3524 7.91642 2.11482 11.9534 5.43755 2.84921 21.7286 4.45748 1.87415e-05 76.5518
107.43 2.15824 4.03202 4.17747 21.3637 9.47927 3.2248 39.4405 29.4933 53.2092 166.824 6.46163 21.1584 4.55305 3.44774 15.825 5.43755 2.47032 40.7017 8.23097 1.87415e-05 78.0159
96.4797 2.72533 4.03202 4.17747 21.3637 9.47927 4.85259 39.4405 28.4809 53.2092 166.824 6.46163 9.6277 8.58084 0.604163 14.5338 2.55188 2.69809 59.1091 16.4629 1.87415e-05 75.7717
96.4797 3.13629 3.85809 3.64635 21.8466 9.70472 4.85259 16.6131 32.3136 66.9726 166.824 12.5516 9.01781 3.76972 0.604163 15.6657 2.55188 16.1119 44.0978 9.15989 1.87415e-05 77.7558
73.8516 3.13629 4.39819 2.89115 31.5339 9.70472 5.08119 16.6131 30.4072 59.1156 166.824 12.5516 11.7349 3.76972 0.604163 17.4615 2.55188 10.4184 63.0461 9.15989 1.87415e-05 80.1299
79.9908 4.70961 3.57286 2.89115 26.8428 9.74476 13.8276 13.3651 29.8907 59.1156 166.824 12.5516 15.9603 1.02731 2.31809 9.41065 2.55188 8.6749 60.0106 33.3576 1.87415e-05 76.7446
79.9908 4.26326 3.50039 2.89115 26.8428 9.74476 13.8276 13.3651 29.8907 59.1156 166.824 12.5516 15.9603 1.02731 2.31809 9.41065 2.55188 8.6749 40.9432 33.3576 1.87415e-05 74.4717
88.7486 4.26326 2.78872 2.89115 26.8428 12.0948 13.8276 13.3651 27.1394 59.1156 166.824 12.5516 14.2036 1.02731 2.31809 9.41065 2.44124 8.6749 40.9432 6.9639 1.87415e-05 76.9545
93.7165 2.97481 3.0345 2.89115 26.1937 11.7364 12.6871 19.5213 28.0183 56.7114 166.824 12.5516 17.8358 1.02731 3.38286 14.4899 2.44124 17.4282 43.7962 26.7643 1.87415e-05 78.984
92.8405 2.6854 3.94626 2.89115 24.7837 14.0991 8.80887 21.4412 28.0183 57.2598 166.824 11.3806 17.8358 0.664175 4.07529 14.8201 2.44124 9.10928 37.3386 13.1961 1.87415e-05 75.4481
92.8405 2.6854 4.09254 2.35705 24.7837 14.1002 9.78278 21.4412 28.9068 57.2598 166.824 11.3806 9.70779 1.24217 5.37049 27.3655 2.24438 0.568519 37.3386 19.0307 1.87415e-05 78.0418
92.8405 2.37077 4.09254 2.35705 25.4581 14.1002 5.67563 23.2987 28.9068 57.2598 166.824 11.3806 9.70779 1.24217 5.48102 27.3655 3.16829 3.20901 15.7075 14.6169 1.87415e-05 76.5095
92.8405 2.17716 5.59142 2.35705 25.4581 14.1002 5.74468 23.2987 28.9068 55.9516 166.824 11.3806 12.7344 1.24217 6.80415 19.2949 1.94562 3.20901 11.6774 11.8916 1.87415e-05 70.7294
92.8405 2.17716 5.59142 2.35705 25.4581 13.9522 5.74468 23.2987 28.9068 55.9516 166.824 11.3806 12.7344 1.24217 5.22168 11.8584 3.39516 4.72138 11.1374 11.8916 1.87415e-05 70.0352
92.8405 2.17716 5.59142 2.35705 25.4581 13.9522 5.74468 23.2987 29.3702 55.9516 166.824 11.3806 12.7344 1.24217 5.82185 11.8584 3.39516 9.92423 0.658607 10.0205 1.87415e-05 70.8342
92.8405 2.02663 5.96862 2.10423 22.0615 13.7125 9.32033 22.7989 29.3702 55.9516 166.824 11.3806 13.3781 1.24217 4.90242 11.8584 3.39516 10.2794 14.5513 16.6746 1.87415e-05 71.3738
92.8405 2.0599 4.41864 4.10165 20.3662 14.412 10.8992 23.0521 27.8458 55.9516 166.824 11.6854 18.3751 1.24217 2.94955 11.8584 8.01775 11.9733 4.75626 16.7104 1.87415e-05 73.636
103.034 1.29752 5.65012 2.43721 21.2477 14.412 10.8992 23.0521 27.0721 54.7422 166.824 11.6854 18.3751 4.98802 3.77358 9.24048 10.5564 9.22983 4.75626 16.7449 1.87415e-05 74.2501
74.7552 0.453534 6.39502 3.74601 23.1326 12.8817 10.8992 26.689 22.8444 60.7102 166.824 9.58067 9.74534 5.5252 7.03604 8.19989 3.9094 9.22983 4.47024 15.4748 1.87415e-05 75.6381
58.7287 0.598653 6.06386 9.24404 11.4193 12.5719 18.296 26.689 21.5989 60.7102 166.824 10.3233 15.5479 5.21971 4.39082 5.85775 6.03373 7.38671 23.4337 45.9533 1.87415e-05 74.7943
92.2703 1.71033 5.54989 7.36492 7.41615 14.9218 19.1638 16.2956 30.3768 57.0652 173.749 9.57487 11.7731 4.17113 0.485685 20.0651 1.373 4.68089 6.48726 28.4966 1.87415e-05 74.8792
103.951 1.90858 5.54866 7.35567 6.19567 12.7606 21.9059 20.9074 29.8302 57.0652 170.563 8.78607 12.6989 5.49278 0.485685 20.0651 4.5986 9.72864 6.48726 25.8865 1.87415e-05 73.3112
103.951 1.9825 5.07122 7.26631 8.75103 12.6504 17.8306 20.9074 29.8302 57.0652 170.317 11.7511 10.7387 17.7892 0.485685 1.6299 3.23434 5.99506 6.48726 25.8865 1.87415e-05 72.5047
103.951 1.9825 5.82583 7.26962 8.75103 11.5542 18.2987 17.1541 30.2112 55.9697 170.317 14.3808 9.48695 17.7892 7.74212 6.671 3.04373 9.9121 3.72751 23.9548 0.00112188 78.5411
103.951 2.89983 4.61504 6.91537 7.81283 12.0391 18.2987 19.378 30.7515 54.9679 171.211 10.9028 14.7568 4.93799 7.74212 2.83355 3.05873 10.6663 13.6701 27.7757 0.00112188 75.3812
103.951 2.52976 4.44164 6.53948 7.81283 13.3018 16.1686 20.4813 30.7515 54.9679 173.706 10.9028 8.84281 9.76582 11.4531 2.07376 2.57267 5.71743 13.6701 23.7172 0.00112188 73.9738
103.951 2.52976 4.44164 6.53948 7.81283 14.6095 15.3688 19.5353 29.2088 57.034 173.706 10.9028 3.58996 11.6277 13.1169 2.07376 2.44487 5.71743 12.8507 7.35856 0.00112188 72.8713
103.951 2.52976 4.44164 7.09654 7.31671 14.6095 15.3688 19.5353 28.3538 57.034 173.706 10.9028 1.01773 11.5825 11.4815 2.03058 2.44487 11.7078 15.5975 10.7902 0.00535017 75.7906
101.114 2.67454 4.44164 7.09654 6.65377 15.9345 17.1374 23.2868 29.3675 57.034 173.706 10.9028 2.26159 7.92173 11.2027 0.0767274 2.44487 10.6321 12.5485 13.3788 1.79487e-05 72.5959
70.3423 2.41779 9.10045 6.56871 3.8957 15.5966 16.6835 23.2868 26.6951 57.1021 173.706 10.9028 3.08587 1.84809 11.2027 0.0767274 6.71074 12.7035 2.46004 24.0611 0.0012355 77.8603
53.1632 3.70976 4.01652 5.11287 13.3739 14.7099 16.6835 23.2868 29.071 56.0215 173.706 10.0723 4.60377 5.92256 3.84932 18.3889 1.07537 12.7035 2.46004 27.5651 0.00104314 78.2765
53.1632 2.33725 3.89863 2.79243 17.0061 14.3402 16.6835 19.2685 28.9076 56.0215 173.706 10.0326 7.01471 9.85392 12.2683 7.84807 1.7884 5.46905 2.46004 20.8402 0.00106142 73.8327
46.9654 2.2571 3.89863 3.58112 17.6009 13.4601 17.223 19.2685 28.6395 63.0028 173.706 3.90705 3.13768 7.94893 15.4718 7.84807 1.7884 6.66119 7.63854 23.9479 0.00228554 75.1512
49.7771 4.54969 3.21175 3.37553 17.6009 11.3979 13.4036 25.5102 29.084 54.2145 173.706 13.3798 1.77694 9.42805 15.3328 5.70273 1.7884 8.99501 9.4839 2.6119 0.00115983 75.9787
58.298 5.42094 6.88663 3.39934 15.0306 9.72352 17.1803 22.5352 28.6562 53.1385 173.706 6.56439 5.8009 9.22045 8.30186 8.19213 4.50388 7.76158 9.08753 1.19971 0.000385838 73.3948
12.5644 4.2601 13.9089 3.75332 14.036 9.72352 17.1803 18.1805 30.4396 55.8 173.706 19.448 0.424653 1.95928 1.01108 3.2519 5.90793 12.5622 9.32777 18.8882 0.000385838 79.5236
33.5454 4.2601 13.9089 2.13045 10.7972 10.5717 17.957 15.7816 33.1043 55.8 173.706 16.3241 18.4066 5.64286 0.780814 5.11774 2.25827 3.2041 8.73541 8.65618 0.000385838 74.1721
29.2219 2.28569 13.7648 0.571349 18.3792 17.3856 11.9678 22.2782 29.9059 69.3864 151.012 18.8054 5.03795 1.15806 6.12642 5.70755 3.30406 7.74753 11.4641 12.2631 0.0152552 79.6673
16.2038 2.37534 9.03205 9.92162 13.9549 12.6032 27.2692 20.6226 15.9457 46.3849 182.956 9.93226 7.00944 10.9903 0.844651 12.144 3.04421 9.94983 1.8223 45.9821 0.0205517 82.2688
12.5692 3.53526 7.58795 10.678 13.9549 11.3761 27.913 17.4359 15.9457 46.3849 182.956 9.6279 6.08978 7.93445 1.22969 14.045 2.62004 8.46836 3.05641 51.9001 0.0205517 87.0371
12.6463 2.94686 7.58795 10.678 13.9549 11.3012 27.913 21.6296 15.9457 46.3849 182.956 9.6279 5.14822 7.93445 1.22969 14.045 2.62004 9.54638 3.94939 51.9001 0.0394142 81.9827
12.6463 3.71917 6.59178 10.678 13.9549 9.21193 27.913 17.8154 15.9457 52.0608 182.956 11.1171 5.14822 5.59515 6.84217 14.045 1.48975 10.2553 3.94939 51.9001 0.0301517 81.5637
12.6463 2.76308 6.97696 10.678 17.1033 8.56098 23.8572 23.6778 15.9457 50.8856 180.629 12.1978 3.66663 5.59515 9.49271 14.045 0.749575 3.12229 14.3381 29.618 0.0525171 82.1325
9.68516 2.76308 7.05628 10.678 17.1033 10.2645 20.0016 25.2116 14.2453 50.8856 180.629 21.231 4.42446 2.49742 7.5271 16.2481 1.84676 2.66447 2.27802 40.0374 0.0621365 83.5265
1.52797 2.82277 7.05628 10.9722 18.3301 10.2645 17.196 23.9703 12.5107 50.8856 180.712 18.4388 4.87459 4.0346 10.1803 16.2481 3.65371 3.26895 9.69158 33.9288 0.116366 85.5937
12.5587 3.84744 8.42974 4.91924 19.1034 1.75828 30.0203 9.59311 1.97541 66.5432 180.712 23.5856 8.47977 8.4309 11.5158 13.5743 2.60051 3.52512 9.84076 66.6513 0.234391 97.0784
12.5587 3.49002 4.25464 4.91924 22.286 7.11855 30.0203 10.1092 1.97541 66.5432 180.712 24.0896 10.9168 9.12049 10.4177 13.5743 1.13837 3.52512 3.26583 50.609 0.234391 96.2743
12.5587 3.49002 5.75209 4.91924 22.286 7.11855 30.0203 10.1092 1.97541 60.54 180.712 22.5236 13.5228 9.12049 11.4524 13.5743 1.13837 4.5067 1.79866 50.609 0.234391 92.8705
-2.16986 3.72988 6.78886 4.75284 23.6155 2.50807 30.0203 12.9577 2.99223 63.3029 175.608 22.3954 6.02404 9.86734 11.4973 3.11979 2.76291 1.59397 7.77167 21.4803 0.283363 90.9056
-2.16986 3.46581 6.78886 4.29791 25.3286 2.50807 24.3066 15.0834 6.77854 62.9312 175.608 22.3954 11.8259 3.91371 17.9711 7.05858 6.55454 4.31821 7.77167 25.2688 0.312949 90.7797
-8.62998 3.46581 9.22217 4.298 25.0284 2.50807 24.3066 14.7754 6.77854 62.9312 175.608 19.3071 11.8259 2.98839 18.6161 10.4086 4.28682 4.91245 7.77167 25.2688 0.217967 90.6201
-8.62998 3.45439 9.22217 4.39565 25.0284 3.00511 24.3066 15.3949 6.77854 59.9623 174.96 23.353 11.1665 5.23018 14.6411 1.59354 7.03946 5.61753 13.8673 20.6938 0.209226 88.1703
-8.62998 3.45789 10.2258 4.70218 22.7663 2.27604 16.7952 25.1499 6.77854 68.9018 158.845 40.6928 3.40075 6.64092 13.8478 0.904601 6.38642 16.9601 12.6622 10.4728 0.209226 91.9885
-8.62998 3.76396 10.2258 4.9348 21.788 2.27604 16.3829 20.8917 19.9086 70.25 146.785 46.3801 3.40075 12.3002 6.3886 2.96301 3.53134 4.71557 5.02904 10.2993 0.197274 85.917
-9.66495 3.74691 10.4691 4.94918 21.1062 3.88908 16.4328 20.8359 21.4887 70.25 146.785 42.4096 4.1179 13.1044 3.98363 3.99982 3.91905 5.09282 5.02904 10.7168 0.197274 85.2696
-9.66495 3.62406 9.11639 5.0219 24.3817 8.15361 17.167 21.6508 14.1542 70.25 149.603 35.969 7.36751 10.0455 2.42656 2.86836 5.66822 8.41014 24.2599 4.58902 0.172558 86.8759
-9.66495 3.87734 7.06637 5.42532 25.0059 9.9082 15.1626 20.6809 8.27168 81.6659 149.603 24.9405 8.53586 11.3808 2.42656 4.93685 1.58871 11.3487 30.7838 16.6443 0.172558 87.2507
31.3076 3.8516 6.7869 5.506 22.5228 10.4819 13.7698 25.1094 13.8709 81.149 147.404 20.2282 5.57708 8.1161 2.42656 4.71286 1.75803 12.9007 10.3741 20.6665 0.0955612 81.2132
31.3076 3.8242 4.94863 6.14946 23.0342 12.6651 11.3092 25.411 19.0487 82.2517 143.945 17.1448 7.43777 3.89473 6.16537 6.49314 6.56734 6.56001 7.16208 26.2637 0.0505396 80.3017
29.3353 2.83358 6.00732 6.87833 23.0041 13.8984 11.3244 29.6989 17.417 78.3318 140.529 19.5726 10.6094 3.41147 9.25949 4.93419 3.07228 6.92715 32.8576 14.0978 0.047348 79.7879
55.3039 3.48689 6.78283 5.37989 19.953 13.1194 14.0643 26.9263 19.5233 83.5429 144.45 11.1636 9.48677 4.47329 3.95739 5.13097 3.70636 8.59582 59.5411 8.3637 0.0355495 81.866
60.691 3.33428 6.23817 6.44108 18.4179 13.1195 14.0643 29.5024 15.3965 80.8519 150.573 12.0209 4.2443 6.31705 4.37591 3.38123 5.8769 9.55105 31.5142 36.1702 0.0262148 81.8628
119.327 2.12464 4.6729 2.93595 17.0619 13.1074 17.2069 24.3541 13.1859 86.3714 141.074 19.0467 5.36993 6.11249 5.83184 2.30497 4.4728 5.90612 46.9053 78.3252 0.0193919 86.2042
97.3095 1.95212 5.6301 4.25595 18.9947 13.2619 16.6946 29.9679 15.961 86.3714 134.497 18.2053 5.75253 8.43388 6.41178 0.882639 1.12345 10.0164 51.7426 43.0853 0.0214442 83.0073
108.393 1.04498 5.75972 5.3716 14.1023 13.3606 19.9085 21.7364 15.961 87.1401 134.497 12.6742 13.2296 11.6936 5.28156 3.29072 10.1165 9.09255 13.2215 25.1147 0.00828629 80.5537
107.124 1.93551 3.82875 5.10206 12.8342 13.1837 27.3287 19.4274 16.6319 87.8081 134.223 16.1531 10.0828 7.78864 5.28156 8.10668 3.53848 3.99919 20.4034 13.8569 0.0588601 80.6035
141.852 3.47023 2.93302 3.76774 6.59798 18.6008 21.9259 22.0485 19.8643 84.9648 120.336 33.5857 1.0117 5.8918 10.4107 4.38992 3.57722 7.43266 24.3097 26.6479 0.0644145 87.3201
108.03 2.5815 2.75875 3.86113 6.59798 21.1493 21.9259 22.0485 19.8643 83.3721 126.334 40.7796 5.99771 2.5567 8.7277 3.15437 6.81401 6.08166 16.4626 25.0853 0.0378556 83.2917
105.181 2.5815 0.124478 3.84486 2.62098 21.1493 27.481 22.0485 21.0904 86.0855 126.334 41.0041 1.88115 1.94821 8.26312 3.43184 8.66475 6.86827 18.2535 25.0853 0.052831 84.3565
96.4715 2.74047 1.77641 3.79417 4.21907 19.917 23.8084 23.2891 31.98 80.4092 126.319 26.8953 2.57809 1.67049 10.8656 2.57602 9.34289 5.48799 9.57692 19.9706 0.0175012 81.7797
96.4715 3.34637 1.00181 6.148 4.21907 17.36 25.4503 18.396 23.5051 92.5092 123.114 28.1421 1.07159 2.77908 15.1915 4.01539 19.4883 10.5364 21.3455 19.9706 0.0151078 81.6819
96.4715 7.9168 1.00181 6.148 4.21907 11.1314 25.4503 21.7763 23.5051 86.4876 129.336 25.5453 2.10571 5.44723 16.1719 6.16313 9.82127 13.8008 21.3455 20.7517 0.0189291 84.0528
101.556 9.92091 1.90235 4.55043 4.21907 9.27143 25.4503 21.7763 23.5051 86.4876 129.336 28.8234 1.96903 4.30375 5.74178 8.82644 9.51324 13.8008 36.4865 19.3126 0.0144602 84.4769
81.9799 13.0175 1.90235 2.19741 5.66337 9.27143 28.4465 28.2128 16.352 86.4876 130.628 20.7298 6.20437 1.58687 5.3794 8.07771 14.0265 8.84945 16.6977 34.2952 0.0250471 82.6426
66.4775 13.0175 4.13942 1.71177 4.1942 14.6436 28.4465 28.2128 16.3509 86.4876 130.628 17.8445 5.18168 7.11812 2.5407 6.7059 8.9338 11.024 9.29668 33.1766 0.000581339 79.2969
55.9494 8.32668 4.28794 1.29541 4.86011 22.1556 28.4465 17.0498 16.3509 95.8743 130.628 17.8445 4.97862 6.77718 0.236654 7.62317 9.40656 12.4185 8.61548 28.4458 0.000581339 76.515
55.9494 8.32668 4.28794 1.18016 5.27474 22.1556 28.0607 17.0498 18.7659 95.8743 130.628 17.8445 4.44882 6.77718 3.78624 7.08954 10.016 8.81099 14.3609 55.5301 0.00131823 77.7601
56.0895 6.14936 7.1693 1.29196 5.27474 22.1556 28.9332 24.364 8.29929 95.8743 130.628 16.3854 4.94304 9.01751 1.9119 7.00318 2.59873 13.9114 3.44145 33.4063 0.00131823 73.6874
49.278 6.14936 7.103 1.89498 5.27474 22.1978 28.9332 24.364 8.29929 97.7549 130.628 16.3854 4.07694 8.64705 3.25698 7.11104 2.59873 12.1864 26.4121 30.5268 0.00594131 74.9259
50.659 6.14936 6.8891 1.75119 5.27474 22.1295 28.9332 24.364 8.29929 97.7549 130.628 16.3854 2.54466 8.64705 6.77371 7.0302 2.31135 12.1864 47.2243 55.0339 0.00682638 78.5065
52.9612 6.14936 6.8891 0.752981 5.27474 22.4251 29.0194 24.364 10.4726 102.641 130.628 12.4369 3.90963 9.9496 6.63169 4.67524 3.57168 10.5477 72.8343 50.7503 0.00682638 83.1723
51 4.94662 6.48131 3.18509 6.26153 21.5974 28.719 24.364 12.7033 102.641 125.745 12.4369 5.09437 10.1811 3.40685 3.30361 5.63909 9.70897 20.7031 12.34 0.0132008 77.7292
57.463 7.09675 2.96795 3.38047 5.21064 22.4323 27.1492 32.4515 10.3017 98.7692 109.314 27.7265 9.36296 8.59043 4.39635 4.21211 6.88246 12.1382 0.683695 44.1778 0.0283109 82.5812
50.8084 5.11983 3.56983 2.36966 6.41068 15.1473 30.7755 34.1539 12.4615 102.334 103.454 40.3535 9.58035 2.99717 4.47475 4.8965 4.71277 10.4931 3.40256 26.2969 0.0248362 79.6455
65.3682 5.68712 2.37423 0.820221 9.78807 14.4706 28.4615 27.0826 13.2181 105.422 102.06 37.9995 11.1912 7.01523 2.69195 0.579703 3.77808 10.5312 8.74027 47.7894 0.0154633 79.9716
60.6185 6.24207 2.68939 9.57694 10.3248 14.4706 27.4441 15.4572 26.6773 99.1323 101.175 43.0198 7.02692 2.04231 2.85413 2.17118 5.04172 12.3485 1.6352 64.3213 0.0133636 82.3727
47.8375 3.85839 4.93719 9.90742 9.73827 15.7286 23.4454 12.4823 26.592 117.694 95.4115 31.3617 2.4866 7.07413 1.57708 6.3134 3.98607 7.2815 50.5794 4.69118 0.00375547 76.408
61.1564 3.25096 3.96139 9.3393 9.69435 17.0448 21.0867 14.4236 27.2798 117.694 97.4566 32.3899 2.4866 11.6531 1.95438 4.55428 4.21172 4.38126 50.5794 3.98461 0.00481384 79.6028
54.5209 3.2965 6.64096 8.6468 9.81345 11.8537 20.3911 14.4236 30.8991 119.279 91.0633 32.3205 4.39453 12.7849 2.68556 2.46835 1.83626 20.1562 14.9447 6.21808 0.00491738 78.2698
48.9289 3.11658 6.64096 9.87675 10.383 9.78604 18.8166 18.3421 48.4001 91.018 90.2306 32.2965 7.24124 21.7837 3.63198 0.0329997 4.39856 24.0379 7.17175 23.1619 0.00877108 89.6842
50.3341 3.45102 6.64096 3.03721 0.758637 38.0954 14.3377 1.26425 57.3285 87.3141 93.4005 43.3798 4.86029 9.71111 5.84552 3.30512 4.4482 24.5912 1.51134 18.4132 0.00296648 87.1364
53.3611 4.96267 6.58664 1.82529 2.24086 33.0046 11.5477 1.46962 63.2606 87.3141 93.4005 44.7559 3.19213 6.70042 3.43672 4.33025 4.3825 19.2758 4.87342 2.96005 0.0195245 84.8197
68.5733 4.06237 7.93539 1.81941 2.89426 35.6247 5.23357 0.786569 60.0281 94.861 98.215 42.0012 4.56763 7.89624 2.86167 1.19667 4.18792 19.2758 6.91675 11.8925 0.0195245 83.8173
40.7767 2.83403 8.15615 5.38298 1.42336 35.6247 5.23357 2.49572 60.0281 94.861 101.718 39.2006 3.53106 5.99215 11.2483 3.5621 0.385873 7.40121 19.6209 18.5665 0.0195245 83.1375
53.1299 6.28555 6.4018 3.46833 4.52123 24.2548 5.23357 2.57122 57.3205 105.633 102.51 39.2333 2.79662 6.03926 1.25286 8.65397 5.23413 8.337 38.8482 2.02861 0.0188537 81.5697
53.1299 6.28555 6.93346 3.46833 1.75339 25.6954 9.54165 1.55295 60.3788 107.817 93.8552 38.9732 1.57633 6.97586 7.3467 9.09974 5.23882 1.14061 30.6067 0.814937 0.0207352 79.2994
53.9595 5.67354 7.76146 3.46833 1.01714 27.1814 7.09086 1.45044 55.8629 110.988 93.8552 38.3197 3.76135 8.1811 11.2083 5.3894 2.09384 2.19953 30.871 6.19312 0.0191136 79.3832
65.4743 5.96072 2.80515 5.23915 1.01714 27.1814 13.9926 0.903309 52.1184 115.762 100.923 21.3463 4.29393 7.72849 11.2083 6.01171 3.20204 4.6335 31.5822 14.1756 0.0179743 81.1187
90.8354 2.95546 2.80515 4.10716 3.54903 24.1138 17.7922 1.83158 52.1184 115.161 97.78 21.3463 2.31473 5.09001 5.45316 13.3694 2.9221 4.6335 32.7949 21.6472 0.0183035 81.9737
84.8795 4.44758 2.81269 2.40265 3.54903 23.4928 17.7922 1.83158 52.1184 117.603 97.78 26.5805 2.31473 5.09001 2.52772 13.3694 4.74595 4.6335 33.7269 20.4778 0.0167338 80.609
80.744 4.22053 2.76476 1.81934 4.01129 23.7758 17.7922 3.77407 41.7444 117.188 97.78 33.7889 13.984 1.02223 2.10822 4.65757 7.54164 0.904347 23.5936 27.2581 0.019794 83.2317
80.744 4.69887 2.76476 1.96353 3.90695 23.3381 17.7922 3.77407 41.7444 119.992 97.78 26.6843 7.74174 12.8463 2.88774 3.35707 9.76972 4.41492 23.5936 27.2581 0.0197625 81.4773
107.92 1.94771 5.54386 2.956 0.538151 23.0123 19.7397 6.56169 49.185 88.7689 121.79 22.3508 5.35267 15.0261 4.55953 3.27186 8.55992 3.75736 7.21838 33.6802 0.019776 79.6625
105.5 0.536227 12.2708 3.38753 1.58715 13.318 21.4872 6.59263 51.2971 88.7689 121.79 22.3508 6.7405 16.244 2.3679 3.66005 0.103418 6.04866 13.7668 29.6196 0.0198258 81.5695
105.5 1.50227 12.2708 2.48281 1.58715 13.7709 20.654 6.6437 51.2971 88.7689 121.79 22.3508 11.576 13.3208 2.3679 4.44671 3.85736 8.57587 9.30276 29.6196 0.0198228 81.6279
94.8495 1.50227 12.2708 2.48281 1.58715 13.7709 21.3166 6.6437 51.2971 88.7689 121.79 22.3508 9.7326 13.3208 2.3679 5.02712 3.85736 8.57587 9.30276 29.6196 0.0198228 80.2737
94.8495 1.95549 12.2708 2.48281 2.48634 13.7709 21.3166 3.03937 54.4562 88.7689 121.79 22.3508 8.94956 9.77856 2.3679 4.93864 5.79434 6.94595 11.7404 4.23703 0.0198195 76.9565
94.8495 1.41693 12.2708 4.03682 1.6165 13.5573 21.3166 3.03937 54.5177 88.7689 121.79 22.3508 8.94956 2.00363 3.39197 1.43649 14.3146 6.94595 9.57303 4.23703 0.0198328 77.0699
94.8495 1.41693 12.2708 4.03682 1.6165 13.5573 21.3166 3.03937 54.5177 88.7689 121.79 23.4035 8.04976 2.47817 3.39197 1.43649 14.3146 5.30968 41.1262 4.23703 0.0198328 79.0857
102.06 1.45724 8.98535 5.10304 1.6165 14.9674 21.3166 3.03937 54.5177 88.7689 121.79 23.4973 5.03102 7.92046 3.39197 2.79173 13.5116 6.6273 4.15482 4.23703 0.0197971 77.9851
102.06 1.10462 9.646 5.10304 1.75955 15.0776 20.7659 3.03937 54.5177 88.7689 121.79 22.6829 6.72351 8.4447 15.8603 2.79173 13.5116 1.52445 4.07119 20.5186 0.0199622 80.8365
108.219 1.63967 9.646 5.10304 1.14946 14.5013 20.7659 3.03937 54.5177 86.2149 121.79 24.2909 3.11365 10.8593 18.4089 4.6851 13.5116 3.00192 4.04016 28.3325 0.0213412 81.3496
95.7241 2.65455 9.646 5.41873 1.31993 22.0293 3.06277 9.45817 54.5177 86.2149 123.179 25.6741 0.906413 12.8048 23.8112 5.29954 6.91791 2.26562 29.0545 16.5157 0.0143846 83.6419
81.8888 3.75576 8.98537 6.96724 1.37274 22.0293 3.06277 6.10497 58.451 86.2149 121.927 28.2997 11.0519 9.22087 4.05917 6.77113 4.62501 15.1703 12.8118 24.7312 0.022631 83.6511
91.7633 2.59524 3.1792 7.01004 1.32723 21.3743 12.9819 6.10497 58.451 68.2572 139.079 18.8256 11.2839 2.17732 4.32732 8.81035 0.52265 9.46298 45.6746 13.5156 0.0294986 89.2936
84.2888 2.30005 3.1792 5.68178 0.998682 28.225 7.1154 10.3983 63.2576 65.3582 140.355 15.5422 7.91759 7.53317 4.32732 10.0352 4.37039 10.9594 52.0475 25.2287 0.00705669 85.1769
95.884 2.30005 3.1792 6.17148 1.7359 28.225 7.1154 10.3983 63.2576 65.3582 140.355 15.5422 5.74274 7.53317 2.53316 9.67245 4.37039 10.9594 19.218 35.2954 0.00820949 78.8655
95.884 2.30005 0.749269 6.72135 3.33829 28.225 6.20082 9.73921 63.2576 65.3582 140.355 15.5422 5.74274 7.53317 2.53316 8.14989 3.9737 10.9594 25.0021 35.2954 0.0302457 81.6537
96.4511 2.30005 0.749269 7.24412 2.55978 28.225 6.77112 8.58219 63.2576 65.3582 140.355 15.5422 5.74274 7.91851 2.53316 5.21017 6.64634 10.9594 1.13675 31.1338 0.0302457 82.1545
96.4511 2.35168 0.749269 7.24412 2.55978 28.225 6.77112 8.58219 63.2576 65.3582 140.355 17.5739 2.64818 7.54905 3.14929 4.14233 6.88352 13.9266 15.4629 10.0363 0.0406542 80.6413
43.6514 7.64962 0.749269 7.24412 2.08895 29.3281 6.77112 8.58219 63.2576 62.7539 140.355 20.8825 0.595516 8.12058 4.52233 3.17782 9.82352 12.1428 21.2617 10.4481 0.0406542 81.0515
43.6514 8.18301 0.749269 6.55073 1.79919 29.3281 3.57338 1.89964 72.8646 62.7539 140.355 18.3018 0.595516 9.91994 1.43861 3.65074 9.59537 15.8908 24.6256 31.9775 0.035902 84.5664
43.6514 8.18301 0.749269 6.93981 3.14092 29.3281 3.57338 3.13516 72.8646 62.7539 140.355 7.97837 1.86464 9.81446 1.43861 6.05722 9.73977 23.2578 4.56232 31.9775 0.0357597 88.6521
37.7718 8.18301 2.94622 4.42953 3.14092 27.1878 3.57338 3.13516 72.8646 62.6695 146.837 7.97837 1.86464 9.60574 3.6016 6.83031 9.51175 14.0546 14.7247 26.6189 0.0277434 86.6833
42.0546 8.18301 2.94622 4.42953 2.93464 27.1878 7.27305 3.13516 72.8646 62.6695 146.837 14.2024 1.86464 19.2107 3.6016 0.834555 10.389 1.10638 17.5732 29.8775 0.0129765 82.9715
25.2186 9.19074 4.49798 4.50986 2.24446 27.1878 7.27305 0.689646 72.8646 62.6695 146.837 14.2024 1.86464 15.4939 5.1219 0.834555 10.389 1.66566 15.5169 30.2664 0.0129765 82.7921
21.4184 8.96729 6.38055 5.13543 1.78518 30.7152 7.27305 0.689646 67.7567 62.6695 143.608 14.2024 5.74638 15.7812 4.23215 3.78605 2.69908 7.85894 6.72898 11.1928 0.00834719 85.2882
61.8299 11.0765 5.91306 3.6561 1.19015 28.1173 7.27305 0.689646 67.7567 62.6695 143.608 14.2024 4.78386 14.044 6.86112 4.57324 1.84705 10.9219 13.288 7.42847 0.00560893 83.6589
86.9258 9.79645 3.84622 4.28909 2.06766 25.7975 7.27305 0.689646 67.7567 62.6695 143.608 15.9535 4.78386 12.0753 4.20462 2.50661 1.62665 10.9219 12.9216 12.7408 0.00373273 85.6457
147.107 7.91973 1.97168 3.97734 1.45936 14.4224 17.5437 0.689646 67.7567 62.6695 143.608 19.1515 4.78386 11.5439 4.12354 3.24183 0.988459 11.3369 10.7486 15.1493 0.00373273 82.7533
147.107 8.25813 1.97168 3.97734 1.45936 14.0297 17.5437 0.689646 67.7567 62.6695 143.608 4.89045 7.73451 14.6276 6.89051 13.4325 0.887405 16.0625 10.7486 36.8845 0.000573122 90.5779
147.107 8.62939 1.97168 0.742417 9.50353 9.63855 17.5437 0.689646 67.7567 62.6695 136.985 4.89045 2.85414 20.7137 7.1519 12.6222 0.504981 13.3328 2.54765 6.50214 0.000117058 87.8185
173.975 2.83776 1.71983 1.42769 9.50353 10.6999 20.5009 0.689646 60.1764 66.1902 146.516 4.89045 20.689 14.4237 4.70466 12.6222 0.504981 14.348 2.54765 5.45881 0.00027936 93.7344
157.328 2.47174 1.84249 1.61875 12.2984 7.68661 21.6637 1.41991 54.8547 91.9 136.063 4.89045 14.0692 8.63996 6.72926 10.1656 0.504981 12.9869 8.3142 28.5172 0.00057572 90.6726
157.328 1.91533 1.84249 1.67268 16.5086 7.49431 15.5047 1.41991 54.8547 91.9 136.063 4.89045 9.61844 5.64493 4.05455 10.2448 1.00996 12.6146 0.740261 24.5769 0.00057572 85.5782
157.328 1.9033 2.6096 3.10875 16.5086 7.5154 15.5047 1.41991 54.8547 81.1951 135.604 14.5104 12.1811 1.07215 4.05455 10.2448 1.5111 18.1551 0.478171 30.525 0.00259753 86.8194
63.1406 4.91454 2.6096 4.01278 15.8418 7.81935 19.3535 4.38034 54.8547 81.1951 135.604 19.7471 8.12878 3.00117 6.27833 3.86419 2.33263 6.60327 3.8191 28.7302 0.0022447 81.6632
66.9214 4.78935 5.36361 4.09266 15.485 8.51491 18.9586 4.38034 60.9888 31.166 186.26 17.5505 8.26159 7.03385 7.01856 4.9505 2.11193 10.9013 1.95488 27.1558 0.00602626 82.0083
69.6157 6.1756 5.36361 2.56169 15.485 8.51491 18.7536 4.38034 60.9888 31.166 186.26 9.59646 8.26159 0.982315 6.92214 6.08682 2.11193 10.9013 2.67633 12.2499 0.00382616 77.4795
69.714 6.76422 6.63265 2.62999 15.485 10.0531 14.4514 4.38034 60.9888 31.166 183.865 8.65902 11.009 0.909737 7.21778 2.44492 5.5664 10.9013 4.01806 7.87208 0.0145724 81.8186
69.714 5.73735 6.59397 1.90301 15.485 10.4012 14.4514 4.38034 64.2696 31.8267 183.865 8.65902 6.4526 2.0899 4.50765 3.98555 19.7287 16.7203 5.37521 6.78191 0.00744745 81.4979
72.1013 6.07151 5.87135 1.94504 16.0918 9.74538 12.4804 4.38034 64.2696 31.8267 183.865 8.65902 10.957 1.88184 7.58956 1.7173 15.2441 7.49517 5.92397 2.80412 0.0128527 80.0267
70.1516 5.94524 5.94585 1.94504 15.5321 12.3786 12.4804 4.38034 64.2696 31.8267 183.865 7.34684 9.96043 1.33194 6.55329 2.69475 15.2441 9.19937 5.96654 2.80412 0.0314385 81.853
59.6104 1.82044 5.94642 1.94504 18.8034 12.3786 13.762 4.38034 64.2696 31.8267 183.865 7.34684 6.83809 0.441802 7.34092 0.652166 14.1839 6.26279 52.215 2.80412 0.0284193 84.2102
56.2701 2.12114 5.95053 1.94504 18.6932 12.3786 7.02014 4.38034 64.2696 31.8267 188.457 7.34684 8.70188 8.06925 6.27895 1.29463 14.1124 7.02573 9.38908 2.80412 0.0393606 82.797
34.1631 7.59646 5.95053 1.0025 18.6932 12.3786 10.9673 4.38034 64.2696 31.8267 188.457 7.34684 5.1292 6.53711 1.62934 5.57585 14.2379 1.30168 1.41447 2.80412 0.0393606 83.4247
34.1631 7.37514 5.73072 2.60708 18.6932 10.6721 7.39958 4.38034 61.3189 31.8267 188.457 7.34684 8.60973 6.3594 5.85932 2.96249 14.7587 1.00116 1.41447 10.1543 0.160746 86.1256
34.1631 9.06647 5.51068 2.60708 16.4657 8.92619 11.0345 4.38034 61.3189 31.8267 188.457 12.9455 10.6684 6.80199 6.1505 7.71151 16.1634 2.45481 1.41447 17.9668 0.173433 87.8416
34.1631 9.06647 5.63857 4.14711 16.6572 8.92619 11.0345 4.38034 61.3189 31.8267 183.647 7.48311 10.6684 13.5536 6.37453 7.04604 16.1634 2.45481 15.3547 14.6187 0.158523 87.8677
34.1631 10.1637 5.07368 3.71741 16.6572 8.92619 12.9191 4.38034 61.3189 31.8267 183.647 7.48311 10.6684 13.5536 7.50028 5.472 16.4907 3.28703 9.08271 14.6187 0.135728 86.506
31.6034 10.1637 3.91151 3.71741 16.6572 9.5986 12.9191 4.38034 61.3189 31.8267 183.647 15.8969 10.6684 13.5536 7.73813 5.09174 5.91862 0.515295 2.59736 14.6187 0.135728 87.1522
31.6034 10.1637 3.91151 3.8056 19.3953 7.103 11.1347 25.0969 38.1466 31.8267 183.647 14.6071 11.6114 13.5536 6.58342 2.83091 3.32097 3.21005 1.77631 10.6831 0.135462 81.848
31.6034 10.1637 4.14868 2.53695 17.7855 10.0781 11.1347 25.0969 38.1466 33.102 183.647 14.6071 12.4605 7.43792 1.31233 4.91429 3.81729 8.12282 4.33691 24.1308 0.11463 81.7722
31.6034 10.5078 3.57331 2.79193 17.7855 9.3764 10.9681 25.0969 38.7735 33.102 183.647 12.785 11.7705 12.3771 5.89115 5.57497 2.66527 3.74594 4.33691 15.2334 0.112136 82.3455
31.6034 10.219 4.6998 2.79193 17.7855 9.3764 11.6595 25.6418 38.7735 33.102 183.647 12.785 12.8013 9.32627 6.74429 4.36539 1.97505 3.56855 4.33691 22.2482 0.100413 82.1837
56.0881 7.7015 2.36552 4.88168 22.435 11.2561 14.6327 13.4858 48.5594 33.102 183.647 1.10251 18.3797 2.72298 4.20479 9.94379 7.49436 4.91547 8.27655 11.9452 0.0365178 80.9048
52.6673 7.7015 2.12246 5.42176 22.435 10.0935 14.6327 13.4858 48.5594 29.8744 183.647 5.22897 18.3797 3.45999 4.69586 6.168 9.93205 4.91547 4.84837 11.9452 0.0365178 80.1321
51.1032 7.1376 2.12246 5.82174 23.1576 11.5035 14.6327 13.4858 48.5594 29.8744 183.647 5.22897 16.494 4.00632 2.50684 3.34724 4.36365 6.16516 5.21022 22.8165 0.00167779 76.7599
51.1032 7.1376 2.12246 5.36839 23.1576 11.2927 14.6327 13.4858 48.5594 29.8744 183.647 5.22897 16.494 4.06584 4.7721 4.58442 4.36365 6.16516 4.7867 22.8165 0.00167779 75.2699
49.0058 7.62784 2.12246 5.18382 23.1576 9.54095 16.5969 13.4858 48.5594 29.8744 181.204 5.22897 16.0252 8.70294 4.79583 3.90852 4.36365 10.6737 8.52257 11.3237 0.00486677 78.0344
49.2453 7.62784 2.12246 4.95183 23.3703 10.6577 16.5969 13.4858 48.5594 29.8744 181.204 5.22897 15.4406 8.67217 1.83661 5.28339 2.02558 7.1057 9.54716 7.26384 0.00486677 78.9579
49.6764 7.45256 3.69966 5.44663 23.3703 10.7407 13.2253 13.4858 48.5594 29.8744 181.204 7.73777 12.9832 8.6961 10.1 7.97641 9.09074 6.23673 15.3698 9.98786 0.00486677 80.9238
49.7918 6.8173 1.79312 5.5152 23.3703 10.7504 13.2253 13.4858 48.5594 29.8744 186.822 17.3484 2.0364 15.1384 9.89075 6.83265 6.20926 5.0348 17.7238 5.42657 0.00486677 81.6832
49.7747 6.93128 0.836452 6.32015 23.3703 11.1765 12.1615 13.4858 48.5594 40.9532 186.822 0.894474 0.530297 14.2997 7.7072 1.42751 5.82408 3.86356 14.6257 3.69038 0.00486677 78.1543
49.6722 6.8991 3.22244 5.11663 23.3703 10.8811 10.5743 13.4858 34.4662 54.5503 186.822 0.894474 2.93535 14.2997 8.08755 6.4899 5.26971 3.74972 12.7925 5.26142 0.00486677 75.0859
49.6082 7.00875 3.22244 6.72163 17.3689 9.94567 9.75342 18.9028 34.4662 54.5503 181.042 5.78747 9.61791 14.2997 8.39715 8.77197 6.18982 5.67945 14.7406 5.05471 0.00486677 75.2214
53.4199 6.85842 3.13903 8.11955 14.2532 9.94567 9.31597 19.3034 36.0952 54.1285 181.042 3.6857 5.49852 14.2997 8.42735 3.98888 9.38399 3.30746 21.5432 8.35289 0.00486677 76.0017
49.7133 6.85842 4.47287 8.41636 13.475 9.94567 9.99795 19.3034 36.0952 54.1285 181.042 3.6857 1.76866 14.2997 7.63893 3.82228 5.86221 6.81734 14.6534 3.93535 0.00486677 75.0923
52.7947 5.60011 3.22267 8.41636 18.1953 7.1088 10.5957 19.3034 36.0952 54.1285 181.042 3.6857 2.36618 16.8702 12.0518 4.02081 4.80828 4.05455 17.6435 6.81195 0.00446258 76.4405
56.7786 5.60011 2.3426 8.41636 20.1634 5.71184 12.1674 19.3034 33.7787 54.1285 181.042 3.6857 6.36676 16.9495 12.0518 3.00816 5.06752 2.20884 8.41859 2.98816 0.00446258 77.1671
35.8729 5.43266 2.53203 8.41636 20.1634 5.71184 17.1767 19.3034 31.5747 54.1285 181.042 3.6857 13.4391 16.2355 5.77117 2.21415 4.99751 2.20884 8.96618 1.07282 0.0119729 78.632
40.4929 2.31833 2.56309 6.45487 21.1825 3.60718 25.5085 17.8848 33.8315 54.1285 173.842 6.69152 11.2205 19.1174 5.58267 1.20084 4.3391 2.08665 14.7699 1.71072 0.015047 77.5691
40.2355 2.31833 2.61559 6.45487 21.1825 3.60718 25.5085 17.8848 33.8315 54.1285 173.842 6.69152 11.2205 19.1174 5.58267 1.20084 4.3391 2.08665 16.2357 6.40768 0.015047 77.4203
40.2355 2.31833 2.66317 6.45487 21.1825 3.60718 25.5085 17.8848 33.8315 54.1285 173.842 6.77898 12.6847 19.1174 13.3396 1.20084 4.3391 2.08665 16.2357 10.7127 0.0116851 79.6581
37.8145 1.95641 2.61366 6.45487 21.2695 3.60718 25.5085 17.8848 33.8315 54.1285 173.842 6.77898 15.5632 14.673 13.3396 8.62542 6.7655 2.08665 11.2161 10.3393 0.0187668 84.0914
22.7521 2.55699 2.44598 9.43685 19.8345 3.60718 28.121 17.8848 31.5247 54.1285 173.842 6.77898 0.843798 11.1499 7.92039 8.62542 4.04406 5.2707 47.9584 9.62049 0.0232512 82.0723
30.2681 2.4841 2.12439 7.85471 19.8625 3.60718 29.1193 17.8848 31.7324 54.1285 173.842 6.77898 4.74457 9.31282 11.3973 7.48013 3.71708 12.1159 45.6859 3.63716 0.0171361 81.5233
36.2767 2.74026 2.23022 4.15645 30.3206 3.60718 24.7041 17.8848 28.8644 49.9812 173.842 4.60319 0.515305 14.4955 5.72488 4.49774 4.37671 9.88723 6.82305 24.8977 0.020012 84.9823
47.3101 1.82278 2.68633 4.15645 30.3206 3.60718 24.7041 16.6532 28.8644 49.9812 173.842 18.1118 7.46514 0.387162 5.76902 8.07397 10.8887 7.56656 15.9913 27.0222 0.00576412 81.9022
48.2531 1.51834 3.54569 4.64964 30.3206 3.60718 24.7041 15.1776 28.8644 49.9812 173.842 17.8756 4.50735 0.387162 4.74307 5.08881 4.25238 7.56656 31.0897 24.6238 0.0102013 80.7101
49.3876 6.11291 3.10192 1.908 30.3206 6.64503 19.1017 10.1159 33.0889 49.9812 173.842 16.3154 3.23622 3.04797 4.88795 18.3642 5.19027 8.17648 13.6362 20.9661 0.00641064 81.7899
48.5326 2.61376 4.601 1.908 21.3628 6.64503 24.8064 7.7411 51.9449 49.9812 173.842 1.80609 2.30548 7.82306 4.655 16.7632 3.29802 9.01333 21.1014 52.4884 0.00288217 80.6074
47.229 2.9196 4.34127 1.908 21.3628 6.64503 24.8064 7.7411 51.9449 49.9812 173.842 1.80609 2.30548 5.38046 4.73909 12.2769 6.57492 9.01333 21.1653 59.7827 0.00317291 80.2593
47.0971 3.03908 3.31886 1.908 21.3628 7.61004 24.8064 7.7411 51.9449 49.9812 173.842 1.80609 5.99066 6.78182 4.03642 10.5094 4.70972 2.96071 5.63643 43.1624 0.00145078 78.0956
58.1288 3.03908 2.43492 1.908 21.3628 7.61004 24.8064 8.19095 50.1891 49.9812 173.842 1.80609 5.36023 5.77217 4.35813 8.66997 12.5309 4.01904 1.23415 63.9667 0.00130869 82.8217
50.5046 4.70979 4.06862 2.88159 3.28479 35.1759 13.9267 8.19095 50.1891 49.9812 173.842 1.80609 13.5018 6.89672 4.73049 12.8913 12.6786 3.25898 2.83402 34.9477 0.000759018 80.5118
54.0584 5.46233 7.19945 1.78268 6.73215 30.1946 10.4679 11.2537 50.1891 49.9812 173.842 1.80609 13.5018 8.33033 3.50383 4.58851 8.68812 3.25898 7.1345 8.31334 0.000792862 76.7856
54.0584 5.89432 6.42231 1.78268 6.73215 30.1946 10.4679 11.2537 50.1891 49.9812 173.842 1.80609 13.5018 8.33033 3.78852 5.14981 1.96212 11.3491 15.471 4.95311 0.000800661 77.9147
53.6396 4.96587 7.75987 1.78268 5.98523 30.1946 10.4679 50.3571 5.73336 49.9812 178.02 1.80609 5.05554 5.10516 5.4368 5.13149 3.38787 12.0467 14.5198 4.47291 0.00468789 79.3818
49.4372 6.16362 9.86595 1.21263 3.93984 29.9764 11.3142 50.3571 5.73336 49.9812 178.02 4.65363 1.59829 3.48008 5.6235 3.27588 10.8992 8.91588 20.2088 4.47291 0.00379728 79.0466
54.2339 6.16362 9.12909 4.30976 4.1868 29.8431 11.3142 47.8436 5.73336 49.9812 178.02 4.65363 9.56281 3.32346 0.699298 2.44672 10.9675 8.72877 31.3461 4.47291 0.00794458 81.3952
49.6749 5.92104 4.26496 4.30976 4.1868 29.2692 16.7986 39.463 5.73336 52.975 178.02 4.65363 13.061 2.84379 3.55061 3.30406 11.355 8.7015 22.3602 41.1519 0.00232123 76.5713
50.6404 5.92104 4.26496 4.30976 4.1868 28.1878 16.7986 39.463 5.73336 52.975 178.02 4.65363 11.2498 3.6467 5.16613 5.69748 7.90644 8.83623 36.6521 1.48844 0.00232123 76.6649
47.167 7.63372 1.11865 6.92724 4.1868 28.1878 18.4468 39.463 5.73336 52.975 178.02 5.92731 6.2004 8.41727 1.44616 5.69748 4.9056 9.2648 22.9974 26.2549 0.00361083 75.1181
39.4548 8.3233 1.4673 6.92724 4.1868 27.6446 18.4468 39.463 5.73336 52.975 178.02 9.92435 3.79997 3.37972 1.69377 10.3959 7.8225 10.9996 22.9974 26.2549 0.00256548 76.4526
39.4548 8.3233 1.03821 6.92724 4.1868 27.6152 18.4468 39.463 6.35559 52.975 178.02 9.92435 4.25923 4.75831 1.69377 5.76163 7.8225 10.9996 22.9974 30.7442 0.00256548 75.8275
38.0975 9.1604 0.865827 3.8873 4.1868 23.4444 15.7374 46.6358 3.67654 52.975 178.02 9.92435 8.75694 9.95644 4.18208 7.40321 8.95935 13.2608 28.5584 43.0942 0.0016824 80.6778
-4.36177 9.75079 1.97139 8.10595 4.1868 23.5818 14.7958 47.2531 3.67654 52.975 178.02 6.44326 8.75694 9.62643 4.58158 6.26171 5.57839 1.70325 20.9324 43.8594 0.00212815 81.6636
-18.5641 6.84828 2.26466 10.589 5.20816 19.4705 21.0636 43.7752 4.78874 53.761 180.474 3.82004 14.055 9.37492 6.80359 6.26171 8.71253 0.221926 8.15693 54.7078 0.0014231 81.0234
-18.5641 6.95013 4.37792 10.589 4.83075 19.4705 17.4811 44.267 8.60975 53.761 178.001 3.82004 14.055 1.66141 9.79168 3.8881 6.43317 5.11367 8.12494 54.3664 0.000904991 78.3069
18.2714 6.95013 4.37792 10.589 8.60608 20.3826 17.4811 39.1024 8.60975 53.761 178.001 3.82004 15.5502 1.90954 5.26516 8.41507 9.25472 0.553489 7.16169 39.426 0.000759987 80.1852
31.648 4.73491 5.16941 8.08518 3.42002 20.3826 17.4811 39.4614 15.1545 53.761 178.001 3.82004 11.2223 0.779642 5.4963 9.39928 9.18037 2.78425 11.8796 39.1457 0.000523485 76.4951
29.9016 3.42914 4.90588 8.08518 3.31585 21.5951 17.4811 39.4614 11.2073 53.761 178.001 7.66458 12.2085 3.71133 3.94417 7.43803 7.5484 6.21376 9.92408 39.1104 0.0016241 77.7974
30.9466 7.48563 2.42417 7.99718 3.31585 21.0527 17.4811 40.6818 11.2073 53.761 176.224 7.66458 10.7771 2.74288 1.22211 6.90088 11.8071 10.5659 3.28262 39.9008 0.0018863 77.4702
34.4349 7.48563 1.55538 6.74753 6.15241 19.729 17.4811 40.6818 14.8705 53.761 176.224 7.66458 11.8334 3.10842 3.12925 6.61566 4.65849 8.95301 11.6702 35.9241 0.00394495 77.8994
23.7413 8.08069 0.714634 6.74753 6.15241 20.2834 17.4811 40.6818 14.5894 52.2014 174.244 7.66458 16.9172 0.462561 3.86178 7.70323 7.21252 2.03531 19.1277 41.4389 0.00728979 81.9373
24.229 8.75688 0.714634 6.77473 6.15241 19.3196 17.4811 40.6818 14.5894 52.2014 174.244 20.5282 2.58694 4.30668 4.04676 7.74934 3.42122 8.37692 3.32571 32.576 0.0105165 81.963
24.4621 10.0156 0.714634 6.77473 5.97568 19.3181 16.8813 40.6818 12.8221 56.6422 174.244 9.9292 3.1058 2.74569 1.29948 17.926 4.38785 7.47695 1.42862 25.9166 0.0111997 79.6635
23.8632 10.888 0.600932 6.77473 5.97568 19.253 16.3954 40.6818 12.8221 54.2104 174.244 9.9292 3.36483 5.79703 2.71252 24.151 2.09723 3.69309 8.13311 25.7145 0.0185714 80.8424
29.7742 10.888 1.66516 5.1317 5.97568 19.2453 16.3954 38.5904 11.1447 54.2104 174.244 9.41576 1.12255 5.84018 3.08476 26.9584 1.61538 3.69309 6.34732 23.1447 0.0223499 82.9023
29.7742 10.888 1.66516 5.1317 5.04212 19.2425 16.3954 38.5904 11.1447 54.2104 174.244 9.41576 16.347 1.9802 2.83376 26.9584 2.60463 4.68356 12.6446 11.5209 0.0494895 83.8022
25.9737 10.888 1.66516 5.62217 5.04212 19.415 16.9111 38.5904 11.1447 54.2104 174.244 9.41576 17.415 6.36906 4.10801 20.021 3.113 4.09889 12.0876 11.5209 0.0237708 81.8051
28.9703 10.5761 1.66516 3.78828 6.18159 19.9593 18.4391 28.988 20.9682 54.2104 174.244 5.38382 8.72127 9.53794 2.18042 19.9146 2.06096 8.06474 4.18939 5.98618 0.0265321 81.0992
33.2362 8.61002 2.23421 4.25482 6.18159 19.2908 18.0142 33.7855 20.9682 54.2104 175.718 5.38382 7.30736 9.8072 1.86528 19.8904 4.02574 1.77278 6.8937 5.98618 0.0556262 79.9489
33.2362 8.85104 3.09183 2.46217 6.18159 19.2039 18.0142 33.7855 22.1974 54.2104 175.718 5.38382 7.24008 5.22712 6.20255 16.1534 2.52167 1.1607 13.2297 31.2704 0.0292427 78.8975
30.8277 8.98657 1.63855 4.68826 6.18159 19.2651 18.0945 32.9423 22.1974 51.7761 175.718 7.75204 4.50058 2.62243 6.53918 17.1707 3.24353 3.24668 25.0084 31.2704 0.0292427 79.6252
40.0693 10.4674 0.788309 4.13798 6.18159 19.9114 17.5927 32.9423 18.8061 51.7761 175.718 13.2018 4.50058 2.62243 14.0836 16.4721 4.30866 5.14344 25.0084 35.3711 0.0467529 85.6665
6.48649 10.4674 0.280958 4.83626 6.18159 21.5549 18.0517 32.9423 18.1345 51.7761 175.718 10.425 6.41853 5.03555 7.68267 9.21778 0.822538 1.13288 45.7433 27.315 0.00817813 87.9647
6.48649 13.0228 1.33985 4.51232 9.6707 21.1191 21.7581 26.5498 27.5326 40.9625 175.718 16.268 11.5618 5.00068 9.76043 4.93662 9.00927 5.87809 45.7433 27.315 0.00537677 88.2824
62.1242 13.0228 1.15296 4.52645 9.6707 14.4481 25.2074 27.0841 12.6765 50.3603 175.718 16.268 8.97101 5.39075 10.1154 5.0035 0.790147 5.56109 1.99763 48.8252 0.0123649 82.2744
19.6837 15.6967 1.15296 5.48343 11.8818 11.5032 25.8741 27.1738 12.6765 50.3603 175.718 11.7427 3.38362 5.28666 10.2733 7.23942 1.28123 16.5971 11.1171 44.4927 0.00943572 85.222
51.9418 12.4064 1.57684 2.66037 11.8818 13.7126 28.7538 28.6325 12.6765 54.3732 175.718 2.33382 6.57284 2.68099 4.14252 6.95641 1.28123 16.4052 14.2514 18.7057 0.0040354 79.8704
51.9418 12.4064 1.53608 4.97812 9.74894 12.3817 28.7538 28.6325 13.1674 54.3732 175.718 3.29321 10.9933 1.25561 5.75724 6.95641 4.15159 12.9494 10.638 22.5067 0.00893582 79.0729
51.9418 12.4064 1.96193 3.15173 10.2914 13.6219 30.5654 27.4067 13.1674 54.3732 175.718 3.29321 17.175 1.25561 7.76601 9.24445 4.15159 5.60131 10.638 21.3836 0.00893582 79.4346
53.0423 1.4352 3.91251 13.1923 6.09466 13.6219 34.3086 26.7835 13.1674 54.3732 175.718 3.29321 17.175 1.25561 5.31465 6.70304 14.9804 9.82577 4.01522 21.3836 0.00593876 79.2209
53.0423 1.4352 3.08999 15.9611 2.34116 9.52078 35.7634 27.008 13.1674 54.3732 175.718 6.47825 17.175 3.76142 5.44377 13.0288 0.988535 8.1278 4.51692 34.8323 0.0151671 82.1442
44.4415 1.68024 3.08999 15.9611 5.13313 9.52078 35.7634 27.6517 15.5603 57.3095 168.114 6.47825 17.4831 1.5973 7.97147 4.71267 0.988535 10.9835 4.51692 36.088 0.00469695 81.0212
30.0063 3.04905 3.08999 15.7722 5.39089 9.31002 31.6681 26.8203 13.9076 65.4495 168.114 6.47825 15.2485 0.757509 4.98702 5.21437 2.91564 11.4533 28.0931 11.5969 0.00346861 78.0911
27.817 2.25128 3.08999 15.7722 11.793 9.28231 31.6681 24.3296 13.5981 61.1036 168.114 5.00315 14.5164 2.71559 5.8485 1.41209 6.58152 9.80331 5.36407 15.7257 0.00504953 77.9762
23.9346 2.25839 4.01145 14.5665 11.3478 8.97248 33.2355 23.3952 14.0898 61.1036 168.114 9.36735 11.3509 1.42874 7.51054 3.37093 7.55976 7.65148 2.51548 9.97559 0.00191638 75.0099
23.9346 2.42652 4.27357 14.5665 11.3478 8.97248 33.2355 21.5897 17.9061 59.0547 168.114 9.36735 11.4418 3.86144 9.69952 5.87514 6.50651 2.57032 23.928 20.9136 0.000246051 74.4756
44.1023 0.711337 4.55329 14.5665 11.3478 10.2329 30.3668 25.887 14.3657 59.0547 168.114 9.36735 9.02491 1.47497 15.7073 5.87514 6.82043 4.65708 11.6732 19.8337 0.000259354 72.6966
44.1023 0.711337 5.14646 13.4697 11.3478 10.8291 28.3622 26.68 16.8434 59.0547 170.556 2.40469 9.02491 1.71753 25.0948 0.299911 7.41583 7.06639 36.1207 20.1847 0.000491341 79.6146
44.1023 0.711337 5.14646 13.4697 11.3478 11.1232 28.3622 26.68 16.2984 59.0547 170.556 2.40469 9.72407 1.71753 23.8232 7.12301 6.53374 7.06639 23.7264 18.9762 0.000450031 77.1889
45.5179 0.711337 4.76634 13.4697 11.3478 11.1232 28.3622 27.8133 15.7687 59.0547 170.556 2.40469 9.29441 2.07393 19.3345 4.64957 4.49953 4.7166 28.7799 26.5936 0.000613472 76.0163
45.5179 1.1922 6.03287 11.6567 11.3478 12.9685 27.6847 27.8133 15.897 59.0547 170.556 3.80525 8.63872 2.07393 14.0112 5.42361 0.62693 5.06127 28.1014 6.31813 0.000546417 75.5194
56.9736 0.63015 6.03287 11.6567 11.3478 12.9685 27.5039 25.8789 15.247 59.0547 170.556 3.80525 4.89604 6.09517 14.0112 13.637 16.2849 1.14959 21.1921 8.47373 0.000230133 77.1032
55.8592 0.289577 5.50657 12.4633 11.3478 12.9685 26.3437 28.6115 14.2209 59.0547 170.556 3.80525 2.35448 4.08472 14.0112 13.0629 9.00002 1.14959 22.3166 9.40434 0.000175113 74.859
55.8592 0.791958 5.50657 12.4633 11.3478 12.9685 26.3437 28.5295 14.2209 61.1061 170.556 3.80525 2.35448 3.20021 12.7007 13.0629 4.70288 1.05109 59.5689 13.3741 0.000340567 76.8221
55.8592 0.791958 5.50465 12.4633 10.3515 13.7871 26.3437 26.587 12.9784 61.1061 170.556 3.80525 1.99141 9.46077 12.7007 11.3904 10.9174 1.30644 39.3894 9.28762 0.000709518 77.5646
71.7605 1.51641 3.46252 11.576 8.72566 15.7058 26.777 28.8027 3.18663 61.1061 170.556 13.7097 1.99141 10.0333 5.53109 14.8665 10.9174 2.28624 29.7842 5.21868 0.000669258 80.2553
71.7605 3.85878 2.41764 12.0422 6.88399 15.7058 26.777 30.4906 6.61842 61.1061 170.556 13.7097 1.99141 10.5212 0.662731 17.5581 10.5417 5.12949 37.2979 5.0957 0.000443662 79.9056
90.3745 2.15913 7.54764 15.1136 5.11138 6.44276 27.7614 31.5703 6.61842 61.1061 170.556 14.5571 3.07838 6.90797 3.7271 9.88702 10.5898 5.19295 22.3965 11.8394 0.00126837 85.7896
21.9183 2.23253 5.41366 15.1136 7.9515 6.44276 28.6268 30.7087 9.62542 60.927 170.556 11.0871 2.06718 9.65631 3.19035 12.0972 10.8798 5.37384 15.0184 39.0308 0.00249999 78.036
21.9183 2.23253 4.58264 15.3308 7.9515 6.44276 28.7476 35.4984 9.42408 60.927 170.556 11.0871 0.312375 5.1545 3.20915 14.2602 3.05002 8.42373 0.738833 10.0426 0.00302111 78.4826
84.0065 3.49367 4.00596 8.53333 7.40248 8.64208 28.7968 37.1859 9.48117 60.927 170.556 6.65793 13.2228 2.08681 2.93876 0.447783 3.36513 7.80427 2.21129 0.1468 0.00160104 78.9211
84.0065 3.49367 4.36999 8.53333 7.86275 6.54476 27.4941 37.1104 9.4359 60.927 170.556 9.52423 17.2104 2.81418 2.47881 0.447783 4.19469 7.88821 11.3777 5.57325 0.00294208 76.6726
72.611 3.79669 4.36999 8.53333 8.88286 6.30573 29.9887 37.187 11.2875 58.0242 170.556 11.4836 18.0629 2.63979 2.97969 5.06295 2.94735 7.8352 10.0867 27.1065 0.00065455 75.5524
77.6775 3.79669 4.36999 8.53315 8.69508 6.30573 29.6934 37.7744 11.2354 48.8446 170.556 21.6304 17.182 3.35855 1.52174 6.01282 2.94735 5.74215 10.5172 22.89 0.000423877 76.1943
77.6775 3.73942 4.36999 8.53315 9.18695 6.30573 31.167 36.6936 10.2795 48.8446 170.556 18.5419 6.39453 4.11428 7.99808 8.70269 0.110601 9.74398 29.4325 15.8003 0.000282019 78.3659
77.6775 4.25474 3.64243 7.42198 9.18695 6.30573 31.167 35.923 11.7057 48.8446 170.556 15.8289 11.0845 9.98949 7.35931 0.995759 2.77927 5.50319 17.7111 6.75707 0.00042364 75.5013
83.8066 4.25474 3.60074 7.42198 11.2264 11.1329 26.2964 36.125 7.56938 53.8016 179.426 15.8289 2.19619 9.98949 1.70537 8.54197 2.79162 2.4665 17.1652 2.86098 0.000182619 76.8415
76.0315 4.47271 4.48312 7.42198 10.8612 6.94542 24.1008 31.6884 14.4514 47.6861 179.426 20.0817 2.45149 9.98949 8.32486 10.0473 1.445 2.49993 17.1216 8.34448 0.000500394 76.4637
44.297 7.41142 4.34033 9.14501 8.48825 6.94542 20.8689 31.6884 23.9731 47.6861 179.426 26.8818 2.45149 6.0313 9.57213 10.9764 4.44066 3.90669 7.99465 9.08839 0.00174485 83.8026
44.297 8.53044 4.34033 9.14501 8.48825 6.94542 20.8689 29.6972 23.9731 47.6861 179.426 14.7518 2.45149 6.47801 2.2439 11.2785 3.85968 4.71567 7.99465 9.44152 0.00116806 76.156
44.297 7.81056 3.63154 6.9735 11.5578 10.1715 18.2311 29.5233 23.9731 47.6861 179.426 7.60166 8.59507 5.79596 2.2439 11.2785 5.06321 4.73824 7.99465 10.419 0.00257925 72.45
48.3458 1.93079 6.62575 5.97312 17.8009 9.87623 15.9674 38.7046 27.9267 39.8289 179.426 7.60166 7.29716 5.16957 3.26758 15.632 4.47807 5.68576 1.78438 7.51587 0.00488758 80.2612
51.0476 1.93079 4.29364 5.97312 15.8586 12.7339 17.438 35.9916 27.9267 39.8289 179.426 7.60166 7.5029 4.17773 3.97529 15.632 4.86152 5.53891 10.2715 8.53064 0.0018908 75.365
51.0476 1.93079 2.56939 5.97312 15.8586 12.7339 17.438 35.9916 27.9267 39.8289 181.645 10.2354 8.74807 3.62236 1.85347 14.7811 4.68714 6.59786 17.2198 7.96344 0.00526507 77.9351
48.7124 4.13027 1.38248 7.42288 15.8586 10.2625 16.7634 35.9916 27.9267 39.8289 176.454 10.2354 6.96002 1.41909 3.79493 14.7123 8.19343 4.64226 12.3487 13.9795 0.0104626 79.518
75.7226 4.13027 3.37562 3.68786 12.5869 14.7359 19.5905 40.8739 17.2115 39.8289 174.893 21.3654 5.41913 0.593064 18.0918 3.13038 12.3191 6.81503 10.3396 12.8281 0.00418174 84.697
98.3827 0.758592 3.96783 3.55184 7.41285 12.9085 29.9711 28.4304 19.1417 55.8924 174.893 16.4754 2.95509 0.593064 6.1573 7.60641 20.3328 6.21052 2.25944 15.7673 0.00535241 81.3824
40.9341 3.50507 13.9641 3.93916 4.43313 10.816 29.5686 23.2908 19.1417 68.1933 160.699 10.7315 0.421589 2.72213 3.62715 9.74911 23.2143 10.8391 2.25944 16.0962 0.00394396 83.847
40.9341 6.24555 13.9641 3.01583 3.41787 10.816 26.2161 23.2908 25.346 68.1933 160.699 10.7315 0.421589 8.32474 4.31414 3.96231 23.2143 10.8391 12.2064 5.57862 0.00256871 79.5849
40.9341 4.88079 13.9641 3.49299 2.87658 12.3342 26.2594 25.1642 23.966 68.1933 160.699 7.55759 3.1895 6.67737 2.5693 2.00437 16.8195 11.9895 12.2064 8.41499 0.00475748 77.0079
40.9341 4.89973 13.9641 3.49299 4.57272 12.3342 23.0992 16.8243 28.4807 68.1933 160.699 16.0804 2.99515 4.66032 3.21982 2.00437 28.0894 7.65328 6.15966 7.51204 0.00492113 78.3761
44.5691 7.74466 9.35414 5.14637 1.08786 14.0894 24.3217 16.8243 31.0589 68.1933 160.699 15.4105 3.82318 6.10936 3.21982 3.43256 15.4414 4.77952 15.9689 14.4024 0.00286829 73.6983
44.5691 7.74466 9.35414 4.9689 1.00629 13.5057 27.918 11.8692 31.0589 68.1933 160.699 15.7352 3.82318 6.10936 3.21982 5.9313 13.3715 6.01961 17.3207 14.4024 0.0064037 74.8893
44.5691 7.81468 8.55805 4.9373 1.00629 14.0159 28.1467 11.8692 33.7352 68.1933 160.699 15.7352 5.80619 0.248477 5.0376 13.8386 13.9832 7.47883 13.5997 13.2809 0.0064037 78.0506
44.1791 6.44258 8.18962 5.7636 0.381075 14.4428 28.1467 11.8692 33.7352 68.1933 160.699 15.7352 3.96536 15.6776 3.98347 0.914119 4.22566 3.18875 8.31768 14.6983 0.0042886 76.8973
46.2972 6.44258 8.18962 7.20831 0.64357 10.9206 28.1467 13.2144 33.6552 68.1933 160.699 15.7352 6.25977 12.9858 1.49001 0.914119 3.42707 8.46267 5.20383 15.2906 0.0327599 77.5161
42.3439 6.9383 8.18962 7.20831 1.19743 10.9206 28.1467 15.8453 31.6718 68.1933 160.699 14.4397 6.95206 11.6865 1.95247 14.1664 0.809987 0.0779581 8.42038 12.6066 0.00967482 77.858
49.3862 6.9383 9.68268 9.76613 0.309769 10.55 26.1111 15.8453 31.6718 53.2258 160.699 21.5731 8.66872 2.38229 4.81242 21.7135 0.809987 1.5227 11.8668 12.5391 0.00443638 85.1588
72.6684 6.04762 7.18475 6.78834 3.32545 10.55 33.7473 16.9377 31.6684 54.657 155.909 18.672 6.70363 4.09367 4.81242 24.3399 7.22032 2.4039 12.2232 10.5277 0.00435114 89.7127
43.3729 3.74065 5.96305 11.4469 1.48079 10.55 32.9142 16.9377 40.6475 57.3325 154.108 19.3615 4.85128 3.95644 6.57487 10.6192 9.65784 8.72339 11.4723 12.0759 0.00425627 79.3852
65.6959 3.46356 1.84783 14.1267 5.90401 10.55 34.2893 9.98394 39.0327 85.7248 116.877 23.1676 3.66955 3.95644 13.7377 5.47987 5.02917 9.33123 17.5981 14.9221 0.00430938 78.6864
65.6959 4.32614 0.20532 11.9684 10.4337 10.55 34.2893 9.98394 38.3412 85.7248 116.877 23.1676 7.88551 4.21309 13.7377 1.35225 5.02917 5.78443 22.417 18.5959 0.00426495 78.2746
56.3111 4.10507 0.57481 6.09699 11.837 10.55 27.9292 20.4098 40.8164 85.7248 116.877 23.1676 8.7513 2.8715 17.508 3.41006 5.02917 1.04646 7.07751 18.5959 0.00431069 76.6379
56.3111 4.01408 4.24741 5.32943 8.00669 10.55 27.9292 20.4098 40.8164 85.7248 116.877 18.1104 8.7513 1.594 17.508 0.728996 14.5811 6.27071 11.327 0.668327 0.00431069 81.9055
56.3111 4.02412 5.1783 5.56895 8.56957 10.55 27.9292 15.1268 47.037 85.7248 116.877 18.1104 10.2929 3.53391 19.249 0.812986 4.6645 6.27071 18.1337 14.3621 0.00428827 80.7788
56.3111 3.58768 5.1783 4.34459 8.93787 12.1982 29.0172 15.1268 47.037 85.7248 116.877 18.1104 10.2929 3.53391 11.7354 5.45325 4.6645 1.42236 8.60791 16.8326 0.00429729 76.3214
81.5298 3.29016 7.37968 3.27998 9.73314 12.1982 21.5986 15.1268 47.037 88.7806 116.877 18.1104 8.75437 4.1032 12.0555 8.41074 4.6645 0.873367 16.112 16.8326 0.00430602 77.1064
68.2008 3.39024 7.887 3.62714 7.20915 13.6224 23.1522 15.1268 47.037 88.7806 116.877 18.1104 5.60625 1.14995 15.5286 3.75903 8.00806 1.79695 16.2174 14.4537 0.00448467 79.524
59.3085 3.29755 8.5662 3.81541 7.20915 13.6224 23.1522 15.1268 47.037 88.7806 116.877 20.2866 8.34134 0.613533 10.5382 3.91296 8.00806 1.79695 16.2174 21.3026 0.00387047 80.0856
92.8833 2.91191 8.34639 5.3598 7.20915 13.6224 17.0297 16.8724 47.037 88.7806 116.877 17.6227 8.71593 6.1721 11.2563 2.7064 5.92536 7.00597 42.7568 8.59858 0.00386003 77.4422
92.8833 3.84925 8.49456 5.3598 10.7753 13.6224 18.5993 5.64806 48.7328 92.5034 116.877 17.6227 6.83405 0.442437 8.19376 4.23552 13.0827 11.8266 8.38097 25.0115 0.00209192 85.2505
55.748 3.85649 8.80842 5.18373 10.7753 7.19284 26.3434 5.64806 48.7328 92.5034 121.419 17.6227 10.1219 0.442437 19.4337 1.99089 14.1606 7.26706 2.59101 13.7481 0.000615529 76.9969
55.748 3.85817 10.4285 3.87202 9.92024 7.19284 26.3434 1.94173 48.7328 99.7401 122.042 17.6227 13.224 2.53264 14.8156 1.44254 8.2281 0.658223 15.27 13.7481 0.0012173 79.1852
71.0407 3.85688 9.844 3.65764 10.4396 7.19284 26.3434 1.94173 44.4693 101.747 123.783 12.4999 9.18872 1.08048 17.1696 2.47211 7.32023 2.57012 32.2251 7.41051 0.000312931 76.0375
71.0407 3.84489 10.2938 2.91419 10.3339 11.2629 25.0017 6.55573 34.4537 93.9617 126.781 17.3968 6.31757 4.07692 14.6504 2.52878 7.47407 8.51443 20.8188 11.8149 0.000647904 77.522
76.004 3.79021 10.8442 1.69575 7.99228 7.18121 25.0017 3.26912 46.1107 102.731 125.563 12.8841 7.59595 4.60423 10.6068 7.21813 6.9245 4.46809 16.3297 1.08991 7.83917e-05 76.8845
69.5625 4.5311 12.4405 1.30252 2.89203 7.18121 35.587 4.5445 46.1107 101.251 124.31 22.6812 5.53777 5.83317 10.6068 2.66609 5.00968 4.46809 0.684104 12.746 0.000861354 83.4487
68.6354 4.80469 12.3024 0.874684 2.89203 7.18121 35.587 4.5445 41.1767 90.6176 124.31 22.6812 5.10819 2.79231 3.40273 2.42908 14.8964 7.11899 20.3336 13.6858 0.000707868 75.5009
69.3637 3.89636 12.3024 1.45801 3.31242 7.18121 35.587 4.5445 40.7682 90.6176 124.31 22.6812 6.35503 3.19249 20.705 1.57018 7.74257 2.95297 15.466 7.81468 0.00052828 74.5459
69.3637 4.70721 12.3024 1.63172 3.31242 7.18121 35.587 1.83428 44.5287 95.3328 123.728 12.5348 5.47373 4.18612 17.8129 2.15058 3.71378 4.75539 0.747046 8.92961 0.000229993 76.4228
79.678 4.70721 12.5786 1.04889 3.31242 7.18121 35.587 0.248346 45.9242 89.3744 123.728 22.6046 5.59771 3.44381 17.5927 2.86165 2.98264 5.50943 6.87428 4.34825 0.000204646 75.4422
79.9175 3.80407 13.2885 0.718081 3.31242 7.18121 34.6183 0.248346 45.673 86.5128 123.451 26.6432 5.00655 6.36425 16.7762 4.80571 4.62744 4.91504 16.531 12.5522 0.000318031 75.4518
79.9175 3.80407 4.63292 2.09947 2.48023 21.4135 34.6183 5.5536 38.0149 88.3327 123.451 21.5762 5.51922 2.66599 11.546 3.37951 4.29209 5.02524 16.531 15.3138 0.000364485 75.3309
99.2126 1.80794 2.29955 4.70817 3.45291 20.1358 34.6183 11.6745 38.0149 88.3327 121.442 24.1188 5.68912 1.39469 3.70855 5.75718 5.16014 4.73769 24.4313 8.99418 4.71909e-05 76.4334
101.511 0.653912 4.79845 6.16931 7.03065 17.3071 31.9541 6.30194 35.4269 88.3327 121.442 24.1188 5.65083 6.1889 2.2783 9.74145 4.99505 19.61 47.0065 13.8089 4.71909e-05 79.2815
101.511 0.653912 4.79845 6.16931 6.58761 9.36787 31.7549 6.30194 41.8328 88.3327 119.416 24.1188 6.36855 6.1889 3.18682 3.56139 18.0083 14.8025 47.0065 13.8089 4.71909e-05 81.639
103.518 2.04741 0.606853 6.16931 9.88009 10.666 31.7549 3.4328 44.083 93.4668 119.416 30.0913 7.78326 1.26543 2.84658 1.03863 13.035 13.1089 48.1491 21.5121 0.000280798 80.7495
105.617 2.04741 4.71566 5.36691 10.2813 8.18337 21.3447 8.81211 41.1472 93.706 126.878 22.8121 6.06248 1.26543 4.76427 1.03863 14.6128 9.88236 23.9511 20.2013 0.00037502 76.9421
92.9428 3.28009 1.7789 8.09075 10.9228 8.99508 22.9189 8.81211 43.4859 86.2801 126.878 23.665 5.10679 6.30302 3.92179 4.39775 14.6128 8.71428 8.2429 0.318394 0.000432938 73.955
92.9428 2.0475 4.52037 6.54759 12.0122 9.21935 22.0396 8.81211 43.4859 83.3228 126.878 23.665 10.6985 3.75923 4.91465 8.52123 6.76071 8.1623 4.26331 2.959 0.00160835 73.218
53.2893 2.0475 4.52037 10.2865 11.5249 9.21935 22.0396 8.81211 43.6332 87.4475 133.709 21.2361 6.88185 1.8023 8.7657 8.52123 0.600536 10.4995 0.581573 14.5855 0.00160835 76.0173
53.2893 2.0475 5.88335 10.2865 11.6425 8.32339 22.0396 7.57633 38.282 90.6399 133.709 23.8398 7.0488 6.52593 10.2473 2.05358 0.696 5.26608 9.99863 12.957 0.00160835 73.4811
54.2811 2.0475 6.63288 12.6184 11.6892 7.11073 16.4763 7.57633 42.3195 89.4081 133.709 17.2323 7.34024 6.94194 12.7985 4.13157 2.53472 6.8216 19.345 11.6007 0.00162513 77.6111
55.0478 2.78134 7.02317 8.6866 11.6445 7.42995 20.4054 7.57633 43.2745 90.778 126.565 17.2323 14.5125 6.76925 9.46128 1.21756 1.86373 2.00523 22.3216 40.8301 0.000492202 77.6182
52.2027 6.88133 9.17226 4.62122 13.2484 7.42995 15.6389 7.57633 44.0286 91.9558 127.859 17.3992 10.6103 4.7881 11.8953 0.88417 8.41051 4.05587 29.9784 32.0197 0.000539727 75.8456
53.018 7.23889 7.17397 3.49042 13.2893 8.85902 16.6624 7.57633 41.5905 94.7252 127.859 17.3992 10.6103 9.65866 16.5072 0.412991 2.06299 3.95409 26.0635 34.3546 0.000354551 73.9637
48.9239 7.59499 6.20172 4.09728 11.9126 8.85902 22.3717 7.71223 41.5905 92.3814 132.689 18.4456 4.07984 4.54704 12.9253 1.0725 2.06299 4.15488 33.8195 27.4827 0.000694789 74.9516
24.548 9.38177 3.26993 8.96248 11.0884 10.666 13.6003 8.21447 46.5202 89.7571 132.689 21.3027 11.5893 3.22685 13.562 0.810482 2.6884 2.76614 4.5389 27.1484 0.000293349 76.3088
24.548 9.38177 2.18922 10.311 11.7446 10.666 16.4824 8.21447 42.4324 90.0182 132.073 16.1543 14.5726 3.22685 14.8841 1.01252 2.6884 2.42849 6.63131 32.7905 0.000293349 74.8383
20.0834 9.55984 2.79164 10.0284 13.3021 9.18852 13.9545 8.21447 42.4324 84.7482 132.963 20.4309 14.5726 2.25721 1.2758 1.57265 18.0894 0.569843 11.371 16.7304 0.000293349 79.4407
25.3062 9.55984 0.883576 10.7294 14.5274 9.18852 13.824 13.2774 42.4324 83.9319 122.848 27.6799 15.3243 2.61122 1.2758 3.26226 10.3406 0.569843 14.2193 20.5135 0.000293349 77.359
10.6011 8.58659 0.92063 8.80001 15.7771 11.0212 16.1354 13.2774 37.4405 85.0869 128.257 29.0579 10.0047 2.67642 1.2758 2.32006 13.8379 3.19753 13.0289 10.9593 0.000293349 77.8566
3.37486 8.69778 1.60708 9.29526 15.7771 11.0212 17.7924 12.7936 37.9884 84.3546 128.752 23.827 17.4886 3.12344 8.94705 0.679342 14.299 9.7152 5.08405 19.6875 0.000293349 81.5539
-16.3295 7.22627 2.8397 6.76704 13.0454 12.0842 26.2168 9.74772 39.8569 84.0364 126.404 23.9228 22.7218 3.53222 10.2899 4.77003 5.80846 8.57172 5.08405 25.5249 0.000293349 79.2424
-16.3295 7.80165 2.90775 6.53723 11.024 12.0842 26.2234 9.74772 45.0131 84.0364 126.404 23.8295 15.9795 3.21867 4.44274 8.88529 6.88271 0.690566 8.31504 15.0482 0.000293349 79.0269
3.34704 8.2229 5.0119 3.70752 11.1242 12.8433 26.2234 1.81932 52.4277 79.3953 131.502 22.007 18.6177 5.5542 4.50904 8.4286 0.254771 0.690566 1.66604 6.79136 0.000293349 78.7935
3.34704 8.26294 4.29003 4.40437 10.928 12.8433 26.2234 1.81932 52.4277 79.3953 131.502 19.5466 18.6177 6.66967 4.50904 11.8451 0.254771 1.01517 5.88732 5.96477 0.000293349 77.4403
3.34704 8.26294 3.71843 4.7292 10.2959 13.1733 26.2234 1.81932 52.4277 79.3953 131.502 19.5466 0.897392 8.83452 4.7547 15.8861 8.34085 1.01517 10.1638 8.27816 0.0171347 82.3069
-40.8892 14.7948 3.71939 3.62153 9.57406 13.0418 26.2234 1.81932 52.4277 79.3953 131.502 24.6576 0.897392 1.8378 5.11594 13.5768 9.54676 3.81912 8.25604 8.27816 0.000301384 78.7975
-40.8892 14.7948 3.71939 3.46026 9.10252 13.0418 26.2234 1.81932 52.4277 111.143 95.0814 27.7456 1.50694 12.1396 3.13659 13.5768 8.26506 3.70145 8.06282 6.88766 0.000301384 78.15
-40.8892 14.7948 3.71939 3.06674 9.49832 14.7902 26.2234 1.81932 47.4471 111.143 95.0814 24.4878 3.49163 15.7145 4.47057 20.8952 7.43193 4.75029 8.06282 6.88766 0.000301384 81.9464
-40.8892 13.8136 3.71939 3.06674 10.2233 14.7902 26.2234 1.81932 47.4471 111.143 95.0814 41.85 3.49163 0.229068 5.41338 20.8952 8.551 2.27434 7.07766 6.88766 0.000210366 80.2001
-40.8892 13.8136 3.71939 3.06674 10.2233 14.5394 26.2234 1.81932 47.4471 111.143 95.0814 41.85 3.49163 0.229068 5.41338 20.8952 8.551 2.27434 6.71511 51.7187 0.000210366 82.6929
-40.8892 13.8136 5.51313 3.58282 8.86254 14.5394 26.2234 1.81932 47.4471 103.137 95.0814 45.5689 3.49163 0.229068 5.62426 15.5588 2.80055 2.27434 8.40724 59.1341 0.000210366 81.3049
-40.8892 13.8136 5.09768 0.770603 7.7573 17.9064 26.2234 1.81932 47.4471 105.73 95.0814 45.593 3.49163 0.229068 4.91466 16.6251 5.49286 1.69999 8.37809 3.11849 0.000210366 79.633
-40.8892 1.06744 5.75857 13.4347 7.7573 17.9064 26.2234 1.81932 47.4471 105.73 95.0814 37.7775 2.07956 14.2551 5.53572 15.4838 1.7149 0.919865 8.37809 4.62466 0.000210366 80.8096
-40.8892 0.6986 5.75857 13.1912 7.7573 17.9064 24.276 1.81932 47.4471 105.73 95.0814 37.7775 2.07956 14.2551 7.1354 15.4838 1.7149 0.992438 8.37809 6.58489 0.000210366 82.9839
-40.8892 2.10838 5.76706 11.9529 26.9279 12.9401 10.139 1.81932 45.5319 109.298 95.0814 39.5537 2.21659 5.5862 0.650421 14.0976 14.0177 1.06062 4.15599 6.58489 0.000210366 84.0729
86.6728 0.44945 5.97258 11.6451 11.5021 14.8192 0.20382 1.62458 54.3478 109.298 95.5047 40.2437 1.12751 10.0114 0.650421 12.9133 9.7283 4.81996 4.40843 10.8794 0.0293914 89.1396
50.8849 0.44945 4.63738 14.6783 11.5021 14.8192 5.65503 1.62458 54.3478 109.298 93.7181 40.2437 2.45891 9.66004 1.99053 13.1491 7.38033 3.57246 2.3267 7.31194 0.0172693 78.4394
50.8849 0.44945 3.38808 15.1938 11.5021 14.8192 5.65503 4.59298 54.3478 109.298 93.7181 40.0394 1.36606 9.66004 1.99053 16.4143 5.08115 4.44709 2.3267 6.36729 0.0147672 77.9913
58.3858 0.44945 3.86645 12.5561 9.2007 17.8491 5.65503 4.59298 54.3478 108.154 103.243 34.1443 1.36606 7.9609 0.676885 16.4143 5.08115 5.61414 5.12907 9.24498 0.0147672 79.288
55.9206 2.21876 4.06318 13.4586 7.82433 17.8491 5.65503 4.59298 54.3478 108.154 103.243 25.5152 6.67525 3.0343 0.676885 17.2174 5.08115 0.63733 5.5158 10.5796 0.0118051 78.7813
45.7507 3.25543 4.06318 13.0213 7.82433 17.8491 5.62809 9.10231 54.3478 108.154 103.243 23.0766 5.68945 2.84943 0.676885 16.4465 8.83517 1.66929 10.4594 10.4505 0.00350362 76.5189
45.7507 4.74961 5.61822 10.4551 7.82433 17.8491 7.27844 7.49465 54.3478 108.154 103.243 23.0766 2.53402 3.06009 0.369862 17.5711 8.1215 2.1885 6.51912 12.3555 0.00721651 78.1636
36.7968 2.44142 7.77275 11.1961 7.64955 17.8491 7.27844 6.31647 56.9204 108.154 99.2069 30.6197 3.02569 3.09417 15.731 13.6772 7.96792 2.22207 5.10286 29.2655 0.00364219 77.7663
36.7968 2.44142 9.27303 11.1961 3.9104 17.8491 9.25119 6.31647 55.8725 108.154 99.2069 30.6197 0.705307 3.09417 16.0751 9.6433 7.96792 1.60555 0.801048 0.595263 0.00603711 79.9871
37.2561 1.70141 8.11165 11.1961 3.9104 17.41 15.5871 1.70551 55.8725 108.154 95.1651 39.8692 5.0615 0.596428 19.2243 6.50224 7.96792 4.57355 3.8307 8.75195 0.00482507 79.6728
45.804 1.5463 8.11165 11.209 3.9104 19.2062 13.8581 11.3278 55.8725 108.154 95.1651 23.8214 5.0615 0.596428 10.5355 6.50224 13.8271 4.3274 11.5118 12.8517 0.00262694 80.0563
45.2225 2.17654 9.06975 9.94101 0.755785 19.5422 13.6808 11.9863 55.8725 95.7133 102.558 23.8214 6.41655 3.83665 15.5505 5.34962 19.771 3.21003 20.8261 12.8517 0.0109677 83.1002
33.0852 4.93147 9.06975 9.98157 0.755785 19.5422 13.6808 11.9863 55.8725 95.7133 102.558 23.8214 6.37573 1.52694 15.5505 5.55062 13.4984 2.90748 16.5271 10.8038 0.0053158 79.6022
36.091 4.14703 8.99908 9.98157 0.755785 15.7556 21.0403 11.9863 55.8725 95.7133 102.558 23.8214 9.71668 1.16318 17.2672 5.28829 3.50993 0.488508 16.5271 12.7394 0.000803765 78.7986
36.091 4.14703 8.99908 9.50456 0.755785 15.7556 21.0403 11.9863 55.8725 95.7133 102.558 23.8214 9.82908 0.71211 19.0197 1.78781 3.50993 0.488508 8.89793 11.2712 0.0004208 77.9273
38.3355 3.25342 8.99026 9.50456 0.813137 21.4446 21.0403 11.9863 50.6595 95.7133 102.558 23.8214 10.0408 0.71211 15.6811 1.78781 4.73446 4.04935 15.2077 11.2712 0.000961141 81.7605
35.837 3.48278 7.77789 9.50456 0.813137 26.7462 17.8738 11.9863 46.3479 95.7133 101.571 29.4957 7.39692 2.76421 18.6943 4.18063 1.79427 4.04935 7.75596 17.8158 0.00168628 78.7378
6.1436 3.48278 4.08172 9.50456 0.813137 24.6108 21.4327 17.0886 49.1169 95.7133 101.571 31.3044 7.81246 2.81751 18.6943 2.43095 2.07529 3.95775 18.3971 15.7294 0.000577909 80.5168
70.9928 2.91907 2.86584 10.1584 0.813137 24.6108 21.4327 10.4386 45.4788 95.7133 101.571 31.3044 9.58896 1.74765 2.25751 2.87303 2.47172 13.5387 18.3971 10.701 2.36929e-05 79.0026
74.1148 4.93093 2.66509 10.6334 0.813137 24.6108 21.4327 9.97523 43.2839 95.7133 101.571 31.3044 11.1088 1.56207 2.25751 2.98529 7.19457 15.1677 17.313 4.69531 2.36929e-05 73.9373
74.1148 5.87395 0.949878 10.6334 0.813137 24.6108 24.1325 9.97523 44.3774 95.7133 101.571 31.3044 11.1088 1.56207 2.25751 2.3535 7.19457 9.69695 37.4403 12.7872 0.000172512 78.6071
74.1148 5.87395 0.949878 7.68879 0.813137 24.6108 22.1364 9.97523 50.0747 95.7133 101.571 24.5302 16.8445 1.03854 6.74749 1.03352 7.19457 8.92605 37.4403 8.59228 1.9015e-05 79.3412
55.896 4.36186 0.902885 7.39527 1.41296 24.6108 18.7887 9.59479 59.1065 95.7133 101.571 24.5302 13.295 1.18107 5.91702 0.198042 9.52525 1.76476 25.1591 7.68485 1.8083e-07 73.0357
42.4971 4.36186 10.2831 7.39527 9.03927 24.6108 4.06657 6.74725 59.1065 95.7133 101.571 24.5302 23.9846 1.18107 5.91702 2.60282 2.31886 1.80868 21.1987 6.05753 1.8083e-07 73.5319
40.3907 5.04272 8.74773 8.06031 0.618177 24.6108 4.06657 6.2688 67.6672 95.7133 101.571 24.5302 23.9846 1.41717 13.2316 3.36983 1.69602 0.334812 19.5109 16.2788 1.8083e-07 74.0393
35.978 3.92311 8.20514 8.73924 2.42711 24.6108 4.68415 11.7012 60.8474 95.7133 101.853 24.5302 22.2173 0.760609 11.028 5.22894 3.37733 2.02054 13.302 22.3113 1.8083e-07 73.8794
35.978 4.44273 8.67684 8.73924 2.42711 24.6108 4.54278 11.7012 60.8474 98.5608 101.853 24.5302 16.8156 1.07393 9.3528 5.98673 4.59546 2.39609 20.2955 25.5236 1.8083e-07 71.2341
35.978 4.44273 8.67684 8.73924 2.42711 24.6108 4.54278 11.7012 60.8474 98.5608 101.853 21.2776 22.0877 0.946179 9.3528 4.85443 1.49758 2.39609 20.2955 21.9537 1.8083e-07 72.3229
35.978 4.44273 8.67684 8.73924 2.42711 24.6108 4.54278 11.7012 60.8474 98.5608 101.853 21.2776 22.0877 1.39623 6.02439 10.2373 1.49758 2.39609 1.03314 21.9126 1.8083e-07 72.0515
35.978 5.71733 7.90523 8.73924 2.42711 24.6108 4.54278 11.7012 60.8474 98.5608 101.853 21.2776 18.1727 0.735682 12.2915 9.39616 1.8584 0.974533 1.03314 19.6685 9.35224e-07 72.8541
33.6438 5.71733 9.30979 8.63905 2.42711 24.6108 2.31061 11.7012 60.8474 98.5608 101.853 21.2776 18.1727 0.305337 7.5786 6.02198 2.24065 0.974533 1.03314 7.17861 3.25939e-06 75.5284
41.0697 4.75391 8.87233 8.63905 2.42711 24.6108 2.31061 11.7012 60.8474 101.405 101.853 21.2776 18.1727 0.305337 11.2275 5.26004 1.70918 0.974533 1.03314 7.2683 3.25939e-06 75.2639
45.9086 4.86859 8.87233 8.63905 2.42711 25.1477 1.4427 6.72139 60.8474 101.405 101.853 21.2776 19.9553 0.911221 11.4394 1.07471 8.63923 1.72471 12.4431 7.74534 2.18832e-07 71.3469
47.151 4.86859 8.87233 8.63905 2.42711 25.1477 1.31874 6.72139 60.8474 101.405 101.853 21.2776 18.8115 2.4565 7.27811 1.48347 11.3355 1.69107 13.4223 7.16476 2.18832e-07 70.6454
47.7894 3.54969 7.92379 10.1706 2.42711 25.1477 1.31874 10.6046 55.2191 101.405 101.853 27.5306 12.7992 3.06506 9.4093 1.48347 8.79671 8.72658 22.313 16.4163 2.18832e-07 68.78
47.6947 4.12293 7.92379 10.1706 1.85801 25.1477 1.31874 10.6046 55.2191 101.405 101.853 27.5306 11.3001 2.52573 9.24779 1.48347 9.52895 6.04284 22.313 16.4163 2.18832e-07 67.9487
43.2742 4.12293 7.92379 10.1706 1.85801 25.1477 1.31874 11.5149 55.2191 101.405 99.5518 27.5306 10.9662 1.97679 9.03965 1.48347 6.7495 11.9984 55.7625 37.3532 4.39704e-07 74.6766
54 4.12293 7.81036 10.1706 1.85801 25.1477 1.31874 11.5149 55.2191 101.405 99.929 27.5306 10.7509 0.629543 9.38931 2.10688 12.1666 12.841 55.7625 29.0271 4.39704e-07 76.3592
51.8383 4.12293 6.56942 10.1706 1.85801 25.1477 2.63148 12.1864 55.2191 101.405 100.6 27.5306 10.1954 1.81203 8.92252 0.583987 4.01693 11.9736 24.0526 29.0271 4.39704e-07 68.68
52.8652 3.96583 6.56942 10.1706 1.85801 25.1477 2.63148 12.1864 55.2191 101.405 100.6 27.5306 7.84749 1.81203 8.92252 10.1158 4.01693 11.9736 24.0526 29.0271 4.39704e-07 69.8211
52.8652 3.96583 6.56942 10.1706 1.85801 25.1477 2.63148 12.1864 55.2191 101.405 100.6 27.5306 4.83073 0.801553 9.59104 10.1158 4.01693 15.0456 11.9532 29.9596 1.82664e-06 69.835
52.8652 3.7137 5.69212 10.1706 1.85801 24.0705 5.58688 16.8786 55.2191 95.3069 102.889 27.5306 8.01819 1.25173 2.62619 7.76726 4.01693 15.4962 22.7696 9.15984 3.99651e-06 71.6151
54.0001 3.75404 6.58943 8.95333 1.85801 24.0705 6.51604 16.8786 55.2191 95.3069 102.889 27.5306 8.45708 1.183 4.39992 4.2565 6.11207 15.4962 19.1634 8.62455 1.69372e-05 73.2611
74.9498 5.10363 6.48763 7.0541 0.718661 24.0705 5.41899 16.8256 55.2191 95.3069 102.889 27.5306 9.8138 0.537228 4.5054 11.4334 1.9108 15.4962 12.4492 20.1245 7.44877e-05 75.1284
74.9498 5.10363 6.48763 7.0541 0.718661 24.0705 5.10541 16.8256 55.2191 95.3069 102.889 27.5306 9.8138 0.317064 2.51188 16.8412 0.859461 12.7106 12.4492 20.1245 0.000121582 76.2351
82.6242 5.10363 6.48763 8.10819 0.718661 23.3375 5.10541 16.8256 55.2191 95.3069 99.7606 27.5306 10.467 0.317064 2.57534 13.1406 0.676146 8.91021 3.56546 20.1245 0.000476979 79.8078
82.6242 4.56329 6.48763 8.10819 0.718661 23.3375 6.11994 16.8256 55.2191 95.3069 99.7606 35.0455 10.743 0.940687 7.20552 13.4031 6.0276 8.10856 3.56546 43.1139 0.000476979 78.1133
82.6242 4.56329 6.48763 8.10819 0.718661 23.3375 6.11994 16.8256 55.2191 95.3069 99.7606 35.0455 10.743 0.249099 7.20552 3.53745 3.12286 7.7751 3.56546 43.1139 0.000582243 76.9944
71.2171 4.56329 8.90962 6.46621 0.718661 23.3375 7.10462 16.8256 52.7717 95.3069 99.7606 29.4156 10.8605 2.26482 9.31486 3.53745 3.32167 9.54925 1.52668 43.1139 0.000394071 75.4421
71.2171 4.56329 8.90962 6.0548 0.718661 23.3375 8.2214 16.8256 52.7717 95.3069 99.7606 29.4156 12.6407 2.79942 9.31486 4.27165 6.7842 0.85449 29.5431 4.47197 0.000115285 73.1138
42.357 4.56329 10.3243 5.76473 0.718661 23.3375 8.2214 21.7837 52.7717 95.3069 99.7606 29.4156 6.86425 4.21193 9.31486 3.3704 6.7842 4.95105 18.1348 13.0832 0.000115285 77.3449
50.4339 3.8863 10.5356 4.72444 0.718661 32.1444 10.5882 10.6074 52.7717 92.3252 99.7606 28.9425 6.35508 7.0703 9.04053 8.18071 9.67015 0.369462 34.6062 34.1247 0.000108331 78.7093
50.6725 0.993585 10.5356 5.21415 0.718661 32.1444 13.7619 10.6074 52.7717 92.3252 99.7606 28.9425 5.39551 5.89629 16.3049 7.64787 9.67015 1.37429 31.903 26.3013 0.000101661 79.8211
50.6725 0.993585 10.5356 2.02841 2.39022 27.4252 13.7619 10.6074 52.7717 92.3252 98.7956 33.5348 5.39551 1.38019 11.6533 3.8601 17.9216 1.37429 29.1329 31.6863 0.000101661 81.6057
50.6725 0.993585 10.5356 2.54986 2.39022 27.4252 15.7922 10.6074 52.7717 92.3252 98.7956 33.5348 7.94491 0.192092 11.6533 3.8601 17.4047 1.37429 26.9352 30.7228 9.78573e-05 80.2083
48.2148 0.993585 15.3785 2.9627 2.31502 20.9989 14.1689 5.19984 50.7458 108.654 114.756 10.9029 8.29306 6.40241 10.9924 0.948648 10.134 1.78955 33.191 26.6033 0.00014065 78.2912
38.6547 1.29285 15.1768 0.428076 2.31502 20.9989 22.5202 5.19984 49.0037 108.654 114.756 10.9029 5.66866 8.45787 7.93622 0.029686 11.0983 2.33359 48.5105 19.891 0.000142142 82.2407
44.6561 1.34495 15.1768 0.428076 2.31502 20.9989 16.4795 5.19984 49.0037 108.654 127.409 6.08342 6.41814 8.45787 6.58958 0.029686 11.0983 2.33359 48.5105 22.5249 0.000101977 81.907
45.8446 1.59909 11.1332 0.0256478 2.31502 22.6519 15.5552 5.19984 49.0037 102.048 127.409 12.3319 2.38063 10.2141 11.5474 4.16177 9.68851 4.36503 7.80947 42.3265 0.000101977 83.0482
36.1053 0.823904 8.5763 0.645954 2.31502 26.678 23.2168 5.19984 47.5749 87.9332 127.409 12.3319 3.94257 8.44863 11.5474 4.16177 9.68851 12.405 7.80947 41.8846 7.45221e-05 77.7697
29.3565 1.99981 8.29907 4.90521 9.34774 24.5047 16.8681 5.19984 47.5749 87.9332 127.409 14.6973 2.30799 12.2438 7.07855 4.16177 4.62868 10.9301 1.82973 43.1125 4.66724e-05 74.5511
29.3565 1.61611 8.25225 4.54892 9.34774 25.6187 16.8681 5.19984 47.5749 87.9332 127.409 14.6973 2.82675 12.2438 6.74771 4.16177 4.62868 7.75608 8.99578 43.1125 4.79841e-05 75.2537
42.3122 1.68501 9.34357 3.62438 4.14069 24.559 14.1014 6.87767 47.5749 87.9332 130.402 19.5186 1.63463 7.83974 3.08204 5.83038 3.53242 18.3039 8.99578 23.0271 2.64401e-05 71.3817
49.0112 1.56159 8.31602 3.84394 4.14069 24.559 14.1014 6.42621 47.5749 87.9332 129.11 19.5186 1.7967 9.75106 2.05686 15.4352 1.38857 12.3937 8.52586 7.75443 6.09617e-05 71.7122
33.3524 1.41822 7.04892 5.37932 6.90374 29.2367 16.9149 12.199 32.22 87.9332 129.11 19.5186 1.76335 8.96147 4.75663 14.4587 4.15076 12.3937 30.6634 18.1229 2.72155e-05 74.6138
33.1828 1.68057 8.72739 2.11204 10.4709 29.2367 12.6768 15.6894 30.5167 91.434 132.148 19.5186 1.5904 8.50705 0.109878 15.3563 6.99881 6.50191 5.21673 2.31429 2.84847e-05 73.6961
51.638 1.903 7.15151 1.5989 10.4709 29.1547 13.1933 12.2794 35.6978 91.434 132.148 19.5186 1.67479 8.84165 4.88578 14.7254 1.59745 11.2726 19.1909 11.4132 2.38045e-05 76.4464
36.9919 1.68986 11.1652 0.980888 9.04814 29.1547 10.2763 12.2794 35.6978 91.434 132.148 12.6426 1.08232 9.0319 9.89108 9.55283 4.11449 5.51287 16.3042 6.53855 2.25035e-05 73.6799
36.9919 3.46178 11.1652 0.980888 9.04814 28.623 10.2763 12.2794 35.6978 91.434 132.148 12.6426 1.08232 14.0759 5.86327 25.4032 5.40533 1.92228 7.79326 12.0177 2.4134e-05 74.7588
36.9919 3.46178 11.1652 0.980888 9.04814 28.5638 10.1883 12.2794 35.6978 91.1862 132.148 12.6426 1.59375 11.5118 2.0801 13.7809 6.48697 2.79056 12.9913 19.0329 1.94379e-05 72.9055
36.9919 3.46178 11.1652 0.980888 9.04814 28.5638 10.1883 12.2794 35.6978 91.1862 132.148 12.6426 2.10599 5.50116 2.80223 13.7809 7.77547 7.97554 7.4548 19.0329 9.21746e-06 71.8573
11.0273 4.76957 16.2877 0.980888 9.04814 28.5638 7.50106 12.2794 35.6978 91.1862 132.148 12.6426 2.2635 5.50116 9.42311 8.80858 11.4577 6.85562 5.23194 14.735 4.68108e-06 76.8456
45.9864 9.18 11.281 0.980888 4.08698 28.5638 7.50106 12.2794 35.6978 91.1862 132.148 12.6426 2.47484 5.58086 9.72414 8.07317 11.4577 6.85562 6.43091 19.6408 5.31124e-06 74.0513
45.9864 7.11428 11.281 0.980888 4.08698 28.5638 7.50106 12.2794 35.6978 91.1862 137.952 12.6426 2.47484 5.92033 7.7187 8.07317 12.599 6.26278 4.70371 36.3554 5.31124e-06 73.0575
45.9864 6.96415 14.0458 0.980888 4.08698 28.5638 3.5606 12.2794 35.6978 91.1862 137.952 12.6426 2.47484 5.92033 7.7187 8.59637 12.599 6.07688 3.73479 41.527 5.31124e-06 71.417
45.9864 6.96415 14.0458 2.0741 4.08698 28.5638 3.5606 12.2794 35.6978 80.7659 137.952 22.9751 1.58101 9.87674 7.89712 4.31604 12.599 5.62595 13.8141 41.527 9.74159e-06 72.7399
16.5592 8.28091 4.72676 2.0741 4.89624 39.9333 3.5606 17.511 31.3461 90.1032 137.952 14.9025 2.49444 7.08567 4.13477 14.5062 6.47981 5.67361 0.666555 10.3851 3.93375e-05 79.8743
-66.2245 11.7369 6.07668 2.66025 4.89624 39.9333 3.5606 17.511 31.3461 90.1032 130.969 22.1568 12.0032 2.37234 4.13477 13.811 8.55215 10.9858 0.666555 2.28211 8.19933e-05 79.1219
-7.25119 6.39145 6.73151 2.66025 4.89624 39.9333 3.16217 17.511 30.9145 90.1032 130.969 22.1568 8.74422 1.47231 4.13477 13.811 8.61648 12.9244 0.666555 1.2261 0.000250641 82.3131
-24.8326 5.72472 5.40569 4.27324 4.89624 39.9333 8.46727 14.4628 36.8674 90.1032 121.374 27.6324 4.84162 1.47231 4.13477 21.033 10.91 6.54762 0.666555 16.3335 0.000130662 79.7819
14.6263 6.43172 6.70332 4.05858 4.89624 36.3897 5.80516 11.6465 36.363 90.1032 121.374 25.0471 6.69984 3.01365 7.16208 15.5577 3.16341 11.9809 11.7746 31.2406 0.000165256 81.7466
45.8466 4.71792 6.03905 3.59548 2.37238 36.3897 5.80516 15.3538 39.3282 90.1032 121.374 30.4775 4.69242 1.72363 5.09545 17.1013 1.81156 6.01597 11.7145 4.0502 0.000463416 73.5355
43.0921 7.20656 2.34961 3.21692 2.37238 29.0346 9.37074 15.3538 41.026 90.1032 121.374 30.4775 4.63013 0.340384 5.09545 2.95551 13.0157 7.13809 19.9106 4.0502 0.000435407 74.7249
38.6212 2.32416 2.34961 2.8331 12.3247 23.1244 26.3586 5.57104 41.026 90.6096 121.374 25.8365 10.163 2.87021 5.09545 4.74554 16.9781 5.79567 18.901 11.7825 0.000379854 77.772
36.2314 1.82284 1.76878 4.61295 11.52 17.5674 27.9873 14.5973 37.2791 90.6096 121.374 16.1053 10.7135 2.72457 8.71481 11.3822 12.9162 4.80676 9.85664 19.3676 0.000598725 80.0101
23.416 2.11896 2.55506 4.31772 11.352 17.5674 27.9873 1.11142 50.1508 90.6096 121.374 25.8511 10.9463 2.79852 6.55662 11.7156 0.545255 3.48057 12.9136 3.15431 0.000598725 75.621
31.7228 1.70608 5.26662 0.807291 10.8472 17.5674 27.9873 1.11142 43.2757 90.6096 121.85 34.9738 9.71891 0.98521 3.10089 12.4255 0.545255 19.7503 9.34722 5.04788 0.000326825 79.4999
30.5438 2.46426 4.84685 0.807291 10.8472 18.5643 28.08 1.11142 51.3447 86.415 123.35 27.8418 10.1895 3.95136 2.15199 7.60795 1.79495 7.0054 5.40652 17.3306 0.000588312 75.3172
54.5128 0.978315 4.41482 0.197371 10.8472 18.8728 28.08 1.11142 51.3447 86.415 123.35 27.8418 10.691 2.15747 2.15199 7.60795 1.9892 9.21322 2.57712 1.94999 0.00108671 75.4918
115.35 0.728136 5.53337 5.54327 3.81046 11.5581 32.393 6.19694 37.7511 86.415 123.35 34.4359 13.0499 3.03213 0.681613 2.77563 2.3733 8.99906 7.84382 30.9113 0.000724193 77.8929
115.35 0.728136 0.352903 5.54327 7.61455 22.2769 27.6913 6.19694 37.7511 86.415 119.339 27.3149 13.0499 3.61076 17.3782 2.77563 2.67393 5.25519 3.81227 6.0664 0.000785558 74.4733
115.35 0.84264 1.09378 5.54327 7.61455 21.7426 27.6913 6.19694 37.7511 88.0781 119.339 27.3149 12.1517 3.61076 17.3782 2.77563 0.31837 4.6621 6.04204 1.27864 0.000792543 75.2984
119.777 0.362489 0.182857 4.77746 7.61455 12.7713 34.485 16.8644 41.2891 88.0781 119.339 11.8821 9.27386 3.06699 13.7949 0.993351 5.90679 7.59798 6.23134 5.56591 0.000338302 77.8651
119.777 0.362489 0.254858 5.10396 3.65231 12.3683 34.485 16.8644 41.2891 88.0781 119.339 19.0632 9.30214 3.5893 8.18192 5.05414 10.4832 6.67652 6.02518 6.0042 0.000661334 78.2427
117.417 0.362489 0.254858 6.61593 3.65231 12.9963 34.485 16.8644 41.2891 88.0781 119.339 19.0632 9.48641 2.18664 4.69695 0.902435 14.4976 5.34868 16.1926 10.5741 0.000394906 76.5829
117.417 0.362489 1.47685 6.61593 3.41731 13.258 34.485 16.8644 29.2525 88.0781 119.302 31.2564 6.75203 2.24888 10.9308 0.536026 9.25944 8.07505 11.87 16.7074 0.000524708 72.8956
117.417 0.362489 1.45848 6.22719 5.91903 13.2157 32.4979 15.9873 29.2525 88.0781 119.302 31.2564 6.75203 3.8557 10.9419 16.8075 6.03557 7.42735 7.02906 16.7074 8.71078e-05 73.0651
117.417 0.362489 1.30891 5.32057 5.91903 12.8688 32.4979 15.763 29.5015 88.0781 119.302 31.2564 8.07741 3.8557 10.9419 9.06848 3.19881 7.42735 4.46091 29.3447 0.00350344 75.8003
117.417 1.17703 0.92342 5.15865 5.91903 13.0545 32.4979 15.763 29.5015 88.0781 119.302 31.2564 8.76948 0.843016 11.9798 1.95158 3.19881 12.051 4.46091 22.0962 0.00324208 75.7797
121.084 0.251346 2.77429 4.51787 8.32316 16.843 20.6152 21.3477 28.6806 86.3101 119.302 31.0591 7.58893 12.7889 2.7677 1.42977 3.33193 3.38157 22.2966 13.1767 0.00175932 78.1011
109.686 0.251346 2.70666 4.50626 8.32316 16.843 23.2476 21.2731 27.9687 86.3101 123.863 28.5096 7.23357 3.91822 11.7264 1.42977 2.35831 6.01343 19.1276 15.8564 0.00980075 78.2871
48.7899 0.251346 5.02713 3.5525 13.597 15.2286 23.2476 21.2731 26.29 86.3101 123.863 28.5096 11.2874 10.2336 5.89138 7.44939 4.13096 4.71125 25.2518 34.0987 0.00308848 77.36
48.7899 1.92905 2.5972 5.24364 15.336 18.3396 23.2476 30.958 23.83 88.9073 119.995 24.8275 1.80347 0.740898 18.9914 7.96333 1.03765 15.6379 6.28969 11.1107 0.00188025 79.3336
55.694 6.86205 1.35236 10.1716 6.23036 10.7951 24.6173 20.7156 23.83 106.078 105.055 35.7646 1.39954 2.31572 16.8472 4.63178 3.07812 7.51796 39.289 2.20276 0.00355705 76.2041
50.006 7.91342 1.35236 11.7498 6.23036 10.7951 18.5163 18.6792 32.0888 111.96 102.739 32.305 1.61081 3.42968 9.00324 7.83686 2.98677 7.8522 21.9605 0.500901 0.00120486 74.7859
16.6364 8.83916 4.65282 11.7498 6.11317 12.2483 15.9791 17.4041 39.583 103.1 104.629 32.305 1.61081 7.45944 7.59157 10.4763 2.97514 7.48904 33.8119 6.78314 0.00290837 81.1397
16.6364 8.83916 2.35653 11.7498 6.11317 12.3527 22.2372 17.4041 34.2702 104.013 104.629 32.305 0.809731 5.9427 6.87346 4.10283 2.97462 7.75622 1.78739 9.43409 0.00290837 78.0884
16.6364 9.21623 2.72742 12.5921 6.11317 10.7486 20.2438 17.4041 34.2702 101.065 104.629 35.023 0.809731 6.67531 8.14819 5.62995 13.1995 2.59783 8.42639 13.234 0.00317831 78.1937
-22.3731 7.47475 4.96885 12.5921 10.5723 10.3456 22.9125 17.4041 34.2702 101.065 105.041 30.7496 4.98181 8.14218 4.79573 6.95104 11.1649 1.38608 17.4695 13.2654 0.00648563 77.9371
-25.6819 7.47475 5.07432 12.5921 11.3465 16.66 22.9125 17.4041 27.4138 101.542 105.041 34.1856 5.15969 9.00045 0.375147 10.3537 10.7647 1.18515 13.5749 23.7871 0.000120689 76.3143
45.2127 5.365 1.98569 6.82482 9.69732 16.66 22.5672 27.1234 17.4267 101.542 105.108 39.7743 6.65153 0.279323 2.45868 8.08496 7.84033 2.77816 62.2128 22.4355 0.000120689 80.3733
32.4286 2.21946 2.43352 9.68006 10.9755 16.66 16.36 35.8279 21.5803 102.062 106.471 39.3345 10.2542 1.16032 1.54415 4.51072 4.12981 0.699657 30.487 12.7457 0.000319975 77.1152
32.4286 1.79801 2.43352 10.5164 10.7774 15.395 14.7849 31.7623 27.4406 96.5086 112.629 33.4609 9.55342 0.445276 8.95773 4.08887 7.39027 2.89261 27.3141 15.0412 0.0106653 79.6628
32.4286 1.79801 4.28475 11.3951 10.7774 15.4582 14.7849 24.2319 27.4406 96.5086 112.629 36.8274 9.02019 10.6215 5.04839 4.42404 4.06287 2.89261 23.4562 1.82911 0.000542939 76.2863
32.4286 1.78582 5.1118 8.67381 12.2181 15.695 14.7849 24.2319 25.7834 96.2551 112.629 35.6298 6.74778 8.84264 4.21991 1.43319 13.6546 0.38877 32.7752 34.3678 0.000276409 76.837
32.4286 1.78582 6.08855 8.07 12.3779 15.3544 16.2387 24.2319 26.0202 96.2551 112.629 30.6125 10.9219 13.3251 4.71878 2.38232 2.58677 2.80337 22.0201 21.3376 0.000276409 74.4292
23.9503 1.78582 6.67452 6.26225 12.3779 15.5239 16.2387 24.2319 33.9877 96.2551 112.629 28.2306 7.04692 13.0051 1.579 3.49332 4.97357 10.178 9.20681 14.4175 0.000276409 73.5315
43.1182 1.7957 6.67452 9.71075 12.1626 15.5661 7.64719 24.2319 33.9877 96.2551 106.925 30.7888 3.91266 16.6161 1.67833 5.0023 4.21814 11.8755 7.10373 51.6923 0.0311382 79.6523
42.7991 2.2664 6.82501 9.71075 11.7965 16.0801 7.08022 24.2319 33.9877 100.614 106.925 26.9917 3.40104 13.9538 1.75303 4.58028 2.54925 12.4061 13.7775 50.389 0.0245743 80.361
42.7991 1.7115 6.85729 9.71075 12.0997 15.3487 6.12554 13.4979 40.9307 106.281 110.043 24.4235 4.04639 14.572 1.88855 8.27494 3.5078 12.4061 13.7775 2.86524 0.0222432 76.7136
42.7991 1.34964 9.07616 9.77694 4.19425 23.482 5.44555 13.4979 40.9307 106.281 110.043 23.8631 1.42643 14.3893 1.32158 8.96849 1.86211 12.4061 20.2978 2.86524 0.0137247 76.8354
42.7991 1.34964 8.36758 10.7461 4.37641 23.482 4.23229 18.4268 34.6175 106.281 110.043 26.7925 1.32749 14.1461 1.5357 8.96133 3.55302 8.13887 17.5577 10.4118 0.0241511 77.0673
42.7991 1.27033 7.96171 12.5335 3.13544 23.2839 5.97956 18.4268 33.1256 103.392 110.043 31.2393 1.67544 15.9681 1.77409 9.14637 7.34562 6.0146 19.3219 3.71351 0.0114479 78.6217
33.5401 1.25908 9.26391 12.5335 1.82001 23.2839 7.93734 18.4268 31.7423 110.732 102.619 31.2393 1.67544 16.0038 5.10401 9.15028 10.2947 3.48996 33.2199 12.0121 0.0114479 81.7221
29.5532 1.27426 8.31423 11.9372 5.3562 19.0458 11.0255 22.8727 31.7423 114.636 94.6458 27.7746 7.72735 22.8988 5.11967 9.39635 4.90548 2.22827 25.8225 22.1851 0.00789847 79.3285
29.5532 1.14436 8.02233 11.9372 7.5088 19.0458 7.81569 25.4985 31.7423 112.97 95.0133 26.7919 8.69845 22.8988 3.6352 9.31385 4.90548 1.03788 22.6064 12.1197 0.000170236 78.3601
61.5578 0.944401 8.04071 9.7948 8.87767 17.2899 7.81569 19.0743 32.4003 102.848 108.64 27.9131 13.347 13.7656 3.84481 3.71952 5.88851 0.836791 29.8112 44.3716 0.000648802 78.7415
54.698 0.74523 7.91916 10.275 7.77352 17.2899 10.8052 19.0743 32.4003 98.652 117.135 27.1687 5.65231 7.77295 2.69668 3.73136 8.00986 15.3146 15.9353 32.0277 0.000509705 74.6351
42.4147 0.74523 8.24411 10.275 7.77352 16.7405 10.8052 19.0743 32.5092 101.751 118.719 21.3977 7.76944 7.23038 2.7926 7.42197 7.83177 9.65466 16.9003 21.0433 0.000509705 72.7904
26.8334 1.59873 8.13838 11.3351 5.99244 20.1182 6.24024 24.9616 35.2827 96.5983 113.976 24.899 5.56591 3.53513 3.84714 7.42197 5.87996 7.57262 13.8708 38.8335 0.000509705 76.7278
32.1861 1.29347 8.4183 12.4008 10.345 15.5692 4.97056 24.9616 36.7952 94.1308 120.088 20.8826 12.3549 6.91414 9.96715 18.4707 1.31123 4.16782 22.566 24.7958 0.000509705 78.4058
27.845 1.21119 6.73808 12.2784 12.7957 15.5692 4.97056 27.8759 36.7952 89.6101 120.088 20.4957 7.81868 8.27377 4.75541 12.9727 1.31123 4.16782 22.3301 26.5107 0.000509705 75.2658
49.2942 1.22154 6.24811 10.1019 12.7957 13.8817 8.19539 27.8875 36.7952 88.7468 120.088 20.4957 7.17608 9.86047 6.64905 10.2304 1.31123 8.66928 24.1735 16.9018 0.000509705 75.5446
49.2942 1.03021 6.24811 10.1019 12.7957 13.8817 9.91919 27.8875 34.1297 88.7468 120.088 20.4957 6.59357 5.28765 10.933 10.2304 1.31123 4.98364 44.8664 32.3784 0.000509705 75.6736
58.9781 1.61139 7.0369 7.93885 20.4304 13.2407 10.9392 26.8931 23.7291 93.1687 120.088 20.4957 7.50469 7.92014 5.4578 10.2304 2.97082 8.99982 21.1056 23.1603 0.00832881 78.2642
50.7109 0.665875 6.12391 8.95048 19.2343 9.15238 8.53054 21.3725 29.6415 119.155 100.935 26.5322 3.54395 11.5444 5.08241 3.93422 3.41093 7.54964 25.7521 2.97696 0.00404313 75.9724
50.7109 0.994927 7.48647 8.12278 19.2343 9.15238 8.53054 21.3725 29.6415 119.155 100.935 26.0409 3.77855 11.5935 5.8851 3.93422 11.4513 11.118 8.14117 2.97696 0.00184478 76.6998
50.7109 0.994927 5.16602 8.25027 19.2343 9.15238 6.81268 25.8922 29.6415 117.171 100.935 28.0202 3.40622 2.82467 4.87072 1.53775 17.8239 9.35208 8.14117 12.6558 0.00184478 78.598
62.2773 2.31747 3.64424 9.02706 19.2343 10.7035 7.02843 25.6725 35.1129 102.9 100.935 31.2533 5.25134 6.81644 7.1434 1.53775 13.7121 8.33636 8.14117 10.5965 0.00184478 74.4903
62.2773 0.376939 6.2416 9.40276 15.796 10.5142 10.8163 28.169 28.4933 115.725 91.3887 34.2957 5.15062 12.0811 3.12085 1.53775 13.5368 14.4235 2.02075 5.23545 0.000111795 76.0178
57.2496 0.45145 9.6514 5.97129 15.796 10.5142 10.9427 28.169 28.4933 120.737 90.4111 34.2957 2.8178 5.69604 4.99985 1.53775 2.3491 14.4235 10.2342 7.45451 0.000111795 73.1604
36.2605 0.433373 11.0449 8.17948 15.796 9.7244 10.0828 24.2019 28.4933 113.238 90.4111 39.9922 2.8178 13.0089 10.0812 1.35138 2.12326 16.8119 9.06377 15.7227 0.000111795 76.1344
28.8049 0.662821 10.1285 7.75772 16.8615 9.74981 11.8428 24.2019 29.6818 111.255 90.8233 35.9538 3.4393 5.66294 7.77872 1.60969 3.38464 18.2208 26.0914 23.3801 8.7466e-05 74.9672
34.6018 0.356411 12.193 7.26398 15.5296 9.60083 14.1799 27.2611 29.6818 115.344 88.607 40.3637 1.96032 3.78146 9.09298 2.02696 9.14673 18.2208 2.72613 25.7596 8.7466e-05 78.4088
39.4107 0.237596 12.193 7.67228 12.029 11.8364 14.1799 27.2611 29.6818 116.913 78.5787 36.0534 1.96032 5.40445 8.06394 5.62865 9.66145 10.1477 0.0654234 33.5134 8.7466e-05 76.0046
46.3496 0.600329 10.4797 7.77231 11.1299 11.8364 16.3406 32.0897 31.242 121.731 69.2728 39.3048 11.5844 1.84146 1.65007 10.1847 9.23701 3.8707 21.3449 19.2382 8.7466e-05 72.0711
46.3496 0.805248 10.8564 5.97827 11.1873 14.5183 10.8348 23.7515 31.9597 119.333 82.5404 43.6305 3.60418 8.77595 1.04766 11.357 4.67845 1.29794 26.9692 21.0685 0.000397064 74.9572
42.0941 1.64833 10.8564 7.48444 12.0964 13.8058 8.65589 21.9658 31.9597 125.31 76.1647 42.2025 25.0172 0.825811 2.6903 11.7209 5.40978 3.25928 30.0753 14.3476 0.000898098 78.0552
46.2027 1.25232 10.8564 7.47711 10.9694 14.4977 8.65589 21.9658 39.0311 121.427 76.1647 40.3496 6.07641 6.39648 1.65698 11.4917 5.89172 7.1082 22.4769 18.4739 0.000300791 72.0296
43.8623 0.440607 10.9276 8.4221 10.3247 15.7463 8.07135 21.9658 39.0311 111.603 83.2543 41.5949 10.5507 2.93614 2.03915 11.4917 5.89172 7.20567 2.66197 13.5315 0.000190269 70.5613
52.3529 1.47715 10.0058 7.12025 9.61135 17.8342 6.95804 20.5966 39.0311 111.468 83.2543 41.5949 6.5586 1.229 0.530953 17.1137 2.14905 5.63536 36.1494 13.8574 1.08661e-05 72.6274
45.3889 1.00098 10.1352 8.09649 9.26794 17.8342 7.16583 23.0619 39.0311 114.119 83.2543 40.1819 7.33508 2.01854 3.62255 21.8497 0.514855 3.11519 18.3467 3.37083 0.000133099 72.9033
39.6579 0.605424 10.0657 8.01899 10.1091 16.9563 6.56114 24.777 37.753 126.296 71.3582 35.2108 5.87113 3.86814 4.38279 20.4222 4.84929 1.67821 32.3052 15.7379 5.79699e-05 74.3323
49.006 1.11588 10.003 6.97067 11.7361 18.1823 3.43675 23.4446 37.753 131.915 71.3582 39.3314 3.1407 2.37123 0.645105 20.6085 4.34479 1.35763 27.8499 10.2796 0.000135213 72.3855
52.6715 6.29285 8.79175 7.55282 8.00953 17.7832 2.49836 26.5571 38.7267 118.379 80.3193 32.3767 2.66998 7.53098 3.23786 13.4996 8.15057 2.79892 27.059 1.74482 0.000340072 76.717
49.7796 3.27921 8.93258 5.77425 7.85639 17.7832 7.57838 25.3038 37.5333 118.379 96.8745 20.5131 2.66998 5.81522 6.75768 13.2164 2.58086 7.38948 13.6654 6.30051 0.000484775 75.9901
48.5556 5.81905 10.0653 6.42663 5.41772 25.9383 4.85839 14.9567 37.1747 90.1805 120.526 22.6368 6.80694 0.895901 7.13536 5.6238 9.59487 13.9104 25.0827 6.30051 0.000674044 78.2054
47.8751 4.92588 9.17082 6.42663 6.51911 28.384 2.66532 14.9567 37.1747 92.4767 125.455 22.6368 7.48985 0.78034 9.8962 3.84489 2.81048 13.9104 17.514 6.32366 0.000598435 73.6614
48.7128 4.05906 9.69365 5.14178 8.01903 27.8472 1.46129 14.9567 37.3078 99.6643 124.659 25.9564 2.85873 0.78034 9.07607 7.63987 6.77062 7.00493 0.172959 2.73306 0.000990301 78.082
71.3973 5.2134 8.58397 4.03484 9.4817 25.9076 1.46129 20.7539 37.3078 96.9446 112.902 26.1713 6.9932 9.87907 4.80768 7.12383 2.27057 2.52885 1.159 5.35448 0.00103379 74.3104
71.3973 4.33854 9.59494 2.50358 9.84538 28.0982 1.46129 20.7539 33.3326 96.9186 109.875 25.5702 7.09845 6.44352 7.66039 22.1017 2.27057 2.78918 1.24435 13.8196 0.000764813 77.206
68.6888 4.33854 9.59494 2.94177 8.6994 28.0982 1.46129 20.7539 33.3326 96.9186 117.084 25.5702 3.7543 4.46556 0.803632 24.0819 5.25613 2.78918 1.24435 12.6216 0.000935216 74.6517
68.6888 4.33854 9.62975 2.94177 8.6994 27.6238 1.46129 20.7539 36.8009 99.0453 111.151 25.5702 3.7543 4.46556 0.803632 24.2381 3.65865 5.97196 1.24435 5.60577 0.000933976 74.9837
68.6888 4.33854 9.62975 2.94177 9.23864 27.6238 1.63147 20.7539 36.8009 99.0453 106.665 25.5702 5.333 10.8506 0.803632 32.1926 1.48441 5.97196 7.02289 5.30239 0.00102538 77.7621
68.6888 4.33854 7.43963 0.774435 9.23864 23.6804 1.63147 30.4644 30.6938 99.0453 111.919 25.5702 5.333 7.61294 0.803632 32.1926 1.48441 5.87458 15.9079 3.41736 0.00378574 79.2368
68.6888 1.28368 9.09462 1.11443 9.23864 23.2927 1.63147 31.0206 30.6938 104.677 110.671 28.7485 7.59949 7.02429 0.803632 15.2186 6.039 7.91728 12.0718 3.41736 0.00494953 83.2948
66.6269 2.73897 7.06834 0.339466 4.72742 30.5249 1.63147 29.9214 34.4845 95.6604 109.369 28.3294 4.53918 10.0032 0.803632 13.7279 5.93619 11.3889 7.9724 4.77131 0.00138675 78.2673
72.0842 3.64837 7.5678 0.339466 6.93089 26.9923 17.9471 30.9189 25.3056 86.6409 106.931 36.0764 9.47715 9.72829 1.19414 10.1043 3.16736 2.82768 29.9335 26.8614 0.00177917 79.3559
65.1962 3.58226 5.84885 0.934729 0.88406 26.9923 18.9129 29.8261 31.7983 93.0557 108.157 38.8113 6.50597 1.4273 3.68538 8.46995 4.37652 2.29145 28.901 63.8346 0.000611646 81.9821
77.3266 3.52217 6.75317 0.934729 2.47369 24.7187 18.9129 21.1975 31.7983 103.789 108.157 21.8426 5.95505 4.95034 17.261 8.39969 3.98825 2.47488 13.8962 15.2105 0.000867314 76.0068
62.4749 3.32504 4.72673 0.934729 5.48134 24.7187 18.9129 21.1975 31.7983 102.087 107.779 25.3316 9.48782 1.92827 13.1282 11.2296 5.04964 2.47488 8.37177 31.9321 0.000267168 74.7988
56.0737 3.3611 5.65651 0.934729 4.05621 24.7187 20.6346 20.8873 31.7983 99.0365 113.864 26.1213 8.10045 1.92827 15.0442 9.23196 4.47695 2.47488 11.4477 31.9321 0.000253516 76.3729
70.9993 3.59697 6.09875 1.63069 3.88794 22.9972 16.5273 21.7364 36.1219 98.0077 113.998 28.9481 7.33215 1.92827 17.6706 6.08733 8.38134 6.10062 52.9245 22.8854 0.000312837 81.2241
29.044 3.78394 9.44938 6.5443 5.78946 22.9412 20.3506 24.3045 26.494 91.2603 112.04 26.062 6.02438 3.28301 11.0147 8.18723 13.1142 7.56001 38.8462 9.07437 0.000216986 84.1041
93.4903 4.30189 2.33121 8.9322 2.27288 26.1787 13.9424 24.7403 32.593 91.4306 113.349 26.1772 1.97856 3.28301 8.72653 13.7472 14.5557 9.42554 1.71167 4.55088 6.64807e-05 78.1929
39.7528 4.77117 3.13456 10.1001 2.48017 24.5202 8.87248 28.3203 32.593 91.0614 113.349 32.9181 2.28316 5.22554 0.091057 8.68101 16.6909 3.20103 0.692517 4.55088 4.71511e-06 73.9189
39.7528 4.5727 4.22269 11.8418 3.1529 29.8622 7.59999 20.4748 32.593 88.1727 115.011 31.3007 5.38068 5.22554 7.14639 9.0586 19.157 6.29399 2.31165 4.01139 0.000115787 76.6954
42.7296 3.14996 5.17156 11.9384 5.68143 29.8622 7.59999 18.7024 32.593 87.2049 115.011 31.7009 5.38068 5.76488 14.1264 2.32784 9.74323 5.48264 3.90219 2.03967 1.53132e-05 74.0657
45.0662 3.23332 3.81244 10.7382 5.61003 29.8622 7.59999 25.5129 34.2692 87.1351 115 28.2213 3.92708 6.25146 19.6176 7.67056 2.79176 1.10393 4.77348 1.76724 1.53132e-05 74.9722
48.1786 0.390206 2.00834 9.04657 7.02559 25.5253 12.9898 24.3502 34.2692 96.5775 117.961 19.885 2.7791 6.74196 17.4441 7.27743 1.37846 4.61916 4.39027 10.5761 1.53132e-05 71.2511
48.1786 0.390206 3.14148 9.71857 3.38079 29.0025 10.3526 12.9309 46.8389 91.8666 118.132 19.885 2.7791 4.07622 20.737 8.65469 1.66888 7.14664 5.52494 4.23769 1.53132e-05 72.0256
47.8627 0.390206 0.296121 8.41129 3.05693 29.0025 18.8501 10.3881 37.8586 95.0766 118.206 25.8565 14.8364 3.12212 1.55277 8.55966 16.4318 1.27521 2.12986 2.01926 1.53132e-05 72.6283
43.7118 0.390206 0.296121 8.62648 3.05693 29.0025 18.8501 10.3881 37.8586 95.0766 117.798 25.8565 14.8364 3.12212 1.55277 8.55966 15.8697 1.26197 2.33517 4.48869 1.53132e-05 71.9273
47.397 0.390206 0.296121 8.62648 1.52221 29.0025 18.8501 14.23 34.6383 95.0766 119.149 25.2865 13.4632 3.12212 1.55277 3.34914 16.1863 1.55688 2.72569 7.2271 1.53132e-05 71.2031
49.9264 0.390206 0.296121 7.64788 2.31313 28.6398 19.6014 14.23 37.3633 95.0766 119.201 22.9205 7.27551 2.72898 8.47877 2.96757 13.7627 6.73861 7.39027 0.560316 1.53132e-05 71.5925
47.0014 0.390206 0.296121 7.66587 3.26029 26.3769 21.4028 13.269 35.2084 96.4554 119.149 21.1576 6.2691 14.3259 12.2531 1.70166 4.87539 1.07672 2.69082 7.62338 7.20177e-05 73.6061
28.7451 2.66457 4.26952 9.99043 0.645652 27.8325 26.6383 18.4113 23.9006 94.0173 120.67 19.7317 2.89519 8.13318 10.6822 2.5123 11.3295 9.29282 14.0777 6.25336 7.31112e-05 73.6771
33.0795 3.11928 4.57218 9.99043 0.934834 28.56 25.6515 18.4113 19.3213 94.9067 114.467 32.8245 3.46328 5.76966 14.7002 2.06617 2.43046 6.4495 2.29273 2.68083 1.71263e-05 73.975
33.0995 5.50215 4.57218 6.22111 0.733324 28.7101 24.8016 19.1067 25.7476 91.2224 111.084 35.0591 9.77574 6.1976 10.7823 4.11061 3.39331 3.0303 25.2857 10.7996 1.45407e-05 73.1616
43.351 2.19633 8.69312 4.09635 0.906433 28.529 26.3421 13.0133 23.9627 91.2224 122.436 33.6299 10.3085 1.35716 8.70306 6.06012 3.56572 2.59158 31.3477 26.87 1.45407e-05 72.9449
40.5302 2.066 3.61459 4.31585 0.912796 28.9535 21.8781 14.7099 30.9215 92.3317 122.436 26.0058 9.10803 6.86529 6.35462 15.6016 3.56572 1.86187 7.66061 16.6337 7.01949e-05 72.0422
36.2363 2.57545 3.61459 3.83889 0.911508 29.5679 20.5909 21.4021 31.4377 91.2258 125.173 30.1974 5.8552 6.01255 3.68299 12.0456 2.44007 1.76838 6.96909 23.5604 1.42586e-05 73.1761
31.1314 1.2872 3.55648 2.48704 0.882509 32.6074 18.8367 25.8842 31.4377 90.5158 114.623 30.4134 5.78671 4.48405 1.86109 18.159 3.91891 1.41008 69.7395 1.19604 0.000632006 81.2313
30.3747 1.49001 6.18925 3.40127 0.879623 32.118 17.7897 23.4402 27.8503 90.5158 116.448 30.4134 9.78593 5.70414 1.44084 12.0734 4.61663 2.40062 69.7395 7.54451 0.000298705 79.4736
32.4125 1.47077 9.20508 2.36051 0.473142 32.118 11.5292 23.4402 31.9352 90.5158 117.867 31.667 2.52384 4.72242 0.798566 12.9527 23.3496 2.85825 43.166 5.2665 4.72944e-05 80.4896
34.5279 3.65588 10.504 0.614181 1.96668 29.2283 10.5143 23.8739 28.7352 95.3357 117.549 37.3527 14.8994 4.38762 0.759289 11.554 1.99466 2.15303 18.4386 0.501165 0.000115692 79.1538
49.419 2.84994 13.0769 2.90619 3.61155 29.8975 9.14439 23.8739 28.5195 90.9124 118.105 21.2917 5.11643 5.25228 2.58444 7.55363 17.4878 2.52847 12.3806 12.3919 0.000301506 75.5515
49.3756 4.04501 13.0769 3.11682 5.18893 29.8975 2.55313 34.677 28.8702 96.7596 106.378 17.4373 5.99502 7.39357 3.88122 6.13146 18.7975 5.79243 9.71165 8.8788 0.000157394 76.7659
54.5704 5.13829 13.0769 4.84839 4.21029 27.0091 2.55313 34.677 19.3437 103.463 106.378 29.1375 8.71922 6.55952 2.04647 6.73769 20.1521 3.91868 14.0943 2.68653 0.000228789 77.9138
56.6471 4.96872 13.0769 3.48566 4.6989 24.3796 8.57818 34.677 19.3437 105.897 100.454 29.6972 8.71342 8.02025 1.61545 2.19806 12.961 3.27689 30.4575 26.0878 0.000110608 74.0188
47.3709 4.92439 9.29835 5.11852 2.90347 21.4753 7.89217 31.3389 21.6441 107.082 107.92 30.4462 8.72011 12.3323 2.45923 6.1059 15.4186 3.27689 29.9782 20.1198 0.00045872 79.997
52.7866 4.40254 4.14738 4.75945 2.90638 29.6192 7.12187 31.3389 22.4581 105.94 102.593 34.9554 8.69916 10.6002 2.45923 4.17766 20.124 1.89428 10.2097 3.63522 0.000275959 75.2754
51.1847 4.12004 3.72638 3.13589 4.09241 30.5653 6.4723 39.1942 22.4581 105.204 102.593 24.3528 4.90135 6.19138 9.74705 2.45218 11.2996 2.2545 0.96661 4.53673 0.000137749 73.655
48.8108 7.19285 1.5711 5.91203 2.98394 30.5653 17.5539 40.8138 1.86835 104.335 114.718 18.6854 7.31386 7.87095 5.24389 2.01553 18.3153 5.82594 3.18805 5.18128 3.09115e-05 70.7372
49.1608 6.79605 0.29525 5.91203 3.0346 30.5653 17.5539 40.8138 1.86835 94.1064 127.984 17.15 7.83489 12.322 3.67366 1.68968 10.2018 4.69054 3.18805 11.8466 3.09115e-05 71.1956
49.1608 6.79605 0.29525 6.82873 3.0346 30.5653 17.5812 40.8138 1.86835 94.1064 127.984 17.15 7.83489 12.322 2.74554 1.9643 9.22211 4.69054 3.18805 20.5936 3.09115e-05 71.3436
51.6447 6.91119 1.45693 6.40241 2.26949 30.5653 18.2404 40.8138 2.40795 89.487 133.659 17.15 0.547938 16.3876 4.05704 2.5964 11.5169 1.73154 3.18805 16.679 3.09115e-05 71.8754
50.3159 7.70628 1.58466 6.12688 2.26949 30.5653 18.2404 40.8138 2.40795 89.487 130.601 17.15 0.547938 12.0655 2.22473 1.91709 18.5481 2.31828 13.2692 16.679 3.09115e-05 72.1995
49.2679 8.15242 1.58466 5.60475 2.26949 30.5653 17.1776 40.8138 2.40795 93.3383 130.601 17.15 1.67588 13.4216 2.6812 1.91709 18.1536 2.31828 10.3673 16.679 3.09115e-05 71.8086
48.2645 8.8672 1.28205 6.53287 1.76662 31.0907 15.1158 42.537 2.40795 93.3383 130.601 13.9214 4.77643 8.27862 6.27219 1.93861 19.937 0.63037 12.4181 28.4641 3.09115e-05 73.2423
43.2985 7.54559 2.01686 5.89306 1.63635 30.1107 16.3592 39.5249 2.40795 95.0245 130.072 16.6027 5.56368 10.6207 5.72705 1.37038 19.8631 2.57691 3.89011 47.4031 3.09115e-05 73.8893
47.8938 7.96705 2.01686 5.89306 3.65369 30.1107 16.3592 34.3474 2.40795 95.0245 130.072 8.6338 0.21171 18.4273 4.04752 3.68558 20.2102 3.06761 13.1572 14.945 3.09115e-05 77.5828
47.3344 8.12024 1.52463 3.42515 6.09186 28.0071 18.9611 39.1856 2.40795 97.6594 126.922 15.8277 10.0564 8.94412 4.40587 4.34428 21.3308 3.04377 9.15378 12.1409 7.36333e-05 72.6475
54.3557 8.31117 2.34066 3.57179 4.67344 28.0071 18.9611 39.1856 2.40795 97.6594 126.922 15.8277 3.69495 8.94412 2.52712 3.17423 20.2331 4.81891 2.17286 13.7009 0.000129899 73.1488
53.9227 6.06399 2.65106 5.90975 3.56367 28.4343 19.5462 39.5016 3.91773 101.389 110.737 24.3576 10.8687 4.665 4.30069 2.24081 13.4468 5.68218 25.3115 3.64727 7.26423e-05 71.1812
56.6001 6.89029 2.14054 4.17094 3.22504 30.8992 19.5462 39.5016 3.91773 103.069 106.887 27.2158 10.8687 2.22608 7.14651 2.29993 12.5898 3.50797 8.21336 3.64727 6.00658e-05 71.9445
51.4907 6.74142 2.14054 3.20689 3.81565 30.8992 19.5462 39.5016 3.91773 102.478 110.099 27.6256 5.33178 1.88129 3.87787 10.7554 13.9839 14.6747 7.40411 72.8656 4.73949e-05 76.1741
51.6892 6.74142 2.02729 2.70216 4.31694 24.6904 32.6266 34.4186 1.18253 102.314 112.052 28.9621 5.38657 2.96918 9.21027 2.46955 5.28164 9.95907 5.6762 60.6847 6.39941e-05 73.8057
51.2848 7.21427 1.65929 2.9666 3.86403 24.6904 32.6266 34.4186 1.18253 103.478 112.737 26.0392 3.70822 12.5684 5.0959 2.86899 2.10837 13.614 6.08147 72.1205 2.94376e-05 74.5791
51.679 6.6478 4.02011 3.28666 3.66313 25.1741 27.4864 31.453 1.18253 104.072 112.737 34.2794 4.83371 2.20016 7.66648 8.05471 3.15417 9.7557 8.01954 28.8448 1.88716e-05 71.1315
53.4638 6.25498 3.53932 5.36646 2.95786 25.1741 27.4864 31.7457 1.18253 101.05 112.737 30.2734 4.6173 2.87721 8.09462 3.81178 13.2658 9.27152 22.2849 43.7559 1.66341e-05 72.6116
53.657 6.3393 3.53932 4.92497 2.42023 25.1741 27.4864 31.7457 1.18253 104.597 112.737 33.0319 5.62307 16.4269 6.24923 5.88425 6.27038 7.76276 13.5253 12.1608 4.20781e-05 74.3131
52.9626 1.8867 3.53932 9.82312 2.42023 28.0697 19.7534 35.6546 1.18253 107.061 109.947 28.1239 5.25336 12.8719 7.63406 4.90694 2.9825 12.2004 15.6189 58.072 2.23337e-07 73.5386
48.0708 1.8867 3.42087 9.82312 4.49825 21.1704 19.7534 41.0323 2.2687 106.865 109.253 29.331 6.19278 9.25986 4.6229 1.08927 3.58135 11.8152 14.2206 54.332 2.23337e-07 70.2456
48.0732 1.8867 3.42087 8.55646 4.49825 20.3536 22.9558 41.0323 2.2687 148.528 54.8276 44.9563 5.92455 5.72445 1.46229 1.08927 4.8669 18.381 14.2206 7.59793 2.23337e-07 68.8481
45.1647 0.721467 12.2921 2.36986 4.24468 19.0249 19.9218 41.0323 2.2687 143.677 54.8276 50.122 10.7004 5.15642 0.357533 0.43807 3.95568 18.381 18.4136 6.92905 2.23337e-07 71.9643
41.8156 0.343254 2.89953 2.87961 14.1433 20.4753 19.7649 42.4272 1.85657 143.677 54.8276 52.3594 8.79747 4.26504 0.343815 9.21586 12.3609 0.151003 12.0227 34.4421 2.23337e-07 72.3757
38.7796 1.56995 5.64516 2.92239 11.2146 23.1294 16.0552 42.4272 1.85657 144.476 54.8276 59.4143 5.048 2.45831 1.13084 7.33657 7.28731 4.91952 10.7552 31.8477 7.91597e-08 73.9625
34.626 1.56995 9.18058 3.50312 8.67213 23.5474 8.86375 42.4272 8.92985 144.476 54.8276 47.5713 5.62892 0.740838 3.75327 5.40593 15.9712 4.16915 20.6 12.3025 7.91597e-08 68.1156
43.2043 1.11601 8.12141 5.90724 9.00628 23.5474 4.20775 51.1154 8.92985 152.8 47.8943 39.4246 2.39984 4.41785 4.36466 0.63922 15.0702 1.77317 37.3955 2.29264 2.19617e-07 72.4587
46.0023 1.11601 8.45181 2.54709 8.98503 27.0213 3.58856 51.1154 8.92985 152.8 47.8943 39.0809 3.62421 9.49865 2.99088 7.22225 11.9873 4.19151 11.6187 14.0733 1.00819e-06 69.1023
46.4631 1.55887 8.51463 2.14377 8.27131 27.3131 3.58856 39.7213 17.6812 152.8 47.8943 39.0809 6.89222 9.75524 3.02974 5.67302 12.1367 5.42648 7.18182 2.15603 5.23845e-07 67.6371
47.7612 4.92774 3.64591 4.59837 7.9955 27.3131 2.38629 39.7213 18.4549 152.8 32.2561 58.65 6.48289 4.51687 4.46671 0.822564 12.1367 4.15853 7.18182 11.0113 2.58798e-07 66.8621
52.639 0.624566 3.57234 5.5302 7.95151 27.1875 5.40669 39.7213 18.4549 152.8 32.2561 58.65 14.6858 6.43335 5.43008 1.69368 2.93941 7.8564 7.18182 13.9491 3.42995e-06 70.4711
48.0455 4.33457 3.60976 4.11872 7.0895 30.6763 1.82375 39.7213 20.587 152.8 32.2561 58.65 0.307743 9.10976 1.63937 0.0188224 9.677 14.0447 43.8489 9.31975 8.82445e-06 78.3848
66.943 4.87557 3.17305 4.66995 8.4308 28.6481 10.4734 39.4054 8.41039 151.259 32.2561 58.65 0.307743 18.0724 7.08038 0.665691 2.75778 11.844 37.6876 4.48292 9.79718e-06 74.9442
69.3434 6.24785 1.54498 6.0654 8.01991 29.2257 7.43038 39.4054 8.41039 151.259 32.2561 58.65 0.307743 20.1673 0.707415 1.87092 11.4192 10.2046 37.0522 11.4369 3.18794e-05 80.8586
57.9338 3.65375 2.92008 7.06569 9.49433 27.2531 7.65654 39.4054 13.3054 157.756 32.2561 48.3912 0.307743 11.0484 5.88809 2.13612 5.3433 12.4096 33.333 10.6462 0.000106851 74.9176
42.8575 5.47262 1.79604 8.96296 8.52299 26.5922 10.1979 42.0665 9.49046 157.756 33.5563 48.3912 2.02741 14.2355 4.40986 1.23919 7.46666 7.64761 32.7041 21.6558 9.27518e-05 76.6791
34.1695 4.61497 3.29778 8.96296 8.52299 26.165 10.3107 42.0665 9.49046 157.756 33.5563 45.8167 4.64714 12.7696 5.09623 8.14194 2.38226 3.80044 41.5966 34.9237 4.93857e-05 77.0609
46.3078 8.32458 3.63822 6.78062 8.56616 25.6867 8.46143 42.0665 9.49046 157.756 33.5563 45.7973 7.14974 10.4172 6.86011 8.14194 2.38226 4.3935 20.7235 34.8631 5.82622e-05 71.6212
48.4161 8.32458 3.69834 5.70013 8.56616 26.1418 7.82349 42.0665 9.60177 153.845 33.5563 50.184 4.1346 7.53479 6.72015 5.10627 3.27399 7.14046 31.6331 55.8902 5.37506e-05 74.5162
48.0706 8.32458 3.6886 7.21705 8.71622 25.3005 7.82349 41.7454 9.5683 153.845 33.5563 50.184 11.8769 10.2058 7.95864 3.30326 1.65511 1.73466 32.9613 84.7807 0.000121846 75.3965
49.5958 8.32458 3.58654 7.21705 8.72531 25.3005 7.82349 41.7454 9.5683 153.845 33.5563 50.184 7.59358 10.2058 8.24471 2.43381 7.24581 1.73466 32.9613 77.8558 0.000101285 74.5658
49.8431 7.42728 3.3595 7.21705 8.72531 25.2911 7.82349 41.7454 9.5683 153.845 33.5563 54.392 0.473577 10.2058 7.95006 7.60374 9.64226 11.7497 32.9613 0.825202 1.67968e-05 75.4887
39.4962 7.8323 3.18757 8.41061 8.71609 23.7817 7.82349 41.7454 9.5683 151.452 35.782 38.6951 1.61669 24.5412 11.8681 1.93813 7.85271 7.55959 0.457173 25.345 3.21234e-05 78.5449
40.4402 8.08411 4.14991 11.87 4.46745 24.6135 6.52924 44.6925 9.5683 144.905 47.6523 50.1732 7.44159 7.74872 6.85575 11.035 7.78669 2.41306 13.4061 3.7847 2.0149e-05 77.4891
43.0835 8.08411 3.20522 8.43706 7.93165 24.1693 7.51706 39.1864 12.903 150.133 47.6523 40.6172 9.89397 7.81907 4.30211 11.5767 8.0409 0.914991 7.61671 24.3076 1.02681e-05 69.9567
52.9108 7.16396 1.21723 8.33761 9.58295 21.8175 5.76099 54.8447 12.903 150.133 36.1282 38.895 16.4288 1.75739 4.99081 9.67987 7.11207 1.01867 26.0833 17.3542 1.20946e-05 79.3043
48.3674 14.1255 1.29649 2.26319 11.9995 22.5231 5.76099 41.7105 16.3436 150.133 50.3575 38.362 0.801199 20.7361 3.24452 8.87575 9.66041 3.17662 13.7021 7.89538 1.06939e-05 81.3388
54.8714 14.1255 0.650197 2.26319 13.9112 18.8841 9.98235 41.7105 6.74862 150.133 50.0419 44.5386 0.801199 20.7361 1.87037 10.4354 9.92557 4.63156 3.03706 21.0823 1.028e-05 78.0394
53.8366 14.1255 0.705338 2.26319 13.9112 18.8841 9.98235 41.7105 6.74862 145.23 50.0419 49.7308 13.5612 4.98813 3.56588 1.65298 8.87418 6.17524 3.03706 22.2959 3.88829e-05 75.186
50.5077 14.1255 0.705338 3.66554 11.9562 21.3779 10.5655 41.7105 0.774391 154.123 50.0419 38.5548 16.1891 0.835774 0.201507 2.13297 10.4896 3.83717 3.03706 1.26745 0.000172977 78.4612
50.9103 14.1255 0.705338 3.66554 11.9562 21.3779 10.4066 41.7105 0.774391 154.123 43.1553 46.8623 16.8045 0.836391 13.6278 2.13297 15.0612 4.15498 3.03706 26.2894 4.6212e-05 77.337
50.9103 14.1255 0.705338 3.66554 11.9562 21.8028 5.26474 46.8439 0.774391 154.123 43.1553 46.8623 15.1769 1.55146 13.6278 2.47817 15.0612 4.45281 16.7214 26.2894 4.6212e-05 78.3875
56.327 14.2509 0.252246 4.45666 12.3541 21.6552 5.26474 40.409 11.1217 153.037 43.1553 47.4407 15.1769 1.55146 13.6278 2.47817 19.3104 2.04229 0.117808 8.72948 4.6212e-05 84.521
50.6256 14.2509 2.19701 3.07962 11.8871 21.1919 7.42967 36.2542 11.1217 153.037 43.1553 40.7591 18.9003 1.55146 9.43519 1.96999 10.7468 18.1247 21.1203 8.72948 4.6212e-05 82.7357
46.0361 14.2509 1.57836 3.66494 10.562 21.194 7.42967 42.7549 7.98021 158.764 43.1553 35.7933 18.5038 1.55146 17.5913 1.96999 2.49482 23.0837 35.8166 34.0659 4.18245e-05 88.5063
51.9737 14.9391 2.56997 3.5667 5.10415 20.2505 7.42967 44.1797 7.98021 158.764 39.3884 34.7893 15.5837 6.27942 4.67916 5.40038 2.97295 14.3063 31.8914 3.93418 0.000409119 80.4842
39.4359 14.9391 1.1429 3.54725 2.49683 24.1315 7.42967 46.1881 6.61725 150.678 35.9028 60.0918 21.3207 3.26001 1.37479 7.67769 4.40813 8.4262 31.8914 26.535 0.000728237 85.2287
59.7727 12.6103 1.1429 5.00788 4.85915 19.7632 7.42967 46.1881 8.36129 150.678 35.9028 60.0918 9.84921 8.61327 1.37479 5.52595 3.61957 3.06383 13.0149 42.0008 0.000728237 79.5046
72.1634 12.6103 1.1429 4.2912 7.37852 20.8518 15.6148 40.5013 4.94337 150.678 29.5058 60.0918 9.91609 8.61327 1.16416 11.3421 1.58539 6.22014 11.4313 23.7416 0.000728237 81.0447
72.1634 12.6103 0.434185 4.2912 7.06563 20.017 2.66925 50.9138 4.94337 164.151 29.5058 60.0918 11.0135 6.86833 1.16416 11.8714 2.04948 7.86831 11.4313 23.7416 0.000728237 81.8936
72.1634 13.4147 0.434185 4.2912 6.09867 20.218 2.66925 50.9138 4.32158 164.151 29.5058 60.0918 8.62876 6.86833 1.16416 12.3619 2.04948 9.41874 11.4313 23.7416 0.000813715 83.4143
72.1634 11.9494 2.75223 4.16879 6.09867 20.218 2.66925 50.9138 1.16006 164.151 29.5058 49.9004 9.59811 9.98474 0.470528 12.387 1.72458 10.6711 11.4313 33.7537 0.000634718 82.6438
72.1634 11.9494 2.43535 4.38169 6.09867 20.218 2.66925 53.7866 1.16006 151.281 45.721 49.9004 6.47209 9.98474 0.997463 12.7725 1.72458 17.2978 11.4313 37.8359 0.000204491 80.9786
72.1634 11.9494 2.41116 4.38169 6.09867 20.218 2.66925 53.7866 1.16006 151.281 45.721 49.5879 10.9156 10.1152 0.713151 13.4814 1.72458 14.42 11.4313 8.68387 2.32586e-05 79.3845
72.1634 11.9494 2.41116 4.38169 6.09867 20.218 2.66925 53.7866 1.16006 151.281 45.721 49.5879 11.1428 5.07939 0.826921 13.4946 1.89041 14.42 11.4313 8.78144 2.32586e-05 78.7388
46.3091 11.9494 2.42734 4.55155 8.34973 20.218 2.66925 53.7866 1.16006 151.281 45.721 49.5879 2.97064 6.24151 0.983338 0.356834 1.41735 24.1936 11.4313 50.5277 2.32586e-05 78.6002
46.3091 13.2249 2.77056 4.68002 7.80351 20.218 2.66925 53.7866 1.16006 151.281 45.721 44.5351 2.29089 6.24151 0.983338 27.6871 1.13731 2.73244 12.1219 48.0549 2.32586e-05 79.5912
45.5279 13.2249 3.48812 2.72148 9.35907 20.218 2.66925 52.0429 1.393 151.281 45.721 44.5351 1.17031 5.69116 0.983338 27.6871 1.97328 7.98753 11.5681 47.2587 2.32586e-05 80.137
41.0402 13.2249 3.48812 2.72148 9.35907 20.7633 2.66925 52.0429 3.70264 151.281 45.721 44.5351 2.68906 9.31469 0.983338 27.6871 2.12176 3.05908 15.5515 5.67878 2.32586e-05 78.4988
41.0402 13.2249 3.42721 2.29873 9.5117 20.7633 2.66925 52.0429 3.70264 150.453 47.751 44.5351 2.82271 2.05058 0.196183 23.1107 0.271921 3.05908 15.8938 6.1623 6.54548e-05 78.7437
47.8771 12.2233 4.17851 2.40941 9.5117 20.7633 2.66925 54.9682 1.26231 150.453 47.751 44.4489 3.17674 7.5421 2.87 23.1107 0.451703 3.05908 2.38802 2.1137 6.54548e-05 75.2421
47.615 12.2233 4.44987 2.40941 9.5117 20.7633 2.66925 54.9682 1.26231 150.453 48.1295 44.4489 5.92279 7.5421 4.07194 23.1107 0.451703 7.94379 2.38802 2.1137 0.000367397 79.1834
48.2479 9.17147 6.24209 2.40941 9.5117 20.7633 1.88453 55.5569 1.26231 150.453 48.1295 44.4489 5.92279 8.75601 2.59364 22.1685 0.451703 3.54449 11.7711 2.23485 0.000190817 77.5942
52.4755 9.17147 6.24209 3.69207 9.5117 18.6133 1.88453 56.7055 1.26231 150.453 48.1295 45.9708 5.8639 7.98074 2.59364 22.1685 0.451703 10.1012 11.7711 2.17873 0.000190817 78.0446
52.4755 9.17147 6.24209 2.98001 11.4846 18.9968 1.68784 54.6792 5.31169 148.221 39.8775 50.8402 6.2177 9.77759 2.21818 21.8372 1.86018 1.31595 6.59452 2.4806 0.000190817 76.3468
41.6334 8.32866 5.81748 2.98001 11.7479 18.9968 1.68784 53.8773 8.88588 148.221 39.8775 50.8402 6.5219 8.96626 3.0979 21.8372 2.25732 1.31595 6.77836 4.69223 4.04441e-05 76.9982
46.4274 8.88958 6.69314 3.99031 11.8225 22.7861 1.40639 52.9919 10.91 150.325 39.8988 38.9397 6.28088 5.33716 1.84776 12.421 2.03611 2.39159 13.4872 10.2505 0.000184223 78.4993
13.7711 10.7633 7.43731 3.99031 11.8225 22.7861 4.62965 49.0032 11.359 154.204 39.8988 38.9397 4.51542 8.91889 3.38871 2.30242 7.85601 7.84612 13.9129 12.8223 0.000184223 76.8274
13.7711 10.7633 7.48952 3.99031 11.8225 24.4553 4.62965 49.0032 9.76087 154.204 39.8988 41.487 6.3626 6.65793 3.38871 2.30242 3.31999 7.59156 13.5007 21.7275 1.69583e-05 76.5403
29.144 9.8626 11.1672 0.669741 13.0402 22.6697 0.404309 47.7817 9.52868 147.956 39.8988 48.4222 5.7038 7.04161 1.61982 6.73806 2.62568 7.35227 15.3987 21.739 1.69583e-05 78.2189
38.8825 5.99741 7.83068 1.87132 8.63254 9.5899 27.2924 41.7586 7.7322 157.911 50.1052 29.8761 5.96579 16.5846 2.77478 5.23225 5.64912 3.85523 1.62906 28.6461 1.69583e-05 78.9268
53.9649 7.13982 4.21034 1.87132 13.3942 10.4037 24.8677 38.3721 9.68964 157.911 50.1052 28.8711 4.88284 17.021 3.55142 11.7842 0.575363 2.98134 6.11622 30.028 1.69583e-05 76.5245
42.6405 7.66613 3.92573 1.0483 15.3315 10.4037 21.7981 47.9049 1.01787 158.791 51.8676 28.4665 6.15448 9.89812 6.44662 10.7337 1.35245 9.14443 0.485535 42.5502 1.69583e-05 77.2069
46.1349 7.66613 7.88328 0.973225 15.3315 8.10185 18.4008 47.9049 0.849417 158.791 51.8676 29.1495 4.05568 12.963 6.23722 12.8655 9.04579 8.93919 6.51462 22.2569 1.69583e-05 75.9917
46.8317 7.66613 8.13013 2.14844 12.8962 10.3048 16.8014 43.6411 1.57367 156.108 51.8676 23.7476 0.623829 10.0349 6.6621 12.009 12.6516 9.50534 11.0859 18.0846 1.69583e-05 78.1842
47.7508 6.75387 7.97771 0.786346 5.44695 18.5729 12.8498 53.5894 1.1113 151.894 73.0727 22.68 0.623829 9.47125 9.61716 14.6034 2.65514 9.79125 9.61913 19.2126 1.69583e-05 80.1546
50.3352 9.70292 7.06995 2.40619 7.58585 14.7001 13.0613 52.8905 2.04575 149.361 45.5985 40.1213 0.623829 12.9024 20.4319 11.2526 2.92814 9.59393 1.30588 36.4895 1.69583e-05 80.9392
52.0813 9.70292 7.06995 2.40619 7.58585 14.7001 14.2134 52.8905 2.21289 149.361 45.5985 40.1213 0.623829 12.9024 20.4319 11.2526 2.92814 9.20734 9.64694 35.1733 1.69583e-05 82.5402
53.4135 6.54553 10.9423 2.40619 5.76323 14.7001 13.0592 52.8905 2.93196 149.361 57.3164 34.038 8.10946 12.9024 13.9727 14.869 0.721143 0.782209 11.4172 13.0867 1.69583e-05 76.2837
41.7408 6.54553 10.6884 4.05193 5.76323 16.9847 11.4808 46.4289 10.1888 149.361 57.3164 23.2294 19.2809 12.6184 5.76814 3.47307 1.41076 2.82976 12.7327 42.6584 1.69583e-05 78.5811
66.8314 6.54553 10.6884 3.21215 5.76323 14.0337 12.3046 47.7413 7.36985 83.2605 132.517 20.4872 18.912 12.6184 7.19892 1.85943 0.376833 2.82505 17.4106 43.7723 1.69583e-05 78.3514
-15.7899 6.84268 8.94297 2.47275 7.01085 23.8616 12.2239 48.0978 3.4508 84.1357 129.593 27.3835 17.1435 6.25259 2.83658 3.85995 1.49282 2.93087 2.36108 49.3044 1.69583e-05 79.6176
-10.4966 8.10905 10.5723 1.44174 7.01085 29.3187 12.5657 48.0978 9.4931 84.1357 125.24 17.2635 4.95255 7.29188 3.45292 15.5791 7.07378 0.0796155 2.36108 7.58137 1.69583e-05 78.9119
-12.7342 4.80943 13.7754 1.9056 7.01085 29.3187 11.6923 48.0978 12.4617 84.1357 125.24 17.2635 5.32277 7.42643 2.34415 12.2381 6.91845 1.08886 11.1705 8.08058 1.69583e-05 76.3209
-12.7342 3.8598 13.7754 1.87705 7.01085 29.3187 11.6923 49.3979 12.7841 84.1357 125.24 17.2635 1.93449 7.42643 2.34415 12.2463 4.84123 3.67401 14.4144 8.08058 1.69583e-05 80.5472
-19.1684 6.15809 10.804 4.13805 8.54286 27.3356 11.6923 44.4232 12.7841 84.1357 125.24 19.5288 4.20939 7.45449 2.34415 16.8524 6.81942 5.03182 20.0177 19.6203 1.69583e-05 75.0923
-19.1684 6.15809 10.7237 4.0996 8.37297 26.2636 12.942 47.2231 14.0471 77.9391 131.136 15.6067 4.15695 7.54785 2.34415 16.8524 4.77373 5.97567 17.5836 23.7146 1.69583e-05 77.5539
-34.2732 6.15809 12.2638 4.0996 8.37297 26.2636 12.942 47.2231 10.949 51.2251 164.563 12.5421 4.24976 7.54909 5.56657 9.4648 7.16087 5.97567 16.518 18.6171 1.69583e-05 75.8908
-34.2732 6.81275 10.8601 5.63153 8.37297 26.2636 12.942 47.2231 10.949 51.2251 164.563 12.5421 4.64022 7.50593 2.84979 8.5505 7.16087 6.60294 16.2304 9.54812 1.69583e-05 76.3412
-34.2732 6.85326 10.8601 5.63153 8.37297 25.7956 15.8237 42.7049 10.2875 51.2251 163.915 12.5421 4.52301 7.36367 14.2179 8.7805 5.50088 6.60294 8.15225 15.0365 1.69583e-05 76.6683
-34.2732 5.11748 10.8601 5.63153 8.37297 25.7956 15.8237 45.3047 11.0649 51.2251 163.915 12.5421 4.57373 7.48719 14.2179 5.63019 3.74902 5.3827 11.2112 15.0365 1.69583e-05 77.6676
-23.1704 5.23269 10.8601 5.92945 8.37297 25.7956 15.8237 45.6539 8.65688 51.2251 163.915 13.7859 4.32558 7.25888 2.83258 15.1021 4.06497 7.63778 2.56848 3.49266 1.69583e-05 75.7321
-14.3888 5.23269 10.8601 5.28619 8.37297 25.7956 15.8237 45.6539 12.162 51.2251 163.915 16.9086 4.62906 7.9588 2.83258 3.81461 4.06497 7.22375 6.04221 11.94 1.69583e-05 75.9979
-14.3888 5.2516 10.8601 5.61337 8.37297 25.7956 12.3534 45.6539 12.7395 44.3762 170.016 11.5963 4.62906 11.4679 7.33575 2.61375 4.69157 9.77055 9.66535 11.94 1.69583e-05 74.6134
-14.3888 5.2516 10.8601 5.61337 8.37297 24.2994 14.0489 46.0413 12.1114 44.3762 170.016 15.2609 4.99452 10.8211 5.6409 3.84094 5.76564 6.68246 15.3099 22.8598 1.69583e-05 75.9326
-14.3888 5.2516 13.3926 5.61337 8.37297 24.2994 12.3501 46.0413 13.9684 44.3762 166.978 6.73925 4.89034 17.9347 5.6409 6.61674 6.24759 5.04105 15.3099 14.1661 0.000126468 81.73
-20.1615 6.20267 9.7384 9.74884 8.37297 24.2994 12.3501 42.5332 13.8478 44.3762 165.142 16.2708 4.57941 11.8616 6.19369 6.26988 5.48098 6.75546 10.2486 14.1661 0.000126468 78.4166
-20.1615 6.89464 8.1034 12.477 6.30188 24.5508 12.8992 43.9845 13.7266 44.3762 165.142 17.5308 8.91482 14.8465 6.32971 9.07188 4.70801 6.51466 22.7046 14.2416 7.30973e-05 82.0505
-20.1615 6.87766 9.08837 10.2848 6.30188 24.5363 12.8992 43.9845 13.7266 44.3762 165.142 17.5308 1.31955 24.8848 6.32971 6.81369 3.99645 8.45459 12.7042 14.2416 1.13895e-05 79.7308
-20.1615 7.10923 9.08837 10.2848 5.38517 23.0193 14.5849 40.6579 16.5688 44.3762 165.142 17.5308 4.03971 13.4219 3.39767 13.3147 3.84602 3.47027 18.049 10.9389 1.13895e-05 78.3852
-20.1615 7.0326 10.6668 10.4099 5.38517 22.7406 14.1672 39.6218 17.5677 45.3898 165.142 17.5308 1.07885 12.2117 1.90792 21.6257 3.34784 4.09537 27.4189 11.9134 1.13895e-05 79.5462
-20.1615 7.02819 10.6668 10.2036 5.38517 23.9814 12.5075 40.622 16.5836 50.862 165.142 10.0976 8.25381 17.67 0.536986 4.05903 3.2626 4.08159 28.7114 9.90579 1.13895e-05 76.7802
-11.7611 6.18252 10.6668 10.2453 5.53281 23.6861 10.8088 37.1582 21.0455 50.862 166.662 10.0976 2.77904 11.3744 8.57282 6.63485 3.76018 4.39248 38.5624 6.72181 1.13895e-05 77.0683
-11.7611 5.67269 9.53153 5.89712 5.53281 23.6861 10.6739 41.7125 21.2831 50.862 166.662 10.0976 5.1651 9.04212 9.32336 6.6091 3.34538 4.3271 12.2312 22.0549 1.13895e-05 75.7656
-10.1846 5.67269 9.53153 5.2577 5.71899 23.6861 9.14132 40.7129 20.5801 50.862 166.662 16.3266 5.29087 6.90866 10.4895 7.10189 3.54334 3.51484 22.7121 14.8376 1.13895e-05 74.9344
12.0263 4.76058 8.12733 6.15957 5.71899 23.8117 8.67956 44.2092 21.4406 57.1278 162.627 7.81244 5.27966 5.65566 3.33321 17.9156 5.52013 4.36691 29.9013 24.6154 1.13895e-05 75.1231
13.1075 5.81846 7.4631 5.45674 5.71899 23.8117 8.67956 44.2092 22.2111 57.1278 162.627 7.81244 5.8569 11.7989 7.32947 17.9156 5.18267 4.92974 29.9013 36.0037 1.13895e-05 78.0553
13.1075 4.4553 11.5217 6.5285 5.71899 23.8117 11.381 38.3484 21.7456 57.1278 162.627 11.9749 6.28583 3.71969 6.56397 11.3925 5.63508 4.81958 29.9013 36.0037 1.13895e-05 78.3729
-23.6044 4.52165 11.5217 1.72247 11.3091 23.8117 7.94357 44.0594 21.921 56.856 168.387 9.40174 2.36516 1.92738 6.22164 5.42598 5.63508 3.77121 29.9013 9.6848 7.53732e-05 80.8712
-22.4031 3.7585 11.5217 5.28243 6.80305 23.8117 8.61695 27.382 29.8863 56.856 168.387 21.2064 2.40216 1.92738 4.73654 5.58661 4.59126 8.50951 45.0902 10.0996 0.00116031 81.8881
31.241 5.58781 11.5217 3.91506 6.80305 24.8601 8.39309 22.9963 23.0521 56.856 168.387 24.1117 6.14541 1.07374 4.719 4.10754 4.48793 10.5999 37.5292 10.3231 0.00166416 80.0254
36.9815 6.11776 9.544 4.91252 6.80305 24.8601 13.0946 22.9963 25.655 56.856 167.788 16.4411 4.93683 2.41073 9.63533 3.28062 5.2424 9.33725 55.6134 21.1836 0.00260077 80.1154
53.3513 3.58376 12.2296 3.60732 10.1629 17.5465 14.3486 27.0455 25.2064 56.856 162.655 16.4411 8.29929 4.7473 12.561 4.33202 5.2424 10.9239 34.639 22.2679 0.00210339 79.5255
38.4864 3.58376 12.2296 6.37374 10.1618 17.5465 14.1838 24.984 25.1846 56.856 162.655 16.4411 9.72117 3.0868 10.7955 13.0076 4.79443 10.7981 0.424047 20.8501 0.000237692 79.1062
42.3935 3.47277 11.0561 5.33471 10.1618 19.0284 14.1757 21.2969 28.6084 56.8556 162.655 14.5148 9.98556 5.29652 9.89657 8.31528 1.96429 9.06079 16.5509 19.6377 0.00210683 75.0186
42.5619 4.90244 10.6869 5.26324 10.1618 18.4078 14.9534 17.4735 33.5578 56.9324 162.655 14.5148 9.89086 0.109514 9.44929 7.96241 1.7072 8.95054 34.1832 20.4221 0.00135031 77.852
36.4767 4.90244 10.6869 5.36913 10.1618 17.6105 14.8301 17.8889 32.1525 56.9324 162.655 14.5148 6.04096 3.85351 15.2175 6.84376 2.36174 5.8977 36.5015 1.7759 0.000378434 75.6237
25.8335 4.48017 10.6869 5.50336 10.1618 21.1753 10.9355 19.1985 31.2627 72.7284 161.683 2.4167 2.10898 3.96492 16.4224 3.45222 3.27544 5.75266 5.91617 16.221 0.00131621 79.5525
29.1662 2.61216 10.6869 8.43156 10.2973 21.4952 10.9355 19.0952 28.1653 72.7284 164.96 2.4167 4.31225 3.97523 18.8026 3.45222 5.37647 1.96123 3.29891 6.82965 0.00154658 78.7106
20.8653 2.20334 10.6869 8.48555 10.6343 21.4952 10.9355 25.2123 24.0438 67.7 164.96 8.61453 2.58875 3.2871 36.539 5.54137 5.37647 3.30212 0.560759 37.7001 0.00309518 85.7233
20.8653 2.20334 10.6869 8.48555 10.6343 21.4952 12.7464 21.2809 20.0826 67.7 164.96 8.61453 2.58875 3.34575 18.9486 5.54137 5.37647 4.5009 0.560759 24.2712 0.00309518 78.3708
20.8653 2.82876 10.6869 7.10572 10.6343 21.4952 12.7464 21.4543 27.2067 67.7 164.96 10.9792 2.58875 3.07901 13.3921 7.19047 5.37647 3.56659 1.74915 11.6651 0.00309518 78.7236
22.1341 2.65534 5.29862 5.00943 13.3878 19.4879 12.7464 21.8474 32.0576 67.7 164.666 11.2757 4.23113 3.39882 8.75915 5.40896 3.80624 5.1979 1.24419 4.61881 0.00107969 75.0842
27.6175 2.65534 3.73721 7.21194 12.034 24.2128 12.7464 21.5001 27.0107 67.7 164.666 11.2757 4.23113 3.52755 11.4757 3.66558 5.9633 2.69278 1.24419 4.61881 0.00107969 77.9475
18.2468 2.65534 2.83556 6.40933 14.6611 19.0849 12.7464 20.977 23.9851 62.1495 172.94 16.452 8.37417 3.75138 5.92552 0.367503 8.49212 9.60429 19.6865 4.61881 0.00107969 79.9109
43.3154 2.65534 2.55519 7.94517 15.2975 12.676 11.1693 27.9472 27.9521 62.1495 172.94 4.13515 22.694 3.53673 0.437395 1.86624 9.13786 6.56183 56.4368 0.379593 0.00107969 84.4165
58.2154 2.65534 3.07351 16.4484 16.4181 13.3711 11.1693 23.2947 23.8476 62.1495 172.94 4.13515 16.2844 3.46845 0.437395 1.59567 6.69934 5.91443 38.2785 0.379593 0.00495739 90.6172
91.693 0.882586 2.93596 15.7829 16.6276 13.3711 11.1693 21.9237 17.2168 62.1495 172.94 4.13515 16.2844 6.64857 0.437395 6.05742 6.70797 5.91443 78.8992 32.6053 0.0218947 98.2384
44.0441 0.827904 3.52901 11.646 16.569 17.1993 14.6605 36.4659 17.3167 50.9005 172.94 4.13515 23.5669 1.41132 9.65449 2.13002 6.52571 6.60568 27.2173 35.6609 0.0201373 84.7423
41.9097 0.827904 3.78619 13.4044 16.6207 5.25278 14.5995 39.1449 17.3954 50.9005 172.94 9.95289 9.9215 0.860549 13.5161 5.37905 6.27704 6.52298 27.6947 38.0416 0.0384755 82.4325
36.6141 0.827904 3.78619 13.4044 16.7222 5.25278 16.8302 50.1752 10.8277 50.9005 172.94 9.95289 9.9215 0.860549 9.0263 20.582 6.15581 2.86649 27.6947 9.86148 0.0267378 83.563
44.3008 0.827904 3.11412 13.4044 16.5547 7.93921 16.8302 50.1752 10.8277 50.9005 172.94 7.21221 9.90436 0.713613 6.35099 7.90381 3.52884 6.60574 29.5465 15.6518 0.00816008 78.1989
38.9693 6.50361 0.475546 11.5453 15.5345 6.81619 34.5542 23.5643 11.7023 52.3587 172.94 14.2903 5.29204 6.13188 8.59579 4.31282 4.03213 5.26113 40.119 5.79499 0.0091481 78.8076
46.7079 4.9785 0.475546 11.5846 15.2218 6.55408 32.5017 27.0762 12.9847 52.3587 175.499 9.30231 6.34087 5.75701 10.3758 2.76085 5.46978 5.66985 44.7482 8.6088 0.00608161 77.8275
44.0453 4.9785 2.60928 10.6359 13.9351 6.49382 32.332 22.6316 14.0262 52.3587 176.557 9.93196 5.81371 4.28922 22.0696 0.362383 5.14418 4.41562 29.851 0.450231 0.000999814 78.8666
23.0303 11.0198 0.994446 7.89761 7.83923 4.36488 42.3041 25.121 9.01936 52.3587 191.276 8.56184 8.64283 2.30701 6.06697 1.19152 6.41676 1.29236 19.7285 35.1143 0.000383452 82.6856
21.8916 8.46405 0.994446 7.81013 7.83923 6.22783 42.3041 25.121 6.82469 52.3587 191.276 5.78763 8.56911 0.310279 20.7881 2.07809 0.916917 4.92677 26.1699 38.273 0.000383452 80.3196
33.2887 7.20338 0.994446 7.81013 7.66498 6.27287 42.3041 25.121 7.89638 52.3587 191.276 5.5703 2.55922 0.719008 12.269 1.41089 0.916917 14.6684 21.0872 13.2553 0.000709642 77.6825
50.4959 7.20338 0.546904 4.55108 7.66498 9.89843 38.4484 29.6046 8.6133 52.3587 191.276 7.69777 4.58378 0.19387 11.6501 1.79063 12.61 1.0941 17.4155 5.38672 0.000306339 75.2601
48.2511 7.20338 1.25706 4.53908 6.63604 8.54232 37.496 32.7905 9.42551 52.3587 181.918 8.60981 9.10213 1.26519 10.5904 1.51491 18.0604 0.831494 20.9797 12.3679 0.000366743 76.9492
35.9961 6.60479 2.14882 8.04609 6.63604 8.8728 36.7508 15.8745 14.0886 60.4125 181.918 10.2706 4.00774 7.11449 12.4392 2.9574 7.3545 0.831494 12.0693 20.5431 0.00134389 78.848
-13.2125 7.88238 3.14281 7.35489 2.91472 15.5765 36.1116 15.8745 14.2141 60.4398 181.918 5.88098 3.42378 13.222 7.45313 4.34909 7.73355 5.41788 30.5091 23.7954 0.00199763 82.2824
-19.1483 6.86556 3.54196 8.93802 2.91472 15.5765 36.1116 16.5467 13.8278 60.4398 181.918 5.97803 2.67961 2.14167 6.67486 4.02306 8.28118 11.8212 51.5353 18.5001 0.00841284 86.5153
-19.1483 6.86556 3.27131 9.47775 2.32806 16.8527 36.3834 21.1385 13.8278 60.4398 181.918 6.29049 3.35764 3.6486 1.20352 4.46601 11.8181 9.59823 31.2639 25.9409 0.0096682 82.0033
-19.1483 6.62928 1.24313 10.6196 2.32806 16.8527 36.3834 23.15 15.0885 60.4398 181.918 7.59263 0.911276 3.6486 1.64781 4.88527 10.0871 12.513 4.93526 13.6992 0.0096682 81.3437
-19.1483 6.47474 1.24313 23.8269 2.32806 16.8527 26.2037 20.5155 16.4239 60.4398 181.918 7.66095 2.37813 2.81194 1.64781 6.73875 9.66956 12.8273 4.40737 9.05831 0.00460468 86.2392
-21.508 6.418 1.24313 23.8269 3.55098 12.2354 33.6291 20.5155 2.14312 60.4398 181.918 7.34988 11.7265 1.97703 11.9881 2.84737 5.34371 12.8273 0.843961 5.06595 0.00257066 87.0214
-21.508 6.418 1.24313 23.8269 3.55098 12.0401 33.6291 20.5155 10.9696 60.4398 181.918 10.2018 11.7265 1.20346 8.42889 2.84737 9.67125 10.6515 2.6846 3.12893 0.0128673 88.7712
14.8467 6.09695 1.24313 17.9195 3.55098 12.3748 33.6291 17.6886 18.9782 60.4398 166.486 10.2018 14.6068 1.20346 3.73846 5.84006 8.38817 10.6515 3.55331 6.64291 0.00701191 81.0357
25.2672 6.21598 1.24313 17.9195 3.73581 11.2018 26.0372 21.8166 18.9782 60.4398 168.484 14.8034 14.6068 9.03201 2.77756 7.81535 1.91192 6.98729 6.38747 16.1769 0.00683355 82.9006
12.4522 5.90757 2.36778 16.0117 3.73581 10.9481 39.1378 20.4873 18.5251 51.0179 168.484 15.952 9.91766 9.12972 3.0018 4.85013 1.91192 7.27052 12.7323 25.0332 0.00938274 80.5636
32.9508 0.554086 3.281 16.0117 9.52317 14.4835 32.226 24.3583 18.5251 51.0179 168.484 16.7684 4.7251 6.73357 3.08101 9.65423 10.8623 1.01527 12.7809 26.3834 0.0133221 83.0813
32.1676 2.98007 2.47894 9.7466 11.9029 12.0037 25.2744 24.3583 18.175 51.0179 168.484 19.3423 7.25226 5.57961 0.222281 7.17059 10.4435 10.8575 7.8436 16.9358 0.0221565 84.9573
30.2232 1.96431 4.70045 15.1726 11.0871 11.5161 25.9369 18.7972 18.175 71.1403 155.824 18.9557 7.45557 5.82915 3.98922 5.2035 11.1026 12.308 10.0055 10.6951 0.0532312 84.0582
45.3835 0.833367 2.50066 14.6326 10.2782 14.8583 25.9659 18.7972 16.2097 70.1529 155.824 22.0415 4.63561 4.48034 5.14251 2.51491 10.5955 8.89435 9.76408 9.4611 0.0604451 78.5002
46.7732 2.44817 2.88592 14.4456 8.73505 15.7588 24.8572 17.2995 16.2097 67.8548 155.824 28.7318 13.1927 6.35748 4.84275 2.51491 2.5345 13.9988 7.81297 36.1233 0.0366717 84.4479
47.853 1.09209 3.70592 14.4456 8.73505 15.7588 28.8245 15.9183 22.5848 65.5665 154.242 15.7606 12.6985 12.0795 4.65825 1.23915 11.948 1.6908 6.34038 17.9079 0.0583852 81.429
54.4103 0.114127 4.24107 14.4456 8.73505 4.85114 29.5029 15.4313 24.3934 67.3933 157.641 23.5292 19.7357 7.76167 0.311613 7.91616 11.948 2.54855 5.97224 7.02231 0.0501964 83.5788
55.769 0.114127 4.24107 15.0066 8.73505 4.29967 29.5029 16.7881 23.1457 73.5775 157.641 19.6268 13.2722 11.3442 1.93145 7.25883 10.7349 1.57693 4.74168 70.603 0.0488022 84.3756
55.936 2.22099 4.24107 15.0066 3.60933 2.85433 33.7495 12.7255 24.5171 90.6999 152.639 3.15547 11.635 14.2228 5.96948 6.60069 14.264 1.57693 4.6162 70.603 0.0619698 89.3277
56.656 4.52837 6.16646 10.3188 3.60933 3.65954 40.1697 9.89655 26.1853 23.0519 212.511 3.15547 12.7189 9.81859 1.73593 8.20317 12.2604 0.651181 3.90399 127.742 0.0560877 90.4533
67.7046 4.52837 6.16646 7.18577 3.60933 4.42017 41.884 13.6399 26.4106 23.0519 212.511 3.15547 11.39 9.99887 1.73593 7.22044 9.04975 4.98368 4.37884 127.742 0.00405221 86.212
71.915 4.58099 6.63281 7.18577 3.06946 5.92809 39.7674 17.1605 26.4106 23.0519 212.511 4.11554 6.92902 9.64811 4.07569 5.47246 5.86042 1.0232 3.15681 49.8356 0.00159646 76.9621
69.6702 3.12168 6.0748 8.07676 3.06946 8.83781 35.9119 24.1137 21.9214 23.0519 212.511 8.62498 4.56691 10.6604 6.19793 5.51602 3.0874 3.46489 3.6901 35.2416 0.000213569 76.6469
90.805 3.12168 4.23841 8.77167 2.30608 8.73181 37.2138 20.7601 22.0831 23.0519 212.511 8.62498 4.23358 9.92375 5.80712 6.00931 2.75536 6.08633 6.21365 27.5456 0.000510698 76.7404
90.805 3.12168 3.27756 10.1755 0.705951 8.73181 38.6749 18.9188 22.0831 23.0519 212.511 5.86711 3.95865 8.08974 5.27472 7.78044 2.45497 9.83754 2.67396 24.7709 0.00494739 78.8196
90.805 2.12517 4.68174 10.1755 1.23057 8.27929 38.6749 20.6295 22.7362 23.0519 212.511 0.780119 3.95865 8.08974 4.29478 12.5335 2.60387 5.96021 9.48854 28.3509 0.0068503 78.4834
94.9118 2.12517 3.63013 10.1755 1.23057 8.27929 38.6749 20.6295 22.7362 23.0519 216.997 0.780119 3.15555 2.34699 4.29478 12.5335 2.60387 14.0767 9.48854 12.5212 0.00453288 78.8049
100.74 1.85481 3.18655 10.1755 7.86981 2.45234 38.6749 20.7967 20.2226 20.5188 216.997 0.523837 3.59217 3.31965 3.09352 12.5335 4.42964 17.2806 11.5938 16.9712 0.00611308 79.5583
100.74 1.85481 3.18655 10.1755 7.86981 2.03673 38.6749 20.7967 20.2226 20.5188 216.997 0.523837 2.42318 2.47438 0.991061 20.1188 1.69716 14.6873 16.2226 39.2523 0.00611308 81.8398
100.74 1.85481 4.57725 8.01913 7.86981 2.03673 40.1954 20.7967 20.2226 20.5188 216.997 0.523837 3.17857 1.34619 0.991061 20.1188 1.49969 6.69774 20.6422 26.2858 0.00584541 80.7344
99.1442 2.98149 4.72923 8.01913 7.86981 0.937676 39.4659 21.4741 22.6783 55.0235 176.618 0.523837 6.56919 1.85816 4.59546 20.6477 1.89477 6.69774 22.5542 41.9517 0.00180109 79.4051
99.1442 2.20054 4.72923 8.48618 10.3211 0.896455 33.7602 20.824 22.6783 55.0235 176.618 8.51783 4.79358 2.09931 9.16211 12.2684 2.8873 0.849557 22.0459 41.9517 0.00124394 80.2902
111.401 0.724316 4.56553 7.07406 10.3429 2.35588 35.4884 16.4872 22.6783 58.9968 176.618 4.71541 4.43233 6.59618 9.19591 2.48494 4.35908 15.2011 16.3258 34.2503 0.000128114 74.0595
120.794 0.724316 4.56553 7.07406 9.90509 2.35588 32.8645 18.836 22.6783 58.9968 176.618 3.64235 4.43233 5.56958 7.36773 2.43864 8.21133 16.5376 14.5568 34.2503 4.60087e-05 72.0084
120.794 0.440617 5.36063 7.72933 8.25363 2.35588 35.2656 22.1702 22.6783 53.7948 176.618 7.15192 2.89499 14.8606 6.35627 2.3968 12.6612 13.783 14.2377 20.9944 0.000140087 75.2733
120.794 0.335531 5.36063 6.76489 9.83092 2.35588 33.7152 22.1702 18.2662 53.7948 176.618 7.15192 4.90255 10.1447 7.29774 3.13995 4.4244 15.2462 13.1288 22.1987 7.76276e-05 74.2985
120.794 0.828003 0.527353 5.09185 12.1406 7.15024 34.3247 27.2634 17.7773 51.6639 176.618 7.65914 2.27068 5.18094 4.45825 2.31657 3.66694 16.7575 20.9829 10.0869 6.68306e-05 72.6894
120.794 0.0601022 2.00698 4.85374 13.1747 6.88552 30.5431 23.5684 17.5813 56.6901 176.618 7.65914 2.27068 9.54484 11.6047 0.344205 5.26826 17.1598 17.1829 4.25951 3.72839e-05 75.8228
101.856 1.73211 3.14292 3.30112 10.6321 6.88552 35.8773 21.9508 14.2972 56.6901 186.291 3.26602 0.784758 11.9356 12.5776 2.22499 8.13412 2.52697 20.2559 0.779436 5.8959e-05 74.0251
123.796 1.88933 3.38318 2.05874 10.853 6.88552 35.8773 23.889 13.7308 56.6901 186.291 6.09725 0.784758 10.3706 6.74178 1.97853 9.13512 2.53224 22.5079 8.30259 1.02069e-05 77.3258
123.796 0.382808 2.77494 1.97673 12.0462 6.88552 39.5734 23.889 9.15925 56.6901 182.046 3.0397 6.43671 13.9335 7.63964 2.88004 8.18116 2.00238 25.1226 20.9093 8.07539e-05 75.8928
109.073 0.382808 1.9939 1.90423 12.2976 6.88552 39.5734 27.8644 9.21569 56.6901 174.751 7.48767 3.85467 6.07199 6.81996 5.93238 6.72991 5.23867 65.1604 16.008 9.15872e-05 78.1129
109.073 2.45386 1.9939 1.67289 12.4064 6.88552 39.5734 30.8253 7.63798 56.6901 174.751 4.87678 4.75735 9.67218 6.79183 0.155354 12.9162 7.33355 17.2613 15.3318 1.22878e-05 75.5777
108.772 0.777896 1.90311 1.84652 12.4571 7.78563 38.6065 32.1981 7.63798 56.6901 174.751 4.87678 1.40113 6.38967 6.8466 1.60646 15.7102 8.06557 6.90797 19.6241 1.22878e-05 72.5303
108.772 0.967377 3.52108 1.74081 12.4331 6.68752 39.0139 23.9012 17.2951 56.6901 174.751 7.6842 5.82792 5.27832 6.04382 3.05682 16.312 14.5224 13.7539 21.4273 1.22878e-05 75.2006
84.0026 2.03544 4.58662 0.791109 12.4337 4.29801 39.0139 24.8571 17.2951 54.5879 172.712 8.55017 5.82792 2.16024 6.66467 1.67937 16.312 6.60301 8.29284 21.3186 1.22878e-05 77.0255
94.6358 2.03544 5.7012 1.45215 12.1923 4.29801 36.3756 25.9397 17.2951 54.5879 180.828 8.55017 5.82792 6.95809 5.49028 7.21407 1.8963 4.49948 7.54186 21.3104 1.42155e-05 71.4415
92.7266 2.03544 5.3061 1.45215 12.0513 4.29801 36.3756 25.9397 17.2951 54.5879 180.307 8.55017 5.82792 6.95809 14.1066 2.68459 3.50273 5.13716 5.83034 21.0422 1.42155e-05 71.3915
73.8321 3.57042 5.42092 2.06868 11.8977 4.29801 36.3756 26.7288 17.2951 54.5879 180.307 8.55017 3.73154 8.95231 7.29839 5.97579 3.49801 3.56022 30.3274 22.0066 2.19217e-06 72.2391
68.4277 4.8421 4.77121 1.69179 12.1985 1.22783 38.5699 25.078 13.0812 54.5879 180.307 13.8837 5.46751 10.1862 1.1676 6.51465 6.01764 7.96497 16.501 23.1132 2.19217e-06 74.0265
68.4277 4.73008 3.80353 2.24405 12.1623 9.46379 40.3392 25.078 13.0812 48.1497 180.307 11.6873 5.46751 9.24359 2.71049 7.16215 4.69727 7.02923 3.21892 21.4652 7.75465e-06 71.3577
-7.91241 5.86532 8.56124 1.46597 12.0986 5.63416 40.3392 17.3999 26.2405 132.362 80.9206 18.9444 21.7991 4.37452 1.30324 7.00882 11.3659 8.30817 28.4616 21.9962 2.79915e-06 80.6179
-38.5535 15.308 8.94821 2.29434 12.0785 5.63416 40.3392 17.3999 20.1909 128.757 80.9206 18.9444 19.1838 3.09249 1.0418 7.17463 4.39672 3.15023 19.1204 20.9588 2.79915e-06 79.8644
-39.8058 9.42128 7.07819 3.73203 12.1369 6.86666 40.3392 18.3328 17.584 128.757 80.9206 33.4755 15.3278 6.3291 0.427318 6.41675 2.16115 6.07101 21.3972 20.9205 2.79915e-06 75.3454
-39.8058 8.38626 10.5829 0.741539 12.1244 6.86666 40.3392 16.28 17.7692 126.842 81.2614 39.7018 15.3278 6.12066 0.395705 6.54456 4.63184 5.32963 29.2416 21.0641 2.79915e-06 75.7128
-28.5527 7.42219 8.76097 2.69353 13.0759 5.18488 40.3392 23.563 17.7692 122.167 81.9059 32.7053 11.3396 0.539168 0.973501 8.1908 8.26601 5.70431 20.6333 20.6105 2.79915e-06 72.739
-24.0487 6.36193 8.76097 2.69353 13.41 5.18488 40.3392 23.563 17.7692 122.167 81.9059 32.7053 10.3232 2.70045 2.23145 8.1908 9.72376 5.70431 21.2148 20.4661 2.79915e-06 71.3529
-24.0487 6.36193 7.94713 4.09515 13.1158 5.18488 40.3392 22.5597 17.7692 123.423 80.4089 34.7481 11.9088 3.3371 1.66989 8.02842 19.0407 5.70137 23.5842 16.1705 2.79915e-06 74.4465
-24.0487 6.36193 9.54997 3.60119 13.1158 5.18488 37.7223 22.5597 17.7692 123.423 80.4089 34.7481 11.5898 1.82234 1.46965 10.8854 8.13163 5.33328 17.5478 20.5622 2.79915e-06 72.09
-30.8942 6.78338 9.54997 2.47604 13.1158 5.18488 37.7223 19.7674 26.2712 123.423 80.4267 39.185 10.2133 1.66226 1.5507 10.7266 5.79128 4.36826 22.3688 13.9453 1.39414e-05 74.7451
-50.5323 9.82991 11.1073 1.49178 13.8602 5.18488 35.9064 19.7674 20.3273 127.222 79.0547 35.0252 8.8479 1.12933 0.167958 5.9836 13.4211 1.83493 26.7365 8.68461 0.000433535 78.9549
-50.5323 9.47876 12.6137 0.184868 13.8602 5.18488 35.9064 22.315 20.859 127.222 79.0547 38.951 6.03699 3.7836 0.240951 5.99192 13.0932 4.61259 26.7365 8.68461 4.3556e-05 76.7538
-50.5323 9.47876 12.6588 4.22118 15.2127 5.4568 35.9064 19.7264 21.0105 127.222 70.7023 38.951 6.79186 6.79477 0.637974 5.99192 10.9387 6.58379 26.7365 14.5986 2.07503e-05 74.8431
-50.5323 9.47876 12.6588 4.22118 15.2127 5.4568 35.9064 18.5112 21.0105 127.222 70.7023 38.951 8.16929 7.84472 1.21653 5.99192 11.0267 6.58379 23.0348 14.5986 2.07503e-05 74.6982
-50.5323 12.342 10.3126 4.10593 15.9737 6.71505 35.9064 18.5112 18.9797 125.691 70.7023 36.9911 7.8817 9.38937 1.20628 8.25649 8.88333 8.74647 16.8776 18.9879 2.07503e-05 77.6065
-36.4285 11.7966 6.94693 4.39687 16.1131 10.5983 36.1658 11.0922 18.8334 125.691 70.7023 44.5675 7.24211 12.0308 1.35398 9.73788 10.8602 9.36799 16.5392 0.854689 2.07503e-05 83.6979
-51.2523 16.6801 8.17053 1.25619 14.9057 7.86996 36.1658 10.0593 20.8686 141.87 60.2031 40.2811 12.3742 12.0362 0.430275 7.6666 7.46838 8.93255 18.2024 2.40517 2.07503e-05 79.2967
-51.2523 16.6801 7.08374 4.90529 14.9057 7.86996 36.1658 13.3375 20.8686 141.87 60.1 40.2811 4.23684 10.8058 0.734091 1.87316 7.46838 12.5307 18.2024 16.3575 2.07503e-05 80.4562
-55.1102 16.6801 9.6153 2.51932 11.8034 7.86996 36.1658 14.7783 18.9744 141.87 60.1 40.2811 11.711 11.4273 0.734945 3.48908 3.14569 12.9746 15.1977 13.1298 2.07503e-05 77.2586
-55.1102 15.6955 9.6153 2.83094 14.5146 7.86996 36.1658 15.0003 18.9744 141.87 56.116 40.2811 5.21799 15.0476 0.729847 1.31759 3.14569 13.1211 10.3265 36.0689 3.56012e-07 76.5975
-55.1102 9.58411 9.6153 3.78748 13.6217 7.44903 32.8094 11.7271 35.6281 141.87 56.116 38.2689 3.89386 23.0446 0.71882 5.15557 4.5249 13.4524 10.3265 20.2511 3.56012e-07 74.4728
-55.1102 9.56128 12.5307 4.55768 13.6217 4.58706 28.0534 8.6468 37.0231 144.141 56.116 40.4921 5.32112 14.1072 0.734989 4.75618 4.51145 12.5795 6.55854 3.37299 3.56012e-07 72.2592
-38.9545 8.40051 14.008 4.72031 14.6739 4.58706 28.1135 7.86429 34.4405 144.141 56.116 40.5746 5.50075 14.1072 0.751859 5.60534 4.59488 11.0169 7.93484 21.3266 3.56012e-07 74.8197
-38.9545 7.48058 13.8372 5.04906 13.8267 4.58706 27.6829 9.28337 34.7704 129.056 56.116 57.4055 3.94841 15.1056 0.607449 11.1841 4.59488 1.9736 7.93484 9.56107 3.56012e-07 74.1683
-42.0394 8.76953 13.8372 5.99733 10.0032 4.58706 26.7676 11.2414 34.7704 141.096 56.116 58.5255 0.309992 15.1056 0.0218553 1.69943 4.59488 1.54608 11.4694 9.56107 3.56012e-07 77.6109
-45.0931 9.61438 11.8788 5.99733 10.0032 9.26803 23.7962 11.2414 34.7704 141.096 56.116 58.5255 2.06572 16.2899 0.121197 1.69943 4.37408 0.74339 13.7588 35.2283 3.56012e-07 78.2691
-39.7919 8.85992 14.3778 4.41414 9.90094 9.83428 23.7962 11.2414 34.7704 134.758 56.116 58.5255 4.18853 16.8659 0.704644 1.69943 4.77076 2.6898 12.0492 21.9225 3.56012e-07 73.9808
-45.4816 9.1471 15.2693 4.31371 10.3835 9.33827 22.4923 11.2414 34.7704 134.758 56.116 51.3417 4.41879 13.952 3.26262 1.69943 8.20716 5.1086 11.7859 45.7228 3.56012e-07 74.3709
-45.4816 8.05152 15.2693 4.31371 10.3835 14.9584 22.8206 11.2414 32.8103 134.758 56.116 51.3417 7.1146 13.952 1.21252 1.69943 12.1988 2.09973 8.3918 67.71 3.56012e-07 75.033
-45.4816 8.91726 15.0901 2.55792 9.85756 10.5833 23.4501 8.4074 42.1448 139.999 64.3954 34.6693 6.2313 14.8786 3.90339 5.81527 9.57586 3.37357 8.13635 22.5391 3.56012e-07 77.1288
-16.4423 9.10003 15.0901 0.0723689 9.65673 7.97528 23.1814 8.4074 42.1448 139.999 64.3954 34.6693 6.23196 14.2257 2.14699 5.81527 9.57586 2.77538 8.28868 21.4599 3.56012e-07 76.8432
-24.3525 8.09718 13.9289 0.665591 13.4194 16.3829 24.0465 17.3522 20.7269 139.999 59.7959 34.6693 5.88531 22.9899 4.79579 4.75362 10.8999 0.376845 10.8221 4.21208 3.56012e-07 80.0626
13.5944 6.67152 13.9289 1.84334 13.4194 16.3829 20.4462 17.1429 24.9384 139.999 59.7959 26.5167 5.00465 19.5367 2.27951 6.91931 10.4471 5.70811 7.96347 4.21208 3.56012e-07 77.3142
13.5944 6.52969 12.79 1.90786 13.4194 12.7544 24.2482 17.1429 23.6699 140.155 59.7959 28.3355 3.32091 18.5859 2.27951 6.17476 12.0134 8.70511 7.90481 4.25902 3.56012e-07 75.4154
13.5944 7.15425 12.79 1.90786 13.4194 12.7544 24.2482 25.8454 17.0453 133 59.7959 40.7897 1.98336 19.0236 2.77586 1.41796 14.7288 5.85286 4.97682 4.62794 3.56012e-07 73.1634
13.5944 7.15425 12.9851 1.2669 11.2403 12.7544 24.2482 25.8454 17.0453 138.445 59.7959 40.7897 1.98336 19.0236 2.77586 1.41796 18.6209 8.52892 4.97682 4.81216 3.56012e-07 75.6939
17.4335 6.75105 12.8537 1.23626 11.1036 12.7544 20.3191 25.8454 17.0453 145.828 59.7959 35.0215 0.626282 16.3812 0.101534 1.41796 11.0843 19.2352 13.6495 4.81216 3.56012e-07 80.6136
33.8049 6.42093 14.6607 3.01367 11.1036 11.9132 19.9758 25.8454 17.7851 145.828 59.7959 32.676 0.626282 19.136 0.101534 3.81584 7.66156 19.3162 5.31576 6.53248 3.56012e-07 81.5191
32.2794 4.69944 11.7549 4.34526 12.1692 6.04689 26.2729 25.8454 17.7851 145.828 59.7959 42.5387 0.787654 15.7199 2.93536 3.81584 7.66156 5.61038 4.35637 33.5634 3.56012e-07 71.8876
36.1925 4.95262 11.7549 3.13225 11.7986 6.71908 25.0843 24.5975 17.7851 145.828 56.5377 42.5387 1.96213 15.7199 4.58854 9.26755 2.6534 6.80296 10.9788 10.6309 3.56012e-07 67.2655
36.2031 4.95262 11.7549 2.60228 11.7986 7.11348 25.0843 24.5975 21.7789 145.828 56.5377 42.5387 1.96213 15.7199 5.19711 8.14965 2.6534 4.13859 15.614 30.8466 0.0024356 76.7512
31.6212 2.80326 10.6257 1.57951 15.5144 6.74791 25.0843 25.1927 20.8691 145.828 57.11 42.5387 5.73017 9.74859 5.20676 7.75596 6.53177 4.93207 6.13629 23.9058 0.0154839 80.3103
16.042 7.82072 10.4581 1.57951 15.6755 0.0489734 34.1808 25.1927 16.072 145.828 53.6442 38.2139 4.93264 6.3589 10.2267 7.75596 5.007 4.53899 43.6231 21.6973 0.0166262 85.8288
13.1759 7.16976 11.3677 1.57951 15.6755 0.0489734 34.1808 28.8404 16.072 144.497 53.6442 38.2139 5.89094 13.93 1.4483 7.59466 5.91872 4.269 9.00639 13.2306 0.00456595 79.4498
13.1759 7.81746 11.3677 1.57951 15.6755 0.0489734 34.1808 28.8404 16.072 144.497 53.6442 38.2139 2.39423 15.796 1.4483 6.41836 6.04411 3.04262 9.00639 14.0055 0.00456595 79.6224
13.1759 7.81746 11.3677 1.12638 15.6755 0.0489734 34.1808 28.8404 16.072 144.497 53.6442 38.2139 3.35373 15.796 1.4483 6.41836 7.18641 3.61287 9.41313 12.205 0.00456595 79.377
15.8797 7.52663 11.3677 1.08979 15.6755 0.0489734 33.5742 28.8404 16.072 144.497 53.6442 38.2139 3.17462 16.2388 1.7384 5.89906 7.82581 5.11648 0.48106 11.6906 0.00367519 81.0898
20.7019 8.47038 11.3677 1.16524 15.6755 12.7575 20.9475 28.5924 16.072 144.497 53.6442 40.8918 2.60805 17.6476 1.38534 5.89906 5.1923 3.94561 27.2708 9.81216 0.00160944 77.3588
20.7019 8.24748 11.3677 1.16524 15.6755 12.6574 20.9475 28.5924 16.072 144.497 53.6442 29.5209 1.1919 21.2065 5.91435 6.31309 5.79551 4.60009 24.6719 0.64298 0.00220691 82.0819
32.7696 7.61996 11.3677 2.50219 13.5926 12.6574 22.0411 28.5924 14.5071 144.497 53.6442 31.0331 1.22584 20.8579 8.04817 3.66512 9.5874 7.04884 25.8427 0.64298 0.000826904 81.0669
22.2579 7.61996 11.2063 2.63835 14.007 13.0022 22.0411 26.2548 16.4916 143.563 53.6442 54.0248 1.22584 4.16116 8.56762 3.24656 7.73674 7.52224 14.8111 26.1232 0.00156164 81.4553
-36.2381 10.0362 10.5691 4.63085 15.5576 16.6315 14.454 26.2597 29.5554 130.066 53.6442 48.4192 2.1831 7.81726 9.24213 2.58778 7.7735 7.32342 5.002 6.80606 0.00239013 79.9708
-56.0472 10.0362 13.6136 5.0827 14.2285 16.6315 15.5233 26.2597 31.6003 130.066 50.7057 48.4192 1.75101 12.1192 10.2418 2.26651 7.77943 6.99896 11.1729 1.78042 0.00293946 80.4389
-56.0472 10.0362 13.6136 5.57428 9.11576 21.5997 14.9007 29.4734 28.1461 130.066 50.7057 49.1302 2.83026 7.95916 7.75219 2.26651 7.80796 6.38811 4.58694 10.6329 0.00190333 77.6055
-56.0472 8.95793 7.40858 12.3379 9.11576 21.5997 15.5425 32.4629 24.4724 130.066 50.7057 49.1302 3.9697 10.1125 4.15884 4.78801 2.91757 6.28257 24.7241 21.7872 0.00211693 79.9584
-56.0127 10.328 8.70243 11.0487 7.32957 21.5997 16.8863 33.5828 23.763 130.066 50.7057 49.8095 1.93553 10.1125 4.25801 5.12357 2.04812 4.12728 48.2849 4.16889 0.00468533 81.8633
-74.4564 10.6242 12.966 10.0255 5.2215 21.8979 16.8863 29.2888 23.763 130.066 50.7057 49.8095 3.30297 10.8687 9.06303 5.22407 2.42606 2.88552 44.1912 4.16889 0.00439919 82.2634
-35.9658 10.6242 2.97771 9.89015 1.4445 24.1529 16.8863 31.4624 25.8368 130.608 50.7057 53.568 1.32433 14.6601 8.56738 5.31752 3.26119 1.58153 34.9983 9.58778 0.00391683 82.631
25.1318 10.6467 2.99606 9.246 1.4445 22.8238 19.9361 31.4624 20.5773 130.608 50.7057 66.9051 1.59723 9.22704 3.21061 5.63584 3.01168 1.58153 36.2822 12.5682 0.0135791 84.9546
30.2639 10.6467 2.99606 9.82521 1.4445 22.8238 19.6091 31.4624 20.5773 130.608 50.7057 66.9051 0.975797 9.22704 3.23641 1.21556 3.14837 0.741721 36.2822 18.0257 0.0222954 85.4682
30.6316 10.6467 2.68355 2.31741 3.18406 25.4635 16.4157 32.5975 20.5773 140.432 45.4925 49.0018 0.975797 14.3526 13.6251 2.46441 3.30924 2.90894 35.3068 58.0956 0.012532 85.236
34.9057 10.6467 4.80685 1.343 6.82378 28.41 18.1063 32.5975 19.8679 140.432 45.4925 41.1071 11.7589 8.90729 13.7172 2.46441 3.72832 0.867076 23.2363 45.1492 0.000172083 82.992
33.1516 10.0161 3.31945 1.343 2.91644 28.6994 20.2956 32.5975 23.8025 140.432 45.4925 41.1071 6.56146 16.5706 0.597772 2.37759 4.68849 11.0544 16.3252 48.109 0.00226636 80.8904
33.1516 10.0161 3.74477 1.29425 2.91644 28.6994 20.2956 32.5975 20.2967 140.432 45.4925 46.1782 5.243 13.0974 0.597772 8.73768 2.88118 11.0544 4.75791 27.9695 0.00129952 78.6079
31.6799 10.0161 3.78182 1.77253 2.91644 23.4786 20.2956 32.5975 20.2967 140.432 45.4925 49.4192 9.85045 10.6672 0.597772 5.06179 0.939034 8.62694 8.18858 18.52 0.00119011 77.3855
16.4657 10.0161 3.78182 1.77253 2.91644 23.4786 20.2956 32.5975 20.2967 140.432 45.4925 49.4192 4.40259 8.71079 2.672 11.6802 0.939034 9.74641 12.7186 27.9785 0.00225654 78.3626
32.628 8.68022 3.23451 1.22722 2.91644 23.4786 20.2956 32.5975 21.6291 144.258 45.6687 49.4192 4.38044 8.71079 1.98428 11.7879 2.44129 9.74641 19.9356 31.7819 0.00225654 76.0441
58.2495 8.91159 6.36148 1.51856 5.75701 22.9591 15.956 30.8179 18.7845 144.258 45.4458 49.4192 4.45618 5.91658 2.01784 9.80868 0.257286 10.7238 26.5927 40.3716 0.000201352 81.6588
72.4784 11.0119 5.94329 1.56873 2.55555 26.0337 15.956 31.7312 15.3726 144.258 45.4458 49.4192 4.26501 8.09895 4.41523 7.59604 0.257286 14.3782 14.8666 35.9993 0.00067895 78.8433
-30.235 11.0119 5.9512 11.5214 2.55555 25.2599 15.956 31.7312 15.3726 144.258 45.4458 49.6859 4.31016 14.0298 4.08839 5.45783 2.65355 4.83859 10.7426 32.5073 0.000753765 79.2898
-34.9417 11.0119 5.88889 11.5214 3.68648 25.2599 15.956 31.4274 15.3726 144.258 45.4458 49.6859 4.31016 22.3027 3.45662 5.44505 0.596638 3.71345 17.0892 48.8932 0.0015593 81.3261
-62.6607 10.5115 5.61559 15.6315 3.68648 25.2599 15.956 31.4274 15.3726 144.258 45.4458 49.6859 4.31016 9.34062 1.18341 16.918 0.596638 3.71345 17.0892 19.9562 0.00052919 77.5307
-62.6607 10.5115 5.72563 15.6315 3.68648 27.5194 10.0818 31.4274 15.3726 144.258 46.2195 49.6859 4.31016 9.34062 1.18341 15.9303 0.596638 3.71345 17.0892 19.9562 0.00052919 78.0061
-62.6607 10.5115 5.6592 15.6315 2.66805 27.6266 10.0818 31.4274 15.7308 144.258 46.2195 53.3723 6.11234 9.60816 1.18341 12.1358 0.798348 4.44126 23.7345 14.4387 0.00128706 78.4547
-62.6607 10.5115 5.6592 15.6315 2.66805 27.6266 10.0818 31.4274 15.7308 144.258 46.2195 53.4122 5.85266 9.52434 2.89137 12.8087 0.798348 4.28803 36.5797 8.23855 6.63322e-05 76.1144
-64.1323 10.5115 5.6592 16.2137 2.66805 27.6266 10.0818 31.4274 15.7308 144.258 46.2195 53.4122 2.86328 9.52434 2.89137 12.8087 0.798348 5.17558 15.2268 23.7323 0.000652211 77.5278
-64.1323 10.5115 5.6592 15.7296 2.66805 27.6266 10.0818 31.4274 15.7308 144.258 46.2195 53.4122 2.86328 8.07058 1.32809 13.3196 0.798348 13.5723 7.89354 5.9769 0.000578951 77.499
-64.1323 10.5115 5.6592 15.7296 2.66805 27.6266 10.0818 31.4274 15.7308 144.258 46.2195 53.4122 11.1298 8.07058 0.378998 13.3196 2.20991 13.5723 5.17162 5.9769 0.000578951 79.7163
-64.1323 10.5115 5.6592 15.7296 2.66805 27.6266 12.7929 28.3091 17.3855 144.258 46.2195 53.4122 4.63851 2.23507 4.37333 7.7756 2.20991 20.0085 5.17162 5.9769 0.00101927 79.1945
-68.0031 10.5115 5.6592 15.7296 2.66805 27.6266 11.1482 28.3091 16.4033 144.258 46.2195 53.4122 1.73864 9.80367 3.5971 9.56932 1.50677 10.6348 5.17162 2.9491 4.89537e-05 75.9065
-68.0031 10.5115 5.9973 16.9 2.66805 21.6479 11.1482 31.9596 16.4033 144.258 46.2195 53.4235 1.73864 10.4164 4.77409 6.41138 1.50677 11.3808 5.17162 2.9491 4.89537e-05 79.277
-68.0031 10.5115 5.9973 10.9097 2.66805 21.6479 17.4672 31.9596 22.0281 144.258 46.2195 53.4235 11.4436 4.0491 3.95174 4.6926 1.50677 9.71676 5.17162 2.9491 0.00210614 78.1547
-68.0031 10.5115 5.9973 10.9097 2.66805 21.6479 17.4672 31.9596 22.0281 144.258 46.2195 49.9563 11.4436 4.0491 3.95174 7.17841 1.50677 8.71633 5.17162 2.9491 0.00203534 77.3749
-68.0031 11.4365 9.69053 10.9097 2.66805 27.9901 13.918 29.8807 16.0753 144.258 46.2195 55.8274 12.0185 3.19578 0.654249 7.17841 3.4378 6.38247 21.2467 2.9491 0.00208671 80.7149
-68.0031 11.4365 9.69053 10.9097 2.66805 27.9901 11.0675 29.8807 14.8853 152.795 46.2195 55.8274 11.3405 3.19578 0.654249 5.55198 3.12517 4.5046 21.2467 2.9491 0.00471759 81.3786
-68.0031 10.2491 10.5965 7.90955 2.66805 27.9901 16.2109 42.4246 2.61852 152.795 46.2195 55.8274 11.4477 2.10387 0.654249 4.18742 3.0821 4.5046 5.12671 6.76491 0.00376979 83.1203
-68.0031 10.2491 10.5965 7.90955 2.66805 27.9901 16.2109 42.4246 2.0736 152.795 46.2195 48.9468 10.2098 3.66975 0.654249 4.18742 1.53975 14.0313 5.12671 6.76491 0.00800367 82.6569
-53.5351 10.2491 8.6733 7.89598 2.66805 27.9901 15.093 37.0529 2.0736 153.388 46.2195 48.9468 9.79804 7.41841 0.654249 4.18742 3.20354 17.4631 1.5736 6.76491 0.00800367 81.7688
-53.5351 8.34645 13.2537 4.42644 2.66805 36.6705 7.30689 36.1209 2.0736 153.388 46.2195 48.9468 10.1943 7.58294 0.654249 6.61446 2.77424 18.1355 1.5736 11.4459 0.00563996 88.241
-53.5351 8.34645 13.2537 4.42644 2.66805 36.6705 7.30689 36.1209 2.0736 153.388 46.2195 48.9468 11.0039 8.12583 3.52805 13.1075 2.77424 11.1131 1.5736 9.32033 0.00909167 88.4534
-53.5351 13.2248 13.3824 4.42644 2.66805 22.2312 7.30689 42.9008 10.2256 146.86 46.2195 47.7071 10.1798 8.12583 3.52805 13.1075 3.40048 12.0859 2.17693 1.02425 0.0164422 86.7026
-53.5351 9.13418 13.3824 4.42644 2.66805 21.0539 16.2707 42.9008 10.2256 146.86 46.2195 47.7071 12.6411 6.08813 3.52805 13.1075 3.23344 12.6057 2.38882 1.02425 0.0229833 83.5592
-53.5351 9.53576 13.3824 3.98222 2.66805 21.0539 19.2185 48.45 0.204704 146.86 46.2195 47.7071 7.57792 4.2717 9.17064 10.9762 3.43406 12.6057 2.38882 22.2241 0.0144514 86.1244
-53.5351 9.53576 9.37093 3.98222 2.66805 23.0804 19.2185 48.45 0.204704 146.86 46.2195 47.7071 7.70766 6.88085 6.79703 10.9762 2.63333 7.18003 2.88791 27.437 0.0144514 83.8762
-53.5351 11.2992 12.6281 8.0867 2.66805 14.3287 21.9747 48.45 0.204704 146.86 46.2195 47.7071 7.25655 7.18853 0.426868 9.45385 2.67137 13.27 2.88791 17.0308 0.0144514 83.039
-17.8606 6.15381 12.6281 8.4291 2.66805 14.3287 21.9747 48.45 0.204704 146.86 46.2195 51.6219 7.25655 4.86401 0.426868 10.0976 1.91874 13.7135 2.88791 17.0308 0.0144514 81.6969
-5.39305 6.00834 12.6281 8.4291 2.66805 14.3287 21.9747 48.45 0.204704 146.86 49.7267 51.6219 2.25282 3.0991 0.426868 6.8228 1.91874 15.4389 2.88791 13.0144 0.00403381 80.5823
-11.4054 6.00834 12.6885 8.4291 2.66805 14.3287 20.8799 48.45 0.204704 146.86 49.7267 51.6219 2.25282 3.02703 1.64414 11.9411 1.91874 15.4389 7.88084 13.0144 0.00403381 80.6748
-63.1254 6.08395 18.1028 8.4291 2.66805 14.3287 21.2749 48.45 0.204704 146.86 49.7267 51.6219 6.37295 1.74624 8.10141 11.9411 1.91874 13.7462 7.88084 14.7293 0.00403381 84.8162
-63.1254 6.08395 18.1028 8.4291 2.66805 14.3287 21.2749 48.45 0.204704 146.86 49.7267 51.6219 7.98908 2.91001 8.10141 11.9411 1.02239 13.7462 7.88084 4.88921 0.00403381 84.9246
-63.1254 11.4941 12.7188 8.4291 2.66805 14.9177 18.7348 48.45 0.204704 146.86 49.7267 48.9614 0.553934 3.97471 7.64148 9.03159 4.03037 13.7462 4.8552 4.88921 0.00286635 81.2566
-63.1254 11.4941 12.2382 8.4291 2.66805 15.6199 18.7348 48.45 0.204704 146.86 49.7267 48.9614 0.553934 4.63991 14.6151 2.47262 4.03037 13.7462 1.04282 35.1808 0.00258117 82.8668
-63.1254 11.4941 12.2382 8.4291 2.66805 15.6199 18.7348 48.45 0.204704 146.86 49.7267 48.9614 4.48882 0.156263 6.19993 7.25231 4.03037 13.7462 18.6486 28.5604 0.00258117 82.4727
-65.1992 11.4941 12.2382 7.70786 2.66805 15.6199 21.5034 50.0191 0.204704 142.359 49.7267 48.9614 4.48882 5.80592 6.19993 0.818453 4.03037 15.8189 1.37797 29.3407 0.00262304 82.1303
-65.1992 11.4941 16.5504 4.64353 2.66805 15.6727 19.4569 50.0191 3.46054 142.359 49.7267 48.9614 7.11948 2.21362 10.3871 7.74886 2.27794 9.36829 1.37797 19.4578 0.0023732 80.4816
-65.1992 11.4941 16.5504 4.97745 2.66805 15.6727 18.4109 50.0191 3.46054 142.359 49.7267 48.9614 6.17885 3.14518 8.23925 7.327 4.87418 7.11774 5.85409 19.2426 0.00243158 79.0753
-65.1992 11.4941 16.5504 4.69727 2.66805 15.6727 18.4109 50.0191 3.46054 142.359 49.7267 48.9614 11.8298 2.0232 4.62703 7.327 3.40726 5.87908 5.85409 19.4084 0.000351873 76.9267
-65.1992 11.4941 16.5504 4.74535 2.66805 16.8023 16.8089 50.0191 3.46054 142.359 49.7267 48.9614 11.8298 0.258844 11.4103 2.92463 0.93792 5.91984 5.33598 16.2126 0.000725071 78.4109
-65.1992 11.4941 16.5504 5.09912 2.66805 16.9098 16.8089 50.0191 3.46054 142.359 49.7267 48.9614 8.80432 0.258844 11.0842 2.92463 0.679642 11.2832 0.947017 6.88224 0.00035372 78.4442
-65.1992 11.4941 16.5504 5.66101 2.66805 16.9098 16.8089 50.0191 3.46054 142.359 49.7267 48.9614 9.91259 4.48716 13.2978 2.92463 0.679642 9.36629 23.1684 8.2103 0.00101525 82.2708
-65.1992 11.421 16.5504 5.66101 2.66805 14.3903 20.1931 50.0191 3.46054 142.359 49.7267 48.9614 5.3189 1.6657 13.4295 2.92463 0.650313 4.64005 19.6201 2.92871 0.000722758 79.5413
-65.1992 11.421 16.5504 4.02073 2.66805 16.5676 23.576 50.0191 3.46054 142.359 49.7267 48.9614 5.20792 1.04543 9.96139 5.09613 4.475 6.03999 19.6201 2.46312 0.000771875 84.0944
-66.5788 9.66659 16.5504 5.50671 2.66805 17.3275 21.9631 31.8258 12.7776 142.359 49.7267 48.9614 9.25757 4.5508 7.79253 10.8213 4.475 4.03568 12.3881 4.19236 0.00083543 80.8236
-66.5788 9.66659 15.5488 6.39306 2.66805 23.8461 21.9631 31.8258 12.7776 142.359 49.7267 55.0675 4.57243 1.58152 7.61213 6.12621 10.528 8.98124 12.3881 6.64417 0.000913872 82.2989
-66.5788 9.66659 12.4603 5.80271 2.66805 18.0868 24.7504 31.8258 12.7776 108.255 96.6534 51.6667 1.22585 1.58152 0.298523 1.19627 18.0185 16.0085 2.5668 1.55026 0.000898328 83.8991
-66.5788 10.1758 11.624 5.80271 2.66805 19.3174 24.7504 31.8258 12.7776 108.255 96.6534 39.9254 1.22585 1.40712 2.0009 0.204586 18.0185 16.0085 1.71063 16.3489 0.000917831 80.1717
-66.5788 10.1758 11.624 5.80271 2.66805 18.1897 24.7504 31.8258 16.9096 98.9568 96.6534 39.9254 5.37433 2.24262 2.75127 3.04025 14.8401 13.1489 2.52485 16.3489 0.000831332 81.7142
-66.5788 10.1758 11.624 5.09304 2.66805 18.1897 24.7504 31.8258 16.9096 105.994 96.6534 39.9254 0.838696 1.74146 8.74457 15.6001 0.510188 11.7291 2.22323 14.6258 0.000994263 78.5711
-66.5788 10.1758 11.624 4.89637 2.66805 18.1897 25.4925 31.8258 16.9096 105.994 96.6534 39.9254 2.58442 2.97487 12.114 6.54776 1.68895 9.11089 5.32673 14.6258 0.000962047 77.46
-66.5788 10.1758 10.364 2.51912 2.66805 20.0345 29.2047 31.8258 16.9096 105.994 96.6534 39.9254 1.31339 2.97487 12.114 6.54776 1.68895 13.6685 5.4562 14.6258 0.00289133 80.6784
-66.5788 10.3735 10.364 2.51912 2.66805 20.0345 30.3229 31.8258 16.9096 106.268 96.6534 39.9254 0.165319 2.47187 9.26671 5.48886 3.00409 13.6685 5.16097 15.1975 0.00289133 80.1206
-66.5788 10.3735 10.364 3.03489 2.66805 20.0345 30.3229 26.5848 16.9096 106.268 96.6534 39.9254 3.01262 1.71062 7.69406 3.93104 10.2431 8.11845 5.75318 15.1975 0.00271844 78.8068
-66.5788 10.3735 10.1485 3.21678 10.0059 12.5443 30.3229 26.5848 16.9096 106.268 96.6534 37.2225 3.06316 9.02733 7.84616 1.80428 10.7746 10.081 5.75318 17.6292 0.00271844 77.2955
-66.5788 10.3735 10.1485 2.0142 10.0059 15.9515 25.2579 28.9808 18.1359 106.268 96.6534 38.1832 0.425225 9.02733 13.113 1.80428 10.7746 1.76455 10.1707 7.33502 2.19616e-05 73.8791
-66.5788 10.3735 10.1485 4.59647 10.0059 15.9515 24.1643 28.9808 18.1359 106.268 97.6002 37.7414 2.35249 9.02733 13.0976 1.80428 4.102 9.46969 8.38886 7.33502 2.19616e-05 76.9202
-66.5788 10.3735 10.1485 4.51381 10.0059 15.9515 22.3501 28.9808 18.1359 111.211 97.6002 37.7414 1.75533 3.17346 6.95555 5.94849 4.102 8.2957 8.19691 8.62759 0.00116953 75.8154
-66.5788 10.4122 10.1485 4.00763 10.0059 15.9515 22.3365 28.9808 18.4013 111.211 97.6002 37.7414 7.47018 3.62534 6.82818 6.81002 2.89554 6.17761 7.81104 8.62759 0.00116953 75.4526
-66.5788 9.34773 10.1485 4.00763 7.60262 16.4044 26.0651 28.9808 18.4013 111.211 97.6002 37.7414 3.3039 9.41606 4.17461 7.54865 4.70821 6.42939 8.77636 11.6065 0.00116953 76.8909
-66.5788 9.34773 10.1485 4.00763 7.60262 16.4044 26.0651 28.9808 18.4013 110.385 94.0075 37.7414 16.7914 9.41606 4.17461 8.35955 5.44872 6.42939 6.47279 0.969994 0.00116953 80.1059
-66.5788 11.1016 8.76806 4.00763 7.60262 16.4044 26.0651 28.9808 18.4013 110.385 89.4801 37.7414 8.22956 10.0006 4.17461 8.79816 3.96093 6.58548 4.29026 0.969994 0.000742702 76.7779
-66.5788 11.2698 8.76806 3.65385 7.60262 16.4044 26.0651 28.9808 18.4013 110.385 89.4801 37.7414 8.22956 12.3843 2.75392 8.52853 2.88205 8.45699 17.5491 0.969994 0.000742702 77.7529
-66.5788 10.4614 8.76806 2.5923 7.60262 17.7277 26.0651 28.9808 23.7138 110.385 89.4801 37.7414 2.81159 4.86814 10.2819 3.55231 2.11123 9.87541 15.2989 2.06729 0.000742702 77.4219
-66.5788 10.5877 8.76806 4.0189 7.60262 17.7277 26.0651 28.9808 20.7293 114.95 89.4801 38.1489 2.20992 9.03798 7.69411 1.35287 1.19408 9.87541 1.95589 65.6694 0.000742702 78.7965
-66.5788 11.2909 9.03849 3.5429 7.60262 16.8583 26.0651 31.1071 9.33571 122.379 88.4258 38.1489 2.20992 8.16332 7.33765 2.48289 1.74949 13.4132 20.6586 61.6817 0.000742702 79.9408
-66.5788 11.2909 9.03849 6.59834 4.93854 17.1746 26.0651 31.1071 14.5607 122.379 88.4258 38.1489 2.20992 5.31048 7.68349 0.287695 2.36323 13.5009 1.67461 6.27904 0.000742702 79.1622
-66.5788 11.1422 9.03849 6.59834 4.93854 15.1845 26.0651 31.1071 12.8748 121.719 88.4258 39.4509 6.75687 4.05347 7.81804 2.55438 2.96807 13.5009 1.67461 18.7994 0.000742702 76.5369
-66.5788 11.1422 9.28305 3.64583 6.30969 12.9929 32.9873 31.1071 7.17444 121.719 88.4258 39.1218 1.89938 4.05347 7.53075 4.27888 6.14107 10.5482 13.9523 11.6209 0.000742702 77.6573
-64.6764 12.3424 9.28305 2.55284 3.92027 15.8309 32.9873 30.8851 7.37068 118.032 88.4258 39.1218 1.89938 4.05347 7.71394 4.56057 8.42915 10.1951 27.2477 11.6209 0.000742702 77.9969
-64.6764 12.6879 9.28305 2.35757 6.2445 15.8309 28.5599 31.7268 13.9821 118.944 85.3941 36.9572 6.63994 4.05347 7.42594 4.3943 8.48094 2.85997 20.3129 22.2005 0.000742702 76.9695
-64.6764 12.6879 9.28305 3.06687 6.7401 14.7761 28.5599 31.7268 11.108 118.944 89.2474 36.9572 5.51614 4.54404 6.90913 1.19971 11.2589 6.31448 24.4358 22.2005 0.00204582 79.2946
-67.5135 12.6879 9.28305 3.06687 6.7401 14.8684 28.5599 31.7268 10.0779 118.944 89.2474 36.9572 10.0855 1.15017 6.90913 3.80681 10.0366 6.37763 36.9971 22.2005 0.00272303 80.548
-14.7598 12.7893 9.28305 4.32946 6.7401 15.139 28.5599 28.5034 10.0779 118.944 89.2474 30.3312 10.1993 1.15017 7.59564 3.80681 10.0366 6.71514 29.3754 19.6733 0.00272303 77.687
-14.7598 12.7893 9.54126 3.20799 6.7401 15.245 29.8738 28.5034 10.0779 118.944 89.2474 30.3312 10.2434 1.15017 7.5518 9.83214 6.35283 5.44173 16.1575 11.8532 0.00222839 76.5471
-14.4237 12.7893 9.54126 3.19671 6.7401 15.2032 29.8738 28.5034 10.0779 118.944 89.2474 30.3312 9.9145 4.34342 7.81743 10.0754 5.76571 3.41461 19.0045 4.07562 0.00222839 76.5869
22.4453 11.0013 9.54126 0.844175 6.7401 15.3988 29.8738 30.5725 10.0779 118.944 88.1598 30.1121 9.40802 6.27966 10.8595 1.38202 5.50721 2.68242 31.3984 7.78365 0.0018845 80.3257
5.5437 11.0013 12.3459 2.07655 1.31812 15.0465 26.1721 32.9651 13.5423 122.865 78.0771 29.186 9.40802 12.822 10.8505 1.38202 7.45063 5.26331 39.5639 49.1811 0.0016834 83.9513
5.5437 11.0013 12.1476 2.52633 1.31812 14.7081 26.1721 28.1183 13.5423 122.865 78.0771 43.7999 7.37149 5.81396 5.65741 4.06092 11.0357 8.98734 33.4507 75.5298 0.00590016 85.2939
-23.4759 11.0013 12.1476 5.49101 1.31812 18.8004 26.1721 27.5765 13.5423 122.865 78.1853 41.7746 6.65486 1.17983 6.25543 4.06092 9.12256 8.98734 33.4507 54.2628 0.00895592 84.2913
-48.3361 15.9326 12.1476 4.47999 1.31812 19.5146 29.3887 22.592 13.5423 122.865 78.1853 42.1435 7.3317 1.17983 8.25031 4.06092 4.57946 8.54876 33.4507 51.8028 0.00725036 85.2415
-67.1138 15.9326 12.1476 4.47999 1.31812 19.5146 29.3887 22.592 13.5423 122.865 78.1853 40.1589 10.2111 1.17983 8.25031 4.06092 6.29318 8.54876 28.462 51.8028 0.0160408 84.4693
-67.1138 15.9326 12.1476 4.25402 1.31812 19.5146 26.0848 22.592 13.5423 122.865 80.8601 40.1589 10.2111 1.51277 8.25031 1.43899 11.1531 8.19202 28.546 6.65324 0.0148964 84.0493
-67.1138 15.9326 12.1476 4.93208 1.31812 20.5469 25.5423 22.592 13.5423 122.865 80.8601 44.866 5.9125 1.3981 8.25031 0.868187 0.539685 8.968 28.9707 6.65324 0.00390793 83.6491
-67.1138 16.4769 10.6856 4.93208 1.31812 20.1577 28.1141 22.592 13.6529 122.865 80.8601 44.866 7.95923 1.48951 10.7445 0.868187 4.34705 7.59357 25.5053 16.4467 0.00481019 82.8722
-67.1138 16.4769 11.403 4.76744 1.31812 20.1577 28.1141 20.2258 13.6529 122.865 80.8601 44.866 7.95923 15.4251 13.3046 3.20127 0.303534 3.98354 27.8867 7.93691 0.00224478 84.5468
-67.1138 16.4769 11.403 5.04922 1.31812 20.1577 27.6388 20.2008 13.6529 122.865 80.8601 42.3354 5.87314 10.975 8.60988 4.16238 5.86743 3.31265 27.6677 11.659 0.0043902 80.5954
-67.1138 9.59341 12.7351 5.11849 8.36367 20.1577 25.4304 24.1495 10.6475 122.865 80.8601 42.3354 5.87314 10.975 8.60988 4.65882 5.86743 0.326972 46.5542 23.2578 0.00653186 83.9393
-67.1138 8.53895 12.873 4.16315 8.36367 20.1577 26.7453 22.9066 10.6475 122.865 80.8601 42.3354 6.79182 10.2058 8.87538 4.76358 6.50222 0.326972 35.8903 14.5259 0.00457442 82.7723
-19.0571 8.53895 13.2728 5.7482 6.37064 15.3574 24.5973 28.1072 10.6475 121.479 80.8601 42.3354 8.8468 8.14703 0.807831 4.62327 7.31278 4.06642 34.2763 5.59411 0.00208402 79.5167
-9.43215 8.53895 13.2728 5.82038 6.37064 15.3574 24.5973 28.1072 10.6475 121.479 80.8601 42.3354 7.87069 7.83213 0.807831 5.0205 7.31278 3.64067 34.2763 4.66548 0.00245361 81.2005
17.2742 8.62784 10.7349 5.31758 3.88399 18.2355 27.8995 30.3961 5.1461 121.479 80.8601 42.3354 6.4725 6.88691 3.78897 4.46302 4.69883 6.34813 20.1578 39.6233 0.00245133 79.2697
48.3367 3.25312 4.77093 0.439132 19.1902 10.6552 32.9663 30.9401 5.1461 125.987 80.8601 35.5009 5.21584 8.57705 4.62356 3.00341 4.69883 13.8216 25.6978 21.4094 0.00295531 76.9219
48.3367 0.788369 8.89099 0.478174 19.1902 10.6552 31.5611 30.9401 5.1461 125.987 80.8601 35.5009 3.18759 7.9786 11.0946 8.58181 4.69883 5.49383 16.5509 45.8089 0.000527847 75.0187
48.3367 1.77446 9.2918 0.478174 17.7619 10.1493 31.5611 31.865 5.1461 125.987 80.8601 36.9692 11.5897 9.65922 10.3694 8.114 4.69883 6.07993 7.9658 26.2662 0.000527847 77.0628
48.5741 1.25392 9.10944 0.478174 17.7619 13.0549 27.851 31.9989 6.01567 125.987 80.8601 33.064 11.5897 7.61836 10.3694 10.6899 9.06968 4.0601 3.3223 19.3938 0.000527847 75.2361
50.6798 0.757266 9.10944 0.478174 17.7619 12.0032 29.9467 31.9989 6.01567 125.987 80.8601 33.064 5.22498 7.04717 17.7497 10.5687 9.60401 4.0601 3.3223 21.2311 0.000527847 75.7333
50.956 0.682887 10.4186 0.478174 18.2007 12.0032 30.8895 22.7556 6.01567 127.945 80.8601 38.3508 7.42507 10.432 5.48144 2.58947 9.16482 8.8921 11.3349 43.9348 0.000527847 78.7179
49.9239 0.748759 2.86584 0.478174 27.6942 8.86155 32.9325 27.3839 6.01567 127.945 75.4329 38.3508 0.067273 10.4991 5.9581 12.6819 9.16482 6.37587 11.781 20.439 0.00260146 79.2669
45.969 0.311644 2.91382 3.36778 27.6942 6.82888 32.9325 26.4321 6.01567 127.945 75.4329 38.3508 0.067273 10.9194 5.9581 12.1124 8.88031 3.78014 8.56791 11.6908 0.0170751 79.7813
45.969 0.646963 5.25657 0.934691 27.6942 1.94525 41.4736 26.0479 6.01567 127.945 75.4329 38.3508 0.067273 7.99012 5.9581 8.85756 9.08134 9.17035 13.8243 50.9755 0.0113586 81.9998
45.969 0.646963 3.25805 0.934691 28.7438 0.282285 41.4736 26.0479 6.01567 127.945 75.4329 38.3508 1.61706 1.68978 4.97392 11.7074 9.08134 9.17035 5.64857 58.0224 0.00883068 82.1282
46.4863 0.646963 0.721955 0.934691 28.7438 3.40299 43.1698 26.0479 6.01567 127.945 75.4329 38.3508 1.61706 1.68978 5.81273 11.7074 9.08134 7.14983 12.7766 58.0224 0.0190478 83.2367
46.2319 1.16592 0.775613 0.934691 31.657 1.07145 43.1698 26.0479 6.01567 131.285 69.5655 35.154 3.27143 1.42809 8.82242 17.9856 6.86508 1.45032 7.16189 58.7739 0.0163755 85.563
45.8246 0.532567 1.47275 0.934691 25.5794 1.07145 40.3431 25.136 6.01567 131.285 73.8775 42.9868 9.93034 12.5531 3.90724 17.5304 0.195445 0.417717 5.19132 24.0242 0.0169145 83.9072
45.8644 0.565866 1.05476 0.934691 25.5794 1.07145 40.3431 25.136 6.01567 131.285 73.8775 42.2986 7.37427 11.405 5.51513 26.8461 1.4953 2.7894 3.84339 29.6876 0.017714 84.0167
44.1025 1.07756 2.38777 6.45824 25.2374 1.07145 40.3431 25.136 9.01058 126.092 73.8775 42.2986 3.41501 13.2385 4.81004 9.53193 2.88759 0.757625 19.1729 71.2365 0.0226877 83.2577
46.3205 0.0667655 0.613545 1.42707 26.6518 1.07145 36.3862 25.136 19.3906 123.233 73.8775 42.2986 3.41501 9.79615 4.2122 8.86553 2.88759 2.44626 46.4222 39.8284 0.00188778 80.5449
46.0704 0.0667655 0.613545 1.42707 27.1905 2.11592 36.3862 21.1365 19.3906 124.908 73.8775 42.2986 1.58038 7.38788 2.03288 22.5404 5.74924 2.41948 42.5585 39.8284 0.0012373 80.3216
46.1347 5.97296 0.613545 1.42707 27.9726 2.11592 35.067 20.9326 19.3906 124.908 73.8775 38.1011 1.25043 10.6809 2.94294 14.6 5.74924 1.8264 45.6066 39.8284 0.0012373 78.348
46.245 3.23878 3.2155 1.42707 29.3693 2.2975 35.067 31.4905 16.3185 124.908 73.8775 38.1011 7.83322 8.64452 1.38085 2.34957 5.74924 0.475336 38.5823 6.00342 0.0012373 81.8305
46.2326 3.60932 3.37674 0.978453 27.0611 1.66447 22.9793 31.4905 16.3185 124.908 73.8775 38.9918 7.92103 9.66765 1.58874 13.9223 13.9452 1.30316 43.7233 5.54553 0.00955816 83.9925
46.3117 3.01574 3.2638 0.978453 26.9839 1.66447 25.999 27.5222 23.0621 124.908 84.9304 28.2817 5.47853 1.09672 3.1088 15.3902 12.3422 0.338466 36.9566 8.88395 0.0233637 82.3749
46.4041 2.76978 1.10031 0.224111 26.9839 3.40933 28.5881 29.1645 19.9879 120.751 84.9304 42.9134 2.42129 0.142214 3.85711 7.90198 12.3422 1.45559 17.0546 21.5321 0.0111286 82.1411
46.3612 3.46582 1.6494 0.224111 25.9291 3.89164 28.5881 24.5353 19.9879 120.751 84.9304 42.9134 4.77246 2.68714 2.80075 13.2162 7.87167 0.625531 16.2598 30.9628 0.0107435 78.9973
48.1281 4.11841 2.98108 1.22187 25.0243 2.61792 27.2492 24.5493 15.3503 120.751 84.9304 42.9134 6.91436 0.996387 3.60557 18.0152 2.90121 0.659047 45.936 22.4195 0.0137919 79.0663
50.5534 4.06787 3.32171 1.55077 25.3197 1.54737 25.7753 28.3895 20.6791 113.173 84.9304 43.4672 13.4434 5.05283 3.34715 6.11994 4.46474 4.79714 24.3843 36.2674 0.00517839 77.2028
48.7809 1.75063 3.01272 2.76935 27.339 1.58055 25.472 27.8025 23.4137 113.692 84.9304 36.8639 15.6116 11.4301 3.31042 5.61611 1.80768 1.94821 6.26796 42.14 0.00388924 76.8068
50.5852 1.14957 2.57412 2.31867 26.9378 8.18724 13.2395 27.8025 29.502 113.692 84.9304 36.8639 7.92575 13.7947 3.60781 0.161798 16.2871 1.48167 7.43733 2.83517 0.00785472 77.7358
42.7064 2.31336 2.91203 3.58173 26.0739 10.447 8.946 27.8025 31.7677 113.692 89.9297 33.5265 5.78363 8.41464 3.38352 3.43306 15.9799 3.04276 11.8021 9.83243 0.0202885 76.2664
29.6214 2.41839 3.02577 4.27826 25.1461 12.2468 4.35959 27.8025 25.1604 113.692 100.219 33.5265 7.23675 4.09309 3.39678 2.22594 28.6071 3.62471 27.0779 17.2255 0.0174511 83.7816
48.1482 2.10203 2.99517 8.68072 28.5738 10.8418 7.53943 24.0276 25.1604 113.692 94.3179 35.5783 5.72208 3.18019 3.33509 2.18671 12.9573 3.74271 42.5925 4.29879 0.00679298 76.9682
29.499 2.10203 2.99298 9.66983 28.3784 10.7274 9.40732 22.0117 23.4911 113.692 94.3179 35.5783 6.88557 16.6613 3.16895 2.18671 9.65742 8.69407 37.1346 16.0463 6.38099e-05 77.2333
27.9443 2.10203 2.98731 9.18948 27.6319 7.59028 13.0736 22.0117 25.0065 113.692 94.3179 34.3111 2.68465 7.47002 7.9942 1.99073 9.65742 8.03315 4.14169 12.6824 0.00111449 78.0293
41.1811 2.10203 2.93156 9.18948 27.6319 8.60061 14.7905 22.0117 24.224 113.692 90.8518 35.8126 4.25429 2.17165 5.76233 5.48667 9.65742 10.5997 16.8457 49.2724 0.00111449 76.0402
41.3943 2.10203 2.0995 9.18948 24.8286 15.1413 10.1024 32.509 19.3842 114.209 78.9034 38.878 2.99115 16.6834 5.41355 5.18898 9.65742 2.4277 17.1159 43.3896 0.00111449 82.1095
40.6874 4.50279 2.06167 10.5154 21.7242 15.3324 5.36418 27.65 19.7073 119.533 89.0993 33.2224 4.47026 2.4887 6.06611 6.25105 6.83663 8.87565 16.9303 9.54855 0.000149954 73.4538
55.7082 5.10893 0.934099 11.3539 20.8412 15.3324 5.36418 27.65 19.7073 119.533 89.0993 31.8129 0.76505 6.79362 7.20689 8.49442 6.51819 7.4053 10.0331 9.54855 0.00123844 77.1483
50.9097 4.5852 0.937318 7.79795 17.4928 15.3324 22.099 15.6212 27.5688 123.888 83.1612 33.0432 0.76505 7.81927 9.18962 11.9174 1.85554 16.653 1.28147 11.6862 0.00429285 81.1578
44.8917 7.13635 2.49071 7.93702 17.6687 12.4859 20.1835 16.8928 29.5748 127.322 80.4851 25.9645 4.13626 7.73993 3.48497 15.3281 0.779885 13.7483 5.59197 7.29413 0.000470973 74.0736
37.2268 7.44801 2.49071 7.93702 17.6687 12.4859 20.1835 15.7934 29.5748 127.322 80.4851 29.2767 3.97627 8.22498 1.8279 14.1569 1.67633 11.0319 5.59197 7.29413 0.000470973 74.4239
45.5034 7.91241 2.49071 7.14148 17.3618 11.6725 20.1835 22.1548 17.8641 137.947 80.4851 29.2767 3.97627 8.22498 1.71494 10.1545 1.43438 10.5176 7.01791 8.27354 0.000470973 73.5684
47.0745 7.33294 3.5596 4.71742 17.3618 17.0826 20.0418 18.8346 14.12 137.947 74.6736 32.0845 3.258 6.52209 2.00986 8.08949 2.58793 14.3759 20.0662 18.6296 0.00852597 79.516
48.324 7.12954 4.72105 4.71742 17.5602 13.343 18.3701 23.6969 18.3697 140.212 74.6736 31.8862 3.258 5.56455 2.47441 10.4432 0.312162 11.476 29.4797 20.5284 0.00852597 76.6746
48.7434 7.36475 5.08714 3.66472 17.5086 12.7103 18.0282 32.6252 9.64527 140.212 74.6736 25.8603 10.8492 1.18909 3.14435 14.5521 2.77158 12.616 46.4513 26.4596 0.0165799 80.867
48.7931 7.6943 5.07217 4.33253 18.5319 11.7842 18.0282 32.1554 12.6824 134.196 74.6736 24.0288 7.73279 2.09336 2.56733 14.4897 10.3007 9.55615 34.8633 13.6464 0.0110307 80.9486
49.0006 7.79044 4.66382 4.42624 17.5196 11.786 19.2815 31.3309 11.3676 134.965 70.382 40.9863 3.51842 3.33738 2.99808 8.88444 13.4152 11.264 12.8822 23.0288 0.00946435 78.4891
46.0667 7.79044 5.03585 4.55906 18.0822 10.1585 23.2238 26.0216 11.3676 134.965 70.382 44.8591 3.08065 5.22774 8.23408 3.8103 1.739 12.3877 6.06578 15.6844 0.0028269 72.4518
45.4623 7.79044 7.37127 2.03791 19.2765 9.45351 23.2238 26.8641 11.3676 134.965 70.382 44.5133 0.475353 4.27935 1.70366 4.24586 1.72303 13.7954 21.3967 23.4924 0.000728098 74.8185
45.3473 7.79044 7.37127 2.03791 19.346 9.62068 23.2238 26.8641 10.1627 134.965 70.382 44.5133 0.475353 6.15408 2.06302 2.32274 1.45284 18.7213 56.2676 49.0861 0.000728098 78.556
47.2885 6.49911 7.37127 3.03777 20.3225 10.8104 18.9338 28.1833 10.1627 136.416 70.382 37.221 7.84845 3.28613 10.7428 2.32274 1.98358 18.9182 29.4524 25.4805 0.00282532 76.3063
47.6035 7.08464 7.37127 1.9417 19.8989 10.8076 19.7417 29.8149 10.3513 136.416 70.382 37.221 4.23621 5.60026 13.4382 2.41838 1.223 2.60304 44.2492 16.0144 0.00282532 75.492
47.0308 7.71951 7.37127 1.88557 20.1165 10.5071 18.1878 27.0664 12.7591 140.04 54.9242 49.5145 2.96454 8.95418 13.4382 2.82918 2.31326 6.13372 45.7789 3.51376 0.000411883 72.3764
47.3313 7.77575 6.56562 2.88705 20.1165 9.94505 18.1878 27.0664 12.7591 140.04 54.9242 49.5145 2.96454 8.95418 15.5492 2.82918 1.88894 6.13372 40.264 7.92204 0.000411883 72.6662
47.7242 7.77575 6.56562 2.88705 20.7691 9.68912 18.1878 27.0664 12.7591 140.04 54.9242 49.5145 2.96454 8.95418 15.5492 2.82918 3.32942 6.13372 40.264 7.92204 0.000411883 73.8903
50.2246 7.77575 6.24139 1.86625 25.4916 3.67789 19.8456 22.4178 13.9606 129.44 71.8974 45.2708 6.11434 6.56484 9.12264 1.90458 2.48214 12.5035 17.63 10.6324 0.000490819 80.4007
43.236 7.77575 2.68601 1.73724 30.1381 10.7566 6.83079 36.6752 12.057 134.685 66.5441 46.3009 6.77178 2.26355 16.7177 3.74633 2.76488 14.0011 13.4881 24.6021 0.000144646 75.6318
48.9412 7.77575 2.12656 2.64683 30.1381 11.0894 9.15493 36.6752 11.6148 128.475 66.5441 46.3009 5.47937 2.26355 7.63503 5.49085 7.33815 9.76954 2.8668 11.9847 0.000144646 72.8173
34.4115 1.25299 2.12656 2.60641 30.1381 11.8162 16.2559 36.4181 13.0173 128.475 63.0072 46.3009 4.732 20.1119 6.00684 3.77506 7.53056 9.66306 5.6043 8.06994 0.00177286 77.9037
35.4943 3.04438 3.03454 0.347506 30.9988 11.0429 16.2559 30.6953 13.9513 128.475 63.0072 40.5587 3.18823 20.1119 3.12199 3.76416 2.41502 10.0766 5.05166 9.39047 0.00177286 82.8719
48.0786 3.04438 2.33206 7.86691 24.8573 11.0349 16.5142 33.3454 9.86327 128.475 70.9053 39.1134 0.626359 20.1119 5.84774 7.86084 8.82786 0.171515 6.90665 11.6825 0.00149369 77.1057
50.5346 3.64211 2.5317 7.86691 22.8119 9.65274 21.0966 32.303 12.3181 128.475 70.9053 37.019 0.626359 23.1552 5.84774 2.85079 5.27369 3.78474 21.5915 31.1884 0.000169264 73.5879
51.209 4.39563 2.59674 8.14013 20.007 9.14327 17.2523 36.5604 12.9639 128.475 70.9053 37.019 3.76041 15.3283 4.7437 5.55796 6.7991 3.78474 31.3416 21.9527 0.000169264 76.1849
51.1201 4.39563 2.59674 8.14013 21.5219 11.7537 17.2523 34.0387 7.68912 128.475 70.9053 41.653 4.32883 15.5968 2.49 5.55796 5.73963 4.99552 33.2775 2.88479 0.000929378 74.0402
49.2873 2.77372 3.99599 7.22662 20.4771 14.3192 17.2523 34.0387 9.99944 128.475 70.9053 41.653 8.50917 9.45166 2.49 1.00801 8.21566 5.35899 26.877 2.88479 0.00237068 76.6327
64.7899 2.77372 7.21752 5.50626 16.9251 14.3192 15.5451 38.9826 7.58576 128.475 70.9053 41.653 9.634 10.2334 2.49 7.40757 3.57921 2.52641 27.113 3.33192 0.000597147 74.3642
44.2415 2.75549 7.80517 5.57101 19.8414 14.3192 12.2258 37.8472 7.58576 128.475 70.9053 41.653 7.90268 9.34656 2.49 4.02313 9.11926 2.21497 34.163 16.2084 0.000597147 74.8511
44.2415 3.15703 9.1728 5.45001 19.5634 13.8121 11.5117 39.4428 7.33292 128.475 70.9053 41.653 8.13962 4.63271 5.73251 4.5 6.46438 9.19639 17.8562 17.7794 0.000604254 74.5517
44.3887 2.98016 8.8353 5.45001 20.0312 16.6067 10.0859 36.6349 7.89796 130.944 70.9053 41.653 5.88695 6.27945 3.22506 3.58869 12.025 5.52131 43.2595 19.3242 3.11864e-05 74.7737
49.2818 7.3114 8.8353 1.13078 16.8662 10.9464 6.75258 44.1106 6.6861 158.191 46.2043 44.0161 9.74515 5.12946 5.97315 2.00475 12.0301 0.665429 50.2794 19.7954 3.11864e-05 72.9791
49.2818 7.75405 9.10459 1.13078 16.4502 10.851 8.76725 41.4308 6.86673 158.191 46.2043 44.0161 13.5711 5.78631 2.73971 2.00365 11.2142 0.665429 40.9454 18.4564 3.11864e-05 73.5571
42.4209 7.75405 9.38699 1.353 17.1424 10.9454 7.78575 41.745 11.6699 158.191 46.955 44.0161 13.0466 0.926193 6.49039 2.34222 5.74648 1.57978 33.6478 40.5168 3.11864e-05 75.1406
43.6248 6.25067 10.2435 1.07059 20.2661 11.0446 1.91546 41.745 10.7015 158.191 46.955 44.0161 1.6944 6.54689 5.96631 0.593303 11.9523 5.88813 13.1903 39.2917 3.11864e-05 73.9586
38.7479 4.95015 10.1595 0.589702 23.2941 10.842 1.91546 41.745 10.5727 158.191 47.407 44.0161 1.39008 6.54689 12.8016 0.0959081 6.53482 9.22346 18.1958 52.4765 3.11864e-05 77.4915
48.3132 4.95015 8.35562 2.93777 23.2941 10.1996 1.91546 42.9338 12.5229 158.191 47.407 40.5894 3.7779 8.6235 16.1609 10.6409 4.93251 3.95529 25.3522 1.67338 3.11864e-05 77.791
46.9978 6.30919 8.60478 1.08795 23.2941 9.46906 1.91546 44.5331 9.40043 158.191 47.407 40.5894 3.11157 2.33986 6.71442 9.46676 3.74496 0.627668 56.4327 5.20045 3.11864e-05 78.1316
48.4023 6.43434 7.038 1.69594 22.125 9.14289 4.42144 42.6785 9.57112 158.191 47.407 40.5894 1.50419 2.33986 5.82072 10.0854 13.1663 16.296 30.0827 8.40678 3.11864e-05 74.3065
46.5164 5.99084 6.96617 3.29919 22.125 9.14289 4.42144 42.6785 9.49079 158.191 47.407 40.5894 2.41096 2.33986 5.07813 10.0854 13.1663 7.03741 20.1551 23.6822 0.00126353 75.3955
45.0947 6.30672 6.96617 2.43654 22.125 9.14289 4.42144 42.6785 9.56277 158.191 50.0259 40.5894 0.2376 5.05301 5.22406 7.46186 13.1663 6.39998 20.6819 24.8604 0.00274205 78.8288
46.8241 6.01706 6.12688 4.60494 22.7754 9.51101 2.62993 46.7953 9.49784 119.963 79.6773 40.5894 2.79273 3.80051 3.95389 22.2279 9.73925 0.247755 24.816 6.24381 0.00275898 78.1919
46.6339 7.24198 1.59836 4.60494 25.9177 9.51101 2.62993 46.7953 9.26875 119.963 81.8252 40.5894 1.46526 5.49764 3.98715 16.6529 2.38194 1.29764 24.4839 4.68788 0.00243768 75.6992
51.3017 7.24198 1.59836 4.89804 25.9177 9.51101 0.809044 46.7953 9.02698 125.802 81.8252 38.8598 0.644488 5.74504 3.94893 17.2848 2.38194 5.39252 24.8189 9.32372 0.00312548 75.3612
44.6228 7.24198 1.51862 6.11764 25.4234 9.67278 1.50336 52.907 8.6249 125.802 79.4913 38.8598 0.20742 5.50673 3.96155 11.2487 11.2818 0.39125 26.9032 9.5869 0.000101135 75.2909
51.4143 6.21756 1.51862 6.11764 25.4234 9.67278 0.517514 49.6188 7.89998 125.802 79.4913 42.0506 0.20742 8.09515 3.55254 6.9372 13.3403 3.0332 14.6193 4.31766 0.000101135 73.1349
51.4143 6.46522 1.51862 5.0057 27.4271 9.67278 1.48887 46.1243 7.87526 125.802 79.4913 38.142 0.283776 16.9645 4.15168 6.9372 4.74775 3.58829 12.8127 3.10816 0.000101135 73.9381
51.4143 6.46522 1.51862 5.0057 27.4271 8.85912 1.52804 45.0366 7.87631 125.802 82.6495 38.142 0.283776 19.7242 3.28749 7.64402 6.35145 3.80761 7.94726 14.6137 0.000101135 72.6894
51.1598 6.58907 1.42244 5.0057 27.013 8.85912 1.42391 46.3195 7.84571 125.802 82.6495 38.142 0.283776 17.1109 3.63879 4.71782 6.79698 9.01322 10.9959 17.029 0.000101135 72.6638
53.4195 6.63014 1.73412 5.0057 27.013 8.05067 0.992811 48.7496 7.85757 125.802 82.6495 38.142 3.75808 17.1109 4.04715 9.47236 2.323 8.40942 37.4829 9.28541 0.000101135 76.0499
53.1462 6.73937 1.73412 5.0057 26.1629 8.05067 2.9645 49.6838 7.8681 125.802 89.2802 22.3866 6.83231 9.35299 4.5806 12.726 2.72388 0.981569 14.9274 10.7574 0.000101135 72.0765
53.7772 5.83585 1.73412 5.0057 26.1629 8.05067 4.13357 50.4053 7.86819 125.802 90.8508 21.0514 10.8114 0.32219 0.995041 12.726 3.70989 15.1124 15.5486 14.9621 0.000101135 75.601
53.8566 6.5951 2.11583 3.44458 26.4832 8.05067 6.72236 54.2073 2.79391 125.802 90.8508 24.3617 6.89828 8.18436 2.3041 2.37129 8.34387 3.90799 32.2183 25.7089 0.00270294 78.8937
55.8194 6.42681 2.77115 2.98546 33.8801 8.05067 4.55579 48.8534 3.37909 123.003 90.8508 21.6951 6.60303 7.45544 0.974424 2.31622 10.3939 10.3717 9.226 9.42366 0.000245758 72.8666
54.4133 7.74729 2.41864 0.875092 25.8475 9.33319 4.88951 47.1312 7.08105 125.927 96.6454 21.2414 8.43243 6.81965 4.76994 2.89297 10.2821 8.40915 1.30367 12.6844 0.00100259 76.4549
54.9818 7.79684 3.10714 2.24028 24.9904 9.33319 2.32761 15.541 41.4545 125.927 95.2432 17.9745 8.00299 7.04569 6.05794 1.25583 7.74847 15.6724 1.30367 16.9494 0.000733154 74.3591
54.9818 7.79684 3.58477 2.24028 24.0097 9.33319 3.22331 15.541 41.4545 125.927 95.2432 17.7947 8.34958 6.21447 2.54615 2.0182 0.617989 15.6724 23.9009 16.9494 0.000685696 75.4603
57.2175 6.15361 4.34313 2.99059 24.2334 7.31422 5.57943 15.541 40.124 125.927 95.2432 17.3044 6.80411 8.04673 10.8299 6.23317 1.21497 6.08925 1.55841 22.1355 0.0014848 75.0097
55.5621 5.94406 5.41752 3.79324 24.8373 7.37138 4.74606 22.6918 40.124 122.982 95.2432 14.8602 6.57039 9.43483 10.9302 2.92068 3.31294 7.55821 1.55841 18.8921 0.00324923 78.1512
42.3214 6.35779 5.55398 3.59659 24.1168 9.06227 4.74606 15.1025 40.7969 120.141 95.2432 26.2476 4.34066 8.32714 20.6094 9.9536 1.96765 4.87862 7.60488 27.7658 0.00582936 80.3812
40.1136 8.54529 7.20597 1.51577 24.2505 12.1253 8.72797 18.7306 28.6255 101.083 117.256 26.2476 3.15346 2.62895 18.4022 10.2053 3.6319 6.1108 4.02942 33.3462 0.00209268 82.081
40.1136 6.94511 6.72058 1.18331 23.9422 11.4222 8.72797 24.9741 25.4285 101.083 117.256 24.9908 3.76457 2.62895 13.5613 10.2053 4.02735 6.1108 0.40584 47.7786 0.00217349 81.439
44.0069 6.57544 7.60065 1.18331 23.5743 10.6255 16.6547 16.5808 23.2366 101.083 117.256 22.9983 2.88683 6.75875 13.2851 8.00999 3.94643 9.01042 4.88205 37.1698 0.00278984 74.9696
69.3038 6.11362 4.40752 1.18331 23.9085 8.55529 20.3874 16.5808 29.5412 96.2775 117.256 27.7569 2.73714 1.01386 10.7079 6.77792 6.35078 8.71166 10.0245 49.25 0.00425832 77.9545
61.0854 6.11362 4.37669 2.30094 24.1032 6.13817 21.9536 16.5808 30.8902 89.3047 117.256 27.6492 5.15271 3.97783 9.0571 3.49629 6.12232 4.39494 23.51 37.7694 0.00148786 77.2022
54.7563 5.31252 6.1655 2.65641 24.9271 7.86676 18.2143 9.17577 33.0155 85.4549 140.471 11.2929 14.2549 6.92525 7.29529 6.9304 2.31956 4.43916 31.4201 56.0399 0.000398557 76.6214
54.7563 5.53301 5.81459 3.26969 24.3707 2.17835 26.5438 3.42555 33.0155 91.7922 139.15 14.1926 8.65597 7.03138 5.4903 3.0677 4.88222 2.75532 14.4497 56.0399 8.68323e-05 77.1949
43.763 5.53301 5.81459 3.7236 24.544 1.95346 26.6987 5.83842 37.3162 86.8304 142.512 13.9559 8.65597 7.43798 3.12401 3.0677 0.798529 9.77223 1.59253 56.6417 8.68323e-05 79.1724
49.1307 5.53301 5.57299 4.48333 23.7911 1.8389 29.2957 13.8545 24.4218 86.8304 138.076 15.4325 15.059 7.45748 1.03673 3.72036 0.798529 6.29769 44.926 11.9801 8.68323e-05 75.5356
49.1307 5.81488 6.67678 3.43245 23.7165 2.31217 29.2957 17.0944 20.6502 86.0229 137.456 16.4981 12.2112 6.18094 0.818763 2.23814 0.977648 10.3873 27.8167 2.5617 8.68323e-05 73.2232
34.7596 6.21082 4.83107 2.08569 23.7323 1.7728 35.7354 16.448 22.3279 82.6206 138.508 13.8556 6.30139 6.40587 1.87647 3.1041 3.3911 19.367 7.22322 5.16339 8.68323e-05 75.8353
52.3042 3.66715 5.42404 4.46941 24.0791 1.55195 35.2884 13.8612 24.8369 80.0851 138.852 15.2708 4.53472 7.23466 6.67265 5.25309 4.90216 16.2843 6.33798 8.58866 4.37037e-05 71.1194
49.7351 0.705786 13.6037 1.1167 22.9261 0.621081 34.2447 15.2653 32.0403 72.4006 136.98 23.618 3.26727 3.43941 8.89349 3.93302 6.91081 8.1326 18.7476 22.6618 4.37037e-05 74.1551
44.9836 0.705786 14.4569 1.88475 23.7046 0.769618 33.3827 7.12644 32.0403 73.442 135.214 31.374 3.17279 3.86976 2.21429 5.02688 12.5822 7.47645 19.5107 43.935 4.37037e-05 79.4451
33.4638 0.705786 14.4569 2.66181 21.5248 3.22143 33.3827 7.12644 32.0403 73.442 136.765 31.5266 7.73155 0.614232 0.449224 4.10115 11.3201 5.80462 19.5107 35.2186 4.37037e-05 76.484
37.7395 1.06753 14.0478 1.04037 26.3771 2.11971 22.1165 7.12644 38.0758 63.5394 146.085 34.1536 0.866962 14.4447 0.449224 4.79439 2.51203 10.8307 11.9245 27.5385 4.37037e-05 80.8581
20.8738 2.42082 9.78091 0.156349 25.8305 1.94376 24.345 16.5114 38.0758 66.3502 142.887 26.503 0.499296 11.0619 0.449224 10.2827 0.869374 15.8765 14.3617 19.8405 4.37037e-05 79.5117
0.647547 4.1937 9.78091 0.156349 25.068 3.07335 24.345 16.5114 38.0758 66.3502 150.303 25.0781 0.499296 5.33352 0.449224 10.2827 1.8353 12.1315 10.4578 25.7851 4.37037e-05 77.5634
1.07358 4.1937 9.78091 0.905726 23.624 2.44469 37.6288 11.2874 38.0758 57.3443 150.303 24.9221 1.1135 9.5592 4.30966 3.78493 0.697566 25.2728 3.39848 24.3071 4.37037e-05 82.2537
1.07358 3.47231 9.78091 1.47432 23.624 2.44469 37.6288 11.2874 38.0758 56.3892 150.303 24.9221 1.1135 0.147351 3.5981 2.0954 0.697566 25.2728 3.39848 24.3071 4.37037e-05 79.9161
20.1149 1.36212 7.57683 1.40347 16.253 2.43349 44.1967 11.2874 41.109 56.3892 150.303 24.9045 1.1135 0.147351 3.5981 2.73772 2.99439 22.8391 1.09691 8.36133 4.37037e-05 78.7019
33.7345 1.32581 7.57683 1.53903 16.253 2.37985 44.1967 11.2874 39.3722 44.8359 163.383 24.9095 1.1135 2.55049 2.52832 5.05145 1.70954 15.7121 1.09691 8.36133 4.37037e-05 76.9076
46.0947 1.32581 7.57683 0.605806 16.253 2.30381 44.1967 13.7244 37.4429 41.301 163.383 24.8868 0.935357 6.25957 0.438586 6.60463 1.70954 14.5269 1.24148 3.0862 4.37037e-05 79.4533
46.0947 1.32581 7.57683 1.21706 14.3067 2.51821 44.1967 9.43113 43.8533 41.301 165.983 25.6287 1.45971 5.39055 3.46271 14.4284 4.42154 3.39407 1.36802 3.0862 4.37037e-05 77.4685
46.7642 1.32581 7.57683 0.704083 14.3067 2.27266 44.1967 1.7291 43.8533 41.301 165.983 30.0409 1.30446 2.82817 3.46271 17.6775 4.28377 3.93407 2.20176 12.4688 4.37037e-05 78.9375
49.1252 2.89646 6.02199 0.704083 13.847 2.60519 44.1967 0.197415 43.8533 54.3812 165.983 31.1365 0.378912 6.6107 2.88335 1.56551 4.07477 5.43981 0.567817 45.2229 4.37037e-05 79.3433
52.9421 2.89646 6.02199 0.704083 13.847 2.65099 44.1967 0.197415 43.8533 54.3812 165.983 31.4013 0.378912 9.09005 2.55838 1.56551 3.59925 2.98142 9.12118 28.2505 4.37037e-05 78.0048
58.4589 2.89646 5.04927 2.30288 13.847 2.2971 44.1967 0.197415 43.8533 54.3812 165.983 24.1318 8.48804 3.84595 6.56037 1.56551 1.13589 2.78756 33.1792 21.6905 4.37037e-05 77.8225
53.6298 1.95551 5.04927 2.91812 13.847 2.88531 44.1967 0.197415 43.4037 54.3812 165.983 20.0629 11.3404 1.35204 6.78727 1.56551 0.534927 6.81947 12.3742 21.6905 4.37037e-05 76.6489
53.6298 1.95551 5.04927 1.96165 13.847 2.88531 44.1967 0.197415 43.4037 54.3812 165.983 20.0629 11.3404 0.911611 10.4902 1.56551 0.534927 6.59226 9.57425 21.6905 4.37037e-05 75.4288
53.6298 1.24126 5.04927 1.91025 13.847 4.88835 44.1967 4.18424 45.2563 54.3812 165.983 12.325 11.3404 1.55289 12.5511 2.92122 2.33311 6.59226 4.70238 29.2513 4.37037e-05 74.8712
42.6337 1.24126 5.04927 1.91025 15.8465 4.21613 44.1967 4.18424 37.8638 54.3812 165.983 11.4889 9.24814 5.45691 2.44262 8.05265 2.33311 6.92577 4.70238 29.2513 4.37037e-05 73.2132
46.7677 1.24126 4.84565 1.91025 15.8465 4.21613 44.1967 4.18424 37.8638 54.3812 165.983 11.4889 9.46025 2.26764 2.35586 9.04266 12.3669 6.92577 37.3969 39.8859 4.37037e-05 74.2148
46.7677 1.24126 4.84565 1.8614 15.8465 4.21613 44.1967 4.18424 37.8638 54.3812 165.983 11.4889 9.76154 2.83986 0.729267 6.52629 12.3669 7.0237 33.9974 8.96119 4.37037e-05 72.9561
46.7677 1.24126 4.84565 3.04421 13.5728 4.21613 44.1967 4.18424 36.1626 54.3812 165.983 22.3815 9.26198 2.82081 1.32449 6.70292 7.12394 6.66156 35.5099 0.542505 4.37037e-05 74.3764
46.7677 2.57615 5.44049 3.04421 13.5728 4.14517 44.1967 4.18424 36.1626 54.3812 165.983 16.3582 11.2295 1.26488 4.71013 5.61516 11.0694 4.65731 41.1285 4.26911 4.37037e-05 74.2932
46.0512 2.57615 5.44049 3.04421 13.5728 3.88339 44.1967 4.18424 36.1626 54.3812 165.983 16.3582 10.0625 0.950268 1.4332 7.71769 11.0694 4.83182 2.90597 4.26911 4.37037e-05 72.1673
46.0512 2.49464 5.44049 2.0796 13.5728 4.21323 45.0268 4.18424 36.1626 54.3812 165.983 16.3582 10.0625 0.950268 8.35743 3.9844 11.0694 7.67143 2.75581 8.43018 4.37037e-05 71.7571
29.0563 2.49464 5.72542 2.0796 13.5728 4.50648 45.0268 0.374492 42.5282 59.8855 165.983 7.276 14.0325 0.950268 4.84246 5.94631 11.9265 7.22856 2.75581 11.724 4.37037e-05 74.7801
29.0563 2.141 5.62325 2.67513 13.5728 5.87693 45.0268 1.52085 41.1814 59.8855 165.983 7.276 8.17709 0.950268 5.74724 2.64738 20.4062 5.22082 8.76891 8.6566 0.00057275 77.1775
29.0563 2.141 5.62325 2.30335 13.5728 5.87693 45.0268 1.52085 41.1814 59.8855 165.983 7.276 4.62 2.12383 4.76731 0.444572 14.5715 5.22082 5.18514 2.35675 0.00105814 78.1708
22.7246 1.94728 6.33895 2.25682 13.5728 5.30494 45.0268 3.22888 36.97 59.8855 165.983 10.4532 4.62 6.14503 2.75169 3.85562 10.4284 4.34028 21.6702 2.35675 0.00579178 79.0989
56.4746 5.82791 7.65766 2.25682 13.5728 2.85617 45.0268 3.29505 32.7121 59.8855 165.983 6.46893 4.74377 10.6427 17.3825 5.59542 14.0482 1.5502 12.2728 17.4018 0.00726441 78.4775
53.2543 5.31535 12.3895 2.25682 9.75894 2.65797 45.0268 2.32442 31.7468 59.8855 156.258 23.7665 14.4458 10.7721 2.84761 3.43776 0.54077 1.95975 19.6326 15.6639 0.00335014 79.1982
46.2053 5.69865 12.3895 2.53351 11.3192 0.658319 44.877 13.1054 23.791 59.8855 156.258 24.254 6.65666 17.1048 3.46045 2.42575 0.288172 2.19744 16.6735 19.5558 0.00451277 79.6698
49.7185 5.69865 12.3698 2.53351 11.3192 1.23491 44.877 13.1054 23.4742 59.8855 161.779 21.544 2.67602 17.1048 3.28594 3.63838 0.288172 2.14494 16.6735 19.5558 0.00520394 79.6441
50.6948 6.92808 10.697 3.22315 5.06642 1.65398 44.877 13.1054 23.4201 62.0725 161.779 18.8625 6.76639 15.3127 4.51546 1.17985 0.288172 5.75672 13.5197 14.5528 0.00517875 76.3278
50.6948 7.27026 9.25375 4.27407 5.06642 1.20462 45.698 12.8223 22.9883 62.0725 165.821 14.3521 9.80078 6.97818 5.45224 2.54156 2.41069 8.85286 12.3236 16.8052 0.00390091 75.219
47.6974 7.27026 9.25375 4.27407 5.06642 1.20462 45.698 11.6111 22.0032 62.0725 165.821 17.4314 3.5431 12.8578 4.8813 2.54156 2.19846 8.91122 21.2498 16.8052 0.00144964 73.6625
49.1846 7.27026 10.0037 3.63655 5.06642 0.959176 45.698 19.6324 19.0832 80.2847 137.951 16.7208 5.53341 8.73437 18.2054 5.42055 2.86836 8.93235 26.598 22.6479 0.00109614 76.3006
49.6076 6.71008 9.71943 3.63655 5.06642 0.959176 45.698 14.8426 19.0832 80.2847 146.286 12.8839 5.53341 7.608 13.2899 1.52465 2.86836 9.01457 23.2332 21.4096 0.00109614 73.9651
51.9432 7.28999 10.0636 3.63655 5.06642 5.87803 45.698 14.8426 19.0832 77.9619 144.596 11.0774 12.8308 1.89578 15.842 8.40728 3.11985 8.99457 35.0274 22.2973 0.00109614 77.3139
47.6513 5.36577 8.45439 5.50554 5.06642 3.09773 45.7764 12.8976 22.6002 76.813 154.947 7.66155 7.649 1.21523 3.99499 8.40728 2.98769 9.05119 48.4542 17.2197 0.00109614 77.2671
52.4972 6.25345 4.78251 9.50637 12.1486 1.1709 45.7764 13.1775 20.0512 74.1069 154.947 5.40331 7.90349 7.2819 7.33853 13.0396 11.7508 9.0301 25.5624 17.1911 0.00109614 83.2541
43.9416 7.18654 4.9383 8.20409 4.41674 2.0376 45.7764 14.4986 34.706 74.1007 146.702 5.01215 6.51574 7.48812 14.7819 15.3451 11.7508 6.98856 30.6187 46.6143 0.00616951 87.7295
46.4122 8.59524 5.40904 6.80603 4.41674 1.85096 46.1083 6.83159 31.5908 68.1939 155.336 7.48421 18.585 17.7509 6.17666 1.98346 11.7508 1.144 27.4202 56.0859 0.00616951 83.5214
46.4122 7.94648 5.40904 6.80603 4.87362 1.85096 46.1083 6.83159 31.5908 75.263 147.625 8.07005 18.585 17.027 3.64729 1.98346 11.9705 2.27274 30.153 56.0859 0.00369261 82.7104
40.7874 7.94648 5.36676 4.93402 13.7765 1.85096 46.1083 9.95842 31.5908 75.263 147.625 10.5707 7.22403 16.0082 0.764799 6.94784 11.9705 2.27274 30.153 51.9875 0.000741479 83.8663
42.7082 7.94648 4.53273 4.5999 19.4889 0.916669 37.5277 6.95489 31.5148 83.714 138.043 14.8606 7.41675 15.4829 1.25651 9.45196 3.20348 1.89346 21.4919 6.57847 0.00349328 76.6087
46.4363 7.27457 4.5984 4.21543 19.4889 0.916669 37.5277 8.60244 31.5148 83.714 138.043 12.9404 14.5229 0.78868 10.5737 9.04148 2.89927 4.91686 20.039 6.19658 0.00742985 76.0615
50.1568 7.27457 2.92596 5.11446 19.2063 0.916669 37.5277 3.12011 32.8679 82.0471 138.043 22.0439 10.7515 2.9527 7.98306 6.69082 5.50207 5.16006 18.3383 5.77953 0.00625067 76.7555
53.4751 7.27457 3.21411 5.11446 19.0304 0.916669 37.2022 4.89313 32.8679 77.99 138.043 19.7928 16.267 4.01869 6.56329 7.64966 7.57611 4.07247 0.317875 9.87697 0.00463531 76.8548
52.3093 8.52052 1.83096 6.39474 16.7619 4.15775 37.2022 6.73807 31.0323 77.9786 142.96 7.3299 20.9491 6.33083 6.7626 6.82817 2.04397 2.94192 18.0764 24.5064 0.00128997 78.675
47.2908 8.52052 1.27469 4.99944 8.01511 8.64707 37.2022 6.73807 30.8846 84.6115 142.96 7.3299 13.5693 6.33083 3.57637 9.33416 3.57358 4.2585 18.0764 14.2613 0.00558115 77.7294
47.2908 8.52052 0.944308 4.99944 9.08576 6.8305 36.4597 6.73807 30.8846 90.932 149.202 7.3299 12.5019 6.07862 0.965094 9.33416 3.51213 3.42943 13.4747 16.9751 0.0110107 78.1582
46.7736 8.52052 0.734184 6.90579 10.7343 8.46513 36.4597 10.7412 21.155 97.0926 142.249 9.90061 7.03512 6.07862 0.0572668 10.7116 1.37479 3.31936 12.9052 32.9815 0.00838678 85.4283
40.3245 5.52075 3.11914 8.93826 7.61327 8.81027 35.2956 12.4904 24.4303 93.5278 142.249 11.175 12.3916 4.68604 4.31696 8.33169 3.06482 1.8078 15.0877 49.9088 0.0118571 85.1818
45.9387 7.57946 1.56934 11.1879 7.61327 8.75312 27.1393 16.2492 24.4303 93.5278 135.62 13.0408 12.481 6.07027 9.37135 3.13493 8.13446 4.37887 6.3983 39.6629 0.0118571 74.9982
45.5553 5.72114 1.84467 6.78873 7.61327 8.99924 39.109 16.2492 23.0377 93.5278 132.17 11.4271 9.81383 11.5909 9.37135 3.13493 5.28784 5.90834 17.2911 16.6423 0.00467864 75.9753
44.8406 5.72114 1.73174 6.78873 7.61327 8.9852 35.7358 18.0304 23.0377 93.5278 132.17 11.6666 3.78744 11.9543 8.84352 12.5858 4.01837 3.54966 11.4517 7.41258 0.00355888 76.2019
48.8231 2.5043 3.39542 7.49323 7.61327 10.0724 32.2475 18.9411 23.0377 92.9945 132.17 16.0021 3.54683 11.9543 3.26159 13.3212 2.12061 10.849 5.29686 52.5029 0.0296004 79.942
59.7357 3.94916 4.07017 4.89132 7.93436 10.0724 32.2475 19.9055 23.0377 92.9945 132.17 16.0021 10.9303 0.356302 9.24035 6.31542 2.12061 10.2726 36.0709 8.5005 0.0379005 79.5868
50.393 2.35138 3.86039 4.57221 10.5206 10.0724 32.2475 18.1765 23.0377 92.9945 132.17 16.0021 5.12091 7.67652 16.172 6.31542 8.27549 1.59368 26.0303 8.5005 0.0170449 78.261
47.9187 4.35185 4.98756 4.57221 9.00373 10.4993 32.2475 16.5792 23.0377 100.148 132.17 15.6621 1.47367 10.9368 1.03872 2.87067 10.1907 0.871136 24.2677 2.5841 0.00622146 77.4893
39.7737 4.31455 4.54619 3.98547 14.8117 11.1456 33.818 16.6828 23.0377 90.5905 125.102 15.6621 7.13335 8.5693 7.45423 2.14547 8.61102 5.60888 20.1615 7.34802 0.00479806 79.0983
52.0837 5.92857 1.40492 4.05171 14.8117 6.94041 33.818 12.8242 30.5875 90.5905 126.281 21.2698 3.27703 7.51683 5.81302 3.43954 7.64959 9.18631 1.36027 10.986 0.0158547 76.2185
52.0837 6.39027 0.305459 4.05171 14.8117 5.83238 34.4122 13.4084 30.5875 90.5905 126.281 27.0733 4.44559 10.6054 3.2007 1.01764 9.16037 9.85926 0.691191 11.8821 0.0271262 77.8597
55.4259 6.39027 0.305459 5.32215 13.5965 6.47927 30.7717 14.5598 30.5875 90.5905 126.281 18.3118 13.9724 6.2744 1.77646 9.38931 1.81786 9.47634 23.3093 18.3043 0.0253632 78.5529
48.0953 8.67653 2.26072 7.10789 13.5965 6.11024 23.6212 14.7174 32.9836 90.5905 126.281 19.8198 12.8946 3.52941 1.95444 3.38501 14.5701 4.98704 23.3093 11.7247 0.0124408 75.1648
47.6632 8.67653 4.0968 7.57315 7.93223 8.08237 23.6212 17.1346 32.9836 90.5905 126.281 22.4193 12.5044 3.86137 2.07918 7.76612 8.6104 0.312041 11.6261 28.8891 0.00589387 75.1445
43.5129 4.69805 2.73477 7.75496 6.90861 13.8052 23.6212 17.0107 37.7072 90.5905 126.281 17.8281 26.6418 2.51123 0.882888 0.462664 3.91574 4.81642 10.6407 6.10265 0.00620373 79.1047
46.1526 4.2055 4.50222 6.83254 12.2073 17.472 23.6212 16.9045 37.7072 85.4978 115.739 25.0016 15.0747 0.757965 5.31108 5.17122 0.769503 5.56392 4.92104 31.4013 0.0247065 82.5162
56.3119 2.5945 4.55227 6.20394 12.2073 11.3352 23.6212 11.8736 41.6613 85.4978 120.093 28.5632 15.3641 0.757965 6.92204 6.68655 5.35776 5.73331 7.32891 10.2496 0.00526632 75.4263
49.6839 2.81201 4.74147 6.27401 12.2073 16.3248 23.6212 8.23856 41.6613 86.7538 120.093 23.4308 17.2928 5.62675 5.75462 7.36731 3.88442 5.69801 6.87053 9.96845 0.00519799 79.2055
53.6403 3.8769 4.83594 0.488734 12.8953 15.8578 23.6212 8.23856 46.5682 86.7538 120.093 20.6912 17.2928 3.18388 3.302 7.36731 3.2152 6.30246 6.87053 1.74134 0.00519799 77.0477
53.6403 4.08825 4.71552 0.488734 12.8953 15.0314 23.6212 8.23856 46.5682 89.7866 116.516 24.389 17.2928 3.84695 4.31485 4.55971 3.2152 7.27766 11.2772 16.3392 0.00519799 76.1416
56.6731 4.08825 4.81123 3.34069 10.582 13.5119 22.2302 14.0479 34.6593 98.6879 116.516 25.3357 17.2928 5.11852 1.07538 3.56776 5.3781 11.03 2.32736 16.6305 0.00329117 74.8519
70.6317 4.08825 5.37919 1.82814 8.85585 14.8238 22.2302 13.4218 34.6593 98.6879 115.758 25.3357 11.2073 5.05244 0.870221 7.1259 5.64902 10.1041 8.29898 15.5903 0.0133814 76.0373
56.7838 4.08825 4.81507 3.75233 8.85585 15.4484 22.2302 9.13589 34.6593 98.6879 116.714 30.3573 1.698 5.90369 0.870221 2.80976 5.64902 16.1095 8.29898 7.39646 0.0223867 78.2276
63.0022 1.9834 6.64041 3.75233 7.73052 21.8807 22.2302 9.19447 32.7448 95.7446 113.73 44.2459 1.68099 4.9228 6.35456 2.80976 3.51946 8.08234 12.0321 12.2558 0.0441016 81.4863
58.6937 3.97618 6.64041 3.75233 7.73052 21.8807 22.2302 9.19447 32.7448 95.7446 107.715 44.2459 1.59149 3.93391 14.1732 2.80976 0.696187 12.3045 12.0321 10.2004 0.0323188 82.8485
58.6937 6.57103 5.63177 6.24954 5.93399 21.3282 19.964 9.19447 32.7448 95.7446 107.715 44.2459 3.0959 4.01353 15.9708 6.75182 0.696187 14.4177 12.0321 9.48909 0.0557758 80.6594
64.1757 5.95567 3.05328 1.76764 5.37398 21.1054 19.964 9.19447 32.7448 95.7446 128.99 26.7616 5.49605 4.88689 7.30049 5.13198 3.46947 11.298 6.43077 6.88078 0.0557758 78.1222
54.4248 5.95567 1.82365 1.76764 7.3077 21.68 19.964 9.19447 39.5444 95.7446 120.939 24.5453 10.1589 4.98418 6.33224 2.81218 2.3379 12.3691 21.249 3.60172 0.0557758 77.8019
54.4248 6.40633 1.82365 1.50075 7.3077 21.68 19.964 9.50581 39.5444 95.7446 120.939 22.839 10.1589 8.3968 11.6068 2.81218 3.94749 3.12573 9.56495 33.3156 0.049974 78.1348
41.8497 5.93746 2.33059 1.64868 8.06146 21.7461 20.9881 9.93113 39.5444 98.8805 120.939 18.3398 14.0889 8.3968 1.64337 7.4893 4.16552 4.77419 20.7359 15.541 0.0261046 79.9107
45.6319 4.68477 5.65762 2.35075 3.83254 21.2917 24.711 3.94931 43.5764 98.8805 120.939 18.2307 8.0992 13.2176 3.32694 3.64225 2.48007 3.42045 27.1104 11.3358 0.012666 78.1379
27.1623 5.90493 5.8636 2.35075 4.20593 21.2917 24.711 5.83147 43.5764 98.8805 120.939 16.2883 12.6914 11.6298 3.2278 3.64225 4.98796 3.42045 25.2744 17.8304 0.0483444 82.9339
21.0098 5.11536 7.01089 1.73537 4.20593 20.8953 24.711 5.83147 41.1958 98.8805 120.939 18.6938 11.9157 6.61993 2.34311 3.64225 6.94545 2.91197 25.2744 17.6848 0.0483444 82.144
47.6149 4.41426 7.01089 1.73537 3.26372 20.8953 24.711 5.83147 41.1958 98.8805 120.877 18.6938 7.66667 6.61993 5.35287 7.11218 6.24017 6.5198 10.7914 17.6848 0.0271839 76.0937
47.6149 4.41426 7.01089 1.73893 3.26372 21.4834 24.711 5.83147 46.0925 98.8805 117.314 12.1568 11.3155 7.46934 5.60626 7.09058 0.434288 12.9708 22.6765 16.3859 0.00634348 79.5626
63.5707 1.50278 8.12456 5.33955 1.99616 34.1002 12.6587 8.54603 46.0925 98.8805 117.314 13.0803 16.8531 6.59693 4.26498 12.2393 0.45711 12.9708 0.691745 14.8509 0.0238953 89.7657
59.8189 0.961336 8.18824 4.2317 1.9193 34.1002 12.6587 7.55217 46.0925 98.8805 117.314 11.6698 16.0561 5.84173 0.637432 17.7331 1.29593 5.31378 0.691745 47.0548 0.0129706 87.6287
67.9472 0.355052 6.88091 6.45178 1.64516 26.6515 12.6587 5.46274 51.7057 103.809 117.314 7.46451 13.2558 3.7703 1.30525 17.7331 1.52725 11.3349 37.1382 64.8543 0.0122611 88.5849
51.1941 0.243713 6.23083 7.00689 5.95089 26.6515 12.6587 8.21487 55.0877 99.2047 117.314 9.73645 8.10253 5.3266 1.19106 17.7331 2.8435 1.70424 22.3005 1.13549 0.00837357 87.9561
33.7691 1.89137 4.27092 6.27759 7.00686 26.6515 12.6587 12.2523 28.1483 113.618 120.115 13.8947 10.3977 7.36656 8.21379 8.69123 4.37943 1.70424 32.4858 1.13549 0.00262651 83.0757
21.1158 2.34297 3.77259 7.15672 5.4104 34.0735 12.6587 16.1521 25.8225 113.618 117.48 22.6106 2.18222 15.6049 5.25871 7.63484 5.13069 4.00795 19.6599 0.339638 0.00171599 83.5881
29.3591 2.73452 4.30543 7.01013 3.82215 34.0735 12.9896 16.1521 27.7313 113.618 105.208 19.8654 2.18222 15.6049 5.61656 5.78487 13.5565 3.09855 19.4846 4.9725 0.00383443 78.764
52.2765 3.8455 4.45072 7.07735 3.37528 31.7361 12.9896 16.9833 25.0533 120.625 105.208 16.4643 5.24849 18.4909 3.47171 7.31481 2.73866 1.32431 26.9156 1.50007 0.00286562 77.0087
51.1417 4.43636 4.61073 7.65782 2.28477 31.8809 10.5619 16.9833 24.1773 120.625 105.208 18.835 2.18121 18.4909 3.15656 1.3519 20.7411 6.28958 13.8139 4.18518 0.0107433 82.4095
42.3959 4.79326 6.27995 5.4156 1.86171 36.5946 10.5619 15.612 22.0965 120.625 105.208 18.5922 2.75193 15.977 3.81236 4.60816 19.6426 6.28958 12.6861 4.18518 0.0261124 84.448
50.1644 5.38038 4.57267 3.04092 1.05028 36.5946 10.5619 15.0875 24.4843 120.625 105.208 21.0032 3.98574 15.0236 4.09497 4.88052 4.7608 8.09011 16.259 4.4768 0.0441152 80.0938
48.6602 5.43761 4.01226 2.97383 1.50278 36.5946 10.5619 11.7582 29.892 120.625 105.208 18.2347 1.59498 17.5425 4.68854 3.22838 4.95018 6.35546 17.8378 36.1325 0.0450232 81.6316
48.7087 7.00048 4.01226 1.35697 2.09893 36.5946 10.5619 11.5802 29.892 120.625 110.615 11.4726 0.142733 16.675 5.0246 10.8553 1.40418 8.19807 11.1113 13.1917 0.0143293 80.6548
47.2722 6.68151 6.13347 1.35697 2.47771 34.3636 10.5619 16.6508 29.8352 115.94 110.615 11.4726 5.84634 15.0619 5.91226 20.3225 1.40418 6.58666 10.9567 56.1739 0.0214451 83.3154
46.1377 5.91219 6.31492 1.35697 3.89671 34.3636 10.5619 17.3295 29.8352 54.2742 174.77 9.26012 5.25694 14.2712 5.02313 10.8078 1.40418 0.913002 21.0179 54.2345 0.0398146 81.423
40.2267 7.04798 6.31492 1.35697 3.89671 34.3636 10.5619 16.015 30.1424 51.3742 174.77 11.0111 15.6034 14.2712 6.19297 2.58436 2.48186 1.75103 16.3273 51.2633 0.0249817 81.781
42.8234 8.71975 4.41328 3.07679 3.969 34.3636 10.5619 8.99792 35.3287 51.3742 174.77 11.4324 14.8307 14.2712 6.19297 1.03221 1.7063 2.96163 23.3773 29.8955 0.00993451 81.2295
42.8234 6.5091 4.15088 2.90277 4.37173 34.3636 10.5619 8.99792 36.2161 51.3742 174.77 11.6445 8.29502 14.2712 4.66069 6.86035 4.49009 2.21964 26.3 25.7841 0.0241511 80.424
34.0495 6.42452 4.17417 2.3849 3.50756 34.7862 13.6009 10.742 36.2161 51.3742 174.77 16.6172 12.1492 5.27929 5.8927 4.28723 4.49009 2.21964 21.4112 34.1807 0.0257188 80.6678
40.2881 6.42452 3.48875 1.88021 3.3827 34.7862 13.6009 9.24762 40.6016 51.3742 176.118 8.80018 12.1492 2.9884 6.79818 4.28723 9.89774 7.7688 21.5133 18.107 0.0234071 81.9658
56.6313 6.42452 3.86453 1.7118 4.4451 26.1631 13.6009 9.24762 40.6016 63.7754 171.117 8.08639 20.3495 4.11144 5.44537 2.82817 4.31747 11.8823 31.1242 33.5375 0.00465858 80.5638
30.826 8.77821 4.04983 1.74022 4.4451 26.1631 13.6009 9.24762 40.6016 63.7754 171.117 9.76184 18.7746 1.45776 7.09795 3.06008 1.37944 7.99823 26.4657 32.8837 0.000739296 77.587
30.826 8.77821 3.91295 1.93804 3.7523 26.1631 13.6009 13.3927 40.6016 63.7754 171.117 6.63725 16.6566 1.45776 5.56513 2.43953 1.37944 9.53889 16.6677 40.6373 0.00123241 77.1459
7.9096 9.53124 3.96891 1.20705 4.99973 25.6379 13.6009 7.32751 45.916 63.7754 171.117 6.63725 11.2526 4.94564 5.6139 3.81998 1.37944 17.4097 17.8818 7.77563 0.000685072 81.1763
23.7736 9.53124 4.94895 1.20705 4.99973 25.6379 13.6009 7.44117 43.9091 63.7754 171.117 0.307679 12.1244 4.89278 5.51416 4.34323 1.86838 14.4789 13.1467 42.9215 0.000101332 78.3818
13.6612 10.4968 9.19973 6.10814 1.86782 23.8101 15.045 7.44117 43.9091 60.5058 171.117 0.307679 7.05911 4.00609 8.48192 4.44488 3.88643 21.1313 29.1091 38.5809 2.68774e-05 80.4003
31.4344 10.4968 8.14283 5.93226 1.86782 23.8101 15.045 6.05368 43.9091 60.5058 171.117 0.307679 7.05911 6.7132 8.48192 2.86155 0.980413 21.1313 41.6643 42.6787 2.68774e-05 82.9529
9.02053 8.37482 11.5748 5.56506 1.86782 24.1504 15.045 6.05368 41.9285 60.5058 173.643 0.307679 1.67602 13.1569 8.48192 2.86155 2.26079 21.1313 29.495 54.1103 2.68774e-05 83.1231
27.1337 8.37482 11.5748 5.39196 1.86782 24.1504 15.045 6.45609 35.6573 60.5058 169.674 8.46228 1.67602 13.1569 6.65358 1.74555 3.07146 17.5503 29.495 25.6223 0.000266486 78.3961
16.2333 8.37482 11.5748 5.73413 0.73083 22.44 19.1104 6.45609 36.7136 64.7704 167.609 12.4568 1.67602 11.2391 1.8073 6.78683 7.69587 2.63105 42.5722 34.1003 5.55552e-05 78.3041
11.8809 8.37482 11.5748 4.25464 4.87619 19.4203 24.2664 6.45609 33.4922 64.7704 167.609 1.86005 9.20392 7.74528 7.17582 21.8049 3.76146 2.63105 46.6245 33.1949 6.53704e-05 82.1969
29.9443 7.94717 11.5748 3.61952 4.87619 17.8212 24.2664 6.45609 36.2383 64.7704 167.609 1.86005 10.627 8.64954 6.48337 21.8049 2.53117 5.10991 31.0101 32.6029 6.53704e-05 77.9524
29.8399 8.01349 11.5748 2.89069 4.87619 5.30822 37.8832 6.45609 37.6707 64.7704 167.609 1.86005 2.48189 8.48732 2.09569 21.8049 2.53117 5.36029 31.0101 33.5543 6.53704e-05 76.2087
39.111 6.90194 12.5648 1.86288 4.87619 5.30822 36.7433 6.45609 37.6707 64.7704 167.609 1.86005 3.20332 8.48732 15.3322 24.6076 3.1434 1.38081 9.59815 35.5323 0.000440471 78.2875
49.4552 1.07819 12.5648 6.82933 4.09122 6.36685 35.8442 6.45609 39.6422 38.1253 194.189 1.86005 3.20332 14.1773 15.3322 24.6076 3.22714 0.784395 5.76107 35.4362 0.000209067 81.554
42.9439 1.07819 12.7493 7.12857 4.09122 6.36685 35.8442 6.45609 39.6422 38.1253 194.189 1.86005 3.20332 9.00871 15.3322 22.2032 3.22714 0.473362 6.76753 35.4362 0.000209067 78.2931
42.9439 1.07819 12.7493 4.86337 4.57111 6.46638 38.8614 6.45609 39.6422 38.1253 194.189 1.86005 9.05014 2.1943 8.75494 15.5511 3.23815 1.27466 1.91561 42.8017 0.000209067 78.2524
47.1889 1.07819 15.0049 4.20551 4.57111 6.94624 34.5222 6.45609 41.2042 38.1253 194.189 1.86005 9.33194 0.799412 9.58143 8.75423 11.8418 1.5442 1.91561 45.0818 0.000209067 76.4134
49.8308 2.05805 15.0049 4.20551 3.38383 10.1475 28.3581 6.45609 41.2042 39.0804 194.189 1.86005 9.33194 6.18652 4.28661 8.49538 10.9166 0.882698 1.91561 47.0364 0.00106117 77.1224
48.3473 4.48678 11.8544 4.20551 3.38383 10.1475 26.6207 10.4039 36.8236 149.966 34.4895 53.983 9.49359 2.96812 9.45712 8.49538 9.64304 0.633348 29.1453 41.6256 0.00211554 81.6462
48.3473 6.05682 11.8544 0.196526 5.0626 10.1475 31.8712 13.6012 34.5537 153.861 34.4895 53.983 4.38583 2.71752 7.94704 4.38293 8.27619 1.47507 29.4772 38.5013 0.0014437 76.7421
49.9954 6.47937 11.8544 2.91337 5.85663 4.56565 30.5314 13.8128 34.5537 153.861 41.0034 57.0822 6.56849 2.71752 7.17052 6.49446 11.8452 3.18306 21.2714 54.3094 0.00337604 81.6354
47.5758 6.53344 7.75293 4.49823 6.04599 8.48379 30.473 14.477 34.5537 153.861 38.769 51.3887 6.56849 0.524544 6.70381 6.51004 12.5139 2.20706 15.4116 54.3094 0.00238034 76.3008
47.3201 6.74572 6.29357 6.9808 4.71344 8.48379 31.3023 10.1657 34.5537 153.861 38.769 51.3887 1.41336 8.58595 7.5149 8.23614 18.6269 2.5162 13.8235 15.8692 0.00238034 74.7999
60.3332 6.6666 6.63587 6.78501 4.92932 9.13764 28.4726 9.66379 31.7259 153.861 38.769 51.3887 6.85911 7.45612 4.59484 7.56437 7.25546 4.35057 8.90533 12.5916 0.00383935 74.4403
67.0526 5.2426 6.04456 7.33811 6.05878 14.2029 31.5032 8.04656 32.2076 153.861 38.769 47.4604 6.97487 3.61178 2.98591 5.24352 7.25546 2.37966 18.9273 9.37476 0.000197697 72.7503
67.0526 5.17802 5.9365 5.88008 7.15604 17.9557 26.668 3.61048 39.0945 153.861 44.8686 42.547 5.83011 3.71942 5.70982 2.89011 6.15506 1.69899 37.0775 25.4498 4.21422e-05 74.7891
67.0526 4.628 5.9454 6.34219 7.15604 18.1365 24.294 3.3267 39.0945 153.861 46.7137 42.547 4.16737 3.71942 11.1779 4.23539 6.15506 1.69899 24.6213 45.2747 8.85134e-05 75.8708
66.6795 3.61109 6.37017 6.3849 7.7707 10.9388 25.4259 14.4785 31.2939 153.861 46.7137 40.4453 4.16737 3.03602 14.9018 9.315 4.64419 3.06268 21.5789 26.6136 0.000163046 74.4918
72.0701 3.94053 4.94553 6.533 14.5639 11.0896 23.8963 15.4466 27.8252 152.918 35.7068 52.9857 3.88815 6.52994 2.35415 8.21519 6.76473 5.61177 18.4627 15.3243 0.000925818 73.2772
70.4736 4.412 3.97997 6.42217 13.3715 15.6257 23.8963 14.3755 28.3481 152.918 35.7068 55.0184 2.58373 2.90362 4.07031 6.27523 3.59768 8.49786 22.7076 19.3495 0.000972353 75.3451
70.8053 5.64861 4.07 5.98196 12.8135 14.5578 23.2528 14.5015 28.3481 152.918 35.7068 51.9748 2.19443 5.973 8.36923 9.49952 12.2108 1.6503 1.22261 10.3634 0.000399616 71.8724
70.9465 5.56238 4.77529 5.47821 13.5929 13.8739 22.0911 10.9154 28.3481 152.918 35.7068 51.9748 2.36796 9.31556 8.66177 4.3071 9.16015 9.67854 2.35234 10.2105 0.000667317 74.1246
74.6282 5.56238 4.99867 2.61853 12.2089 13.5749 27.2834 15.7949 29.7714 152.918 35.7068 51.9748 0.609191 1.1382 5.59101 4.31656 11.7113 13.7593 2.35234 16.8208 0.000667317 78.7958
34.1146 7.19167 5.27131 8.21573 9.77273 14.0742 24.1682 15.5251 29.7714 154.566 35.7068 49.3851 3.93558 4.12743 2.04176 3.58885 6.54437 16.3836 5.61069 33.1717 0.000974921 75.7713
57.9616 7.04078 5.17036 4.4783 12.0962 15.3198 23.2037 19.8293 23.8704 153.714 35.7068 49.3851 6.09813 4.70016 3.41243 5.2868 6.06373 8.07131 4.01758 101.668 0.00248957 78.3548
35.5808 5.21529 7.48452 4.40454 11.449 15.3198 23.6165 21.0553 24.8276 152.748 35.7068 45.975 7.51138 7.38365 1.18173 16.8321 3.41633 8.22976 1.00101 70.9631 0.000462412 82.3393
52.7334 3.29961 6.88643 4.79279 4.65222 15.3198 26.6247 21.0553 24.8276 152.748 33.9719 56.5332 8.3566 6.72815 2.29976 21.6601 4.77025 1.2125 0.813904 47.4209 0.000275169 78.4878
50.1802 3.29961 6.71838 4.78263 3.80526 16.3111 26.22 23.1442 24.8276 152.748 40.4613 49.8668 7.68119 6.79297 3.44309 6.10599 8.33877 1.099 0.780554 20.9956 0.00015913 71.6899
49.1726 3.29961 2.63098 4.36866 8.40992 17.6162 26.22 22.7022 18.6575 152.748 43.7185 46.8705 7.82876 6.89173 4.3245 11.1373 9.34338 3.92164 1.0156 26.4341 0.000468321 75.0733
49.8277 4.01806 2.90851 3.49682 7.32129 17.6162 25.7143 24.4551 18.6575 152.748 44.1833 48.6156 0.155245 4.94724 13.6258 3.24563 6.54207 15.0339 0.124911 22.2867 0.00252015 77.6488
49.8277 4.01806 2.85315 14.2174 6.48057 8.74167 25.7143 23.3292 18.6575 152.748 47.632 50.3695 1.49674 4.09299 11.1658 2.33821 6.0792 13.807 0.726528 33.2401 2.49398e-05 73.4367
49.4344 3.86621 2.28051 14.2174 7.04871 8.39311 29.1503 24.6352 18.6575 152.748 47.632 46.7361 9.85715 0.524177 2.81974 2.21946 6.61844 7.10153 9.18295 33.0034 2.85308e-05 72.4895
49.4985 4.6381 4.19697 11.4373 5.57553 23.3164 13.5956 25.5552 19.0275 152.748 47.632 43.1821 12.0755 4.10268 1.94016 5.56257 5.5224 9.09793 10.801 38.7188 2.40749e-05 71.2247
49.4034 7.99484 6.30757 5.3179 6.78108 23.3164 14.3891 25.5552 19.0275 152.748 41.6395 44.3992 10.5527 9.39708 1.94016 2.53302 6.5695 9.83468 28.7974 7.95174 2.40749e-05 70.5923
46.1963 7.13507 6.20981 8.4287 3.5683 23.7435 16.5939 24.8839 19.0275 152.748 41.6395 40.4415 10.3222 2.70379 12.0903 2.96812 3.02641 10.8041 18.353 7.95174 2.40749e-05 72.6883
47.6291 6.89328 6.28608 7.14937 4.02965 18.2988 17.1223 34.6138 19.0275 152.141 41.6395 40.4415 3.03435 2.70379 27.8397 3.14557 6.24908 0.0577509 7.21349 7.95174 1.28526e-05 73.2594
44.542 6.79694 5.82158 7.36213 9.07025 22.1766 16.9244 14.7174 25.0925 152.141 41.6395 51.4672 3.03435 1.25242 14.9444 3.61722 2.81469 0.0577509 26.948 2.84207 3.30808e-05 77.0763
43.7006 6.87329 5.98117 8.50904 8.02459 22.1766 10.8028 14.7174 29.8042 152.141 41.6395 53.8511 3.03435 1.89242 14.9444 2.54121 9.53728 5.65262 26.948 6.20422 2.07003e-05 72.7603
40.4179 6.38973 6.63602 8.45272 7.97435 21.0914 10.8028 19.7841 27.6102 151.833 41.6395 53.8511 3.03435 1.89242 8.0302 2.64771 10.2943 0.705224 42.4141 6.20422 8.37535e-05 75.4543
47.5964 6.39008 5.33437 2.98975 7.91408 20.8549 12.4228 24.4787 27.1251 151.271 38.011 53.8511 4.9126 4.93083 0.797169 8.0134 1.0406 13.0521 6.01244 44.0704 8.50722e-05 71.7719
46.6204 7.22685 3.35314 2.64259 7.91408 23.7344 12.4228 22.1019 34.3288 146.711 38.011 53.8511 7.72953 1.23014 4.80492 11.4638 3.54969 7.65959 9.85511 55.6558 3.98649e-05 72.6846
46.1282 7.301 3.33544 2.55396 7.91408 24.0707 10.5948 22.1019 33.9615 146.711 38.1314 53.8511 7.9204 1.76497 1.63765 15.0078 3.8182 7.65959 18.8532 50.1271 3.98649e-05 71.0533
43.4082 7.301 3.33544 2.55396 7.60369 24.2775 10.5948 22.7052 33.9615 146.711 38.1314 53.8511 10.7083 1.76497 1.63765 13.6459 3.8182 3.17854 12.4628 52.5204 2.86378e-05 71.7503
50.9228 7.301 3.33544 2.55396 6.39787 24.2775 10.5948 22.7052 33.9615 146.711 38.1314 53.8511 17.9975 1.76497 1.63765 13.6459 3.8182 3.17854 9.8895 53.4513 4.02713e-05 72.6085
53.5063 6.07879 3.1549 2.55396 7.27662 24.3836 11.3419 22.7052 33.9615 146.711 38.1314 53.8511 10.4121 2.35112 7.66422 8.6186 4.20579 4.48359 14.5962 55.1405 0.0010551 74.2306
55.6525 5.91388 3.1549 0.259892 7.27662 24.3836 9.36593 24.4755 35.8554 146.711 38.1314 53.8511 8.132 3.31007 6.0811 8.6186 1.66636 6.62776 7.67763 57.9187 0.00111949 78.7497
60.6929 5.92051 0.59142 3.29571 6.47065 35.102 5.39767 21.9534 35.8554 146.711 38.1314 47.6472 5.43194 7.55839 4.37854 9.44102 4.93484 6.41574 18.9644 60.5496 4.65181e-05 76.4775
64.1679 5.76789 0.59142 2.52562 6.83607 35.102 5.23316 21.9534 35.8554 146.711 41.9654 47.5522 5.43194 8.95706 4.89097 9.44102 4.93484 5.62561 26.8715 54.1217 4.65181e-05 75.5553
82.2342 5.74856 0.59142 2.551 6.03703 34.3107 5.23316 14.3783 36.3638 146.711 49.3175 47.6107 6.36254 5.93102 4.97299 9.44102 4.5616 4.07867 0.00678886 127.699 4.65181e-05 84.051
72.3088 6.01484 1.57047 4.13949 6.13287 34.3107 5.23316 10.5633 36.3638 146.711 50.8832 43.7253 6.36254 9.53221 7.80703 11.1464 2.26139 2.18748 4.1248 3.40475 4.65181e-05 72.39
75.3505 5.42367 1.57047 3.57829 7.218 34.3107 5.23316 11.7868 36.8392 146.711 51.6208 40.6813 8.1959 10.0783 4.04725 11.1464 3.12125 6.05205 25.8777 21.193 0.000185477 75.5601
72.4024 5.01278 1.57047 3.63334 7.218 34.3107 5.66837 16.9592 38.0769 145.415 51.6208 36.5899 6.12015 7.78305 3.75432 11.9395 2.10065 2.9563 16.264 18.4846 0.000198883 74.4301
72.4024 5.01278 1.57047 3.61797 7.218 34.3107 5.66837 16.9592 38.9425 145.415 51.6208 35.1411 5.11732 13.6321 4.67496 13.4766 3.78704 1.68084 13.5741 24.8234 0.000198883 74.7369
72.4024 3.54275 2.48462 3.81439 8.05339 34.6371 8.87019 16.9592 32.6068 148.595 51.6208 38.3371 23.0065 2.92782 3.13734 2.01989 6.34465 1.68084 8.8041 21.1108 0.000198883 79.1059
72.4024 5.81259 1.35592 4.151 7.73068 36.697 4.15198 16.9592 29.9844 148.595 51.6208 38.3371 24.0251 4.04402 2.96368 5.17146 7.94679 0.35635 6.31307 17.9918 0.000430242 80.2052
44.9447 5.81259 1.35592 4.5343 2.82272 33.7433 4.15198 22.1959 31.9867 148.595 51.6208 39.8606 24.0251 3.9472 3.76714 0.837791 12.1811 3.11195 1.85815 13.8687 0.00120894 80.5269
46.3316 7.02944 8.11041 5.71418 1.06378 33.7433 4.2912 21.3977 31.9867 145.861 51.6208 39.8606 15.7571 5.6423 3.76714 4.00848 10.5472 2.64157 5.07306 26.0421 0.00116503 75.8997
46.3316 6.67839 9.82734 4.49081 1.06378 33.1214 4.2912 15.6535 31.9867 145.861 51.6208 46.4669 19.648 5.6423 3.76714 6.44377 10.5472 2.08504 9.47788 36.3354 0.00087658 76.0235
46.3316 7.49099 6.20893 4.11139 1.06378 36.1313 4.2912 16.4007 35.0539 139.997 51.6208 46.8714 13.8066 5.6423 3.28732 6.74112 9.95031 2.08504 11.784 25.2927 0.00126333 75.8694
46.3316 8.48635 6.20893 1.84635 1.14019 36.1313 4.2912 17.7501 35.0539 139.997 47.654 49.563 21.3539 4.54491 0.991789 7.10246 7.38609 0.648086 8.02012 25.2927 0.00126333 78.7376
46.3316 8.25411 6.20893 1.73534 1.14019 31.6095 3.43382 20.967 35.0539 139.997 47.654 54.7529 21.3539 3.28314 1.34102 2.50293 9.6983 0.648086 2.77422 18.3135 0.00126333 76.8912
46.3316 7.68242 6.20893 1.73534 1.14019 31.6095 3.43382 20.967 42.8111 139.997 47.654 54.7529 14.2576 3.28314 1.34102 3.15439 9.6983 0.648086 1.52581 20.5834 0.00155106 74.6651
46.3496 6.86636 6.20893 1.52115 8.21009 27.2608 12.9965 18.5464 39.4142 139.997 38.1912 54.7529 9.62206 3.28314 4.7377 6.25267 12.6807 2.19381 5.55557 15.4383 0.0015957 74.6657
46.3496 6.88863 8.55663 2.62233 8.21009 23.7493 12.9965 18.5464 38.9563 139.997 38.1912 54.7529 9.28227 3.28314 3.75782 6.25267 5.27418 2.19381 3.69465 15.4383 0.000480699 75.1038
46.3496 6.49235 6.22136 1.74322 7.40289 18.0694 14.5398 23.2729 38.0248 139.997 42.7822 51.8712 11.7959 15.1964 10.529 2.72528 3.2378 7.57385 3.82895 0.551541 0.00356664 78.2091
51.9372 6.28372 6.22136 1.38948 7.40289 18.0694 19.4976 23.2729 39.0117 139.997 42.7822 49.3145 12.7215 2.20236 8.43398 2.72528 3.2378 9.76032 12.244 17.7774 0.00556734 76.0553
51.5892 6.28372 6.70941 1.38948 7.40289 18.0694 19.4976 12.521 38.7592 139.997 47.3808 54.8382 10.6469 2.50434 5.79951 2.72528 3.25021 22.4896 12.244 12.5404 0.00564201 75.8975
60.8493 5.76284 6.70941 0.517141 7.40289 24.4649 18.7667 11.9874 37.9291 139.997 40.3367 56.6729 11.5254 2.50434 6.13947 2.72528 3.25021 22.4896 10.9113 27.0114 0.00564201 80.392
60.8493 5.72458 6.70941 0.517141 8.62757 24.4649 18.7667 11.9874 37.8005 145.936 40.3367 47.3545 11.5254 1.68471 0.462836 2.72528 3.25021 22.4896 10.9113 6.54784 0.00564201 77.8826
37.6757 4.85462 9.50287 0.183093 10.47 17.5099 16.5081 8.86684 39.4015 145.936 49.5924 47.9147 10.9261 4.4547 3.12628 10.2225 2.30094 0.588468 7.58644 19.5355 0.00637146 78.6911
37.6757 4.85462 7.31221 0.902448 10.0863 17.5099 16.5081 9.08068 42.4058 145.936 49.5924 46.2859 8.90526 8.89557 3.12628 4.60521 4.07459 9.42077 6.28117 16.4273 0.00637146 76.8989
47.2575 6.27358 8.94221 1.30786 8.81166 16.8693 16.5081 9.43389 41.5456 145.936 49.5924 46.2859 12.2668 5.66534 4.46059 7.41309 4.79758 9.49122 11.131 20.6415 0.00422537 79.0199
35.2272 5.69377 9.59448 0.248226 7.35342 20.3391 16.379 6.46154 46.4632 140.914 49.5924 46.2859 11.2028 5.60702 1.54573 6.36766 12.9122 15.1528 21.1573 15.7951 0.00152877 80.3127
47.8085 6.26313 9.51004 2.63874 3.11863 20.3391 16.379 6.46154 46.4632 140.914 49.5924 48.2712 4.42392 3.38551 0.306852 3.82038 12.9186 10.9161 26.4302 16.0335 0.00102766 75.7173
56.2527 5.38009 9.49619 3.38731 3.2395 18.8384 16.379 6.08893 51.8758 139.69 49.5924 47.802 4.12346 5.06016 2.94562 2.07553 7.47789 12.8939 3.18851 16.5464 0.000254043 71.9859
56.2527 5.38009 11.2468 3.9222 1.91342 16.5803 16.379 6.08893 51.8758 139.69 49.5924 47.802 7.67122 6.88356 2.60582 4.28817 5.8201 6.66687 3.18851 23.3286 0.000530207 71.241
69.8384 5.38009 10.5764 3.26484 1.91342 16.0517 20.4579 6.08893 51.8758 139.69 49.5924 49.7096 6.74358 3.61538 7.55062 0.278172 6.40733 6.00855 3.18851 11.78 0.00098056 73.4984
69.8384 5.38009 10.1738 3.26484 0.857487 16.0517 20.4579 6.08893 51.8758 134.009 49.5924 49.7096 5.25786 5.66738 12.0539 8.3799 0.10347 10.4362 23.8613 9.92365 0.000983059 76.3954
73.1803 4.3664 11.7533 3.07483 0.857487 16.0517 20.4579 6.08893 51.8758 163.381 8.84247 52.2357 5.61632 8.61629 12.053 7.74722 0.462537 10.9283 15.6069 3.86179 0.000798816 80.2394
77.8809 4.61267 11.4447 1.41877 0.857487 11.2554 34.6717 6.08893 51.8758 163.381 8.84247 52.2357 10.2945 8.61629 12.053 8.46946 0.462537 10.9283 14.8817 2.54527 0.000415136 82.5495
68.5152 4.54122 6.40687 1.30369 26.0153 11.815 5.36026 6.08893 61.6508 163.381 8.84247 52.2357 15.4994 0.416727 7.01756 7.82066 1.32205 11.7733 37.2476 2.54527 0.000414732 80.3571
66.8318 5.23075 6.74222 1.30409 25.8863 11.305 5.36026 6.08893 61.6508 163.381 8.84247 55.7718 6.44172 0.416727 5.10995 7.35936 5.21202 11.8672 11.0803 8.62802 0.000197552 76.0305
68.6418 4.85045 6.18586 1.21171 25.8706 7.04258 5.73529 5.41599 66.0587 163.381 8.84247 55.7718 10.0338 0.580884 5.9716 0.590643 4.65424 11.1091 0.96637 8.50747 0.000106751 74.8184
68.6418 5.13889 4.74834 2.54691 25.8706 7.04258 4.41313 5.72887 66.0587 162.433 8.84247 62.0167 9.76542 0.685051 3.60668 2.11113 5.08162 5.61915 35.8299 2.7507 0.000532591 77.7333
62.4529 5.2384 3.74066 3.52137 25.8706 8.28256 4.41313 7.02066 54.7033 162.433 8.84247 64.7645 9.60395 0.863127 11.921 4.82282 6.49913 2.26316 33.247 24.6674 0.00105018 77.4639
59.5675 4.72403 3.74066 4.26527 24.9466 8.28256 6.0427 7.58969 54.7033 163.261 8.84247 63.5461 9.79023 0.363384 15.6698 4.92093 2.75062 2.26316 43.966 8.43751 0.00122129 77.4463
30.1529 5.00846 1.36576 9.83801 24.9466 7.80827 6.0427 8.43162 54.7033 163.261 8.84247 63.5461 9.77938 0.285981 4.4705 4.33462 0.819207 7.81585 52.3354 13.5802 0.00322429 82.2678
83.9258 3.5215 1.36576 6.11972 24.9466 11.82 6.0427 0.524805 55.7568 170.305 8.84247 63.5461 8.76476 0.285981 4.58997 15.0782 0.819207 1.78375 39.1524 14.0378 0.00210249 82.1555
83.9258 3.84675 2.05122 5.96364 18.7961 10.15 7.28535 0.524805 57.2816 169.237 8.84247 63.5461 9.66742 0.835483 3.65322 12.9527 1.89309 5.85404 36.5904 6.70145 0.00178614 78.6846
83.9258 3.17348 2.05122 6.03545 18.7961 12.3115 7.28535 0.524805 56.1439 169.237 8.84247 63.5461 10.042 4.12777 5.66152 12.9527 2.4187 3.61019 0.100443 9.69809 0.00207477 78.9041
90.2046 4.10187 1.62013 6.03545 18.7961 12.3115 6.8917 0.524805 56.1439 169.237 8.84247 66.5035 6.36996 6.50011 3.18572 13.2487 8.09703 8.38593 1.62186 11.6687 0.00178961 79.6098
87.0754 8.17459 3.41026 3.26626 13.334 12.3115 6.70881 14.1207 50.8072 171.09 8.84247 53.0217 4.04692 7.2262 10.0339 13.2487 6.32585 3.36991 7.54134 19.0283 0.00120134 81.553
81.9166 9.28366 2.17765 3.26626 13.334 14.8603 7.20785 11.9043 50.8072 171.09 8.84247 54.5921 5.9198 5.27759 8.76646 9.16098 6.58531 1.91859 9.58226 17.4514 0.00120134 77.4428
80.1432 9.28366 2.17765 3.92824 13.334 12.8446 7.20785 10.5114 50.0863 171.09 8.84247 60.3037 8.64383 4.14008 7.97745 8.62553 4.91068 3.41664 12.7664 16.636 0.00579853 78.8888
80.1432 9.76295 2.11116 3.66198 14.3718 12.8446 5.09901 11.4016 53.4038 169.264 8.84247 60.3037 8.21202 3.96539 8.04682 5.69913 1.95219 1.66635 39.9045 16.6979 0.00444675 81.9315
80.1432 9.76295 2.11116 1.76284 14.3718 14.6244 7.99392 8.82256 53.4038 167.792 8.84247 60.0915 3.15371 3.91943 7.46311 5.69913 2.28036 12.2608 31.1064 17.3596 0.00444675 80.0749
89.3675 9.76295 2.95614 1.89056 14.3718 14.6244 6.11709 7.10366 53.1961 167.792 8.59907 60.0915 5.00447 3.91943 8.28272 1.88482 0.80549 10.3226 31.1064 15.585 0.00170019 81.4916
89.3675 9.5434 2.95614 1.89056 13.7986 14.6244 4.78784 7.10366 56.5207 167.792 8.59907 61.6897 4.66305 9.72267 6.54993 7.01387 0.80549 6.33332 20.6977 7.17724 0.00197087 78.2574
89.3675 9.5434 2.95614 1.47863 13.6816 14.6244 4.78784 7.10366 56.5207 167.792 8.68082 61.6897 2.34965 9.70894 9.79937 4.77269 0.80549 6.62837 23.5316 17.8344 0.00215914 79.4298
87.7279 9.4214 2.35249 0.862731 16.0764 14.6244 3.90429 7.10366 57.5543 167.792 8.68082 62.3046 6.51974 3.83399 12.5755 1.71747 8.56352 3.77827 2.13681 19.751 0.00235856 79.9299
87.7279 9.41329 2.35249 0.862731 16.0764 14.6244 3.90429 7.10366 57.5543 167.792 8.68082 62.3046 9.46285 2.19928 11.775 1.71747 3.93 2.9241 2.13681 19.751 0.00283622 80.4702
101.206 9.41329 2.71537 0.842445 11.2041 14.6244 7.82538 7.10366 57.7458 167.615 8.68082 59.4829 12.2014 2.77555 9.65882 0.793883 6.31713 2.51115 16.1122 31.0267 0.00436973 80.9752
137.826 8.45261 0.535656 0.921431 11.2041 14.6244 8.84165 7.6944 49.263 167.615 8.68082 64.2678 10.5307 2.77555 17.2848 0.989289 4.60483 5.23317 5.87865 12.098 0.00458732 78.5163
103.749 12.2201 0.535656 1.81255 11.2041 14.6244 8.84165 6.51357 49.263 167.615 8.68082 64.2678 10.5307 2.52719 11.8966 1.56337 4.63218 5.23317 7.71604 11.1002 0.00700981 78.8366
99.2406 12.2201 0.535656 0.947199 11.2041 14.6244 10.1403 6.51357 49.263 167.615 8.68082 67.9454 12.4921 8.98766 11.2819 1.65959 8.56855 5.23317 14.8427 14.6705 0.00793026 83.7147
104.649 12.2201 0.535656 0.947199 11.2041 14.6244 10.0589 2.37166 49.263 167.615 8.68082 68.1107 12.4921 8.98766 13.0847 1.65959 8.56855 5.23317 5.78824 8.17439 0.00793026 82.6566
104.649 12.2201 0.535656 1.29177 11.3092 14.6244 12.4552 2.37166 49.263 167.615 8.68082 68.1107 9.52475 8.89775 13.0847 5.44408 8.56855 3.52752 8.69332 8.17439 0.00793026 85.6953
105.376 10.8305 0.535656 0.702995 11.3092 14.6244 11.8072 2.71706 49.263 167.615 8.68082 60.7342 9.87749 12.2045 13.0847 3.847 4.08386 3.52752 10.5826 7.13872 0.001051 84.6855
83.1034 9.72594 0.535656 2.48272 12.1373 18.9348 12.3595 6.36869 49.263 167.615 8.68082 60.7342 2.58709 12.2045 13.0847 4.28413 3.83729 3.52752 10.5826 29.5878 0.00193502 85.8446
82.1485 3.88417 1.70084 3.39332 3.09189 33.8519 12.4902 6.36869 49.263 169.288 5.48529 59.075 3.44015 6.9371 10.8924 6.12674 3.88218 4.77299 1.4272 28.6096 0.00193502 77.8195
71.7146 5.4093 2.72251 9.32071 2.18982 22.5284 7.55091 5.2446 54.9176 174.555 9.95112 54.5232 4.6933 6.78285 5.99605 5.93597 2.48286 8.35682 20.1138 23.542 0.00193502 77.4494
61.8505 5.4093 2.72251 11.2086 5.63752 18.5497 8.97177 3.64411 51.002 177.255 9.95112 54.1327 0.137986 11.2389 10.9679 4.72633 4.71216 6.20014 20.0826 23.4563 0.00977251 78.5113
67.5585 5.4093 2.78205 11.2086 5.33931 18.5497 7.99216 6.66052 45.9285 178.044 10.8803 63.7107 0.137986 6.89619 9.86587 2.87154 3.46142 8.69983 13.8319 9.78014 0.01288 77.3313
67.5585 5.4093 1.5402 11.4847 5.33931 18.5497 7.33968 6.66052 45.9285 178.044 10.8803 63.7107 0.137986 6.04318 8.76412 1.9714 9.38979 5.81518 16.8441 12.7893 0.018471 79.1732
67.5585 4.934 1.52005 11.4847 6.94072 18.5497 7.92433 10.1348 36.757 178.044 10.8803 63.7107 2.32598 10.6829 7.99849 1.98668 9.38719 6.75147 16.7108 2.0464 0.0126113 81.1407
70.1269 4.934 1.06068 11.4847 8.41719 12.0512 14.9602 11.5217 37.9203 178.044 10.8803 60.489 0.102385 12.0965 1.53235 4.61268 9.38719 0.92913 18.5281 0.605903 0.0126113 80.5076
80.047 4.934 1.06068 11.4847 7.71373 12.0512 18.4718 11.5217 38.304 178.044 6.53966 60.489 0.102385 8.94319 1.53235 3.51309 15.3634 1.55047 13.8703 15.3726 0.0216502 80.9182
95.5992 1.76844 0.890017 11.4847 4.53459 15.2533 20.6007 6.52658 37.9855 178.044 10.1417 60.489 2.11815 9.03196 0.121796 3.89337 21.3874 1.04626 6.36294 3.09018 0.0463231 82.5426
91.9351 0.770445 1.71623 13.819 2.25318 13.7907 21.192 9.39378 33.681 179.53 10.1417 60.489 2.11815 3.85404 1.45697 6.9181 25.1054 1.37345 6.91497 2.42916 0.0463231 82.7562
88.4514 0.770445 1.71623 13.819 2.82031 13.7907 22.2077 7.37513 33.681 179.53 10.1417 60.489 2.11815 9.64702 5.51451 6.19292 8.0633 1.41019 9.50378 5.06047 0.039821 80.8448
117.112 0.232828 1.37803 13.819 3.18998 13.7907 21.9902 8.07087 33.8366 179.53 10.1417 60.4035 0.389491 4.89282 2.35215 3.42724 16.7803 1.99981 13.0221 13.3926 0.0146746 80.0238
118.942 0.232828 0.518356 11.8185 3.84577 14.5344 24.1996 6.48604 36.387 179.53 6.01749 60.4035 6.67306 8.25705 2.74533 1.01267 15.1225 1.99981 5.87899 9.99128 0.0146746 77.8641
119.469 1.06039 2.42834 11.8185 4.01306 10.6016 24.203 16.4 28.3477 179.53 2.8283 64.1737 16.5243 1.622 2.75734 9.24601 7.82012 1.99981 9.54726 31.3183 0.0292907 81.4328
48.5524 0.554032 8.00662 13.3505 3.92352 11.4594 19.7791 18.7532 33.0638 177.275 2.8283 64.1737 8.08655 4.66945 3.35146 7.00772 6.38192 2.35614 13.4269 52.1292 0.0291144 80.8866
48.5524 0.554032 8.00662 13.1205 4.02568 11.4594 20.9671 19.6525 30.2976 177.275 2.8283 73.9477 8.08655 7.04827 2.34433 5.07326 4.83187 0.554183 13.4269 4.36038 0.0391597 80.1381
48.5524 1.64938 7.82261 12.1907 3.97863 13.0386 21.6198 12.1724 35.7041 173.855 2.8283 68.3115 7.99088 2.82722 5.91272 6.04146 2.34321 3.35618 12.4525 15.0544 0.0147863 77.2899
47.312 0.193277 7.82261 12.9063 3.68935 13.1396 21.2427 14.2507 37.4519 172.013 2.8283 72.1832 6.35555 3.26678 5.76659 3.01173 4.61164 10.6712 13.1617 13.579 0.00535115 75.6977
44.0835 0.763416 7.26395 13.1199 5.03204 13.1396 21.2185 23.3499 37.4519 158.728 10.9283 62.4098 3.41186 2.07537 5.85665 6.16034 2.34329 9.39885 12.7431 15.2577 0.00535115 77.0405
44.58 0.929971 6.93922 12.3552 5.01938 13.1396 20.9563 23.3499 38.1464 163.985 5.49506 58.7436 3.41186 2.07537 11.8413 8.16218 2.74427 11.0632 22.9111 17.6805 0.00535115 80.6408
46.0184 0.929971 7.06179 13.6951 4.41469 13.1396 22.5819 21.5919 40.4637 163.985 5.49506 58.7436 9.81722 2.43018 11.8413 8.42787 3.08568 10.9847 15.8409 22.9046 0.00150379 79.9995
41.8873 0.929971 7.06179 13.6951 4.29297 13.1396 22.8305 19.3046 40.4637 163.985 5.49506 58.7436 6.15032 2.43018 11.8413 14.8462 4.83299 5.06684 14.4246 30.5495 0.00150379 80.9966
62.304 2.6491 5.85747 8.68634 5.08626 12.7506 24.9864 12.2609 41.9473 171.087 5.49506 62.1094 6.15032 2.66321 3.57397 14.8462 4.94214 5.06684 37.1453 60.2235 0.00150379 83.1162
88.905 2.67132 5.18046 9.36847 4.30315 12.7506 22.3419 12.2609 40.2184 171.087 5.49506 62.1094 0.761018 1.56062 4.80566 11.1622 8.55511 6.91394 0.120882 35.27 0.0015777 77.756
94.1678 3.1944 5.00726 8.26615 4.1599 14.3978 21.4875 10.1732 44.1759 171.087 5.49506 62.1094 0.761018 2.5003 10.6134 2.13001 7.3934 9.95309 30.7235 26.5841 0.00259853 77.5558
103.212 3.1944 4.74581 7.80747 4.1599 14.2667 18.184 10.1635 47.7419 171.087 5.49506 62.1094 0.761018 6.12899 8.94359 4.19387 7.21103 10.4438 41.9981 68.8694 0.00348515 83.549
121.099 2.59116 3.76024 7.80747 4.65299 13.2273 19.9001 7.91684 44.8185 171.087 5.49506 62.1094 20.1647 4.12882 3.5438 1.84723 3.70369 1.54429 8.32727 83.8438 0.014412 83.2716
121.099 1.17666 3.95021 7.99856 3.98821 13.2273 21.9629 7.12386 44.8185 171.087 5.49506 62.1094 20.1647 6.39295 4.6265 2.98726 4.28956 1.54429 10.4148 83.8438 0.0176484 81.4645
119.832 1.17666 4.68299 9.80749 3.98821 10.8698 22.9398 3.59347 49.6267 171.087 5.49506 62.1094 6.95803 7.38486 3.56324 0.235177 1.70682 8.39963 11.6303 34.6325 0.00961383 81.482
119.832 1.17666 4.70461 9.80749 5.38433 10.8698 22.4122 3.59347 49.6267 171.087 5.49506 62.1094 5.33732 0.409908 2.14312 4.20776 3.99049 15.2991 18.6139 9.13461 0.00849303 80.5488
119.832 1.17666 4.70461 10.24 4.4705 10.8698 20.8833 3.59347 49.6267 171.087 5.49506 62.1094 5.12796 0.409908 5.11149 4.20776 3.99049 16.4347 2.16965 24.1904 0.00762784 81.1625
119.832 0.308993 4.70461 10.1126 2.79697 10.8698 24.8059 3.59347 49.6267 176.929 5.49506 53.0644 4.55635 4.0366 4.96622 3.15804 13.5169 10.3248 8.15498 21.3748 0.00314423 77.9178
116.965 0.308993 4.70461 9.45615 3.1734 10.6958 27.9877 3.59347 40.5501 176.929 5.49506 53.0644 9.94502 6.43429 8.95007 4.42265 3.56707 14.835 26.3675 2.01326 0.00314423 80.9971
116.965 0.308993 4.7312 8.44515 1.44874 10.6958 32.4029 3.59347 39.4228 185.397 5.49506 53.0644 9.33531 6.43429 10.3736 2.51543 2.31994 8.08828 19.6079 18.1269 0.00309103 78.3455
116.965 0.308993 4.7312 9.03045 2.05882 10.6958 31.642 3.59347 39.4228 185.397 5.49506 53.0644 6.57016 7.11478 10.3736 4.60153 7.89784 2.16717 17.4837 18.1269 0.0103277 78.3925
116.965 0.308993 4.7312 9.03045 2.05882 10.6958 31.642 3.59347 39.4228 185.397 5.49506 50.4041 6.57016 7.11478 9.15587 4.32813 9.41778 0.148947 17.4837 12.101 0.0103277 79.4551
116.965 0.308993 6.02585 1.273 1.68159 24.7042 31.642 0.904136 30.7283 192.475 5.49506 50.4041 7.9171 7.11478 8.3181 7.12316 8.0555 0.799738 10.981 16.0225 0.000236617 79.3474
116.965 0.308993 7.53963 1.273 1.63723 23.4954 33.0355 2.48596 31.4184 192.475 5.49506 45.7097 5.22255 1.12609 5.65479 10.4088 7.03371 4.59588 19.3364 47.7479 0.000236617 81.9126
116.965 0.308993 7.58927 2.1393 0.841989 23.4954 31.0189 4.13171 31.4184 192.475 5.49506 43.3565 11.1982 1.51889 4.65309 10.2139 10.4201 4.13887 9.85616 31.1166 0.000236617 79.7118
116.965 0.308993 7.43609 1.91185 0.841989 23.4954 31.9864 4.13171 31.4184 192.475 5.49506 43.3565 16.642 1.34137 3.31366 11.351 13.1438 4.13887 9.85616 30.2813 0.000236617 81.9209
116.965 0.308993 6.44181 1.91185 0.841989 21.7928 31.9864 7.88933 31.4184 184.163 5.49506 43.3565 16.642 0.986721 3.07507 11.351 6.11 4.13887 9.85616 31.5466 0.000236617 83.9575
116.965 0.308993 8.31743 1.71194 1.94449 19.0346 33.6112 13.7277 36.0108 175.338 5.49506 43.3565 16.642 3.06624 5.73921 9.50556 5.9684 5.72219 9.85616 35.6019 3.30051e-05 80.3881
116.965 0.308993 7.91769 1.71194 1.94449 20.3188 30.6604 13.7277 37.6254 175.338 5.49506 43.3565 16.0396 1.37614 6.29584 9.86912 5.9684 0.781681 9.85616 41.5211 3.30051e-05 81.9701
116.965 0.308993 11.0515 1.79518 1.94449 20.3188 27.249 13.7277 39.321 175.338 5.49506 43.3565 12.726 6.38315 2.84595 7.4167 4.69257 6.91689 4.79968 32.5759 0.000799583 81.4273
116.965 0.308993 11.8388 0.997317 5.28361 20.3188 27.249 13.2662 39.321 175.338 5.49506 43.3565 15.3166 6.38315 2.84595 7.4167 4.69257 6.91689 23.5135 29.6299 0.000799583 86.277
116.965 0.308993 11.8388 0.997317 1.88839 22.294 27.2708 9.66562 31.1713 175.338 5.49506 46.9312 15.3166 4.45001 1.90055 7.4167 11.3045 7.33227 19.4123 25.6827 0.00087109 82.5243
116.965 5.47922 0.021504 1.24853 6.52056 22.294 28.0735 9.66562 32.5676 167.195 5.49506 55.4978 3.93058 13.8794 13.9877 4.21842 1.00733 7.33227 19.2585 33.8483 0.00057682 85.9983
139.735 3.67277 1.82077 1.24853 7.46815 22.294 17.6235 10.2529 32.7904 172.193 6.98031 55.4978 20.2209 7.23017 2.23695 2.31951 7.01035 6.19183 14.9085 34.4992 0.00479387 89.4474
135.966 4.16429 4.19403 4.47937 4.99361 22.294 14.0372 14.6191 37.055 172.193 6.98031 54.7406 18.4897 6.78167 1.93531 2.19597 8.44806 1.30015 13.6212 64.9844 0.00679239 86.87
76.7043 5.84723 4.65369 8.50662 2.95237 21.3861 8.71349 10.0623 41.1717 172.193 6.98031 56.049 16.7391 7.49054 6.93171 3.0267 13.5801 1.30015 20.2879 49.0382 0.00594541 85.3616
85.3558 2.66193 6.80343 7.66365 2.95237 17.3719 15.9874 10.1045 55.0951 172.193 6.98031 46.9197 16.7391 4.58554 4.33357 1.58197 13.5801 1.21081 32.2659 66.5301 0.0112931 86.4214
85.3558 3.13624 6.5528 6.80104 2.4338 17.3719 15.9874 10.0651 55.0951 172.193 6.98031 46.9197 17.2702 5.40766 4.33357 1.58197 9.6664 1.63145 43.8912 63.1895 0.0138441 88.957
85.3558 2.84458 6.5528 6.80104 3.07512 16.689 17.549 11.4297 55.0951 172.193 6.98031 46.9197 8.4206 1.75125 9.42208 1.53038 7.35377 1.63145 46.3743 24.0821 0.0051672 82.328
107.276 2.84458 6.86542 5.78362 3.07512 15.981 17.949 10.6733 40.0084 172.193 6.98031 60.9209 11.8807 2.2906 9.42208 1.53077 12.3183 0.273582 22.1932 20.4796 0.00734081 82.6781
122.975 0.25111 3.99682 6.88687 3.07512 24.7048 21.0463 6.69365 31.4549 172.193 15.6108 60.9209 6.91813 1.71514 4.11399 1.53979 11.5665 3.91688 8.58699 42.6821 0.00264666 79.0991
116.578 1.67668 6.05326 5.2693 3.07512 24.7048 19.9954 12.3348 31.9021 172.193 12.415 60.9209 4.91699 1.2438 0.637952 1.54453 11.5665 2.57503 26.4036 89.1896 0.00264666 85.2499
116.578 2.21364 6.05326 6.93965 3.52945 23.7568 16.9558 11.5478 34.7145 172.193 12.415 56.186 6.10217 6.49914 10.0184 1.54298 10.0557 2.22559 9.96811 42.7943 0.000652559 78.5283
55.8094 5.36555 10.2058 2.75969 4.89484 23.7568 15.4955 8.23146 38.04 170.754 12.415 56.186 5.91948 10.2131 2.95243 1.55138 9.26553 2.17429 2.32806 40.5313 0.000767711 77.7693
64.364 5.36555 10.2058 2.75969 4.89484 23.7568 15.4955 9.80374 38.04 170.754 12.415 56.186 5.91948 10.2131 20.392 1.66528 9.26553 2.31696 2.39579 44.5355 0.000767711 77.8556
52.5605 5.02458 12.1689 2.75969 5.44753 23.7568 15.4955 9.18464 36.7101 170.754 12.415 56.186 6.0378 9.71533 15.8095 3.17273 13.6121 2.34963 8.99383 41.8519 0.000767711 76.0001
57.7573 4.96821 12.1689 2.75969 4.5786 23.7568 15.4955 8.90595 36.7101 170.754 12.415 56.186 6.0378 9.71533 14.898 4.60389 3.6057 2.34963 8.99383 41.8519 0.00096784 74.5534
51.5097 4.96821 12.1689 4.30262 4.5786 23.7568 15.4955 8.90595 36.7101 170.754 12.415 56.186 6.0378 8.47459 14.8077 5.0884 0.62262 2.34963 8.99383 41.8519 0.00130667 76.5686
51.1835 5.07385 10.4199 3.77394 4.3973 19.3792 15.4955 12.748 36.8222 177.081 12.415 56.186 5.75166 1.03514 15.6089 8.49114 0.62262 2.26486 3.0074 38.992 0.000671373 77.972
28.6762 4.31962 11.5672 5.73201 4.17821 19.3792 15.4955 9.23815 38.5884 177.081 12.415 53.9885 4.62756 6.177 14.9067 7.36919 4.8619 2.1877 20.1738 64.291 0.000464664 80.8968
28.6762 7.42397 11.5672 3.46867 2.89055 19.3792 15.4955 8.49423 44.1829 177.081 9.99355 53.9885 4.29121 9.23066 13.9047 7.36919 2.17682 2.13897 11.2859 64.291 0.00120819 80.0918
35.1863 3.20972 10.8653 6.41142 2.89055 19.3792 15.4955 8.49423 44.1829 177.081 9.99355 56.8387 4.02818 7.68316 13.2407 2.41362 2.17682 2.13897 50.2883 64.291 0.00229328 83.1207
35.1863 1.53922 11.7379 6.41142 2.89055 19.5019 14.9922 8.49423 47.3861 172.354 9.99355 56.8387 3.98194 5.22297 10.0457 5.99378 4.23729 1.92946 42.9681 6.21004 0.00135096 78.4197
48.334 2.05386 12.6851 6.41142 2.89055 19.5019 15.096 10.0406 42.5104 172.354 9.99355 59.102 4.04984 4.71332 11.8447 9.14327 1.50697 2.04722 28.8985 24.0116 0.000387829 75.5635
48.9227 2.05386 12.6851 6.41142 7.13969 19.5019 15.096 10.0406 37.9456 172.354 9.99355 59.102 4.00246 5.06136 15.6366 9.14327 4.58661 0.916475 19.8982 28.7836 0.000387829 75.5929
50.2708 2.05386 13.1826 4.39216 6.24394 19.5019 22.0516 9.49924 36.5944 172.354 9.99355 50.584 3.80121 6.02932 17.2422 6.17713 3.47561 0.889904 17.1511 59.876 0.000249751 79.1128
50.2708 2.05386 13.1826 5.61014 5.50121 19.5019 22.0516 9.46655 36.5944 172.354 9.99355 50.584 3.07734 6.22465 23.9065 5.02839 3.20168 1.53421 3.98991 80.0617 5.23056e-06 76.736
52.0901 2.05927 13.1826 5.61014 5.50121 19.5019 22.0516 9.46655 36.5944 172.354 9.99355 50.584 1.91246 6.22465 23.9065 1.76 4.58267 1.53421 13.0516 80.0617 5.23056e-06 77.1196
52.0901 1.98751 13.1826 5.61014 5.50121 19.5019 22.0516 9.48736 36.5944 172.354 9.99355 50.584 1.91246 5.44378 23.9065 2.05435 6.79265 0.44447 3.76538 91.8013 0.00285692 83.2496
33.8813 2.11004 13.1826 5.61014 5.47171 13.4059 22.0516 9.52552 36.2266 172.354 9.99355 65.6555 1.91246 4.95035 21.158 2.27625 5.24512 1.08567 8.47291 25.3245 0.00515549 77.5848
36.6179 0.645651 13.1826 8.6232 5.47171 12.9129 22.0516 9.0181 40.5652 172.354 9.99355 63.8155 10.6642 4.51144 19.0798 2.90499 4.97591 1.38331 9.7811 5.07233 0.000516495 76.8597
36.6179 0.830295 13.3434 8.6232 5.47171 9.79189 22.0516 8.68427 40.5652 172.354 5.56257 72.7775 0.870179 7.74178 12.2676 2.90499 8.80858 0.980174 9.7811 7.60416 0.000516495 76.4999
36.6179 0.773468 13.3434 8.6232 5.47171 10.2772 22.0516 8.68427 40.5652 172.354 5.56257 72.7775 0.870179 7.74178 16.7438 3.45865 7.87664 2.7614 6.43123 8.26634 2.77028e-05 75.6562
27.1861 0.478282 16.1755 8.9121 4.0497 9.50147 27.1973 8.45088 40.5652 172.354 5.56257 58.522 3.85536 7.32265 17.0529 8.24418 8.07875 0.985709 6.43123 9.12061 0.000127935 81.6516
33.418 1.11618 16.1755 0.354174 3.95831 16.4495 27.1973 8.71228 40.5652 172.354 5.56257 58.522 6.14175 9.65662 1.7704 8.96262 9.16993 6.13249 17.7392 8.52012 0.000127935 75.3899
20.794 0.987419 12.9336 1.81392 3.90062 19.4357 27.1973 8.28985 41.2383 172.354 5.56257 60.3679 6.74885 17.9022 2.9032 9.7364 1.783 2.04707 11.0666 8.70825 0.000331214 77.2262
10.8352 2.12609 10.847 3.29672 3.86056 19.4357 27.1973 8.60706 40.3723 172.354 5.56257 60.3679 1.28216 17.9022 4.06956 6.33783 3.19112 2.04707 38.049 0.865468 0.00170062 79.6473
10.8352 1.95964 10.847 4.22561 3.89881 19.3821 37.0601 8.41338 40.3723 163.891 5.56257 63.8225 1.33902 11.8099 6.48387 6.33783 2.85454 2.04707 50.0033 3.80707 8.85171e-05 79.3378
18.3163 3.02143 12.4344 2.39973 2.20436 19.3821 37.9073 8.81262 40.6677 163.891 5.56257 63.8225 3.01186 11.8099 5.28632 2.69766 2.78233 3.8432 54.4273 12.917 8.85171e-05 81.5718
-14.2227 4.59994 11.3845 3.95952 2.57545 19.1354 40.5886 15.5673 30.2379 163.891 5.56257 63.8225 3.01186 20.1171 6.49174 2.69766 2.68513 2.66134 44.1449 12.5928 8.85171e-05 81.7853
-14.2227 5.97955 9.68986 4.80521 2.61344 18.5131 39.2542 15.5673 31.4538 163.891 5.56257 63.8225 1.78079 14.5029 7.26865 1.28491 2.79444 6.50128 27.364 14.3878 8.85171e-05 78.9917
-24.7101 5.97955 12.39 4.84732 2.61344 17.2088 39.3756 17.2477 25.2209 163.891 5.56257 63.8225 1.78079 14.425 7.32373 4.26384 2.86048 2.11455 22.3379 16.3834 8.85171e-05 80.4036
-24.4717 5.00695 5.09041 8.55189 1.66144 16.7469 41.7124 17.6583 24.6351 163.891 27.7926 44.3446 6.75994 14.9455 8.87199 7.04158 1.52861 0.820933 19.9858 16.3762 8.85171e-05 80.9178
-54.1714 8.36236 6.95191 7.06702 1.66144 21.3768 41.7124 19.0778 16.3065 163.891 27.7926 46.7868 6.39943 11.1236 8.4034 18.9484 2.486 0.820933 23.4047 25.2978 8.85171e-05 82.7294
-56.7792 12.3235 6.95012 7.06673 4.75173 21.8261 36.7845 18.2042 17.5042 163.891 27.7926 46.7868 6.14304 1.36988 9.67193 9.93131 2.06352 4.03888 25.514 4.80492 0.000228176 88.3969
-75.9087 12.9362 8.86096 4.72658 5.2464 20.6149 35.9688 20.406 13.2619 158.074 27.7926 56.8412 9.72867 8.64043 13.1575 7.63518 2.56961 6.73644 15.2758 7.7573 0.000240011 80.9948
-60.7404 11.423 7.25976 6.32516 5.38938 21.5706 28.4359 20.0428 20.1383 158.074 27.7926 57.4596 3.76075 9.19195 13.7692 8.73861 5.05356 5.93577 26.0349 10.6241 0.000146282 79.534
-64.9275 12.0222 3.11208 8.17612 5.38006 19.0931 42.3619 24.3479 10.6635 158.074 27.7926 54.2844 0.748265 1.80038 10.6043 3.16521 6.69059 4.40019 43.7158 12.4865 2.02161e-05 79.4483
-27.5031 10.122 3.02358 8.17612 5.00502 18.958 40.4455 24.3479 10.6635 158.074 27.7926 54.2844 0.748265 1.80038 12.5382 2.52383 4.19268 7.76112 84.2605 17.287 2.02161e-05 83.5171
-25.9511 10.1597 4.84571 4.91886 4.91189 18.8553 40.3127 22.4523 9.66365 156.403 27.7926 54.2844 1.06548 5.36923 15.9711 1.65238 3.62367 9.79176 66.7784 18.9899 0.000253305 83.6946
-21.5079 9.84936 4.08388 3.96436 5.27496 21.4375 34.9004 23.1927 7.96549 158.741 38.5043 54.2844 2.41634 10.6706 9.47681 2.79273 2.32403 9.44942 97.9675 19.7822 0.000784916 85.7756
-6.51653 9.66257 4.55538 3.74699 5.1194 22.3932 31.2264 24.3295 8.33014 158.741 38.5043 47.9756 4.31286 10.6706 8.49137 2.04855 7.0035 6.8542 14.9402 13.6228 0.00271801 78.933
-6.51653 10.1886 4.43142 4.4084 4.23053 23.2419 31.2264 24.1968 8.33014 158.741 38.5043 47.9756 4.29085 13.6243 9.36421 0.575407 10.933 2.52858 20.4044 3.67066 0.00271801 79.387
-31.6609 8.96438 5.68217 6.23614 3.65111 23.4335 31.3408 25.2637 8.33014 158.741 38.4192 47.9756 5.15899 9.38636 5.79975 2.95893 11.0599 2.30735 65.2747 5.48398 0.000791781 80.4118
-31.6609 9.60283 7.01544 6.1703 2.97971 22.7883 32.4196 25.9983 19.088 111.053 92.9894 26.0119 5.36248 8.06004 6.55881 14.1613 8.36271 0.583647 28.3558 5.56737 0.000686672 81.5205
-2.03672 11.6687 9.51167 4.89884 3.46266 22.5108 16.544 25.976 15.5782 111.053 93.9277 37.8868 4.3274 2.19461 6.55881 14.8498 5.11957 5.23885 27.8447 5.56737 0.00146205 79.0996
-69.1842 11.6687 7.51337 3.35 5.39879 24.0585 18.0937 36.3688 12.8161 111.053 93.9277 37.8868 2.52854 2.19461 6.46789 12.0215 5.29803 2.95181 33.624 6.70624 0.00185356 78.6278
-69.1842 11.6218 7.51337 4.22799 5.94627 22.6749 18.0937 36.3688 12.8161 111.053 93.9277 37.8868 2.52854 8.70709 5.81303 11.0526 1.3094 9.90208 33.624 13.6803 0.000325771 77.3098
-69.1842 11.6218 7.51337 6.23176 5.94627 20.9952 18.0937 36.3688 12.8161 111.053 93.9277 37.8868 3.88282 10.992 5.81303 10.1302 1.3094 7.96717 40.828 12.8274 0.000325771 77.8895
-63.8885 11.6218 6.3115 5.20385 9.99907 18.6142 18.0937 36.3688 12.8161 111.053 94.6823 33.9824 10.7867 10.4785 8.75137 5.65156 1.88799 2.19228 27.7436 16.1519 0.000325771 76.9692
-63.8885 18.0888 4.56734 4.94259 9.79381 17.7362 18.0937 36.3688 12.8161 109.758 94.6823 32.2607 8.09525 5.41942 15.4443 8.05699 1.45097 3.04537 27.7436 15.5843 0.000325771 82.7845
-63.8885 19.0002 6.59329 3.35537 9.4705 16.7134 13.5024 36.3688 19.2082 106.934 94.6823 22.2642 6.17152 0.880389 15.4443 9.88654 1.45097 18.6778 27.7436 11.5285 0.00130169 87.9872
-63.8885 19.0002 7.54984 3.79546 9.4705 16.4762 10.7986 36.3688 19.2082 94.3774 117.573 20.9214 7.41723 9.06778 1.87145 10.0982 1.45097 9.40076 2.18811 14.8016 0.00103427 78.8719
-61.9344 18.2132 7.14859 4.48898 10.8002 16.4161 7.39287 36.3688 20.1317 89.4354 117.573 30.1333 5.18992 11.1508 5.29096 10.0982 8.66826 12.7536 34.5201 6.43508 0.00175971 83.0745
-61.9344 18.2132 7.27519 5.3455 10.8002 15.1196 5.58321 37.9867 20.1317 88.2865 123.85 28.5845 1.96213 12.0051 1.54433 6.4931 11.4307 6.73217 23.4779 1.7077 0.00175421 78.4803
-61.9344 18.2132 8.04763 5.3455 9.4816 12.7869 10.7394 37.9867 20.1317 86.8223 123.85 28.5845 2.08228 5.71125 2.09118 10.7438 11.3737 5.63665 6.79115 18.7572 0.00199792 79.3479
-71.7314 18.2132 8.25547 4.40626 11.6594 12.7869 10.7394 37.9867 20.1317 82.6414 128.517 28.5845 1.52137 5.71125 0.775564 10.2775 11.6345 1.45552 9.54454 10.3513 0.0037562 79.9873
-71.7314 17.0536 7.14507 5.44089 11.6594 15.1827 10.7394 32.3428 21.7467 88.4377 128.57 23.4856 2.34479 2.80785 3.25719 10.0138 11.6745 4.21293 17.8327 18.3771 0.00162115 78.8018
-71.7314 18.322 8.37543 5.44089 9.22292 15.1827 10.4481 31.2618 25.8624 88.4377 128.57 23.3311 9.02203 6.30373 6.8058 9.4398 12.4229 5.3432 12.434 0.723274 3.03691e-05 75.8793
-71.7314 18.322 8.37543 5.44089 9.54301 15.1827 10.4481 27.855 24.6308 88.4377 128.57 20.708 8.6177 7.49865 6.61088 13.5115 13.2986 6.81681 11.7642 5.29173 3.03691e-05 76.9085
-71.7314 18.322 10.6743 2.6828 9.32055 15.1827 10.6299 27.855 24.4614 85.5962 129.648 28.3913 8.89219 7.49865 2.74922 13.5115 13.4323 10.0857 12.1451 13.5126 3.03691e-05 80.402
-71.7314 18.8801 9.47306 1.80786 9.32055 22.8527 10.6299 27.855 23.3437 88.7634 128.443 21.841 8.89219 1.69508 2.74922 9.66336 11.1604 15.3873 10.8053 13.5126 3.03691e-05 77.9185
-71.7314 18.8801 12.2673 1.80786 6.57917 18.1526 10.6299 26.7628 24.6716 95.9439 126.87 20.1139 8.81301 1.77285 2.98966 12.3853 6.12991 10.2091 10.8053 11.4834 3.03691e-05 78.1618
-62.5278 18.8801 10.3343 2.14081 5.99319 17.3543 10.6299 29.5587 37.4996 64.8744 150.012 14.4036 8.81301 6.47437 7.19523 9.45641 0.0496366 5.46593 25.2035 11.3138 0.00126274 81.4285
-62.5278 18.8801 10.3343 2.14081 5.99319 18.4143 9.4003 30.6857 27.9194 81.773 134.706 21.0519 8.81301 4.59613 7.83352 10.6028 7.96031 5.46593 32.9788 11.3619 3.15389e-05 78.2492
-62.5278 13.9915 16.6618 1.69034 6.25096 15.9531 12.7224 30.6893 24.9833 81.773 141.768 16.438 0.621382 6.53929 1.28328 9.30698 6.87117 9.36966 3.07507 10.2265 2.04521e-05 76.6829
-62.5278 13.9915 16.6618 1.69034 6.25096 15.9531 12.7224 42.1532 5.69201 83.913 141.768 15.9313 6.71321 8.84902 2.09419 5.4466 6.21373 11.4056 3.07507 12.8536 3.17801e-05 75.9664
-62.5278 12.6858 16.6618 1.70443 6.25096 15.9531 12.7224 42.1532 5.69201 92.2388 141.768 11.3143 8.8451 5.1012 6.0697 5.34765 8.27933 11.4056 3.07507 8.82669 5.44939e-05 76.5144
-47.8214 11.9521 16.6618 1.70443 6.25096 15.9531 13.5096 42.1532 7.29954 92.2388 141.768 5.84572 11.4438 8.84772 6.0697 5.34765 5.55161 7.01177 5.95074 25.7085 3.28498e-05 76.8785
-47.8214 11.9521 16.6618 1.70443 6.25096 16.3093 12.1077 42.1532 7.29954 89.8723 141.431 10.9562 7.52001 11.9756 7.76153 5.40581 5.44645 5.17328 1.60132 22.5893 2.28559e-05 75.5649
-47.8214 16.4619 10.6114 2.21078 6.25096 16.3093 12.4209 42.1532 7.29954 87.2274 141.431 10.1884 12.0738 5.24079 7.76153 14.4653 4.78501 3.38037 14.7481 20.8821 3.90179e-05 76.2196
-47.8214 16.4619 10.6114 3.08531 6.25096 16.3093 12.4209 42.1532 7.29954 87.2274 141.141 10.1884 12.0738 5.74821 6.47109 14.4653 5.63364 1.88902 14.7481 17.0947 6.9564e-06 74.4471
-47.8214 16.4619 10.6114 2.76112 6.25096 16.5295 12.4209 42.1532 7.29954 87.2274 144.832 7.92737 12.0738 5.74821 1.40486 14.4653 6.19563 1.88902 18.1524 16.4437 4.39209e-05 75.8807
-40.4012 16.4619 10.6114 2.76112 6.25096 16.1226 12.4209 42.1532 7.29954 87.2274 144.832 7.0078 12.0738 5.13869 1.40486 14.4653 4.84194 2.52195 18.1524 12.76 4.39209e-05 75.6798
-12.4261 16.4619 7.74916 2.76112 6.61141 16.211 10.27 42.1532 7.29954 62.5635 169.741 7.31744 8.22799 10.457 1.18309 9.67601 9.65526 2.46468 18.1524 13.2915 1.26348e-05 80.1581
-20.0675 16.0324 7.74916 2.76112 9.30191 16.3035 8.95898 42.1532 5.795 57.9899 178.41 7.31744 8.22799 9.45317 1.18309 9.03917 9.65526 2.55417 15.738 4.37031 1.26348e-05 77.1968
-2.84505 13.0815 7.74916 4.27526 6.23015 16.9718 9.08161 40.9745 11.0107 57.9899 177.918 14.0852 2.38818 12.0691 7.21854 7.14197 1.43478 0.526529 11.1937 4.98183 0.000160705 78.0468
-27.9614 13.917 8.40679 5.84919 7.78205 18.6898 8.65833 32.4762 19.975 54.8946 176.755 10.3553 1.79639 17.0134 6.70521 8.7293 0.355648 2.36353 5.24265 11.0832 0.000351552 80.0023
-22.4139 13.917 7.4752 5.01897 6.47845 17.1025 8.65833 34.2792 19.975 53.0217 178.097 12.9122 6.90913 21.2914 1.43466 7.09842 1.64562 2.67603 4.70626 18.3488 0.000531928 78.6227
-22.4139 13.917 5.31938 6.94166 6.47845 17.7296 8.53046 36.1447 19.4527 50.1326 179.431 11.2614 3.46993 22.9482 1.43466 8.50179 4.73804 1.4239 4.94079 33.9643 9.83976e-05 78.4207
6.42255 10.496 8.84538 5.38539 7.3927 16.4831 11.0838 35.7716 19.4527 59.4281 173.175 4.44661 7.08037 25.9711 2.23379 4.07168 2.22677 1.28083 7.09402 37.9484 5.68743e-05 75.5947
6.42255 8.57971 8.64732 4.61526 7.71325 23.8806 1.64331 33.8975 25.5879 57.6118 173.175 4.44661 7.64485 20.7718 5.67687 4.77149 6.3282 2.39422 6.94021 14.1089 5.68743e-05 77.8293
-46.6842 8.25361 7.47977 3.7199 7.96735 30.2463 1.64331 33.8975 25.3597 57.1752 173.447 5.7071 8.48758 6.20231 3.83453 10.3775 7.87351 2.48654 32.1264 12.3844 0.000109325 77.0946
-45.5407 8.13118 7.47977 3.7199 7.38113 30.2463 2.06322 33.8975 25.3597 57.8517 173.736 5.7071 8.09189 6.20231 4.89009 11.6049 6.41181 2.90331 27.3513 6.1219 5.43262e-05 76.7221
-45.5407 8.13118 5.08695 3.7199 8.60649 30.1596 5.07059 37.5221 20.4721 59.4797 171.935 10.7045 6.48919 10.5149 2.27087 9.8259 6.21945 0.136462 24.8169 2.11405 9.79214e-06 76.4533
-51.0257 12.6775 6.57687 4.05363 9.76962 31.2476 5.07059 35.528 23.6905 62.357 171.935 5.58876 5.33434 13.7783 2.34567 8.62751 3.44986 1.0099 25.7729 1.18416 9.79214e-06 84.0907
-51.0257 10.2952 10.6644 1.26619 9.76962 27.2523 2.95697 35.528 23.6905 56.8751 170.827 6.40572 2.88001 11.1227 1.74613 14.66 7.10327 0.134161 26.0232 1.34208 9.79214e-06 78.8152
-51.0257 10.2952 10.7849 1.26619 9.76962 32.2442 2.95697 35.2935 18.6591 53.0448 174.522 9.1636 2.88001 19.0507 1.74613 2.98479 10.169 2.85562 26.0686 1.34208 9.79214e-06 77.7652
-51.0257 9.29222 9.94728 1.26619 11.6777 32.2442 2.95697 29.6749 22.6392 54.8546 171.432 14.0019 2.26859 19.3945 0.913342 2.98479 11.3458 2.85562 26.9355 66.8252 9.79214e-06 79.9498
-48.3328 9.29222 9.94728 1.26619 11.4277 32.2442 2.95697 28.0196 22.6392 56.2401 171.432 14.0019 2.26859 14.9191 1.46369 1.41894 11.3458 3.06916 27.6495 38.1362 0.00131988 81.2863
-48.3328 8.84064 9.94728 1.26619 11.4277 35.853 2.95697 28.0196 24.0834 51.6949 171.432 17.7217 1.55285 16.7602 1.77652 1.41894 11.222 3.06916 28.6821 38.1362 0.000222463 81.9604
-24.9561 5.99509 7.33963 1.26619 17.4503 32.2001 2.95697 28.0196 24.0834 48.9375 171.432 16.9571 1.55285 12.3725 0.535895 1.41894 11.281 3.06916 3.07774 34.7903 0.000222463 84.7426
38.8047 4.39004 5.38678 1.26619 12.066 32.2001 6.48696 28.2204 34.1702 47.0632 159.879 18.7887 1.777 23.0427 0.110847 8.84547 11.6422 7.3942 4.13475 42.3163 0.000470367 84.2055
31.7881 4.59874 5.03444 1.97847 11.3515 32.2001 6.48696 28.2204 35.1757 45.7309 159.879 31.8657 1.777 17.8659 0.0747363 5.60707 0.749815 4.91708 30.0587 43.2777 0.000739837 89.2167
47.6699 4.21592 9.55715 5.1484 8.40794 24.2957 6.82149 25.7774 31.6807 56.3537 159.879 24.8307 0.417555 19.7412 0.0747363 2.86487 3.34363 8.14254 2.43747 36.5352 0.000740734 78.0431
47.6699 3.43621 10.0642 0.58501 8.63416 28.4928 5.94641 25.7774 30.6103 59.2843 158.862 24.8307 4.03979 15.1997 4.95922 2.86487 3.13214 2.72979 2.43747 4.5571 0.000726613 77.6756
47.6699 5.52055 13.6492 0.58501 2.86583 28.4928 14.1404 25.7774 26.5089 59.2843 154.719 17.9608 5.74106 15.4919 7.4214 1.52625 4.42876 2.72979 50.7005 10.1682 0.000461905 82.0375
47.6699 6.12281 13.6492 0.58501 2.92241 28.4928 14.1404 26.8193 18.1795 63.6505 154.992 19.0359 5.75367 13.7785 11.2882 5.04422 4.32487 13.9435 2.74941 23.3485 1.71945e-05 74.427
87.376 3.6446 6.80656 0.287584 8.07969 28.8525 5.87435 35.1715 15.7052 63.6505 160.338 12.967 4.4452 9.22025 10.9946 7.0286 4.14722 16.3061 18.491 23.8917 5.8258e-05 79.4838
92.4814 3.04939 5.85526 2.61214 13.6313 23.3432 5.87435 35.1715 20.2952 51.5993 169.222 12.4957 0.319842 12.8309 10.5953 5.67899 2.65434 17.481 22.9068 24.0395 7.84513e-05 79.7866
92.4814 3.04939 8.98518 2.42875 13.0651 18.5074 13.4808 47.343 11.8655 33.2146 169.222 23.1539 5.31831 13.8127 9.44589 3.48797 2.19553 17.481 11.3382 22.8528 4.8575e-05 81.2433
92.4814 2.47969 8.55342 3.3761 14.6955 14.6182 13.4808 33.8319 24.6157 52.4444 169.799 18.6677 1.20208 7.11547 4.24827 5.44935 1.41653 10.688 12.151 18.8792 7.88281e-05 77.8757
92.4814 2.24782 8.55342 3.3761 14.6955 14.6182 3.09949 33.3554 31.0455 52.4444 168.383 16.2583 1.50929 8.54408 4.24827 5.44935 10.6132 7.6024 16.3797 2.71282 0.000111216 73.4054
95.9105 2.24782 6.25884 1.52478 23.3512 15.5168 5.30596 20.2107 34.0438 52.4444 168.383 18.2291 2.24338 8.49447 8.56143 3.94285 17.8589 6.04442 26.8502 2.71282 0.000117806 76.4712
95.9105 2.24782 6.25884 1.52478 23.3512 15.5168 5.30596 20.2107 34.0438 52.4444 168.383 13.8549 8.92733 2.54309 8.86168 3.94285 12.9366 4.93997 26.8502 17.1323 0.000117806 73.4088
95.9105 2.24782 6.96214 1.52478 23.2967 15.5168 5.30596 20.2107 34.9342 52.4444 168.383 13.8363 8.92733 2.54309 10.0337 4.04367 2.82255 8.8084 14.3711 2.93048 3.14228e-05 71.1604
95.9105 2.24782 6.24157 1.52478 23.2967 15.5168 5.30596 20.2107 31.4927 52.3708 171.218 15.0387 10.152 5.48295 9.1842 4.1465 3.03579 6.71479 6.27848 2.52647 1.80282e-05 71.2784
95.9105 2.24782 7.30213 1.52478 23.2311 15.5168 5.30596 20.2107 31.4927 52.3708 171.218 13.9771 8.97061 6.5658 7.86474 4.71388 7.87872 6.71479 15.7762 2.85954 1.80282e-05 71.2247
95.9105 2.24782 7.30213 1.52478 23.2311 15.5168 5.03772 20.2107 34.3954 52.3708 167.954 15.7351 6.99437 5.35001 4.54277 5.71324 9.92196 6.95527 21.0313 2.78223 3.06475e-06 70.5791
95.9105 2.24782 7.30213 1.52478 23.2311 15.5168 5.03772 20.2107 34.8845 51.2551 167.954 14.9136 7.25514 4.75095 2.06772 5.71324 7.33523 8.69044 22.2288 7.56247 3.9731e-06 69.6749
95.9105 2.92627 6.69284 1.52478 23.2311 15.5168 5.03772 20.2107 33.2674 51.2551 167.954 15.502 6.51401 13.7094 15.8814 5.13916 4.00216 4.11025 22.2288 6.30236 1.75847e-07 72.8436
95.9105 2.92627 6.69284 1.52478 23.2311 15.2448 5.03772 20.2107 35.1618 51.2551 166.002 17.959 7.26812 13.7094 3.51976 4.22856 2.11641 4.26685 27.4283 22.5286 9.538e-08 70.5623
95.9105 2.92627 6.7561 1.52478 23.2311 15.2448 5.03772 19.7501 36.5531 51.2551 166.002 17.959 7.26812 13.7094 3.51976 4.42361 2.11641 8.99812 27.4283 17.458 9.538e-08 71.2774
60.0773 6.22112 7.05534 1.52478 22.9325 9.20855 5.03772 17.4023 37.5932 75.4443 147.148 22.5529 5.70861 20.6832 0.451947 3.99478 2.11641 4.90517 54.4204 1.80696 1.49827e-07 74.4937
60.0773 6.22112 5.02626 1.70757 20.7868 10.2133 5.03772 21.4512 40.1637 77.2714 130.818 30.8039 0.469787 20.5187 4.26215 3.87727 2.11641 3.01448 51.2361 8.58955 1.11585e-07 75.229
60.8625 7.0457 9.27654 1.70757 13.507 11.9005 10.9787 23.9208 35.4188 77.2142 133.239 31.2551 2.24998 8.68446 8.37104 2.66114 1.32502 4.88579 51.4964 8.98197 1.2963e-08 70.7773
51.9747 7.69971 8.4016 1.70757 15.0656 18.5054 10.9787 17.4031 33.4349 77.2142 134.995 31.2551 14.3117 7.9641 7.96237 2.25462 1.73605 5.59734 51.5553 8.98197 1.2963e-08 72.4889
45.7586 7.98554 8.4016 2.19329 15.0656 18.1265 10.9787 14.4286 33.1922 68.3839 139.967 30.1551 8.73036 4.2352 8.55181 1.22199 2.10935 9.82271 32.8288 18.4428 2.24786e-08 69.706
47.376 7.6684 6.0903 3.81701 11.4334 22.1151 16.6313 13.9375 33.0378 62.3269 143.642 28.1415 8.62915 12.3549 9.43341 2.37776 3.54386 3.36663 22.4613 35.5175 3.69751e-08 72.9663
53.6299 5.39385 3.61943 3.81701 11.7304 24.4942 15.4715 13.9375 33.0091 62.3269 147.07 28.7798 9.95949 8.45189 8.3592 2.40082 1.1986 9.99779 14.4196 16.3065 3.69751e-08 70.4234
49.269 4.45101 5.35956 3.6964 12.9293 24.4942 14.8374 13.9375 26.8032 68.7428 153.168 33.3542 4.53011 11.4735 8.60498 0.911489 1.95094 3.11064 15.724 19.137 3.69751e-08 72.8193
48.8375 4.45101 4.42109 3.6964 12.9293 24.4942 9.8681 13.9375 32.1874 130.58 75.7529 35.3976 16.4271 4.23156 7.59693 5.79975 1.95094 4.44717 21.3112 14.6005 4.83709e-08 67.2117
48.8375 4.45101 4.42109 3.6964 12.9293 24.4942 9.8681 13.9375 33.9084 130.58 75.7529 35.3976 14.0898 2.86232 9.02995 6.62169 1.95094 2.97612 21.3112 25.1143 4.83709e-08 67.3972
48.8375 4.89115 4.46698 3.6964 12.9293 25.7643 9.8681 12.2174 33.6451 130.58 75.7529 34.6981 17.146 5.42139 13.235 0.955348 2.99089 2.29149 21.0779 25.2918 3.50134e-08 66.861
54.0076 3.58337 11.231 3.6964 6.92955 25.7643 9.8681 2.92053 40.8134 131.759 75.7529 38.3043 11.0782 5.42139 12.6552 0.398738 2.99089 3.17736 12.6182 25.2918 3.68799e-08 69.9304
50.65 6.20426 11.238 4.27577 4.62087 25.7643 9.8681 2.92053 40.8134 131.759 65.7451 46.9188 6.95319 5.09624 7.92975 1.50086 11.1043 2.47442 11.0558 30.6269 1.28324e-09 65.4686
33.8696 6.20426 11.9446 4.84991 4.62087 25.0226 9.8681 4.60495 40.8134 131.759 65.7451 53.6228 5.59157 4.66413 7.10251 2.63166 4.58727 3.39429 34.3802 15.3187 1.28324e-09 67.8602
39.7958 4.37773 10.3817 3.22714 4.46389 21.2297 9.8681 7.70025 46.7358 131.759 64.4341 53.6228 6.70968 3.06423 7.8198 2.63166 8.76711 3.20772 26.6922 20.6136 2.16332e-08 71.4733
27.5685 6.77844 11.9206 3.22714 4.4644 21.2297 9.95066 8.23417 49.0298 131.759 64.4341 42.3099 5.82739 0.802012 10.7852 4.6699 8.76711 5.57302 21.5489 16.8011 2.39323e-08 69.3007
27.5685 6.77844 2.00721 3.22714 7.13676 29.6802 10.5838 9.51557 39.5836 135.551 64.8233 50.9543 6.19891 1.20933 10.2588 3.17992 4.23871 6.31756 3.94955 3.34917 1.09598e-07 75.17
43.0554 5.9162 2.00721 3.22714 7.28233 33.6191 10.5838 9.51557 43.4019 135.551 53.774 50.9543 9.16477 2.29531 9.76122 0.4402 4.23871 7.8844 22.6086 3.34917 1.44396e-07 69.7017
51.6932 4.80532 2.00721 4.18683 0.588307 33.2136 10.5838 13.6944 44.3336 135.551 53.774 49.2584 6.07076 4.53538 4.29018 13.8605 1.18277 8.72663 9.39988 19.6219 4.43761e-08 69.9892
51.6932 5.30142 2.00721 4.56887 0.588307 33.2136 10.5838 11.9115 49.1646 135.551 53.774 49.4365 3.27354 5.24585 7.72216 13.1304 1.18277 0.493965 27.0052 14.8587 6.05564e-10 68.8937
50.7772 3.65856 4.72814 3.75777 1.78516 33.2136 0.53202 13.6367 54.2836 140.085 53.774 43.2131 4.40605 5.79565 8.894 1.387 4.94186 0.440196 14.1105 13.9808 6.05564e-10 70.0962
50.7772 4.37031 6.68054 3.76339 6.72779 33.2136 0.53202 19.3087 50.0949 140.085 53.774 43.2131 4.77808 11.167 2.6744 0.95025 4.03541 2.7674 20.9132 13.6433 6.05564e-10 73.3589
50.7772 4.37031 6.68054 3.84276 4.46666 33.2136 0.53202 19.3087 50.0949 119.744 55.9449 65.8628 6.96797 3.36471 2.6744 0.95025 4.03541 3.04988 27.9307 13.2546 6.05564e-10 74.9481
47.8024 3.88946 6.68054 3.84276 4.63023 28.3673 5.67596 19.3087 50.0949 119.744 55.9449 65.884 6.68614 1.93439 1.88729 0.219461 5.70915 2.39538 45.1601 7.41944 6.05564e-10 72.2897
47.8024 3.86213 6.68054 3.84276 4.63023 28.3673 5.67596 19.3087 50.0949 119.744 55.9449 65.884 6.70103 0.530746 8.8004 4.26508 4.40556 1.13903 10.0592 13.0455 6.05564e-10 69.3495
47.8024 2.0391 10.1929 3.84276 24.973 5.24922 6.83146 19.3087 54.5726 122.284 55.9449 52.5063 6.65007 9.911 9.53074 4.16966 5.39813 0.092992 17.4098 22.7584 6.05564e-10 72.2215
47.8024 1.33333 9.26647 3.87743 24.973 6.60121 5.29459 19.3087 52.7374 122.284 55.9449 50.8275 6.66791 4.91903 6.58659 3.30582 3.67454 12.5205 18.9735 22.7584 6.05564e-10 65.101
30.8356 1.20596 8.97501 3.86191 30.8526 6.17124 0.267929 20.9731 52.8435 122.284 55.9449 49.784 7.18274 3.71286 3.12648 2.53794 7.04183 11.5899 12.505 31.3928 6.05564e-10 67.2988
43.6726 1.20596 8.97501 3.77722 30.8526 6.17124 0.267929 18.4283 52.8435 121.628 56.799 49.784 6.01463 3.71286 11.9041 4.42597 5.75557 8.56198 12.8472 31.4495 6.05564e-10 68.4518
31.6255 2.32928 9.09085 3.5394 30.4543 6.17124 0.318696 20.9274 52.8435 121.628 56.799 49.784 7.2987 0.434801 13.8653 4.189 3.64303 3.5905 24.0272 25.2181 6.05564e-10 69.1777
34.0874 0.52477 9.09085 3.35933 30.4543 11.9473 3.74013 15.0015 51.2428 121.628 56.799 49.784 6.55762 5.33289 16.3323 8.88878 5.02729 3.79027 24.0272 18.8459 6.05564e-10 70.5714
37.9797 0.379447 4.3247 3.35238 30.4543 14.8598 5.72583 15.0015 49.6056 121.628 56.799 49.784 0.309202 9.91245 15.9275 5.72709 2.66797 5.34893 11.9617 17.3061 6.05564e-10 68.2321
37.9797 0.379447 4.3247 3.17571 30.4543 14.8598 5.72583 16.1049 49.6056 121.628 56.799 47.4908 2.30545 15.7319 15.9275 2.58324 2.85664 3.10937 1.22181 44.9942 1.78878e-07 72.8165
41.4657 1.04068 3.90485 3.47533 30.7855 14.8598 5.72583 14.1758 49.6056 121.628 56.799 47.4908 2.21735 10.4097 7.5511 5.38126 4.78971 3.88233 8.85015 11.7376 1.78878e-07 69.1793
49.9971 0.850354 9.01768 3.69085 20.283 11.1449 6.20322 14.7749 56.9135 126.527 56.799 47.4908 1.79571 6.33754 3.88119 9.8766 4.2116 2.12523 8.85015 12.9271 1.78878e-07 71.1269
64.7775 4.24954 7.1495 3.71382 16.0871 15.1942 3.93935 14.9066 56.9135 126.527 56.799 40.1258 8.9106 9.63787 3.16639 9.2399 3.92308 5.73587 6.26075 7.25376 1.97281e-06 70.8199
72.1761 3.95377 7.1495 3.60558 22.1418 14.6889 3.93935 13.7841 55.5396 126.527 56.799 32.3959 1.73445 20.1288 1.88285 6.37398 6.58178 7.34078 8.09735 6.31232 1.97281e-06 78.3077
67.9414 3.08021 7.0366 3.56531 19.3135 17.4057 7.64655 11.875 55.5396 126.527 64.6747 32.3959 2.02967 12.7351 1.88285 8.5805 3.34172 6.61453 9.37976 19.2564 6.12687e-05 76.4687
68.6663 3.10423 7.66338 3.29271 16.434 17.1357 3.01271 10.5986 62.077 116.078 64.6747 33.5684 4.31256 20.2384 1.24697 0.968217 14.639 5.74509 24.1209 19.7374 9.24665e-05 81.9593
63.5955 3.29692 7.4855 3.29271 16.434 16.5244 3.01271 11.684 62.077 127.364 64.6747 33.5684 4.23864 6.80825 0.263108 0.974361 23.912 5.82136 7.75462 19.4903 0.000113283 78.7067
51.1158 3.21916 7.4855 4.05074 15.3192 16.5244 3.61543 11.4328 55.3047 127.364 67.8549 33.5684 5.83375 4.54178 0.287561 6.67097 19.5711 3.23684 26.3427 13.8714 0.000115603 77.9906
59.3818 4.07507 7.4855 4.05074 14.7562 16.5244 3.61543 11.5079 46.0146 127.364 67.8549 45.7284 2.96743 10.215 0.795837 1.3399 28.2523 8.74986 18.2368 11.7918 0.000145651 77.8433
61.6974 3.96421 7.83265 3.16093 15.7108 15.8595 3.61543 17.8093 55.1549 127.364 52.1291 45.7284 5.6602 10.6739 1.26216 1.20704 9.77284 5.73809 8.95093 10.9284 9.35174e-05 73.5702
57.0572 3.95766 7.75007 3.16093 15.2619 15.8595 4.53487 17.8093 55.1549 127.364 52.1291 45.7284 1.25875 10.6739 6.56657 1.67392 10.7703 4.82584 11.9583 23.7395 8.57909e-05 73.9418
62.6971 3.72408 6.64054 4.52813 15.2619 15.8595 4.50908 17.2576 55.1549 127.364 52.1291 45.7284 4.27548 12.0842 5.82461 3.03847 8.88478 4.30197 18.2698 28.024 5.39106e-05 73.329
58.9449 8.32687 3.59787 4.51761 15.2619 15.8595 2.43685 18.4936 54.3354 127.364 52.1291 47.491 3.90022 11.9557 5.25397 1.24986 9.17837 4.30197 26.3847 21.1978 1.70493e-05 74.1532
46.5036 8.32687 3.59787 5.21704 15.2619 15.6834 2.43685 21.5112 54.3354 127.364 63.5521 34.413 2.54926 10.4179 4.19658 4.83794 8.50825 2.70463 26.3847 20.3838 2.40819e-05 73.449
46.5036 8.32687 3.49642 5.20734 15.2619 15.0968 4.66866 17.9649 51.7461 127.364 63.5521 34.413 5.07573 10.4179 9.99468 4.15926 7.24935 4.6651 17.0431 20.1834 1.68079e-05 70.9051
51.3677 7.42431 3.49642 5.20734 16.6675 11.6403 7.66413 19.6794 52.0305 122.04 63.5521 34.824 4.95636 10.4179 7.72533 4.11192 5.91435 9.48719 41.3761 24.6488 1.68079e-05 73.1425
48.1528 7.51849 2.82257 6.76992 16.6675 11.6403 5.32844 20.0701 55.2121 122.04 63.5521 40.1214 1.9737 9.57257 13.8228 0.367555 6.383 10.0681 28.804 1.44483 8.39269e-05 77.2299
50.0845 7.51849 2.82257 6.02185 17.329 11.6403 5.29589 19.3564 55.3012 119.11 63.5521 40.1214 1.9737 19.0856 5.93221 0.367555 6.32286 3.88423 28.804 10.476 8.89746e-05 74.2575
61.5909 7.51849 2.82257 6.02185 17.329 11.6403 5.04601 16.5927 55.3012 124.589 63.5521 41.4514 11.1449 5.97297 1.34948 6.7967 6.60432 5.32845 18.4858 7.62057 8.58719e-05 74.9474
52.6792 7.58325 1.93622 5.45114 19.801 10.5927 4.9949 17.4745 47.0981 130.615 63.5521 41.4068 10.9755 6.74534 4.54601 6.7967 5.48048 4.54511 11.0933 8.351 8.58719e-05 69.6167
47.6234 7.58325 1.93622 6.47145 19.801 18.065 4.9972 9.90979 44.0271 127.346 67.2057 44.8816 11.9033 7.43678 4.33141 6.66899 5.53821 3.47382 16.1463 20.2932 6.49934e-05 70.7685
50.6754 7.58325 1.72967 6.47145 20.1341 18.065 5.02897 9.90979 47.3951 127.346 67.2057 41.5707 17.5289 6.58753 2.02199 5.09929 7.27633 0.4693 3.40904 21.3835 0.000159858 72.0472
50.6754 7.7882 1.72967 5.95482 10.7436 19.455 5.06949 0.60753 60.3899 127.346 67.2057 41.5707 9.31548 6.95967 1.46429 6.30241 8.02626 1.32167 48.2536 18.6094 0.000167657 77.9925
54.7703 8.06433 1.72967 5.95482 10.7436 19.455 5.06949 0.690008 60.3899 124.943 67.2057 44.504 9.31548 5.41567 2.68753 7.76797 7.6518 1.25321 28.3269 21.4053 0.000748935 76.8171
54.7703 8.06433 2.84607 5.95482 10.7436 18.1153 6.04105 1.80588 60.3899 124.943 67.2057 44.504 11.7527 4.37149 3.25644 6.69976 7.57291 1.49486 28.3269 27.1019 0.000435339 75.3827
54.7703 8.07649 2.84607 8.5539 9.02952 18.1153 5.94493 1.80588 58.0836 124.943 67.2057 45.7506 5.96655 4.5061 3.25644 6.26969 7.8521 5.55378 29.2582 24.265 0.000435339 73.8082
52.7421 8.07649 0.857224 8.5539 9.02952 18.7875 6.88269 6.50028 51.0711 128.892 67.2057 52.1092 9.15605 8.61021 5.5982 6.4424 7.73816 3.83435 26.6437 24.4324 0.000741907 77.5464
52.8182 8.07649 4.47142 1.91222 8.46827 21.4296 8.93844 38.7988 19.34 131.974 60.734 43.9806 5.45598 5.65987 11.0624 6.77065 11.0379 1.7252 22.9302 24.839 0.000730833 74.1169
52.8182 8.07649 4.47142 1.91222 8.46827 21.4296 9.58726 38.7988 19.34 131.974 60.734 43.9806 5.45598 5.65987 10.7718 5.8223 6.79764 1.7252 28.9327 23.5796 0.000829874 73.6056
51.4107 8.07649 4.47142 1.91222 8.46827 21.4296 10.0049 38.7988 19.34 131.974 60.734 43.9806 5.50391 7.70657 6.75561 4.57773 5.81685 5.77765 30.0031 18.3043 0.00102494 72.6783
46.4257 7.53515 4.47142 0.514045 8.46827 22.8363 11.6731 37.3269 15.2199 131.974 63.0858 45.5738 4.97389 2.4492 17.4993 0.792597 4.17799 6.07019 29.2259 8.94759 0.000508893 73.7524
55.496 6.07013 3.48871 1.3092 8.46827 22.2671 11.6731 34.3838 22.9161 131.974 63.0858 45.5738 9.15627 6.28959 20.1039 2.22695 8.67792 4.10363 11.2248 23.5228 0.0010356 75.8186
46.5477 0.0419623 5.66404 7.61475 29.1965 0.956892 11.6731 36.142 20.2893 131.974 63.0858 45.5738 9.41973 6.14652 18.9745 1.92379 6.11047 7.3603 5.34185 24.0286 0.000817465 76.1023
48.4264 0.0419623 5.66404 7.61475 29.1965 0.956892 11.2739 36.2814 20.2893 131.974 63.0858 45.5738 8.76287 6.29543 12.4291 1.97018 4.94579 13.1059 5.34185 28.732 0.000981666 77.08
52.8656 0.0419623 5.66404 9.34028 24.7603 5.61145 7.56313 36.2814 22.4056 131.974 63.0858 45.5738 8.72402 11.3939 12.3156 2.545 2.50252 1.34188 8.9239 15.3712 0.0009116 74.3515
49.9703 0.173396 6.81436 8.53576 24.7603 5.61145 7.32563 36.2814 25.653 131.974 63.0858 45.5738 9.00879 0.317228 5.1462 4.03933 11.9868 3.18004 13.0292 17.4888 3.23807e-05 71.5632
58.212 0.173396 4.54917 9.56866 24.7603 5.61145 7.32563 36.2814 20.6998 131.974 63.0858 50.8713 9.11877 2.10915 14.2922 4.03933 6.91185 8.08756 3.04538 27.2245 0.000147781 76.0037
58.212 0.173396 4.54917 9.2018 24.7603 5.61145 5.67751 29.7255 26.6505 131.974 63.0858 50.8713 6.98145 2.10915 3.95782 4.81926 3.37044 6.74994 12.4797 39.3417 0.000400437 76.8353
35.2419 2.37304 4.54917 9.2018 24.7603 6.33504 5.38873 29.8616 26.6505 131.974 63.0858 50.8713 6.16213 2.10915 3.5906 5.60813 4.22543 12.5068 30.919 9.10188 0.000400437 74.3134
11.4276 1.48462 7.11021 8.36401 24.7603 7.99685 4.12187 33.678 27.1165 131.974 63.0858 52.4013 6.17676 3.5127 4.23124 5.24507 4.07972 1.91423 39.8443 13.6883 0.000549501 79.8454
16.2066 2.12526 8.45577 6.79741 24.7603 6.07443 6.99469 16.7219 45.3961 131.974 63.0858 42.665 10.8881 4.99101 7.50423 5.97109 5.74217 2.62921 27.8348 13.2344 0.00039557 74.5797
40.4402 3.9585 3.96341 7.50962 24.7603 6.05628 6.52594 26.285 44.953 131.974 59.6386 35.698 12.9075 0.676473 6.97964 2.93767 5.91063 3.4608 9.43156 28.4993 0.000394724 76.9576
45.6076 3.06517 3.96341 6.88119 24.7603 9.28762 8.92985 14.8965 41.236 131.58 59.6386 44.9649 10.6284 0.367064 9.41903 7.72864 9.20458 2.39677 16.8765 6.19429 0.000418031 77.6346
35.6158 6.13231 1.02508 4.48041 24.7603 9.28762 4.22417 17.8189 42.467 131.58 59.6386 45.5467 10.1197 3.62644 15.6288 5.13661 11.2335 2.93315 19.7226 9.84774 0.000418685 84.9613
37.8062 7.80919 3.41597 4.43729 24.7603 9.28762 3.47719 13.9655 45.1904 131.58 59.6386 52.404 12.7577 4.42116 2.1989 2.66018 11.5704 4.83897 19.4033 2.61585 0.000416354 76.289
45.3918 7.72123 3.23455 4.48655 24.7603 9.28762 0.560939 21.8125 40.2639 131.58 59.6386 44.9074 6.59881 4.17077 2.81535 2.17197 18.4668 8.20556 20.8047 4.84743 0.000415804 74.0028
48.3936 7.39285 2.6846 4.46769 24.7603 9.28762 1.54716 23.0386 41.0704 127.938 59.6386 51.0591 3.32632 6.20845 4.60172 5.75599 9.31603 10.1783 16.0982 38.3582 0.000650904 73.1896
47.5236 5.67606 2.16402 5.03062 24.7603 9.28762 3.51985 21.7255 41.1109 127.938 61.3774 51.0591 3.44774 9.86056 4.10906 4.15505 8.6732 8.25992 9.8 41.0659 0.000277555 74.9824
47.5236 5.67606 2.67411 5.03062 24.7603 9.46818 3.51985 21.7255 44.3445 127.938 61.3774 50.3934 2.29083 9.86056 2.90536 3.51305 5.86545 8.25992 18.3765 11.4492 0.000458464 73.5487
48.4785 5.67606 3.49576 5.89585 24.7603 7.47851 4.1074 20.4177 41.9974 127.938 61.3774 50.3934 2.29083 11.9793 9.70824 5.96053 6.01776 0.431134 36.5446 14.6754 0.000384083 74.5762
45.5928 7.02066 2.76331 6.5974 21.3682 5.42509 12.932 15.5156 41.9974 130.79 61.3774 43.5498 2.9668 11.2213 9.05609 1.69101 10.7374 1.39737 41.1779 26.8869 0.000172881 72.8173
46.7943 7.02066 3.60985 6.24107 20.8651 5.35152 13.5648 15.7368 39.2213 135.496 61.3774 43.5498 4.88252 10.4461 5.02999 2.04822 10.0398 3.23528 33.6328 51.7782 3.63052e-05 70.7433
46.3405 5.87846 2.80802 7.40141 20.8624 6.76484 13.1308 16.3207 38.2045 135.496 61.3774 42.4033 3.37973 3.31371 6.50452 2.04822 9.21192 9.34605 26.8913 38.272 1.89015e-05 71.5903
30.4394 5.83173 3.12052 7.34057 20.8624 6.76484 16.0646 17.1375 31.6908 137.533 61.3774 42.4033 13.872 2.01359 5.70025 5.81648 11.0341 4.12071 24.1605 48.783 3.96301e-05 75.8953
48.0175 1.6188 7.68293 7.34057 19.7655 6.76484 22.2946 16.4319 31.6908 137.533 61.3774 36.3247 13.872 1.90534 2.21155 3.3249 11.3756 7.3872 1.12326 64.2593 5.96838e-05 75.8921
50.8618 1.67578 8.21895 6.37535 19.7655 6.76484 22.2946 17.0156 31.9192 137.533 61.3774 36.3834 8.20997 0.690195 2.13762 5.43423 11.3756 6.58121 3.8039 39.771 8.6111e-05 76.3717
35.6141 2.86513 7.77454 6.37535 19.7655 3.2025 22.2946 19.2687 33.3064 137.533 61.3774 36.3834 12.2417 0.119609 1.01696 5.52084 9.26398 2.46427 3.8039 21.399 0.000241386 75.5524
35.6141 2.23411 8.18154 6.8017 19.7655 3.2025 22.2946 18.3959 34.6516 137.533 61.3774 36.3834 21.9098 0.119609 0.423545 6.87191 9.26398 3.50053 4.69391 9.67077 0.000241386 75.4079
60.1794 2.02527 7.00126 6.48151 18.5652 3.2025 22.8683 16.92 34.6516 137.533 61.3774 34.1523 15.2707 2.72652 7.90852 5.82211 10.9412 3.92356 10.3888 12.3756 0.00013672 74.8832
60.1794 2.02527 7.00645 6.1884 18.5527 7.92418 13.9007 15.631 32.5096 137.533 73.9616 34.1523 8.19494 6.81686 7.62877 5.8304 6.9779 4.76274 6.79967 11.3063 0.000176836 72.1446
68.0777 2.02527 8.13209 5.17164 9.9252 7.92418 29.8356 15.5609 32.5096 132.438 67.8521 31.2292 14.4035 7.1843 7.62877 3.95409 2.98653 8.64579 4.81543 4.89522 0.000108345 75.497
95.0478 2.02527 7.81133 2.80846 12.4775 7.92418 23.8024 15.3451 30.3015 139.993 67.8521 29.8274 9.04592 6.2689 11.0442 3.9715 2.87181 4.19952 12.1001 5.25309 9.53087e-05 73.3632
95.0478 2.02527 7.70589 2.80846 12.4775 7.92418 23.6008 15.9817 28.2462 140.031 72.5173 29.8274 8.83638 6.2689 22.5408 3.32387 4.07341 7.67044 1.70495 8.20417 0.000125758 75.035
88.9397 2.04649 7.60604 2.56253 20.4482 7.92418 23.6008 16.6471 22.4254 140.031 72.5173 31.903 6.69619 9.36689 10.2811 3.34631 4.74615 5.56912 8.36925 15.9168 0.000179461 74.7396
62.0944 2.96038 7.76519 2.49823 28.4424 0.362812 24.3116 16.3883 20.6719 139.787 70.618 39.9032 7.95204 3.79177 5.63723 3.50395 4.74266 5.5141 7.82368 16.8023 0.000397127 75.636
68.5594 4.00821 6.35467 0.548599 28.4424 4.93076 23.8576 16.3483 24.9051 126.465 72.872 32.9195 12.0395 10.6572 3.94061 2.22392 4.17131 13.845 9.17614 35.3255 0.000467904 80.3551
50.4004 4.16846 5.3951 0.548599 28.4424 6.84195 21.8398 14.7808 24.9051 122.563 78.9351 41.5414 5.96018 6.99616 6.41759 2.61935 4.17131 14.7682 20.5436 10.8728 0.000226929 75.8435
49.2008 0.354025 6.23606 3.31079 28.4424 6.58988 23.5445 13.3423 22.5711 126.76 80.7073 41.5414 6.24846 4.13783 11.7524 2.20124 3.3157 18.0886 15.9047 14.2297 0.000101014 78.0676
55.2084 3.35616 6.23606 2.98876 28.4424 2.09641 22.2483 13.8278 26.8065 129.378 71.7862 49.8036 5.03732 1.72018 11.5708 3.32694 6.6818 7.01649 20.9423 20.4382 0.000109283 75.8063
52.3349 2.42229 6.62771 2.75804 30.2506 2.87297 21.2182 13.2159 25.3602 125.373 77.2064 43.1382 7.9719 2.36968 11.5708 2.45491 7.18634 6.02834 42.4079 4.43227 9.03089e-05 73.2318
52.6406 2.0965 7.51117 2.02313 30.2506 2.68076 23.2834 12.8681 25.3602 125.373 82.603 39.4586 5.81996 2.06208 8.00817 2.48554 2.76396 6.68365 16.1592 3.01 6.25052e-05 72.8778
55.0946 1.86064 7.6625 2.02313 30.2506 3.35657 23.2834 12.7767 24.3032 119.031 83.5024 42.7868 5.09059 2.75321 15.1215 2.98827 3.56773 3.77608 1.23928 29.8397 3.05383e-05 72.9386
43.7707 4.4484 2.93729 0.597402 25.5585 5.2091 21.452 12.7017 34.2777 117.762 86.1854 43.8116 4.86353 8.68163 12.1314 8.53551 7.72932 4.45627 5.59559 31.8619 1.72994e-05 73.8391
26.6753 3.49606 5.11588 2.02418 23.4384 13.063 19.924 14.8822 34.2777 117.762 81.7262 38.7379 3.26904 2.43366 6.57296 11.0706 7.67325 4.46146 6.25233 21.9388 2.93488e-05 73.8358
26.6753 4.0213 5.20581 2.92286 23.4384 12.4053 19.924 14.8822 34.127 115.916 77.5846 47.3139 4.07606 1.24925 5.73838 10.6875 6.92233 3.26437 6.2318 5.08253 3.40611e-05 72.8219
44.3356 3.95454 5.17314 2.83143 20.2881 5.32265 20.318 20.9976 30.6715 114.842 78.3502 51.082 0.765517 1.82795 6.36947 17.5143 4.22357 4.33119 24.5881 6.5597 0.000126777 80.7047
36.5691 3.69246 5.17314 2.83143 21.1061 11.6573 24.5058 20.9976 27.7997 113.667 76.0029 51.082 0.744874 1.82795 6.36947 12.0285 5.60612 4.33119 36.1774 8.37237 0.000126777 77.3333
44.4112 4.47243 4.78278 1.99875 21.1061 3.83004 29.2067 20.9976 27.7997 116.252 73.2452 49.5641 1.39963 9.94631 3.43497 7.07763 5.12482 4.33119 39.4993 31.9869 3.10486e-05 75.5792
51.7527 3.04682 6.22164 7.18383 14.1251 4.7238 29.2067 21.1433 27.7997 117.05 81.6744 45.4274 1.07192 7.93929 4.83712 5.01841 10.8251 3.52798 38.8405 13.8479 5.61283e-05 74.4051
45.5221 1.97212 9.28683 3.9164 14.1251 5.58876 29.2067 21.7456 20.3176 114.497 86.2667 44.5246 0.861245 11.7497 1.30108 6.24791 11.9307 2.29373 41.8626 20.7417 6.45959e-05 77.6266
74.7783 4.09041 8.27202 3.9164 10.2476 10.601 31.8747 21.3855 16.5418 111.645 89.9748 44.5312 1.08435 11.0215 2.23173 1.22166 2.4819 11.7728 45.0684 17.1536 0.000127542 74.1504
74.7783 4.59774 8.27202 3.9164 9.06062 9.98012 31.5911 24.4971 16.4439 111.645 88.8279 44.5312 1.07829 8.32138 4.86773 1.22166 2.4819 15.1041 45.0684 16.6112 0.000144823 76.7411
77.6973 4.08214 9.64012 2.98288 9.06062 11.9648 19.9228 37.2081 16.4439 123.509 69.6019 42.1621 1.12461 16.0899 4.24029 3.13771 3.2869 11.8141 29.1585 30.7344 0.000187054 75.4519
70.2348 4.96995 8.54936 2.24474 10.8719 11.3684 19.9228 37.2081 16.4375 115.617 77.8583 43.5897 1.03841 10.4651 0.991153 3.58669 9.56443 9.36522 33.9148 28.2195 0.000139196 73.9291
63.9696 3.70121 11.4166 2.53564 10.8719 9.12025 19.9228 37.2081 17.7638 115.617 77.8583 43.5897 6.13437 11.1936 4.09338 6.27402 1.67476 10.8964 1.54541 34.6376 0.00015012 74.2604
63.9696 4.69326 11.4166 2.53564 9.51515 10.2023 19.9228 39.8659 18.4912 114.888 72.4315 52.6137 5.0896 0.448353 5.55458 8.75281 1.67476 10.8234 1.19619 34.6376 0.00015012 75.3501
63.9696 4.78601 11.4166 2.52822 8.18101 9.77313 19.9228 41.8671 20.2458 124.895 69.0844 38.7944 5.0896 5.40405 4.83132 10.0357 1.4564 11.392 2.61281 9.40763 0.000402217 73.2841
63.9696 4.78601 11.4166 2.52822 9.61713 9.77154 18.8711 39.7169 20.0129 124.895 69.0844 33.0347 3.28119 8.04934 5.63106 14.5022 5.88412 9.58904 8.41911 9.40763 0.000783112 76.1669
59.9506 4.78601 11.1323 2.52822 10.6022 10.2779 18.8711 34.998 21.2613 124.895 69.0844 40.8163 4.32268 9.27193 5.96455 23.3233 3.25741 3.6262 22.2249 69.8792 0.00033269 80.756
57.71 5.14743 9.64296 1.35431 10.6022 10.3496 18.8711 34.998 22.1822 124.895 63.5459 46.9852 2.87375 8.13157 4.93588 12.5575 4.37586 8.94241 3.32359 61.6231 0.000253043 76.8893
71.3571 3.69709 9.75591 3.72024 10.063 10.3727 18.8711 38.0478 22.1822 124.895 63.5459 46.9852 3.40997 7.89436 5.47172 7.55606 4.95837 8.94241 6.73812 35.9602 0.00014023 74.2032
71.5967 3.62001 9.75591 3.28966 10.063 10.3727 18.8711 32.11 23.2119 124.895 63.5459 46.9852 3.40997 7.89436 2.72887 13.0437 2.17132 9.53494 2.42567 3.71265 0.00014023 71.5324
71.5967 4.06159 9.3112 3.28966 8.98954 11.762 18.8711 32.11 23.2119 124.895 63.5459 46.9852 2.88232 7.89436 2.15106 17.1639 2.17132 8.00163 19.8215 10.3699 2.25246e-05 70.0363
64.0243 4.10591 8.8268 3.28966 9.34972 12.0258 22.6969 31.7167 19.8614 124.895 63.5459 46.9852 2.88232 8.59141 1.09951 11.869 0.573186 9.7522 19.8215 15.5703 0.000111761 75.1481
93.1485 2.51057 7.70829 3.19703 9.17016 12.0258 22.6969 31.7167 19.8614 125.867 63.5459 46.9852 2.30344 16.2968 6.82047 7.51738 1.79253 4.92973 20.9293 30.1722 0.000247568 73.9994
67.7572 4.61511 7.62254 3.19703 16.3549 10.5007 22.6969 32.2673 19.8614 125.867 63.5459 39.0056 0.941474 15.9532 6.82047 5.16608 1.72195 9.03795 43.7906 14.7685 0.000134561 75.3458
68.3837 4.61511 7.62254 3.3827 15.932 10.9053 24.1252 32.4724 19.8614 124.787 63.5459 38.571 0.941474 15.97 6.52543 8.37579 1.7601 9.03795 31.3119 0.27223 0.000197786 75.6477
68.3837 6.02546 6.20569 3.3827 15.932 11.3681 20.1992 35.993 19.8614 125.057 63.5459 38.571 0.487418 15.9244 5.71006 6.23296 1.73756 10.1431 22.286 13.929 0.000147714 73.9574
69.3538 5.78173 5.7372 3.30967 15.932 0.790628 29.2192 38.2739 20.212 122.685 63.0698 46.7485 3.57919 15.5282 2.83331 0.209429 1.76072 7.72738 22.286 23.6928 0.000266816 76.3609
69.3538 5.78173 7.38346 3.30967 15.932 0.790628 29.2192 38.2739 19.994 122.685 63.0698 41.1106 6.93341 5.65804 2.52438 11.8537 1.9332 9.66693 22.286 23.6928 0.000266816 75.6527
66.7596 5.63382 6.08656 5.84927 12.4624 1.99092 29.837 38.8588 16.8229 129.919 63.0698 41.1106 6.31374 3.10024 1.89261 8.97004 3.57311 11.1579 33.4415 14.3176 0.000252101 75.6093
61.749 5.70169 4.79904 7.16587 12.4624 1.99092 29.837 34.9504 13.476 130.945 63.0698 41.1106 6.02588 3.10024 2.37754 9.88873 4.2092 13.4185 3.03143 12.9755 0.000201194 74.7776
46.163 7.06312 3.96232 7.61545 12.4624 1.99092 30.5378 34.9504 15.3948 130.765 65.428 40.7508 3.93013 10.032 0.852766 4.50606 2.98669 14.1894 6.7767 21.7861 0.000138511 71.0872
52.5884 6.63264 4.3009 8.83152 12.4624 1.99092 31.1737 34.9504 13.1979 127.683 65.428 42.3563 1.03884 11.4271 1.64965 5.60344 2.61309 14.1525 3.86234 27.1783 5.28044e-05 71.9062
51.9296 6.63264 4.25958 8.59658 12.4624 1.99092 30.8255 33.0779 12.8725 128.231 65.428 47.7283 4.55124 11.0045 1.64965 6.7226 3.87476 10.8621 7.43313 43.1913 6.88031e-05 71.6171
48.2216 4.42901 4.25958 8.59658 12.4624 1.99092 32.8085 34.7743 13.3365 128.231 65.428 47.7283 2.23802 9.68576 1.64965 3.11482 2.08915 7.7635 7.19501 27.2346 6.48897e-05 73.9802
45.7639 4.42901 4.25958 9.73655 12.4624 1.99092 32.1008 34.7743 14.0185 134.079 67.2596 32.4111 2.23802 4.30769 5.08884 3.64913 11.2105 7.22308 16.2996 26.9926 1.93188e-05 73.632
46.008 4.42901 3.36758 9.73655 12.4624 9.99656 32.0742 29.0602 12.0628 134.558 67.2596 32.4111 1.69958 2.20867 0.110574 16.984 10.5372 9.75285 15.3194 3.2662 2.6145e-05 75.5297
55.0914 3.6479 7.08481 9.18588 4.4368 19.7109 23.7403 29.5254 13.0758 133.763 64.1097 38.2905 2.99986 3.91397 12.0518 9.75299 6.15276 3.86462 12.067 4.98244 2.3701e-05 71.0006
51.4431 0.318938 8.24541 10.665 4.31816 21.1812 23.7484 25.5471 15.6677 133.763 64.1097 41.6028 10.0239 4.56202 7.93964 15.3866 6.16901 8.15535 1.50519 8.26362 4.94729e-05 72.7031
49.7834 1.32271 1.50316 10.9896 10.5883 19.6508 24.4775 26.661 15.9633 133.763 64.1097 40.2993 7.78625 2.89055 3.33663 10.0178 5.91668 8.10699 16.1149 14.3405 4.70014e-05 69.9941
48.6992 1.57791 1.179 11.2167 9.21719 18.2869 27.2503 28.9743 13.2021 133.763 64.1097 40.2993 7.78625 3.4788 4.73325 8.37685 4.49694 8.4429 1.40697 39.4638 6.08748e-05 71.2316
31.097 1.12228 2.48248 10.0477 9.07424 22.3822 27.2503 27.5348 13.1456 132.532 64.1097 41.5228 7.78625 2.78664 12.2014 8.17018 4.45321 5.99774 6.2818 67.7735 0.000176662 74.9894
22.0839 1.91207 3.60974 7.67984 13.1536 22.3822 21.896 28.1699 12.6002 132.532 64.1097 41.5228 20.7702 2.79564 10.7253 0.414302 4.99258 2.30881 14.4234 61.5023 0.000558152 81.87
50.8221 0.499932 4.37342 7.67984 8.78855 30.0042 16.112 27.2186 14.1387 134.825 66.2094 45.0718 10.46 10.2544 5.56575 5.28964 4.11792 5.62251 11.5585 53.3032 0.000263486 80.9551
51.2013 5.7527 3.47399 2.6984 6.28581 30.0042 16.112 26.8964 13.3617 135.821 66.2094 42.3224 9.00957 0.823848 4.39448 3.90372 7.6028 5.15278 28.4218 65.2642 0.000438654 77.7715
50.2177 6.61595 3.71898 1.41881 6.85802 30.9389 16.112 26.1451 13.7144 135.821 69.3463 37.4562 9.33395 2.84028 6.97608 11.5375 5.55231 5.15278 42.3412 60.9406 0.000719649 77.5991
60.7312 7.22703 3.69083 1.41881 2.32448 29.8248 20.3721 26.5767 15.526 119.116 86.18 39.9008 8.04265 2.78145 7.5743 14.9767 6.54995 5.00851 33.0242 62.2452 0.000383014 81.5779
48.7892 6.94012 2.42223 1.41881 6.09455 29.8248 21.111 22.5608 15.526 117.378 86.18 39.9008 13.9228 0.72104 7.5743 14.5404 10.4338 5.00851 4.86191 37.5395 0.000393973 74.6022
46.4212 6.94012 2.42223 1.41881 6.09455 29.8248 21.111 22.5608 16.1178 117.378 86.18 39.9008 13.9228 0.72104 9.2491 12.2644 10.4338 3.0995 8.13185 55.7327 0.00076803 77.4139
46.4212 6.94012 2.42223 1.41881 5.65142 29.8248 21.111 21.0967 17.9039 117.378 86.18 39.9008 11.9921 0.72104 14.3024 13.2874 10.4338 1.62219 0.660041 65.174 0.00027471 78.6948
48.9586 6.94012 2.42223 1.41881 5.65142 29.8248 21.111 21.0967 17.4066 117.378 86.18 39.9008 11.9921 0.72104 14.3024 12.2299 10.4338 1.62219 0.660041 33.8867 0.00027471 74.876
48.9586 6.94012 2.42223 1.41881 5.65142 29.8248 20.1909 21.0967 17.4066 117.378 86.18 41.106 7.73138 4.82297 11.1478 11.9282 13.3961 1.62219 2.74743 26.9723 0.000416022 74.6146
48.9586 6.94012 2.42223 1.41881 5.65142 29.8248 22.257 21.0967 17.4066 117.378 86.18 41.106 4.75505 4.82297 16.1771 11.9282 10.1566 0.631676 2.74743 25.9949 0.000378468 74.2746
48.9586 6.94012 2.42223 1.41881 5.65142 29.8248 22.257 21.0967 18.119 117.378 86.18 41.106 4.75505 4.82297 16.1771 11.9282 11.2577 0.631676 2.74743 26.9094 0.000667712 76.0789
48.9586 7.1729 1.8183 1.41881 4.96262 29.8248 22.257 21.0967 18.119 117.378 86.18 41.106 1.24286 8.62238 9.8513 12.0406 8.01562 0.604892 1.82275 45.5664 7.72643e-06 71.8614
48.9586 8.01977 1.89343 1.41881 5.88579 29.5075 22.0046 18.9434 17.7628 117.378 86.18 41.106 1.20958 9.50228 8.30591 5.19761 7.51914 2.77463 3.93135 39.3507 7.72643e-06 71.689
72.6932 5.45745 3.59581 1.41881 17.3531 14.0962 27.2023 16.1233 17.6059 124.171 86.18 34.1426 1.36999 9.50228 8.30591 4.37246 7.68536 10.6572 3.90347 25.0206 7.72643e-06 73.0417
72.6932 3.98988 3.678 1.41881 16.3543 14.0962 29.7186 15.6103 18.1723 130.018 86.86 26.5817 0.299228 12.3815 1.80213 11.757 11.3197 1.16537 3.75622 17.1401 0.000287734 76.0016
72.6932 4.23811 4.57089 5.46411 16.3543 10.3184 31.333 15.9865 17.8676 126.833 86.86 22.0057 0.299228 19.171 1.58693 9.31749 4.70797 2.2734 22.9706 2.71149 0.000176452 79.5862
73.1251 4.0438 4.06128 5.09063 20.4675 4.61736 31.8737 13.7826 25.5472 126.408 68.0936 27.1579 8.15301 15.7393 5.03758 3.92663 10.0259 9.24868 10.2357 24.1762 5.67713e-06 77.2601
73.1251 4.1079 4.06128 6.09018 19.3272 3.83962 31.7883 10.6732 21.4046 134.542 72.2582 34.9465 8.52171 11.629 3.65517 6.4064 3.27327 8.99399 1.97553 32.7743 5.67713e-06 73.3374
76.6525 3.29072 4.06128 6.11956 19.3272 4.97532 31.3146 11.2745 23.0724 137.884 73.3518 37.1175 7.5594 13.7194 3.77977 1.96059 1.30435 2.54858 10.4749 12.2051 5.67713e-06 73.7508
45.7237 3.77381 3.96446 8.96213 19.3272 6.70074 29.4414 11.046 21.8041 135.007 73.3518 37.1175 8.63888 7.50437 5.03095 1.96059 2.98237 10.6305 4.64101 13.9889 5.67713e-06 68.6766
29.9718 3.44995 3.96446 9.91588 19.6784 7.20186 29.4414 14.7358 18.733 135.007 73.3518 38.5302 4.08158 3.95247 7.74216 1.47956 5.57291 11.7342 10.6892 14.4476 5.6881e-06 70.6313
21.621 3.65523 3.96446 9.74759 26.0427 1.91886 31.1045 11.8617 19.4772 135.007 73.3518 44.1169 7.60281 0.905175 9.54524 1.62687 1.30337 7.20772 10.6243 17.4174 5.6881e-06 76.0511
28.7056 3.65523 3.83891 7.84461 26.0427 4.89581 28.3311 9.23741 22.8049 135.007 73.3518 40.875 5.02032 0.905175 15.4034 2.02334 4.49856 7.33663 6.40967 3.72961 0.000201277 77.394
29.7733 4.83065 3.761 6.12603 29.4375 6.07298 20.9887 9.23741 27.8596 135.007 75.6298 30.3815 22.1666 6.54437 8.93474 4.51025 4.53197 7.73415 14.2392 19.3458 0.000210367 79.3159
52.1059 4.28369 5.39857 6.69039 22.603 3.73152 24.0711 9.23741 32.6372 135.007 75.6298 30.3815 10.7884 1.8248 5.76908 4.61636 4.83117 9.97554 15.2392 19.3458 9.80328e-05 74.5777
51.2257 4.21316 5.78281 5.24027 19.7865 3.04848 24.596 12.0454 33.0237 132.144 75.6298 30.3815 8.2693 6.51983 4.04347 6.42738 3.50168 8.59606 3.71964 28.5376 6.43092e-05 73.9056
44.2575 2.47305 5.78281 0.945998 23.7216 4.27138 25.5898 18.4028 36.8142 128.769 65.2789 37.0524 10.1129 10.6184 4.64604 7.36911 4.55267 1.20966 7.55982 11.133 0.000131146 75.6441
53.0057 1.66327 7.8205 0.626423 22.6512 3.20479 25.9415 20.9187 30.9593 128.769 73.2152 37.1806 12.4627 4.58345 1.54966 4.59363 8.7439 0.683085 19.0794 7.04169 0.000243525 74.5658
47.6778 1.1191 10.4618 0.626423 21.5727 3.02669 25.7792 20.0497 30.9593 128.769 73.2152 39.0974 13.5809 4.62676 0.152343 6.45068 4.12364 0.775298 23.8295 7.04169 0.000517605 78.0182
47.7775 1.72206 8.81527 0.139458 21.5799 3.5581 24.6689 19.0936 36.1309 88.5918 113.287 33.8026 7.65208 6.13545 2.95272 4.10913 5.04559 5.47739 13.1543 35.1384 0.000316308 75.8951
47.2018 2.67017 8.81527 1.6819 21.0188 3.48878 22.3667 10.3147 42.4319 89.4858 115.997 28.1289 4.61304 4.24128 8.13308 7.89303 5.29709 8.12286 3.4699 49.4127 0.000942205 78.1055
47.716 5.08962 1.92745 8.66168 20.7482 2.19186 25.0649 10.3147 42.4319 89.4858 115.997 28.1289 2.36053 9.28714 1.21244 9.65344 2.05056 9.71624 2.03998 35.6965 0.00111767 77.7437
63.8882 6.20886 0.99968 7.76572 20.4412 2.65882 30.3791 1.35186 42.0035 89.4858 119.639 30.2429 4.42431 8.14249 3.53146 7.99044 2.3206 11.125 5.62712 28.3556 0.00357765 78.3763
67.7171 5.06759 1.85052 7.76572 20.4613 2.65882 30.2893 1.61896 36.1521 89.4858 131.855 18.7887 5.17772 8.91893 3.69722 18.1075 4.76922 10.9765 12.9756 32.6567 0.00386309 79.1442
67.7171 4.89912 2.54414 6.7299 20.4871 3.93329 29.5188 2.80353 36.4511 89.4858 131.855 18.7887 5.17772 10.0183 4.752 18.3025 2.42485 10.0724 5.86883 3.10505 0.00624464 78.0881
70.5579 4.98673 1.82261 6.80448 20.4049 4.42084 31.1948 2.80353 36.1314 79.301 131.855 31.0348 2.69227 8.28143 3.34871 10.3648 1.90802 7.43104 8.06896 2.06188 0.00448908 76.5601
69.3038 6.12515 2.26599 5.6604 20.5281 4.36133 31.1591 3.08052 35.6886 101.27 113.133 31.0348 10.4543 7.7079 3.34871 1.81183 0.681602 12.3816 8.62311 4.07449 0.00050216 76.2145
57.7336 5.69375 3.30493 6.57418 20.4568 3.35603 33.0821 3.08052 32.0457 101.27 113.133 26.1075 12.5783 4.94483 3.53729 3.72954 2.66761 8.48768 8.85641 4.07449 0.00041908 72.0397
45.2363 3.12113 4.57133 3.66954 19.4703 3.00638 42.056 3.08052 32.0457 101.27 113.133 21.3641 14.8998 1.21047 6.07524 2.94932 4.75029 8.96898 18.6808 13.3129 0.0016396 76.7929
39.664 2.22739 3.23073 4.74212 18.273 3.31765 37.9094 0.800653 33.8965 101.27 113.133 29.8861 4.06486 0.75242 4.21258 10.8899 7.53122 7.24172 15.4459 6.25932 0.0016342 80.6089
39.6286 0.318827 2.72895 6.94012 18.0306 3.91718 36.9216 11.3586 32.3977 101.27 114.527 29.8861 3.9544 3.17233 3.33986 8.73745 9.80159 1.32755 11.2981 3.92257 0.00058545 74.984
35.4032 2.16762 1.84977 5.89937 17.7808 4.96718 35.6016 11.0225 32.5546 101.27 114.527 28.4876 2.70872 3.87842 2.08752 10.939 18.2248 4.588 11.7417 6.37586 0.00188378 78.4547
39.6231 2.90601 1.05678 3.57456 19.7701 5.77568 34.8979 12.7503 30.5452 101.27 112.573 28.4876 2.29942 8.20269 0.950796 4.95295 14.9922 7.36806 6.35205 11.665 0.0146804 77.9168
40.2593 1.3839 0.94618 6.33432 19.8304 4.31388 35.536 5.59606 29.9264 101.27 112.573 34.4771 9.90783 1.43613 3.51446 7.16542 11.0097 6.55326 10.8385 22.4092 0.0114149 79.2412
35.2715 1.3839 1.83584 6.67335 19.4635 4.31388 35.536 5.59606 31.5855 101.27 115.313 27.7118 11.3056 3.23626 2.79951 7.16542 11.1489 5.68887 12.6074 22.4092 0.0103247 76.3038
32.7373 0.762494 2.20365 8.83435 18.0938 4.276 35.536 2.33547 38.3698 95.0866 115.313 27.7118 15.8 1.18864 6.44329 2.83527 7.04733 3.66732 15.32 14.8565 0.00562456 78.5087
42.7922 0.762494 4.23732 8.06378 18.079 2.06985 34.2993 4.79436 36.5201 95.0866 115.313 27.7118 7.78845 8.51107 5.96837 2.83527 3.33028 7.62669 20.5153 2.21511 0.00520626 77.5903
31.1196 0.762494 4.16201 7.58081 18.079 1.66176 35.1758 9.74995 36.5201 95.0866 115.313 27.7118 8.37456 7.78208 3.05163 5.14099 2.08736 15.3064 6.97286 2.21511 0.00696063 77.0449
18.9751 1.65778 4.88032 7.68682 18.0335 2.59913 36.5531 1.14149 36.5201 95.0866 116.659 25.7866 9.03172 6.96305 4.57315 9.33879 3.75548 12.4373 4.78247 46.9954 0.00957618 83.9413
118.675 1.85949 0.821076 11.3437 5.06263 5.13712 34.5792 11.286 42.4976 95.0866 98.8783 40.2513 7.19471 5.79016 12.0444 6.20588 0.612058 7.00194 9.94797 0.914659 0.00681174 80.9317
118.675 1.85949 0.821076 11.7123 5.06263 5.13712 34.6781 11.286 42.4976 95.0866 98.8783 40.2513 7.19471 5.79016 9.07502 8.16411 0.612058 7.00194 7.27403 0.914659 0.0249834 80.0766
110.058 1.85949 1.52828 10.0884 7.8166 2.27123 37.1232 7.94939 39.2199 95.0866 101.831 40.2513 5.78875 7.53633 6.85944 8.16411 6.09115 7.20608 59.857 0.914659 0.0248269 84.737
110.058 1.85949 4.06497 8.47575 1.16019 2.27123 43.2056 8.18983 47.8108 95.0866 101.831 28.6143 8.40397 10.0655 8.95327 6.62992 7.05546 4.11152 59.857 0.914659 0.0248269 89.3625
110.058 1.28713 5.74206 8.47575 1.16019 2.27123 43.2056 8.45051 47.8108 94.5147 91.6386 28.6143 9.76061 12.7384 16.5953 5.15059 5.7974 3.98916 63.0129 5.6541 0.00668992 89.4246
110.058 1.33375 5.5559 7.76244 1.16019 2.27123 43.2056 10.1766 47.8108 94.5147 91.6386 28.6143 9.76061 17.2791 16.5953 5.07828 11.0001 2.88158 40.8125 5.6541 0.00174864 91.4456
119.743 1.23593 4.3248 7.81957 1.16019 4.57761 43.2056 5.99113 47.8108 106.85 91.6386 33.007 7.80271 17.2791 8.43212 3.60301 5.64005 2.70645 32.0749 12.8302 0.00429357 82.5567
119.743 1.23593 4.04342 6.78322 4.73365 3.66225 43.2056 5.99113 50.6512 106.295 79.7818 35.0982 7.73311 17.2791 3.66806 2.56077 10.4187 1.43751 15.5906 12.8302 0.00458192 80.3114
119.743 1.23593 1.71533 2.70796 10.8354 3.66225 43.2056 5.99113 50.6512 106.295 79.7818 35.0982 9.21829 9.82758 3.03071 2.56077 5.55546 7.64173 1.07834 12.8302 0.00298182 77.306
119.743 1.23593 1.71533 2.70796 10.5469 3.66225 43.2056 5.99113 50.6512 106.295 79.7818 35.0982 13.383 9.34232 5.75732 3.03173 2.98625 9.26765 1.07834 5.47829 0.00293361 77.897
119.743 1.23593 1.60158 2.70796 11.5631 3.66225 43.2056 3.59253 50.6512 107.493 79.7818 35.0982 12.5038 3.85732 4.83082 7.7771 2.98625 13.7665 1.07834 5.47829 0.000585219 76.5848
119.743 1.23593 1.60158 1.12901 11.5631 3.45529 43.2056 3.59253 50.6512 107.493 79.7818 35.0982 4.72769 6.70695 8.71779 2.74425 4.31304 12.6628 1.07834 2.55546 5.35756e-05 76.6317
91.5007 3.92114 1.60158 1.12901 12.1374 3.45529 44.2767 3.59253 51.8153 111.516 79.7818 38.7926 3.75535 5.78669 5.88557 1.69337 6.74914 12.6628 1.07834 2.197 0.00078734 77.9732
91.5007 3.3641 2.18598 0.856397 12.1374 3.45529 44.2767 3.59253 51.8153 111.516 80.3882 38.7926 3.2886 4.98011 5.88557 5.57393 11.4921 14.6602 2.67425 2.197 0.00137002 80.1287
91.5007 3.3641 2.18598 1.62174 12.5358 3.45529 44.2767 3.59253 41.4726 111.516 80.3882 38.7926 3.05949 4.85067 3.73211 4.03064 11.4921 14.6602 11.919 16.9016 0.00118936 76.3384
91.5007 3.3641 2.18598 1.48699 12.5358 3.45529 44.2767 3.59253 41.4726 111.516 85.9281 35.7622 3.05949 2.66753 4.42498 4.46532 14.5803 12.307 11.919 16.9016 0.00118936 74.8991
91.5007 3.3641 1.75956 1.27609 12.5358 3.45529 44.2767 3.59253 41.4726 111.516 85.9281 35.7622 3.15221 1.47955 0.846598 5.68867 15.6372 12.2269 6.63677 17.5636 0.000780886 76.7205
91.5007 3.3641 1.75956 1.27609 12.5358 3.45529 44.2519 3.59253 41.4726 111.516 85.9281 35.7622 1.26529 10.5692 0.572057 4.40757 12.4026 12.5377 11.426 18.2714 0.00101194 76.4351
91.5007 3.3641 1.75956 2.1578 12.5358 3.45529 42.5329 3.59253 41.4726 111.516 85.9281 35.7622 5.46845 14.0723 6.85857 5.46736 3.26394 3.06156 37.8591 19.3048 0.00032944 75.1874
91.5007 3.3641 1.75956 2.1578 12.8841 3.45529 41.3563 3.59253 41.4726 111.516 85.9281 35.7622 6.63558 7.89043 7.36668 5.46736 2.48295 1.97058 37.1301 20.2121 0.000978877 78.1177
74.7669 3.33624 4.13807 1.47789 12.8841 5.62068 41.3563 2.63114 41.4726 111.516 85.9281 37.4943 4.21682 9.47983 2.29329 4.73534 7.42687 3.40029 34.2877 20.2121 0.000698388 78.4438
74.7669 3.33624 2.51414 1.47789 12.8841 5.62068 40.9233 2.63114 41.4726 119.354 85.9281 25.6119 2.29303 6.29125 5.30363 9.0645 7.08303 10.342 34.4529 22.476 0.000869366 80.6088
74.7669 3.33624 1.46471 4.3851 12.8841 6.25675 36.8639 3.88136 41.4726 119.354 89.5909 25.6119 2.35132 10.3505 10.7234 4.90813 5.79883 4.36398 6.30968 15.402 0.000293784 74.8083
74.7669 3.33624 6.536 7.29054 7.66409 1.46779 36.6426 3.00806 48.0925 115.502 89.5909 25.6119 2.40226 8.92575 10.6175 8.33183 8.29063 6.40592 20.7066 29.8063 8.90442e-05 78.5618
56.4651 3.33624 5.80095 11.2758 7.66409 1.46779 35.5744 1.27139 46.5842 109.817 97.3866 25.6119 2.01357 8.92575 2.22412 8.92667 10.0262 6.40592 8.57375 15.3686 0.000145264 75.4982
56.4651 3.33624 4.5156 12.6396 7.66409 1.46779 35.5364 3.47593 46.5842 109.817 97.3866 25.6119 1.18034 8.92575 2.22412 9.17941 10.0262 5.97309 5.08599 8.33345 0.000210756 74.4603
56.4651 5.2081 3.56674 12.595 7.23581 1.46779 36.1583 2.13258 46.5842 109.817 97.3866 27.423 1.18034 8.92575 2.22412 9.17941 7.98895 6.566 5.08599 13.6612 0.000210756 75.7574
47.259 4.45637 3.54865 12.595 6.3286 1.46779 37.6912 3.28427 46.5842 109.126 96.1608 27.423 7.57215 10.4379 8.71036 7.38219 3.22826 4.12245 7.70664 15.7892 0.000269628 74.8023
47.259 3.72589 3.49306 12.3817 9.16761 1.46779 38.9445 1.54685 44.7907 109.126 96.1608 26.3782 7.57215 15.3199 0.753794 7.38219 3.22826 7.0775 50.154 2.19027 0.00155728 78.4515
47.259 3.72589 3.49306 11.463 9.16761 1.46779 38.9445 1.54685 44.4987 109.126 94.8764 29.816 7.57215 17.269 0.753794 7.31813 7.89444 7.06054 42.4658 8.70979 0.00143682 78.7594
55.8557 3.72589 3.76475 11.463 9.16761 1.46779 35.0015 3.88488 44.4987 109.126 94.8764 29.816 6.59009 19.2866 0.652695 7.31813 4.02878 7.06054 32.2905 8.70979 0.00186423 78.3859
55.8557 3.72589 4.44654 11.463 9.56446 1.46779 35.0015 5.71774 42.3449 109.126 95.6286 29.816 4.13948 11.5939 0.652695 6.91969 13.5165 2.89167 25.9099 8.70979 0.012144 77.8086
55.8557 3.68817 4.44654 11.463 9.56446 1.46779 35.0015 3.40568 42.3449 109.126 95.6286 29.816 7.2618 10.8223 1.53945 0.316335 13.5165 5.66652 53.5951 8.70979 0.0146662 80.584
49.1075 3.97732 4.44654 11.463 9.76278 0.531977 35.0015 7.10604 42.3449 129.75 75.5291 29.5771 6.53694 6.71746 6.1645 0.316335 6.92059 5.13771 53.5951 8.70979 0.00506283 80.359
68.0144 6.45344 4.82423 10.1165 9.76278 0.531977 32.6676 6.50011 41.3176 129.854 75.5291 29.5771 9.91351 6.84678 3.66863 10.6809 1.9429 6.08552 53.5951 17.4426 0.0105575 86.7703
68.0144 6.63117 0.69031 10.2792 9.76278 0.531977 39.4569 5.9816 36.3036 129.854 75.5291 36.8129 10.4188 5.49734 4.08217 1.79003 1.51688 6.79299 17.3849 23.4325 0.00875293 78.9462
68.0144 6.63117 0.69031 10.2792 10.7932 0.531977 39.4569 7.30652 34.3452 129.854 75.5291 29.2354 7.34185 3.61424 4.08217 13.189 9.2553 0.818978 3.7833 5.3055 0.00224205 77.8406
68.0144 6.63117 0.69031 10.2792 9.41519 0.531977 38.3867 10.7804 34.3452 129.854 75.5291 29.2354 7.34185 3.61424 4.08217 13.189 6.74433 0.818978 3.7833 5.3055 0.00355426 78.0709
68.0144 5.61736 0.69031 9.85756 11.3927 0.531977 38.3867 10.7552 32.2085 129.854 75.5291 32.3005 8.33175 3.61424 2.765 18.5164 6.7268 1.45593 3.7833 5.51277 0.00168071 74.2342
68.0144 5.37116 0.69031 9.46756 11.3927 0.531977 38.3867 14.3195 30.7549 129.854 75.5291 32.3005 7.42624 3.83026 2.765 18.5164 6.7268 2.19524 6.4215 5.51277 0.0015194 75.879
68.0144 5.37116 0.69031 11.0807 11.3927 0.531977 38.3867 14.3195 28.2446 129.854 75.5291 32.3005 4.01903 3.85003 2.765 16.345 6.99319 1.983 16.0836 3.40903 0.0015194 74.8888
67.9866 5.37116 0.69031 9.25197 11.3927 1.27224 38.3867 14.6201 28.2446 129.854 75.5291 32.3005 3.05452 3.19379 2.765 19.2981 8.68416 2.77228 18.1566 8.45293 0.0012065 75.1019
67.9866 5.37116 0.69031 9.25197 11.3927 1.27224 38.6828 14.2624 28.5474 129.854 75.5291 32.3005 3.05452 2.36587 2.765 16.8891 8.68416 2.32432 30.8025 8.45293 0.0012065 75.8213
67.9866 5.37116 1.7874 10.0335 8.49259 1.27224 38.6828 13.1703 25.3526 129.31 76.0566 37.4607 3.99623 1.36547 1.89375 21.5879 2.79083 3.65505 23.7755 16.7016 0.0012065 74.7509
67.9866 5.37116 2.46867 10.0335 8.97308 1.27224 38.337 13.4285 25.7991 127.034 80.933 37.4607 5.6737 2.95358 4.37521 14.0628 4.46111 3.87598 18.1172 12.7238 0.0012065 73.5659
67.9866 5.37116 0.892771 10.0335 8.97308 3.11535 34.8939 13.436 25.7991 123.297 80.933 41.231 4.33522 3.75063 11.8236 7.49114 4.55366 7.39216 20.9716 24.8974 0.00198758 76.6012
64.6161 5.37116 0.892771 9.98899 5.7933 3.11535 44.7924 13.3801 21.1671 125.735 77.9954 40.7304 4.33522 5.79965 4.31626 2.11564 1.47844 17.0835 22.7889 24.3376 0.005716 78.4973
64.6161 5.37116 5.16854 8.24856 7.44979 4.23432 48.1361 13.4444 3.91396 137.169 77.9954 36.1872 6.40349 3.82681 12.0415 3.00688 1.9924 11.897 13.7044 32.0193 0.00251505 78.7272
64.6161 5.37116 5.3362 8.24856 8.00996 4.23432 47.9665 13.6853 9.16462 136.943 78.7367 37.4901 1.04686 3.21387 3.89668 3.54273 20.644 4.65393 15.5278 32.0193 0.00251505 80.7153
64.6161 5.37116 4.37321 6.2901 7.57303 4.23432 54.9005 13.875 9.16462 133.256 69.2432 43.3962 9.96956 8.02145 2.2863 0.891493 5.27178 4.77314 11.9889 19.5385 0.000497277 75.7042
64.6161 5.37116 1.72339 3.7663 12.9831 4.23432 54.9005 14.4083 7.49957 133.504 74.4482 35.6042 8.56083 7.89223 2.49404 7.7591 10.0491 2.37077 5.87255 5.87595 0.000497277 73.6385
64.6161 5.37116 1.48494 6.02635 9.3423 4.20144 54.9005 13.9063 7.49957 132.646 74.4482 35.6042 6.76426 1.39846 19.547 5.52194 0.6214 3.47228 11.4521 12.9617 0.0023252 77.2995
63.7782 1.46972 2.57113 9.68998 3.87819 4.20144 54.9005 23.3771 7.28435 140.082 63.1337 35.6042 6.18933 2.01094 17.9263 6.50377 0.6214 6.11078 8.24461 4.21956 0.00212261 78.6896
60.1503 1.46972 2.57113 9.44758 6.77867 5.42445 46.5695 23.3771 16.3387 140.082 63.1337 35.6042 7.65745 1.98414 17.9263 4.34968 0.6214 7.26059 3.50521 7.85735 0.000202189 75.3496
119.088 1.46972 2.6464 9.44758 6.77867 5.11155 43.9975 25.5454 10.1864 142.843 58.3894 35.6042 8.79561 1.7853 17.9263 5.71901 0.6214 6.65632 6.50879 12.0933 0.000202189 75.6649
119.088 1.46972 2.46064 9.62879 8.55095 7.01148 43.9975 19.2884 9.61532 142.515 59.6426 34.381 14.5015 4.00693 9.72855 5.86415 3.01865 1.70217 16.8158 9.93344 0.000397044 76.8442
119.088 1.46972 0.403567 7.38176 8.26519 10.1073 42.8067 16.8621 9.61532 145.721 59.6146 41.0358 11.9748 9.63357 8.82347 4.42263 1.90028 2.94564 20.9842 13.5343 0.00175087 77.7033
119.922 1.46972 0.428995 10.9587 1.95892 7.60208 45.7708 18.2723 10.8368 141.445 63.4159 41.0358 10.3119 10.0869 11.4438 0.781863 2.56198 3.17982 19.1097 12.0857 0.00205953 81.2963
119.922 1.46972 2.40688 10.9587 1.73458 6.25853 52.397 17.9851 11.0672 138.972 62.2891 35.1152 15.8218 8.51333 11.9799 0.781863 2.56198 2.49527 18.9411 15.1662 0.00706714 77.9021
119.922 1.27847 2.40688 10.9587 1.73458 6.78763 52.397 16.1239 10.4988 138.972 60.0096 37.818 20.658 8.51333 8.11148 0.781863 2.56198 2.90382 22.653 25.0553 0.00706714 79.5966
119.922 0.477036 1.66773 9.84999 2.8228 11.8479 50.4271 13.338 10.078 137.236 65.3555 43.2037 13.1192 8.72689 6.51274 4.30645 9.88409 2.75078 27.6851 26.7954 0.00502884 84.1175
49.1869 0.477036 1.59184 9.12848 3.60734 12.326 60.1244 9.57147 11.7699 128.428 69.8672 43.9989 10.2209 5.0952 3.95143 3.10013 11.0019 3.40395 49.2272 26.7954 0.00124162 76.5559
49.1869 0.477036 4.25211 9.12848 1.39609 5.90083 56.9806 15.3794 11.2211 128.428 77.5133 43.9843 6.58966 4.72481 3.95143 4.06008 11.7616 1.92781 27.262 27.1385 0.00123131 74.8346
49.1869 0.477036 3.97437 9.12848 1.45883 11.3246 56.5425 17.1933 11.2211 129.056 72.6995 43.5142 7.53795 5.39787 11.1625 5.13672 12.6107 0.425093 23.979 27.6356 0.00776532 81.2621
34.6786 0.477036 4.82375 9.96392 0.147281 5.07308 56.4835 16.4992 8.67032 131.567 71.8154 42.9234 9.20725 4.24166 12.0607 12.7854 12.0084 1.06362 4.06222 34.7873 0.0417213 85.991
34.6786 0.477036 5.33128 9.96392 0.147281 5.07308 56.4835 16.3635 8.67032 131.567 73.612 43.9507 13.7574 6.12776 9.02241 10.5002 11.2086 1.06362 4.06222 22.2322 0.0224373 82.8066
45.9153 1.14671 3.83081 11.1582 0.147281 5.07308 56.4835 15.8116 8.67032 131.835 73.0101 43.9507 7.76381 5.51831 14.2228 8.54358 10.1026 3.59181 4.06222 22.2322 0.0224373 80.4584
45.9153 1.14671 3.54202 11.1582 0.780977 4.88869 56.4835 15.8116 25.9573 131.09 54.8547 44.8628 10.9734 5.14001 14.2228 8.54358 6.51233 6.32122 4.06222 22.9298 0.0209735 80.7948
45.9153 1.14671 2.00031 11.1582 0.780977 4.88869 56.4835 15.8116 27.7244 131.09 54.8547 42.8196 11.0502 5.21555 15.4066 8.54358 6.4229 6.32122 4.06222 22.4771 0.0106684 79.2788
67.8035 3.07164 2.00031 8.40843 0.780977 4.88869 56.4835 16.2817 27.7244 131.09 54.5522 42.8196 11.0502 3.57916 13.1204 7.29006 5.37043 9.78752 4.06222 22.4771 0.00526025 79.906
67.8035 3.07164 3.03746 8.11294 1.99922 4.88869 55.3462 15.1128 27.7244 131.09 54.5522 42.8196 13.93 4.35527 10.0032 7.29006 6.74291 9.55355 7.35694 18.1274 0.00827765 81.2343
80.4627 4.59194 2.12603 5.45336 1.99922 4.88869 55.3462 16.9344 25.4501 125.509 65.9049 40.3474 10.8993 0.42157 4.49584 11.2318 1.57115 10.0436 11.9757 21.6843 0.0351528 85.1648
80.4627 4.59194 0.568643 3.93937 2.54005 4.88869 58.4866 3.10147 36.6707 120.303 62.121 51.1387 16.9186 0.659608 7.38591 5.60995 1.57115 6.57586 5.04367 18.8218 0.0351528 82.3722
80.4627 4.35444 1.36974 3.93937 2.54005 4.88869 58.4866 3.10147 36.6707 120.303 62.121 51.1387 16.9186 0.695852 11.9365 6.96259 1.57115 1.80882 5.04367 15.047 0.0351528 82.3931
80.4627 4.62112 1.36974 4.51809 2.84673 4.88869 56.6702 4.22471 35.718 123.895 62.9911 51.1387 12.549 1.08272 7.90574 7.51195 1.57115 1.80882 5.04367 1.14692 0.0384498 83.2864
78.0285 4.16317 1.36974 5.11328 4.28917 3.13026 56.6702 4.22471 35.718 123.895 62.531 42.7684 22.6605 0.7546 11.527 7.51195 1.57115 1.01911 16.274 1.14692 0.0449022 85.6277
47.4789 1.98202 1.73211 4.96321 3.42075 9.55684 54.4702 4.68263 34.3019 121.845 62.0668 51.3814 25.2472 0.909642 15.268 5.40627 1.17162 1.01911 10.6581 6.1594 0.0106224 82.1586
47.4789 1.84176 1.73211 11.1303 3.29133 11.0064 54.4702 4.68263 26.2196 121.845 62.0668 51.3814 7.27092 4.88864 9.82745 5.41604 1.17162 1.95569 13.7617 14.8141 0.0109366 82.7292
44.6513 3.73274 1.39136 11.1303 3.88006 3.02835 64.9246 4.68263 21.3407 121.845 66.9894 50.6192 7.37855 4.91759 11.0483 5.44073 3.01765 1.25871 15.4728 24.3342 0.00197719 78.3335
44.6513 1.39697 3.82989 7.76888 1.98404 3.02835 64.9246 4.68263 21.3407 135.836 60.8762 46.2675 3.85709 4.9422 12.4004 4.74071 10.463 1.25871 2.67672 1.41054 0.00287889 77.1242
34.7502 1.39697 6.27083 5.88521 3.27196 0.0719084 64.9246 3.82256 21.3407 135.921 59.9976 61.2635 4.93517 4.80506 14.4883 2.99352 8.71377 3.08631 2.67672 20.1498 0.00248635 82.1913
30.6231 1.91531 6.27083 7.46964 3.27196 0.0719084 63.5076 3.82256 21.3407 135.921 59.9976 49.5661 12.2525 5.23537 11.3908 2.61572 6.89758 0.878325 4.02012 5.83118 0.000893007 77.161
30.6231 1.91531 5.84551 7.46964 10.5898 0.0719084 63.5076 3.82256 15.1197 136.596 56.6832 49.5661 9.09955 5.55453 11.3908 2.05112 6.84285 0.562592 4.02012 24.0968 0.002461 79.6537
39.9958 2.3787 2.92211 5.1315 11.9761 1.7646 63.5076 5.7781 17.8732 136.618 57.097 45.7314 1.90724 5.93792 14.7791 2.24729 7.49235 5.20357 4.02012 25.7267 0.00144575 77.58
29.5144 2.66233 5.18784 5.74681 11.6665 3.61934 61.534 5.7781 16.3373 138.139 52.7678 48.267 4.01438 10.0744 11.5771 1.6207 5.82477 10.1436 24.4775 29.6751 0.00551328 82.4983
50.3587 2.27959 4.73261 12.6374 1.54176 1.92047 52.7426 11.7572 24.515 138.673 52.0177 54.1288 4.51668 3.85786 2.68556 1.63762 4.97117 16.0704 10.3302 22.1231 0.000589245 75.6696
52.7195 0.145901 2.73538 12.4842 0.447648 4.50822 57.3861 7.80709 24.515 138.706 46.9389 58.7174 5.28768 7.18421 3.83882 2.70454 6.46326 7.35506 16.4928 35.4044 0.000856263 77.1419
47.1604 0.731401 3.67819 11.9707 0.447648 10.8717 57.2966 7.22154 22.6825 138.849 49.734 54.144 4.28977 3.03656 5.66517 1.77841 5.66278 6.79464 6.86498 33.7475 0.00143919 74.9809
60.4292 0.272068 2.41145 12.2695 0.447648 9.30834 57.2966 5.5687 21.9806 138.91 47.6376 53.5521 3.09461 5.86068 0.905373 4.07689 8.01779 12.2473 24.2499 25.9182 0.00164359 80.4343
53.3326 1.09964 2.41145 12.067 0.447648 10.8301 57.2966 5.5687 21.9806 138.969 47.5568 53.5521 4.98757 6.88946 0.214916 4.22966 6.89668 12.2473 22.0457 30.502 0.00776391 79.0873
45.2146 0.442246 2.25789 11.4789 2.54795 13.5939 53.9394 5.5687 21.9806 139.027 46.9321 64.0959 2.20415 4.03634 1.36162 6.73718 7.31027 3.55173 23.1955 28.1147 0.000630374 77.1609
45.2146 2.66961 2.99218 11.2763 1.51083 13.5939 53.3421 5.5687 21.9806 139.188 48.4115 46.9395 1.05038 5.74558 13.0518 4.98693 10.9852 3.13481 4.82032 40.067 0.00208917 81.9563
38.9376 3.70412 3.67048 7.6045 3.25189 13.1529 46.8305 8.92348 35.8649 139.025 44.689 44.9755 4.46213 6.13679 6.99054 4.80055 10.0493 1.12643 5.4363 52.5218 0.00317395 82.0668
57.0388 3.77505 7.66429 7.66528 1.79146 12.8636 44.9231 9.9464 14.3208 139.251 56.9906 41.1534 10.5917 10.8426 4.07072 1.64189 17.5728 1.94658 16.8686 2.0522 0.00450943 81.2781
59.4392 3.03477 7.90225 7.66528 2.91354 12.8636 37.8842 9.9464 25.8873 139.236 51.0126 47.2267 11.2347 6.60643 4.07072 1.43469 10.0564 10.0375 24.3078 38.8942 0.00372726 81.8839
52.979 3.03477 7.90225 9.60064 5.26212 14.4727 29.8709 17.0733 25.8873 139.231 51.0126 45.6404 9.39493 6.60643 3.19179 2.85097 1.22066 12.48 14.0003 35.3658 0.00417695 75.2975
51.9165 3.55445 5.22916 10.7452 5.01328 9.47535 32.749 15.149 30.4504 139.243 56.1309 41.2229 6.02478 8.67814 4.72936 3.21625 0.52784 13.5622 26.4463 22.2971 2.97008e-06 70.483
47.5339 3.21743 7.21193 9.47375 5.01328 10.4231 32.749 15.149 30.4504 139.12 54.9655 41.2229 0.0533706 17.2212 4.38786 6.6517 1.87107 9.00135 25.33 21.3937 2.427e-05 75.0228
40.1771 0.82278 7.21193 10.2146 1.60409 13.5532 32.749 11.2143 32.5962 139.137 57.1971 45.121 4.36773 11.5987 4.03996 2.2389 11.6622 8.8076 8.61218 25.4681 5.52933e-05 74.2907
45.5028 3.61097 7.21193 9.00128 5.18126 13.5532 32.749 11.2143 32.5962 138.838 57.1971 33.6538 7.84858 11.5987 8.28564 0.596777 5.97385 5.92285 51.8302 29.3077 0.000206841 79.326
36.24 5.1705 7.21193 9.79245 4.06819 8.32989 33.6584 11.7535 33.9463 137.263 68.7675 31.1854 3.85012 11.1299 2.94419 2.81353 4.76893 7.8109 42.1981 29.3738 0.00157429 77.9356
43.4052 4.18527 7.43994 9.68921 4.00198 8.32989 33.6584 11.7535 32.323 139.205 69.9268 28.264 3.55203 13.0448 12.4933 2.81353 5.99681 7.23449 53.438 10.4036 0.00285249 79.3405
45.8469 2.82658 5.53548 8.8481 6.08142 16.3241 34.0305 11.7535 27.4003 139.205 69.9268 28.264 2.10578 8.56318 5.16619 2.52618 7.06446 9.75702 14.7416 16.4697 0.00112953 76.9637
35.9264 2.82658 10.0254 9.2575 2.04174 17.0739 31.0616 9.13626 27.4003 140.672 70.2426 28.264 2.75452 13.4593 7.91401 5.99412 6.68838 5.51031 30.834 6.14899 0.00184551 78.4047
30.9368 1.05177 12.931 7.15193 5.95631 13.9412 31.0616 9.13626 24.5564 145.233 69.0376 32.8338 7.88921 13.4593 5.36123 5.54076 4.90746 3.67824 21.2085 6.14416 0.00158864 79.0946
52.7221 3.36689 12.1178 5.28751 3.14292 13.9283 39.0687 7.75071 25.1406 135.111 69.0376 32.8338 6.20428 8.17342 6.38159 8.11607 4.12981 5.08241 5.12967 12.1834 0.00158864 74.3153
49.871 2.29691 11.2654 6.31999 3.76834 13.9283 36.9583 7.75071 23.2248 135.72 64.6116 39.7523 5.87887 12.2205 4.50331 8.02462 6.87061 7.149 24.385 11.2666 0.0010165 76.7876
47.437 3.86542 10.1377 6.58578 3.97024 14.0773 37.7126 7.75071 24.0813 136.776 63.9456 39.7523 4.86077 8.77517 4.83806 5.46918 6.3726 7.60719 24.385 9.21157 0.0010165 72.8861
47.2878 3.77622 9.70536 6.58555 3.97024 14.0773 37.7126 9.33113 18.7906 136.776 64.7415 50.8537 9.7785 11.7096 4.95251 5.15178 6.90188 6.7248 20.476 12.1362 0.0010165 76.787
60.4013 1.38384 11.9882 6.3378 5.84016 14.0773 32.863 17.6953 17.8357 130.156 65.3783 43.4585 1.32742 10.1842 7.41358 7.33052 5.38326 7.19475 20.9048 18.7167 0.000220731 74.8679
39.9105 1.38384 11.2613 10.3881 3.56635 14.0773 30.6979 16.5452 21.6191 135.035 67.9648 44.0681 0.963532 8.64473 12.1482 8.07458 5.79341 10.0907 29.7134 3.01667 0.000441995 79.2101
30.3908 1.00899 9.07607 8.36305 0.673202 14.9037 31.5704 20.7598 19.8375 154.729 63.1662 21.4776 10.7402 5.83441 10.8978 17.1911 9.49309 2.35915 7.21409 16.0174 0.000205756 82.1481
32.7109 3.75825 7.57736 6.56201 0.673202 14.9037 34.9694 23.1509 19.8622 141.58 54.7176 41.3383 9.61178 4.33725 5.34723 13.0245 8.3458 1.59926 13.6471 16.0174 0.0028959 76.7043
22.0851 3.13854 7.58009 4.55406 10.8484 14.9037 36.2922 23.0762 20.1771 137.4 53.1768 36.232 11.2025 7.13913 6.03729 3.03859 11.8067 1.52966 4.70968 37.0851 0.0162519 83.7062
-1.99876 4.70568 4.53199 2.17934 9.35234 14.2241 40.7252 18.0131 20.575 142.953 56.1964 47.8207 11.9398 7.42697 6.78582 2.60778 7.83525 8.78196 3.86653 47.2265 0.0142267 83.5229
-1.99876 5.05475 4.5473 2.69657 9.35234 9.93701 42.3735 18.4058 18.6469 144.073 57.8127 40.8368 9.46848 0.677015 23.5888 2.60778 8.9066 9.16334 2.72989 31.6268 0.0217267 84.2545
-0.766571 4.80792 4.44825 1.40482 14.0979 10.7907 35.8804 12.1834 32.7945 147.12 50.9521 38.9058 13.9895 1.28821 9.28164 0.782216 6.45082 9.16334 8.74556 2.07435 0.0142186 80.0898
-0.766571 4.62418 4.88892 1.62245 11.3173 9.31973 36.7929 10.8357 41.2188 141.17 50.9521 40.1174 8.35881 1.28821 5.92105 1.46681 6.53331 9.99686 8.74556 13.5357 0.000657801 83.1853
10.1087 5.68593 4.88892 2.01819 12.1104 11.4158 33.7102 9.93001 37.9315 88.3027 107.42 44.45 10.4204 0.481743 7.05524 9.16043 4.98794 6.25103 14.8884 37.7923 0.0010762 83.0156
85.0531 3.4618 6.72148 3.51019 14.8922 11.8444 9.65061 19.9882 49.557 96.0383 89.8806 41.7677 13.9344 3.51157 1.00295 14.1065 11.4527 5.45228 12.7321 30.0077 0.00176754 79.7935
83.079 3.35576 6.35569 3.79017 15.667 11.8444 9.65061 17.5308 51.0002 96.0383 89.8806 41.795 0.405293 8.38428 8.47709 1.88553 16.6579 5.77077 9.98698 34.3924 0.00421197 79.3616
83.3252 5.10758 6.35569 2.89835 15.1759 11.5082 9.65061 17.5308 51.0002 96.0383 89.8806 42.2773 0.0820057 9.35092 6.69715 6.05354 7.00504 11.0402 3.31547 42.2526 0.00362724 81.2391
68.8874 5.10758 5.61332 3.21627 16.7415 12.3051 9.65061 17.5308 41.8311 98.2702 89.8806 47.6711 3.69571 8.073 1.30939 6.06837 4.50185 6.01727 8.57219 42.2526 0.000406304 77.7999
55.8236 5.47523 4.45426 4.99137 16.7415 12.3051 9.65061 38.9778 21.2316 110.031 94.016 33.6521 2.20361 10.1721 3.90781 5.27024 5.29359 4.89661 3.32627 31.417 3.39192e-05 72.2116
74.0865 1.32501 3.32167 4.9665 18.9798 12.3051 11.3397 36.9756 14.0214 105.714 102.687 34.8588 9.35216 6.03302 4.92681 0.767176 4.20005 16.1282 3.84893 31.417 3.39192e-05 74.8684
74.0865 1.32501 1.99448 5.37631 18.9798 12.3051 12.5563 36.9756 12.5564 108.955 102.687 35.3394 8.34815 6.03302 5.1466 0.767176 4.20005 24.5041 11.214 29.569 3.39192e-05 77.2938
49.7672 1.29767 1.99448 5.62001 18.9798 15.8331 11.6529 35.4426 12.5564 122.612 90.4347 35.4782 5.93802 6.05608 4.9994 0.767176 3.27109 24.1443 11.214 29.569 3.39192e-05 75.1914
49.7672 2.35504 1.72187 6.5397 18.9798 14.0002 11.6529 35.4426 13.392 120.656 91.2705 35.6366 8.10302 9.1807 4.73354 0.202609 3.40955 24.1443 6.53067 26.2989 3.39192e-05 75.1428
49.7672 1.3481 2.75269 7.03349 19.6021 17.5627 14.9049 34.4974 4.4363 125.658 83.9273 35.6396 6.77987 8.31438 4.54449 4.76122 2.94744 27.4719 5.95797 16.5259 3.39192e-05 75.3624
49.7672 1.37534 2.96773 7.03349 19.6021 17.5627 15.6816 43.457 4.4363 131.564 72.2991 35.5936 5.92824 6.30277 4.92292 0.501123 3.81032 11.0739 2.111 10.3957 3.39192e-05 72.3018
49.7316 0.339173 3.03794 4.42445 19.6021 23.2608 8.44725 42.6014 7.66696 134.746 66.251 35.5224 5.73609 12.8361 5.96104 0.501123 7.99824 12.2125 5.25364 17.7098 3.39192e-05 72.6147
49.7316 1.83839 1.71555 4.42445 19.6021 23.2608 8.44725 43.185 9.115 134.307 66.297 35.821 4.96528 12.9888 3.8871 9.85616 7.99824 2.00115 13.3981 10.9574 0.00620675 75.6432
49.7316 1.83839 1.6966 3.04549 19.6021 23.3779 8.44725 43.185 6.68496 131.794 71.5209 36.3283 4.14584 14.5678 1.12747 6.1005 9.23793 2.37004 12.3886 19.991 0.0023558 77.2565
49.7316 1.62456 2.49099 13.8285 8.75943 28.0973 2.15363 43.185 6.68496 137.4 74.9236 36.0735 3.36434 14.6812 1.03037 2.67373 9.14638 3.57676 2.66014 19.3179 0.0014342 77.6221
48.9977 6.07661 1.98272 13.3592 5.5929 26.7964 5.01442 44.0146 6.9764 141.728 69.0768 35.439 2.56713 8.62049 2.29756 3.78431 5.91136 7.30983 23.4256 19.3307 0.000934235 76.4311
81.0245 1.13746 0.860378 11.3294 4.68152 27.8361 2.59653 44.0146 7.29221 137.262 76.5945 36.0295 4.14473 4.99199 9.95662 2.77902 1.30331 8.44787 29.3008 1.40144 0.000456739 79.5037
82.0518 5.12295 0.683733 11.3294 4.46794 32.7739 2.59653 40.8404 1.94736 136.223 73.3651 35.7518 6.4334 1.82518 9.36643 2.67686 3.31265 18.7684 30.5479 2.68048 0.00161513 81.2738
82.0518 5.18749 2.20126 10.3888 4.56175 30.0769 2.59653 45.0009 1.94736 136.223 74.9385 34.9347 7.01766 0.886247 6.17742 2.48286 2.92625 16.4018 28.0572 2.90013 0.00204946 78.1445
43.2126 8.64353 2.9063 7.64588 9.5609 30.8464 2.59653 45.0009 1.94736 136.223 74.8986 32.0828 7.59215 4.96772 6.17742 4.38902 6.69277 12.2092 28.0572 3.847 0.00226649 83.0685
41.476 7.8498 3.46301 7.13589 11.5391 25.6115 2.59653 45.0009 9.04473 130.902 76.345 31.4467 3.67769 3.88039 4.07037 4.91287 7.44932 13.9722 17.1737 3.847 0.0164339 78.8369
52.8515 6.95339 3.46301 7.95187 11.5391 25.6115 2.59653 34.8301 10.3049 123.962 98.1487 25.0107 3.71897 3.60044 4.07037 9.2052 6.79429 15.8134 5.80266 12.034 0.00277165 76.9347
51.2488 5.35706 3.46301 8.64598 10.3527 20.9302 2.59653 34.8301 10.0722 123.057 98.1487 32.7743 1.22007 8.36906 6.01224 6.97139 8.2183 9.41129 5.80266 18.3978 0.00101942 76.1735
48.7259 5.51923 2.6676 10.1737 11.9752 23.941 1.5942 41.8423 8.67378 117.895 99.3661 25.519 3.61295 4.30531 5.98751 9.17203 8.3694 6.39053 2.11795 10.7588 0.00289453 74.9751
48.9514 4.14713 4.6774 12.3553 4.53774 22.4854 12.4259 41.8423 6.92095 116.635 99.461 23.6436 7.21951 5.63851 5.53743 1.81849 10.0718 6.88678 11.9444 6.60331 0.00210404 75.8032
41.0938 0.996764 4.28682 15.6798 4.53774 14.2141 17.2279 41.8423 14.8372 115.482 96.1452 23.6436 13.0793 3.21781 5.81083 2.05561 10.756 7.84931 4.58449 5.00134 0.000800669 75.1317
39.7666 0.996764 6.91507 14.4045 3.66359 14.2141 14.7623 43.022 13.0705 99.6171 110.251 34.4144 8.42648 4.74967 2.44383 1.73164 9.65148 7.84931 1.88976 25.0864 0.000717667 77.0565
11.7704 0.996764 6.91507 15.5966 10.466 16.613 16.4681 31.4538 13.9028 99.6171 116.774 26.713 8.42648 5.18776 3.65615 14.9353 8.05097 10.3042 1.88976 18.2337 0.00135714 80.0909
11.7704 2.68931 6.91507 15.6376 10.466 16.613 16.9275 32.4774 13.0391 99.6171 110.977 22.8099 6.92252 8.37002 4.76828 12.3909 7.60698 5.31874 42.5354 1.46383 0.00057283 81.4007
56.5767 1.57806 2.75022 7.90218 10.466 16.613 16.9275 33.3187 22.1662 94.4471 114.302 21.3547 13.8488 9.20814 5.31058 13.1811 3.16066 13.0108 3.36303 33.5062 0.00298888 81.2918
57.6535 1.43781 2.75022 7.90218 10.466 17.18 16.9275 33.3187 22.1662 94.4471 114.302 22.7469 16.9618 9.92809 5.04804 8.73645 3.16066 3.39899 1.66004 41.3772 0.00412295 78.1258
46.8347 0.480678 2.04768 9.67056 10.466 17.18 16.9275 33.2522 21.3648 102.792 108.505 23.2573 11.7124 8.0946 4.53853 20.7954 3.16066 4.34734 35.7215 28.2151 0.00254163 78.9075
46.8795 0.201978 1.90099 12.1249 10.466 15.9655 16.9275 28.0603 19.5157 111.386 99.5196 33.0162 12.4837 7.32063 4.37109 8.46317 3.9858 2.11058 30.5247 23.821 0.0228011 78.2305
24.7169 4.4132 1.40782 9.30404 13.4839 15.4561 13.9873 26.8444 21.674 110.048 100.997 32.8381 12.2683 5.57689 2.9707 5.44587 3.56409 4.18956 9.85153 13.719 0.000123399 74.232
20.3468 2.49952 1.45903 12.7619 26.6616 11.5922 5.30825 26.8444 20.1525 110.048 100.997 40.5486 12.3637 7.42749 2.9707 5.44587 2.79413 4.18956 9.85153 2.49392 0.000123399 74.3562
37.2097 1.65267 2.49043 10.493 26.6616 13.779 5.30825 24.3205 22.3686 110.048 95.4246 40.5146 12.0774 15.9239 1.01682 4.61749 2.10671 4.26194 0.591991 2.36898 0.000123399 74.9216
37.2097 1.65267 3.54822 10.9354 26.6616 13.0808 5.30825 29.1456 22.3686 150.988 45.2411 40.7872 12.0156 17.4095 0.713617 3.94205 2.10671 8.10633 0.591991 2.36898 0.000123399 74.1552
37.2097 1.65267 2.128 10.9354 27.6543 13.0808 5.30825 29.1456 22.3686 150.988 45.2411 41.7616 11.8104 17.4095 0.713617 3.94205 2.10671 6.52067 0.591991 2.36898 0.000123399 72.8419
37.2097 1.65267 2.128 10.4754 27.6543 13.0808 5.30825 29.1456 22.3686 150.988 45.2411 41.8249 10.5136 17.4095 0.713617 2.7762 3.60592 17.7477 0.591991 2.36898 0.000733263 77.5978
37.2097 0.992719 3.49212 10.722 27.6543 5.27757 5.30825 36.6869 16.1455 161.108 45.2411 40.4515 5.00124 16.7588 4.27745 3.73635 4.04671 5.95025 6.99276 28.3296 0.000733263 75.522
37.2097 1.69947 2.95202 10.8832 27.6543 5.27757 5.30825 36.6869 15.6206 156.261 45.2411 40.4515 5.00124 15.1893 10.383 4.07223 4.04671 3.94209 6.62925 40.6659 0.0016968 78.221
53.4709 1.70961 1.85829 11.3416 22.6033 9.6705 5.30825 37.0205 14.3063 156.261 44.8595 42.2004 5.00124 15.1893 9.87195 4.36885 4.08333 3.94209 5.30615 49.1772 0.00118033 77.0447
53.4709 1.58642 2.02132 12.5146 17.7087 11.9762 5.30825 37.0205 15.6556 156.261 41.9013 43.3313 4.44212 13.3574 13.2108 3.02796 5.99099 12.713 26.2005 23.4773 0.00118033 79.9442
44.5547 1.12776 2.02132 12.5146 17.7087 13.0269 5.30825 37.0205 13.9851 165.808 43.9399 38.6256 4.44212 9.24634 10.767 3.46635 13.8517 7.99087 25.1546 8.69303 0.000660618 80.5473
44.776 0.453675 3.17066 12.5146 17.7087 13.0269 5.55687 37.9843 13.9851 165.808 43.9399 34.4295 0.589869 11.4398 11.0551 3.46635 6.71775 7.99087 32.5423 6.36254 0.00046139 75.6397
45.2622 0.453675 3.17066 13.0049 17.7087 13.0269 5.55687 30.0417 22.5869 165.195 43.9399 34.9517 0.589869 11.4398 7.64166 6.81287 1.41486 11.7262 17.6196 18.0513 0.00046139 74.7928
45.2622 0.453675 3.22184 13.0049 17.7087 13.0269 5.55687 30.0417 22.5869 165.195 43.9399 34.9517 0.589869 13.2815 7.64166 6.81287 1.41486 11.7262 8.89631 18.0513 0.00046139 74.9116
45.2622 0.453675 3.22184 13.0049 17.7087 13.0269 5.55687 30.0417 22.8114 165.195 43.9399 36.6128 0.589869 11.1816 8.64692 6.81287 1.41486 11.7262 7.25806 26.8109 0.00590013 77.9406
51.3043 1.22929 3.22184 12.2949 17.7087 18.5096 5.55687 30.0417 22.8114 165.195 43.9399 39.2843 0.589869 5.9638 3.58477 1.54358 1.41486 13.1758 7.25806 19.5501 0.0083802 80.6026
48.5448 1.60636 3.13614 7.72724 17.7087 15.4664 5.55687 30.0525 22.8114 146.356 59.536 36.2869 5.1212 14.5223 4.85389 3.72815 0.848614 24.7784 17.5703 21.0761 0.0105626 83.3389
48.1779 1.78805 3.68351 3.57015 23.1256 14.2366 5.55687 30.0525 22.8114 146.819 59.536 42.0122 3.38993 21.5362 4.44074 3.72815 2.3616 13.7556 15.3582 16.3205 0.00998724 79.2529
29.743 1.72426 6.33469 2.03155 23.1256 13.506 5.55687 31.0265 22.8114 148.874 53.674 42.0122 2.95071 11.4343 4.71025 3.44845 2.3616 14.3878 12.4684 23.7619 0.00320357 77.3609
26.575 1.81474 6.93527 3.24013 23.1256 13.0913 5.78875 31.0265 22.8114 148.874 53.674 40.3391 5.55825 13.8143 6.38499 1.28608 2.3616 14.679 12.4684 34.9345 0.00292672 77.9798
30.3868 0.743967 7.70626 3.24013 23.1256 13.3529 5.78875 31.0265 20.7872 148.874 54.7278 40.7881 3.81569 9.06912 4.7247 2.56795 2.3616 16.3408 7.72365 14.7113 0.00610653 75.7365
28.9723 1.12589 7.83078 3.24013 23.1256 12.1351 7.51731 31.0265 18.9047 148.874 54.7278 40.2083 2.96165 9.06912 2.02695 2.54782 10.8758 11.391 7.72365 16.0037 0.00610653 78.7671
18.9806 1.71958 7.83078 3.24013 23.0497 12.1351 7.51731 31.0265 21.3904 148.874 54.7278 37.05 7.07644 9.06912 2.02695 2.6582 7.97737 11.6633 40.7836 13.7244 0.00610653 80.5376
54.7795 1.93927 12.2644 2.78083 23.0497 12.709 6.89873 28.671 20.9628 147.942 54.7278 36.522 8.32931 7.78056 3.35425 0.875863 10.2762 8.01756 24.4953 21.0766 0.00610653 81.5156
20.0824 1.59179 12.1738 2.91065 26.6404 14.2652 6.89873 22.9318 25.0835 141.119 61.2694 36.0694 8.47701 6.29045 5.09768 3.44048 7.33576 6.37358 78.4056 10.5916 0.000208173 79.6899
20.0824 2.63204 11.2956 2.91065 26.4958 12.5706 6.89873 22.9318 24.2179 142.665 61.2694 36.0694 11.3903 7.25263 7.38711 2.4277 7.81729 2.66374 47.7435 6.44244 0.000208173 77.0621
29.5807 1.81954 11.2956 3.52004 26.4958 11.9056 6.67148 22.9318 20.6009 151.959 55.2109 34.549 11.353 11.4733 8.67069 1.46864 2.72198 4.70127 33.9327 12.4767 0.000208173 79.0147
14.4763 1.81954 11.1205 3.52004 28.067 12.729 10.8764 22.9318 20.6009 114.498 89.7706 36.2364 13.3605 4.27792 12.8854 4.29397 5.5536 1.93174 5.19614 6.63912 0.00748382 79.4408
12.5425 4.24459 8.16389 3.52004 28.067 4.58317 10.4678 21.1595 20.7744 123.5 97.1938 35.748 13.3605 2.65747 5.98003 4.29397 6.10791 5.24521 6.23104 14.8189 0.00356508 80.2087
76.7379 3.44983 8.16389 3.52004 28.067 4.58317 10.4678 21.1595 23.365 122.433 88.9293 35.8254 10.468 2.50319 6.69707 4.92383 4.89068 9.53207 9.92853 14.8189 0.00328875 81.4181
9.49232 2.05164 5.17881 2.88915 21.6752 14.1576 10.4678 21.1595 33.4145 125.143 90.7767 29.6288 11.6434 5.34291 7.95308 0.686844 10.9741 10.2762 11.3083 18.5606 0.00340451 85.3455
100.622 2.35085 3.72732 2.93573 23.3216 14.1576 10.4678 18.5028 31.4428 125.143 87.5456 22.6757 0.388693 3.78407 4.86304 7.43365 8.71911 13.5586 18.7329 28.7627 0.000342246 77.4162
100.622 2.05101 5.12076 0.0538792 28.9914 10.9018 10.4678 11.8787 24.4318 121.242 90.3336 26.4155 3.52454 16.2413 4.86304 2.87857 4.67594 20.9367 16.3665 29.7934 0.00387632 86.9825
111.496 1.41538 4.58943 0.0538792 28.9914 10.9018 10.4678 11.8787 27.175 121.242 100.741 23.1016 3.86885 11.9676 2.88368 2.87857 4.24077 20.9367 15.3866 45.1847 0.00166167 85.511
104.044 1.70449 2.59642 3.42883 28.8807 11.708 10.8475 12.6629 26.4177 118.947 100.741 23.1016 1.78302 6.00232 7.06851 0.916204 3.91703 17.8068 10.5598 47.1582 0.00166167 81.7963
104.044 1.82878 3.04593 4.31421 28.8807 7.22151 10.8315 12.4434 30.8607 118.947 103.824 23.1016 4.47041 7.9991 2.64431 7.4567 1.93453 17.8068 5.36326 63.469 0.00133268 81.8976
110.381 1.81996 3.6181 4.49872 20.5913 7.09359 10.5586 12.4214 31.3123 120.2 108.06 20.0161 3.6103 2.95654 1.70346 5.28066 0.73556 21.3402 17.8198 44.1637 9.01279e-05 79.7958
96.9355 1.53286 3.51012 4.65575 20.7332 7.09359 11.5335 12.9086 39.457 121.143 106.217 16.9487 6.86806 2.95654 1.17811 5.70975 3.8168 26.8029 46.4988 21.3947 0.00248797 84.8757
96.9355 1.28358 5.35752 5.14852 20.7332 7.09359 11.5335 14.3782 41.7752 115.021 106.217 11.5175 17.7389 3.6953 1.01142 5.48249 3.8168 11.1632 35.4753 29.2478 0.00248797 80.3228
112.317 0.651711 4.60447 5.14852 20.7332 7.09359 11.5335 13.1431 41.1546 104.702 106.217 19.6224 17.7389 3.6953 1.01142 5.94595 3.8168 11.1632 11.6111 19.6533 0.00248797 80.8856
70.6543 0.132115 4.60447 9.13587 19.9331 5.59389 11.5335 17.3958 43.7448 104.702 106.217 22.3348 17.5827 4.4433 1.59266 6.62431 3.8168 12.0799 5.64187 12.5041 0.00248797 80.3899
39.5064 1.51037 3.29303 6.82716 27.1622 12.2463 11.5335 14.3726 38.9759 88.2507 112.368 34.7035 10.9333 3.78776 2.38565 7.47093 1.06381 12.0389 29.944 5.61479 0.00248797 78.4764
35.3215 2.1644 0.932694 9.73904 27.1622 15.4363 8.54658 11.8945 40.4549 88.2507 112.368 35.2635 7.5715 3.78776 2.72598 4.07395 4.93478 13.5958 32.1747 16.3012 0.0115546 82.7668
52.2535 2.08586 0.932694 6.14992 27.1622 14.8268 8.54658 11.8945 44.1917 88.2507 117.718 24.9813 11.4383 0.692415 2.95407 5.2823 10.2816 7.8689 36.5187 30.4818 0.00231593 79.3402
47.4352 2.21318 0.932694 6.14992 27.1622 14.8268 8.54658 16.3114 44.1917 88.2507 117.718 21.2382 11.4383 0.692415 0.813979 11.5314 5.78335 7.8689 64.1603 30.8889 0.00231593 81.6651
52.977 2.2879 0.932694 5.0046 27.1622 14.8624 8.54658 19.9479 42.9946 88.2507 114.268 21.2382 11.4383 3.68409 13.9832 5.06327 5.99983 6.11805 63.2285 25.8653 0.00231593 81.4008
47.9728 2.52222 0.932694 5.11454 26.793 16.4898 8.54658 9.67063 55.1164 83.4385 114.268 21.8741 9.49458 4.10676 14.6358 5.43266 5.99983 3.86527 20.2223 43.4779 0.00231593 80.897
47.5866 0.76324 1.6354 2.28388 26.793 15.0659 8.21876 8.77594 58.4687 83.4385 137.363 3.29886 5.67789 8.87936 14.2959 4.99401 6.90174 0.916682 12.7395 24.3285 0.00231593 80.3073
55.9371 0.224726 2.88522 2.28388 26.793 12.7465 8.21876 11.0936 58.2141 83.4385 137.363 3.29886 3.87113 8.77321 12.7707 5.12319 6.90174 2.86887 14.994 21.9702 0.00282254 81.2
53.23 0.0596033 2.53214 1.79823 26.793 12.095 8.21876 11.0936 49.0872 90.0171 137.363 6.84542 5.73868 1.60156 10.9211 3.68062 11.7306 3.80367 14.994 8.10638 0.00191308 78.5804
50.0179 0.0762038 3.00692 1.79823 26.793 11.5207 8.21876 10.2011 49.0872 90.0171 137.363 9.63823 2.12891 4.85849 11.0724 4.7103 16.8566 3.37926 2.05002 8.32173 0.000614109 77.435
48.9124 0.498645 2.80878 1.79823 26.793 13.6156 8.21876 9.16497 48.7312 86.7946 139.639 8.48151 8.82776 6.86859 12.149 4.14956 11.6446 3.06181 24.6839 41.5028 0.000629756 78.9777
51.8706 0.44982 3.33167 0.519901 26.793 12.7828 8.21876 10.9702 44.4481 86.7946 139.639 10.619 15.3774 3.67873 2.80569 2.96011 11.6446 3.24178 41.4389 16.75 0.00124423 77.9215
53.4816 0.44982 4.7639 0.519901 26.793 12.7828 8.21876 10.859 44.4481 83.3769 134.414 26.733 11.1822 5.59992 2.68734 2.54979 13.8494 1.7374 73.179 52.551 0.00124423 82.9891
53.4816 0.450838 5.83243 0.519901 26.793 12.7828 8.21876 7.33328 49.2155 83.3769 134.414 18.7738 8.45358 4.06631 2.68734 0.832043 13.3966 2.31614 86.6167 36.8158 0.00124423 83.4272
46.8905 0.303594 5.10354 0.519901 25.4255 15.6278 3.23529 7.33328 49.2155 89.946 134.414 18.7738 9.32239 4.02592 1.64272 0.823892 15.308 2.48659 60.3386 36.8158 0.00124423 80.7623
46.6132 0.247337 2.78418 0.542599 30.9811 16.2748 3.23529 6.87275 49.2155 91.177 127.428 18.7738 9.32239 2.86903 4.22621 0.944096 26.2388 3.05406 19.9368 18.6205 0.00110408 82.7936
59.8704 0.265724 3.36763 0.542599 22.642 16.0715 6.1585 8.98494 49.2155 96.2933 127.428 18.7738 6.26353 2.19957 2.06984 0.678644 21.6401 1.4809 14.1684 13.0273 4.98334e-05 78.0772
44.4437 0.21719 1.87266 5.86202 22.4702 17.002 6.1585 7.84618 62.4202 96.6792 107.17 27.1774 4.40919 2.17777 5.28002 10.0367 12.7086 2.54039 10.4379 31.1103 8.40345e-05 74.824
51.4607 0.731266 2.11869 5.9366 22.4702 14.3174 6.1585 8.31305 62.4202 95.3704 101.226 27.1774 5.89561 2.15262 10.8471 9.00287 11.0478 5.56347 5.85944 11.847 0.000234467 74.1941
51.9545 0.273349 3.06244 5.76509 14.6527 15.0851 21.9354 7.53906 44.2246 105.226 101.226 27.1774 7.46927 2.15262 6.78226 5.4571 17.2208 4.91142 9.88781 8.8526 0.00210228 74.0204
48.0178 3.34774 2.88204 5.55192 11.4284 12.5742 21.9354 7.30568 47.2704 116.463 93.3088 24.2434 11.6982 19.014 2.59941 1.66006 8.61629 3.09853 3.99411 0.505569 0.000855438 77.8063
35.9533 3.25488 5.63249 5.2317 14.2407 15.3221 16.0819 7.03903 45.839 115.415 103.267 19.1488 8.54967 2.93887 6.27414 9.63843 0.644122 4.56053 25.4814 1.12616 0.000664098 77.4179
49.5822 1.47061 6.08661 5.76885 11.6059 15.3221 18.9366 11.0846 42.6824 114.502 103.267 16.0954 9.10582 8.96896 10.7768 20.9361 0.687416 2.78326 39.9254 9.01239 0.000650666 78.5769
41.818 0.750589 6.08661 4.3681 13.8252 15.3221 18.9366 9.88757 44.8794 108.246 98.3547 20.7456 11.6045 10.6389 8.34924 24.9975 3.24949 0.0197447 3.64381 26.1696 0.000108305 81.1183
53.1902 2.66933 3.55078 4.3681 14.5587 15.3221 15.7356 9.88757 45.7965 108.246 101.414 30.7982 11.7274 2.61451 5.24677 16.2594 0.363953 0.601532 3.64381 10.7038 4.50132e-05 73.1737
18.0153 2.96711 3.55078 4.77523 14.4497 19.8149 15.7356 10.1501 45.7965 108.222 97.7655 29.6159 9.70297 3.69037 5.47481 16.2594 0.789551 6.57578 9.04384 17.207 4.50132e-05 72.9893
18.0153 1.92991 3.55078 6.25581 14.2176 19.8149 11.2298 7.77426 47.8129 108.943 98.6819 31.2031 9.28149 4.21899 5.37424 9.33998 4.24417 5.23611 5.1548 6.94084 4.50132e-05 72.9522
30.6915 2.49785 4.32452 6.91689 12.9049 19.8149 10.6776 11.5071 47.8129 111.784 96.1442 35.1307 4.15953 4.48209 5.37424 6.98373 3.99322 5.23611 21.1384 13.9055 0.000150095 73.6256
7.65983 2.55776 8.38083 2.52242 12.9061 19.8149 10.6776 1.35192 66.6693 102.365 99.097 32.2255 5.61593 8.57631 4.45655 4.5961 3.28622 5.90746 7.29771 9.28542 0.000117516 80.7059
22.1933 2.55776 5.46759 3.37483 12.9275 19.3161 13.3177 7.4766 64.7299 95.3329 99.097 30.6457 1.52923 9.52459 6.45849 6.62882 4.2605 5.21362 6.77194 19.5021 2.0508e-07 73.0165
32.6729 2.58033 6.37931 3.37483 12.6944 19.3161 13.3177 7.4766 64.7299 93.3872 99.097 30.7731 1.3228 10.5153 20.6068 7.49149 4.31821 5.78265 0.864964 3.50273 2.0508e-07 73.5138
33.0722 0.39923 5.66558 1.82992 11.6106 28.0952 8.79111 6.17269 64.7299 92.2603 99.097 33.5391 3.14949 10.2597 23.9517 4.1266 4.33648 6.20578 12.67 21.2362 5.80685e-06 77.1794
43.1157 0.39923 3.5431 2.3917 10.8018 27.3939 11.7643 8.18221 64.7299 87.9395 99.097 33.5391 3.19491 10.2597 24.5336 5.77004 4.30039 4.83849 7.42595 0.138837 5.4931e-06 77.4706
48.9413 0.39923 5.01949 2.20277 8.11024 27.3939 12.5556 6.27607 60.3054 87.9395 104.389 32.0231 5.94474 10.2278 7.79979 0.622337 4.51124 8.44048 16.4599 20.2966 5.49469e-06 72.6506
48.9519 3.83592 5.95368 3.00349 5.57936 27.3939 12.5556 6.27607 60.3054 93.4738 102.339 34.1667 2.76206 3.49871 2.85652 1.42188 8.11327 12.627 13.9048 24.0208 5.49362e-06 73.8661
48.484 3.70751 5.95368 3.92385 2.39863 27.3939 12.5556 4.00712 63.7536 94.452 102.339 27.9933 3.40502 2.23726 2.71953 1.61479 9.88866 18.1688 23.2627 3.65799 1.68831e-06 71.5087
46.6704 3.90923 7.31841 1.9804 8.78748 19.561 14.0824 5.30877 36.6899 129.865 100.135 26.4323 0.588347 3.93698 2.71953 2.89566 0.463576 19.3866 13.6078 16.9229 1.68831e-06 76.819
51.7328 3.93059 7.31841 2.00099 8.78748 19.561 13.8435 14.3139 36.6899 129.865 91.842 19.725 1.67953 3.88152 3.69503 30.6189 0.93629 2.45418 2.4402 14.8862 0.000118436 74.7964
51.7328 8.72255 6.88862 2.74723 5.77903 19.561 13.8435 12.0687 35.4925 129.865 94.221 21.1117 10.3045 5.67541 8.3815 19.1902 4.44407 3.66356 2.79603 3.34332 1.37641e-05 78.6317
38.1602 8.72255 10.3577 1.29361 5.77903 19.561 13.8435 15.747 33.423 129.865 94.221 21.289 11.6904 0.977864 3.47349 19.1902 2.96774 9.37648 3.12886 3.74567 3.03904e-05 81.7033
39.8246 6.23177 8.98997 1.29361 5.77903 19.561 13.8435 17.7984 33.423 125.513 94.221 22.2224 8.55316 4.8274 3.47349 9.24457 4.07255 7.33437 2.96148 4.06742 1.69399e-05 72.7017
44.781 7.38532 7.36002 2.5201 14.9277 18.2022 13.8147 21.1637 25.7038 125.513 92.8864 17.2453 14.3055 3.65691 0.605525 8.5557 3.33982 14.3931 2.91202 2.82073 1.53029e-05 71.2578
50.8285 7.64815 8.78106 1.74106 14.4508 18.2022 13.8147 16.9597 25.3075 125.513 97.9031 19.9685 4.02281 5.52778 4.08969 4.79004 4.764 8.25755 5.34354 2.63157 2.91444e-06 71.8268
50.0306 7.64815 8.78106 1.05654 15.3765 15.3021 13.8147 27.3512 21.9071 125.513 97.9031 19.085 1.71756 5.79451 1.53667 4.65778 6.25592 10.8376 14.5448 2.6511 2.91444e-06 71.5011
50.9306 4.97749 3.03041 4.66077 11.9576 23.226 14.9377 26.2865 17.5593 125.088 97.9031 16.2981 3.07458 6.50221 3.98609 7.98015 2.25479 11.3433 23.0587 1.50068 0.00015525 74.3957
69.2219 3.50629 2.94675 2.51551 12.267 16.5633 14.9377 31.6348 13.5004 125.524 99.0782 22.8881 9.175 9.50374 2.95352 1.17988 5.12458 11.1506 32.1644 8.59732 2.82967e-05 78.3226
68.0196 5.03657 2.25324 3.00954 14.6564 9.48076 26.7896 32.8329 8.83888 116.698 95.0788 22.8881 4.24708 6.00539 22.8404 6.21923 5.88896 12.0909 38.66 7.60477 8.78174e-05 79.9089
68.0196 5.44705 4.16472 2.17598 12.8722 18.6087 22.307 32.8329 7.06595 116.698 101.745 20.3177 3.24845 7.42775 12.5017 7.41846 2.93211 11.9581 9.94562 10.5517 0.000207551 74.6799
76.2661 3.70255 3.67847 1.8733 5.76161 24.1664 20.1449 36.3915 6.2713 114.237 101.745 23.911 3.24845 8.48274 9.05964 3.73114 3.63824 12.2432 5.93526 14.2577 0.000464199 79.1226
71.5024 4.21065 5.17096 1.61734 4.91053 24.1664 28.4838 36.0494 1.99182 110.385 101.745 24.5811 7.80163 14.9336 6.43413 7.27185 3.73978 7.64596 11.7125 24.2731 0.000303222 76.7037
91.4678 4.08736 2.93073 0.758809 4.20574 17.7806 27.628 46.3439 3.69031 102.559 107.227 26.1239 17.2593 11.2153 3.47234 3.45101 3.54468 6.52338 7.12891 50.6426 0.000370132 77.8177
91.2563 5.01462 0.907465 2.46408 4.85722 20.9382 15.8853 54.52 3.69031 111.772 99.0031 26.1239 13.2108 5.59376 3.47234 2.86138 4.56722 8.05736 7.12891 66.8424 0.000858632 83.4457
69.1177 4.21215 1.24945 4.73948 4.85722 24.8279 17.3879 56.5081 3.69031 109.9 88.1739 28.7126 12.0338 2.55349 1.27166 5.53655 2.18285 17.3562 7.12891 7.93733 0.00101972 77.6344
69.1177 4.57353 1.00203 4.73948 4.85722 24.8279 17.3879 56.5081 2.11498 109.9 88.1739 13.0806 12.0338 4.46317 1.27166 7.49332 10.7692 20.2182 18.17 6.79556 0.00101972 86.842
54.2091 3.3533 0.862481 4.73948 8.31945 29.8939 17.3879 50.4674 5.57193 117.308 88.1739 15.4684 24.661 6.22895 1.27166 7.41228 1.93922 20.2182 15.8443 6.33518 0.000904124 89.1918
32.7833 3.4336 0.171719 4.73948 8.31945 26.9298 17.6823 55.4033 4.55971 117.308 78.8992 16.8129 16.5102 5.53009 2.20041 9.9802 0.906349 13.7586 48.6206 6.33518 0.000365137 87.9844
46.1289 4.59048 7.95754 8.87887 2.7561 18.484 13.8532 50.2686 4.55971 130.458 66.0876 14.6608 35.0736 10.8021 2.64994 15.6139 2.24238 0.166407 19.6387 9.04881 0.00078417 83.3356
37.1683 3.86391 7.95754 10.0834 2.7561 19.5762 13.8532 57.898 4.55971 130.458 66.0876 18.0194 35.0736 6.12355 2.64994 7.40453 1.28336 3.15353 14.4389 2.07701 0.000455812 84.0474
90.0068 1.70234 7.95548 5.0117 3.85902 19.5762 13.5575 57.898 6.59765 120.757 66.0876 18.8612 35.0736 13.2766 2.64994 5.51493 1.28336 2.39728 46.5616 10.9492 4.95894e-06 86.4333
49.357 2.99447 6.91152 6.58498 7.21679 19.5762 12.2967 56.0439 6.59765 140.963 61.8998 17.6316 21.6941 3.78101 7.73428 5.33744 3.16443 6.66458 53.4825 17.2971 4.95894e-06 82.2255
12.2956 1.79701 6.78488 10.3579 4.13781 24.3381 12.2967 51.0168 2.7309 140.963 61.8998 17.6316 29.5967 5.72036 7.73428 9.84714 9.81601 2.7742 33.5409 14.3709 4.95894e-06 84.2838
12.2956 2.82767 6.78488 6.73919 4.13781 28.0005 7.80852 51.0168 2.53772 148.151 79.8549 11.2113 22.4262 13.1074 2.87596 4.26073 4.61401 2.7742 23.8044 1.59305 4.95894e-06 82.4826
12.2956 2.82767 6.78488 6.73919 4.13781 28.0005 7.80852 51.0168 2.53772 148.151 80.281 14.9518 12.4945 11.627 4.13619 4.13843 3.59947 2.7742 23.8044 9.05872 4.95894e-06 76.8732
4.85929 3.82928 8.71665 6.73919 4.13781 28.0005 7.53395 51.0602 3.66945 148.151 73.3997 17.0241 16.0621 9.93372 11.5792 1.65037 4.53201 3.02476 4.98299 14.5104 4.95894e-06 80.5497
46.5921 3.5391 6.54908 10.2389 5.59519 18.534 9.52301 50.588 4.13965 154.078 52.2476 23.6109 16.7129 5.71448 11.3693 4.22389 9.11824 7.87307 1.21323 26.6931 4.95894e-06 76.0382
46.5921 4.23917 6.9299 9.12092 5.59519 18.534 8.61714 50.588 6.30551 154.078 53.56 27.6763 16.7129 2.78009 9.53686 3.25476 11.383 5.79442 1.21323 33.0413 4.95894e-06 76.0482
50.6462 3.68477 8.19028 9.12092 5.59519 18.534 8.61714 52.3329 7.03047 154.078 67.7829 10.8995 18.5307 2.78009 13.927 3.36176 11.383 4.65613 1.21323 48.6588 4.95894e-06 78.8605
47.0402 4.48571 10.6858 4.76842 5.59519 17.4745 9.8731 54.8436 7.03047 145.402 61.042 21.4495 15.8182 12.2296 9.71233 3.85564 6.6385 5.02861 1.25811 84.0522 4.95894e-06 88.3336
46.6341 8.11175 9.00498 4.76842 5.59519 21.0928 1.01937 60.4438 7.03047 145.402 61.042 21.4495 12.663 2.66932 9.71233 4.4168 11.9949 6.0548 1.63378 85.0371 4.95894e-06 82.0826
45.4842 8.11175 9.00498 4.79806 5.93423 22.1049 1.01937 51.3907 7.03047 130.981 88.946 6.00446 22.4665 4.34506 1.93244 5.61785 4.41171 7.83385 27.832 22.318 4.95894e-06 80.0806
45.4842 8.11175 9.00498 0.976699 8.64957 22.0699 3.47844 50.4487 2.09996 135.725 81.2137 15.6879 13.0191 3.09243 1.6066 13.5495 4.08709 16.0781 1.99675 39.3816 4.95894e-06 79.403
16.9625 8.11175 12.3306 0.976699 8.04669 21.886 1.11044 54.52 4.50396 135.725 79.0992 24.7698 11.8948 1.24453 1.6066 12.1982 4.08709 15.7491 7.78971 56.3295 4.95894e-06 81.3361
14.5019 5.44011 12.8339 3.24944 8.12631 21.7018 5.37334 57.1543 0.895743 135.725 79.0992 24.7698 12.0886 1.24453 1.6066 10.4782 13.9171 15.7491 9.76847 50.5836 4.95894e-06 87.6621
-4.92536 7.18544 12.1182 5.11628 5.48972 21.8568 5.37334 57.1543 10.1933 127.16 74.9217 27.6287 4.69526 7.14128 2.38017 8.11689 9.82536 20.0158 10.8232 7.8074 4.95894e-06 78.9321
-9.17228 7.8977 12.1182 5.11628 5.66118 21.9121 5.37334 57.1543 10.9437 127.16 75.5681 24.4364 0.742864 7.14128 2.38017 7.95153 9.83065 12.1557 18.1934 6.40556 4.95894e-06 76.0004
-44.9219 7.8977 12.1182 7.26083 7.26116 22.0542 5.37334 57.1543 10.9437 127.16 74.0571 24.6709 0.691562 7.14128 2.38017 8.76249 14.1455 14.6312 18.6426 10.1758 4.95894e-06 80.9375
-44.9219 7.8977 13.2808 5.53973 7.1569 23.8899 4.75978 57.1543 10.874 127.16 74.0571 22.9109 2.64794 10.2887 1.38003 1.64828 11.9416 12.3055 9.57437 18.0346 4.95894e-06 82.1209
-44.9219 6.0559 12.9363 9.26258 7.04951 23.4279 0.688117 57.1543 8.6959 127.16 80.0213 22.9109 3.27067 10.2887 4.14608 1.64828 14.7992 11.3387 9.57437 22.6549 4.95894e-06 82.4536
-45.0091 6.74951 12.9363 10.8337 4.23532 22.9955 0.688117 49.475 14.5082 134.219 75.5672 20.4079 7.58926 4.24255 3.63077 2.33249 25.4176 9.60939 17.7831 6.04826 0.000410415 86.1682
-45.0091 8.33228 12.7687 10.3751 3.81482 23.4784 0.831519 49.475 11.2416 143.624 71.7736 20.7059 4.12829 7.18992 4.28851 4.43473 24.2844 8.54429 16.5373 4.07432 0.00040025 83.0467
-45.0091 8.33228 13.2043 8.943 3.70942 23.2463 2.40615 52.8906 9.53231 143.624 64.2585 30.1384 4.98417 4.68777 4.15076 5.66378 14.9934 3.95126 67.2636 15.4084 0.000385711 83.6961
-45.0091 8.33228 13.2043 9.34525 4.1431 22.6446 2.38889 50.1781 10.3143 143.014 64.2585 31.9887 5.06693 1.49694 5.30346 6.24966 14.9934 9.52441 88.0918 25.1347 0.000344026 83.777
-45.0091 8.33228 13.2043 9.71087 2.6523 23.2381 2.38889 50.1781 9.48962 143.014 64.2585 31.4511 5.26793 1.49694 6.39135 2.39267 14.9934 7.63215 63.2437 9.14204 0.000304287 80.8937
-45.0091 8.33228 13.2043 9.71087 2.6523 23.2144 3.30267 50.1781 7.09027 141.933 64.2585 38.8703 4.63509 2.60795 6.86316 2.39267 14.1133 7.63215 7.38304 32.3023 0.000283573 78.0351
-41.0475 8.07932 13.2043 9.25255 2.03769 23.5319 3.30267 46.8732 6.43321 141.933 64.2585 44.3864 3.67141 3.21255 3.34962 0.383102 5.06398 16.9789 0.495112 39.9629 0.000274371 79.0883
-41.0475 8.07932 12.4967 9.25255 3.14064 25.0974 3.30267 47.6778 6.45451 141.933 60.5109 44.3864 2.50534 4.93168 8.93148 13.1003 2.27464 4.082 0.495112 3.16467 0.000251476 77.9342
-27.6099 7.37386 12.4967 9.25255 3.43524 22.2428 3.63735 47.6778 7.17059 141.933 60.5109 40.0442 2.50534 5.03419 10.882 6.93885 3.66483 13.2069 3.41194 1.60833 2.92408e-05 75.0207
22.0943 0.96149 14.1621 9.82439 3.62599 22.5377 3.63735 40.5973 18.8361 142.374 56.9278 40.0442 5.78234 1.06979 7.44536 10.3221 2.76368 11.3168 19.3879 11.9258 1.77882e-05 74.0953
20.4757 1.70274 14.1621 8.85806 3.01194 22.1914 2.38238 42.0204 15.0895 142.374 56.9278 38.5838 5.80743 1.06979 8.38938 12.172 1.60635 11.6133 30.8482 12.0198 1.87453e-05 78.7545
19.0309 2.16795 14.1621 8.5829 1.34572 25.2138 2.38238 37.0511 15.3188 142.374 63.9158 38.5838 12.9552 1.06979 11.2869 4.46379 1.42395 10.6971 14.8972 2.75467 0.000196552 76.2599
19.0309 0.836067 16.1992 7.33607 8.91936 25.2138 2.44471 38.2955 7.41611 142.374 63.9158 38.5838 12.3883 1.06979 12.5039 4.46379 3.25372 10.8032 5.77455 3.93334 0.000617165 79.3486
33.2584 0.836067 14.8003 7.2608 2.29561 25.2138 1.09088 48.1395 7.41611 142.374 61.3086 38.5838 12.7274 10.0469 5.17897 4.46379 1.37966 10.7082 10.7867 8.50242 0.00292115 76.9967
35.0199 2.18131 14.2252 6.86682 1.62097 25.4009 1.09088 49.4117 8.35044 113.325 76.6835 52.6979 2.54604 7.5251 14.5416 4.56093 0.923516 10.5082 9.81386 5.57675 0.00270884 79.9694
41.4633 2.2519 14.2252 7.62626 1.62097 23.3011 1.09088 49.4117 9.08827 113.402 76.6835 52.6979 0.651095 13.1937 9.02415 0.855592 0.931081 9.94915 9.64761 0.736135 0.00239869 83.9899
42.0217 1.36698 14.2252 7.57568 1.6291 23.3011 3.872 58.8534 9.08827 113.402 75.1971 52.6979 2.18135 4.10962 3.59892 1.39261 0.756542 9.51374 2.72005 7.0698 0.00239869 79.5833
41.6821 1.36698 11.2858 10.337 1.6291 23.0086 3.872 54.0271 8.37997 113.402 79.4938 55.9434 7.05325 0.973831 2.50235 1.39261 1.35582 16.9786 3.45916 20.0833 0.00222512 79.1637
41.6821 2.87208 11.2858 9.71811 1.6291 23.0086 3.872 51.0804 10.6729 113.402 79.4938 55.9434 6.88978 5.88303 4.211 1.39261 0.781681 16.9786 2.24287 12.0069 0.000787283 83.7313
37.2149 2.84033 11.2433 9.71811 1.6291 21.0543 5.96908 50.3285 10.6022 141.771 51.564 43.3114 4.17299 14.8414 7.03697 0.455845 1.71837 13.9906 1.00612 25.3885 0.00278352 78.2644
37.0503 2.40959 11.2433 9.71811 1.90699 21.0543 5.96908 50.3285 10.4644 141.771 51.564 43.3114 2.37533 14.8414 7.55648 0.455845 2.50668 13.3093 0.61142 25.6483 0.00309084 78.2079
37.0503 2.50874 10.7232 9.71811 3.54581 21.0543 5.96908 49.8949 9.62889 141.771 53.3859 43.7372 2.37533 16.2036 7.83418 0.561086 1.94416 11.3933 0.860324 22.4333 0.00292652 77.0466
21.8028 3.11457 10.6181 10.02 3.65578 21.0543 5.96908 53.5046 4.57581 141.771 53.3859 42.2973 2.30851 31.1944 12.262 0.561086 1.84232 5.66968 1.29594 3.80591 0.0017395 82.7454
21.8028 1.73424 10.6181 10.4809 3.72343 21.0543 4.93615 53.5046 7.25507 141.771 53.3859 42.2973 2.30851 21.6136 9.14684 0.561086 1.68002 5.66968 1.29594 11.8627 0.00155918 80.0626
21.933 1.73424 10.8119 10.9184 3.54778 22.9155 4.93615 53.5046 7.25507 141.771 53.3859 42.2973 3.53206 19.0821 22.2228 0.561086 2.16942 3.67924 8.53029 11.6943 0.00307771 80.0445
21.933 1.73424 10.8119 9.73124 5.79385 22.3769 4.93615 51.4004 6.34796 141.771 53.3859 42.2973 3.64499 13.4654 13.2633 0.561086 1.71219 11.8756 8.53029 15.6265 0.00319241 78.1605
39.3837 1.73424 12.8773 6.94126 5.11545 21.7718 4.93615 52.1728 1.65123 141.896 53.3859 36.7737 4.26404 17.6559 10.155 0.561086 4.98632 15.4164 2.33429 14.5513 0.00235149 82.0424
50.8261 0.31525 13.611 6.94126 4.75642 26.584 4.93615 52.1728 1.65123 147.876 52.374 32.8319 5.48363 9.37483 7.83245 0.561086 5.76287 16.5412 8.93639 36.6969 0.00234988 81.8378
42.9001 0.31525 16.2395 6.22553 5.10069 26.584 4.93615 52.1728 1.65123 147.876 52.374 36.3906 5.48363 9.37483 8.86851 5.02544 5.6264 16.5412 8.93639 36.6969 0.00192934 83.8617
42.9001 0.31525 16.3798 4.40924 5.10069 27.8361 4.93615 52.1728 1.65123 147.876 52.374 35.6023 1.42058 6.77027 9.95551 7.71037 9.035 8.12716 14.7874 35.658 0.00137718 80.5581
42.2221 0.31525 14.1952 5.6006 5.13645 27.8361 4.93615 49.8689 1.65123 151.775 52.374 35.6023 7.04827 8.41219 12.7509 5.48001 0.714457 8.24652 5.97734 16.9549 0.000181258 76.0804
42.6544 0.31525 15.3441 4.22111 4.74915 28.2978 11.9291 36.83 7.01382 151.775 52.374 37.4893 5.97099 10.4029 7.65816 14.2764 1.53038 1.5897 25.5464 37.9678 0.000419722 81.4342
23.8734 1.31896 20.0388 3.48452 3.62914 30.4602 2.75383 38.5023 5.77865 128.98 82.1859 37.4893 7.739 4.80106 7.71848 14.2764 3.91651 2.90786 35.6678 34.8431 0.000248339 82.3061
34.6938 1.71059 20.0388 2.37656 2.81068 30.4602 2.75383 38.9643 5.77865 128.98 82.1859 37.4893 7.85143 2.90868 14.8934 2.90814 3.91651 3.81005 20.213 52.9145 0.000251634 79.557
30.7323 1.71059 13.1144 2.22107 2.81068 30.4602 15.2068 38.9643 5.26372 125.499 82.1859 37.4893 7.5529 2.9953 2.94195 6.52078 9.77322 5.74277 17.3093 46.2704 0.000635692 77.821
39.1519 2.11166 11.7025 2.28644 3.79064 30.6898 13.8193 34.386 7.74007 125.499 82.1859 43.6864 8.73812 8.99325 2.94195 3.10906 4.73343 6.13426 10.5853 65.9788 0.00087551 78.9745
38.4452 1.5046 12.2678 1.43036 3.79064 24.0904 14.5281 39.9362 6.69967 127.288 82.1859 43.6864 8.73905 8.12635 0.577041 5.84575 2.18598 7.95711 2.82496 55.5373 0.00183268 79.0017
48.5375 1.5046 13.3334 0.957645 3.79064 27.9883 15.0601 39.9362 6.69967 127.549 82.1859 27.8483 8.64203 10.7602 17.7423 5.82392 2.913 7.95711 8.71891 3.73383 0.00183268 77.4413
49.6155 1.84734 12.9156 0.109493 3.79064 21.3763 15.0601 47.9891 6.69967 127.549 83.0205 27.8483 8.64203 8.96269 17.7423 4.8241 2.913 7.96096 9.99262 3.73383 0.00219302 80.2687
49.7063 3.27512 11.4859 0.432586 4.11681 21.3763 15.1718 47.9891 5.56984 127.549 83.0205 29.2662 8.64003 9.76583 6.18627 4.90575 2.913 8.54252 13.3282 24.417 0.00198721 75.7059
48.7322 2.92825 11.9014 0.706937 4.11681 21.8724 15.1718 45.6124 5.56984 127.549 83.0205 29.4219 7.3927 12.3634 3.321 5.94724 3.28516 6.93513 28.8219 15.6705 0.00175076 74.0255
51.0283 2.01471 11.9014 0.566374 7.67007 21.8724 15.1718 45.6124 5.56984 127.549 71.0578 34.4844 7.3927 8.4392 3.37957 11.4944 1.29238 5.95343 22.1178 14.5474 0.00352805 83.6093
52.3724 2.48508 11.9014 1.21412 7.67007 24.0507 17.3344 35.4394 5.56984 132.235 71.3337 39.5601 7.3927 13.8245 4.18359 11.4477 0.652573 3.50894 22.1178 13.5131 0.00450179 79.1908
49.9848 3.83537 6.45972 1.21412 13.575 23.3105 14.3438 35.4394 9.62211 132.235 71.3337 39.9537 5.40305 13.8245 3.27335 20.6117 2.77337 3.33798 21.9715 3.89584 0.0122185 79.6543
48.8991 3.2602 6.37618 2.47679 12.636 24.6025 13.1006 35.4394 9.62211 132.235 67.6088 46.5017 1.93408 6.49213 1.33765 11.072 3.83711 3.41111 8.30516 40.5417 0.0168786 79.4755
34.4572 4.61828 4.4457 4.5296 11.9353 27.3398 11.6544 25.711 27.1339 134.283 67.7636 29.7781 6.60939 15.5515 2.78274 11.7411 5.04958 1.37319 8.27231 26.0242 0.0384974 83.9764
34.4572 1.66985 4.86288 4.16257 11.7994 20.9452 11.6544 25.711 27.1339 134.283 67.7636 30.2844 7.46196 16.6265 2.78274 8.82135 5.77253 1.37319 8.27231 40.0501 0.0370435 83.7086
10.2197 3.76905 4.86288 7.8308 11.1791 20.0621 11.6544 28.6063 27.1339 134.283 68.4744 33.604 7.34077 12.9274 4.31277 8.22038 6.03787 2.83277 17.0619 33.2973 0.0240795 78.7992
10.2197 4.91123 3.79829 7.74989 11.1791 20.0621 12.2104 28.6063 26.1392 134.283 68.4744 33.604 5.04801 12.9274 5.56759 12.2846 5.90261 3.78362 4.69162 24.106 0.00648352 78.3677
28.2856 2.22258 3.64484 6.53978 10.2008 21.4357 14.0371 28.6063 26.6654 134.283 59.6405 44.1097 4.90894 6.03264 5.56759 12.2846 5.98279 6.71724 21.2951 7.23095 0.00779245 75.9178
67.2651 2.32476 0.638349 6.08165 10.0018 21.9917 11.992 28.6063 26.6654 134.283 59.6405 44.1097 5.31392 3.96566 11.4921 7.20751 6.50498 6.71724 24.0607 1.44143 0.00811812 78.4398
50.1812 2.31538 1.38741 9.53441 7.12057 31.1983 8.12722 28 21.4527 137.133 59.6405 44.1097 0.843677 5.61558 10.9788 6.2483 2.70082 6.5976 40.8455 39.8754 0.00576638 79.879
56.8196 3.2804 1.3841 8.09787 5.41758 31.1665 8.20015 33.2491 21.4527 140.485 59.6405 42.5725 4.87883 2.33821 9.50045 2.91407 8.70385 8.2362 55.1251 5.77575 0.0120455 85.151
47.7909 2.569 2.69327 9.60628 3.26767 33.4716 10.1458 35.1495 10.3522 140.485 59.6405 42.5725 9.11221 4.24467 14.2074 2.44671 5.52519 7.628 63.2879 24.6168 0.0120455 81.1862
33.4526 1.33883 2.81438 9.41046 5.91458 33.4716 10.3136 33.6352 10.3522 140.485 59.6405 42.5725 9.61394 2.14483 11.3783 5.6453 4.42608 7.628 41.8736 24.6168 0.00999252 79.669
35.4511 1.2923 2.82722 8.61262 6.1584 30.0331 6.85452 38.1032 14.0621 140.485 59.6405 40.7868 14.1487 2.0611 11.5775 0.593315 6.65285 5.34168 4.19402 39.8303 0.00225111 79.4885
35.4511 0.762322 3.53188 9.0615 5.88573 28.5496 7.44684 38.1032 15.0242 140.485 59.6405 42.0174 13.5584 2.20599 8.18506 6.33334 1.65453 4.74964 2.41109 0.489831 0.00546511 75.5658
32.2847 0.762322 3.40531 9.22656 6.08833 27.1589 6.28289 38.1032 19.9389 140.485 59.6405 42.0174 6.27281 0.247438 7.77826 5.2233 17.8167 3.36436 3.81795 18.1306 0.00463488 78.251
34.7477 0.762322 4.32301 9.0165 7.75242 27.2497 2.99747 38.1032 20.9992 140.485 59.6405 42.0174 6.27281 3.39086 10.2154 7.99967 8.30049 1.77782 20.6141 17.7238 0.00232864 75.2276
43.2584 0.251547 5.04129 9.15114 10.3347 23.8512 2.99747 38.3235 21.5347 140.485 59.6405 42.0174 4.41202 3.39086 6.06718 11.3308 9.05769 6.77388 31.7683 28.9247 0.0020392 78.347
45.4225 0.251547 1.99666 11.9464 10.5711 23.8512 2.99747 46.8352 20.0717 140.485 59.6405 29.2706 5.40574 14.662 8.15093 0.634631 7.27977 5.62605 26.8178 17.2545 0.00215533 78.1947
46.8946 2.43604 1.73436 12.9713 6.60768 24.2332 2.99747 46.8352 22.3751 140.485 59.6405 29.2706 0.295706 15.4243 5.192 2.7853 4.76118 9.98102 28.155 18.9138 0.0020863 81.757
46.8946 0.103727 2.21435 12.9713 6.60768 24.2332 2.26156 46.8352 23.3282 140.485 59.6405 29.2706 0.295706 13.5558 2.14732 13.884 3.07865 10.8988 0.616667 19.0326 0.00558866 81.7283
41.738 0.103727 5.43772 14.2236 5.39893 22.5573 2.26156 52.0123 25.1129 124.424 59.6405 37.8614 4.10557 15.3403 3.72767 13.884 9.90939 5.70259 70.3328 18.9856 0.00383691 89.8796
39.5976 0.103727 5.00002 16.1768 6.00964 23.0681 0.903312 44.1838 27.3362 125.754 59.6405 39.9348 5.48263 3.10059 3.15061 6.8355 10.0202 10.5902 11.4073 19.0386 0.00147001 77.8022
26.9769 0.103727 3.17325 19.5141 3.99112 22.3271 0.903312 46.405 25.6692 125.726 59.6405 46.5521 4.06726 9.48394 3.31104 6.27272 8.09549 6.94934 15.514 19.2159 0.00184169 82.1563
26.9769 1.4275 1.46096 19.5141 5.38416 22.3271 0.903312 38.8981 33.1903 104.795 83.3137 46.5521 8.04761 0.549501 3.98325 7.17688 3.35772 14.4493 8.06367 18.5568 0.00266826 80.1715
33.4455 1.4275 1.63406 19.5141 6.04678 22.3271 0.903312 38.8981 33.1903 117.167 72.2864 44.0329 11.9783 4.81377 3.35539 4.86989 1.54115 18.8115 11.3136 13.5387 0.00266826 79.4534
29.5796 1.4275 4.19673 19.5141 6.25374 20.0238 0.903312 41.535 28.4616 117.167 72.2864 44.0329 12.6842 4.81377 1.05544 2.81609 1.54115 22.8642 10.3376 15.3178 0.00433553 85.8975
14.695 4.1065 2.89213 16.3415 6.75619 16.3752 12.9122 41.9667 21.7591 117.69 72.2864 43.661 3.8645 3.09528 6.94008 10.7787 4.34437 23.3854 16.9473 34.7641 0.00286266 83.8367
1.85718 4.49617 4.0059 16.3415 5.42249 16.7573 12.9122 46.5185 20.0573 117.69 72.2864 43.661 11.4675 6.22829 2.4872 7.83915 1.66702 8.1194 18.8706 24.2781 0.000183751 79.3316
70.9291 4.49617 5.69955 11.6474 3.7291 12.9083 35.2687 14.9497 18.5363 124.874 72.2864 43.661 11.8052 11.185 1.73533 6.38811 1.36491 5.75198 9.46719 26.6393 0.000878568 79.9573
70.9291 4.49617 3.05382 13.0856 2.30779 12.0264 35.2687 23.3177 17.2577 122.566 71.3263 43.1235 8.74981 1.08526 7.6678 0.320167 1.5559 19.8232 6.42349 8.41748 0.0012496 77.0693
70.9291 4.46494 0.390661 13.0856 4.5031 12.0264 35.2687 21.4819 18.9123 122.566 71.3263 43.1235 6.98243 8.2564 8.1074 0.320167 1.44447 15.3846 6.42349 10.0412 0.00105959 76.858
70.9291 4.59826 0.84838 13.0856 5.29233 12.1927 33.9319 19.3442 19.1666 125.265 71.1681 39.9935 6.98243 2.16238 6.47004 6.99498 1.45723 18.0747 8.42647 10.0102 6.85729e-06 73.0813
66.3447 3.82276 0.694363 14.1209 5.73489 12.1927 33.141 19.0953 22.2374 125.265 71.1681 39.9935 6.36608 0.929052 7.54345 3.2315 1.45723 15.8073 10.8257 18.7753 6.85729e-06 72.6811
68.6702 4.63262 1.07746 11.0925 5.69134 9.84875 30.8724 18.6914 29.4567 125.265 71.1681 39.9935 6.7481 2.59658 3.18387 3.51103 3.41154 13.6385 11.6584 17.1217 6.85729e-06 71.1634
63.8901 4.55988 1.65284 10.2863 5.66385 10.1452 30.8724 17.7047 31.2802 125.265 67.1644 50.0974 6.7481 1.25684 11.277 3.59856 10.4679 14.7007 11.6242 17.2747 6.85729e-06 77.8628
66.6164 5.49966 1.98165 10.9881 5.64085 9.3122 29.4986 19.2718 32.1397 120.15 67.1644 50.0974 7.1002 5.32739 8.5999 3.58304 11.6221 11.7611 11.3791 21.3493 6.85729e-06 73.7768
68.5527 6.7997 1.8762 10.261 5.46076 9.3122 29.4986 17.9231 40.3585 112.775 67.1644 50.0974 0.0398554 5.93607 5.57342 3.96695 11.6883 12.8982 5.9959 33.57 6.85729e-06 76.3947
65.0817 7.14508 1.8762 10.7705 5.17987 8.2747 30.089 16.4596 42.6411 112.775 64.1287 50.0974 1.40314 7.05015 2.67011 2.47703 12.0785 10.799 11.1375 3.89722 6.85729e-06 74.6608
59.8432 6.8584 1.8762 12.0762 5.10834 10.5749 23.9573 21.1488 39.5217 125.741 57.0238 44.2979 4.89183 5.83284 4.24297 1.22969 18.2124 4.44904 12.7554 5.35593 0.000915344 74.4075
66.0254 3.63518 1.8762 12.0762 8.20437 10.5749 24.0537 20.7665 37.8013 131.039 57.0238 44.2979 2.86198 4.67454 0.956207 3.05796 14.8779 4.58391 26.4389 38.1905 0.00303426 79.2253
68.8947 2.8445 1.8762 12.0762 6.88225 10.4072 21.9681 20.8281 44.145 131.039 57.0238 44.2979 11.1944 4.69463 1.40476 1.56948 12.538 3.29375 12.7612 15.8437 0.0140878 82.5552
71.0661 0.118008 3.26323 12.665 11.4871 22.6638 6.37444 20.7883 31.211 131.488 66.4859 44.2979 0.801045 5.86069 6.39755 9.56023 19.7635 0.143381 30.8215 19.9197 0.0307501 86.5752
59.2261 0.295031 3.26323 12.665 12.0735 18.7618 3.77437 20.8278 35.3693 131.488 65.7098 44.2979 2.79755 3.11179 7.53354 1.42188 14.4214 0.143381 33.2492 31.7351 0.0256882 83.2086
51.6058 2.53105 3.26323 10.4156 15.4738 24.0499 3.77437 20.8187 30.7271 127.845 65.7098 44.2979 7.42856 6.73752 6.3956 1.65805 14.1696 0.549102 8.53296 6.16713 0.0124181 77.9665
46.6037 3.16146 3.84853 10.4156 12.1118 24.0499 6.43309 20.4583 29.6486 159.166 39.4663 41.3472 11.3905 6.73752 4.51305 9.09071 16.3616 4.58013 4.12775 9.21061 0.0338437 81.2744
48.0436 5.28937 8.60227 6.96488 0.704803 24.0499 6.43309 20.6814 30.8467 159.166 39.4663 55.5823 10.4062 7.36569 5.57395 2.63852 15.0702 0.510845 8.62867 47.8135 0.055644 83.8056
47.4325 6.07225 8.58291 8.08463 0.704803 22.7149 6.43309 21.0674 33.1848 159.166 39.4663 39.9666 9.31931 7.35212 1.81771 2.63852 18.7003 7.2481 8.48016 23.7884 0.0155303 78.5735
50.3162 6.12023 8.58291 8.37562 0.704803 22.7149 6.43309 21.5028 33.1848 159.166 39.4663 42.1532 8.27714 7.35212 0.349336 2.63852 12.0582 6.14075 44.9426 35.5635 0.0205358 80.8466
43.3069 6.12536 5.38144 8.13342 7.3313 20.5464 1.65509 22.4464 37.3323 159.808 39.4663 51.9087 8.16709 7.30523 5.90604 2.63852 5.7372 1.20596 34.5761 30.9271 0.00781422 84.0064
38.8132 5.58538 6.45864 9.86408 5.40839 22.7357 0.913963 20.9506 37.3323 152.352 39.4663 51.9087 5.74392 7.75549 13.0042 4.36218 2.9807 2.33912 29.0715 43.1799 0.00166611 76.8649
41.1581 3.12062 7.74086 9.86408 2.63103 21.8669 9.32445 20.0198 37.3323 152.352 39.4663 51.9087 4.90796 6.4791 10.3277 2.17365 5.60842 2.34562 51.6767 43.9257 0.00181486 79.1736
30.5951 0.709079 9.07374 6.72752 2.63103 24.3641 15.2477 22.7867 31.7743 152.352 39.4663 51.9087 5.64724 0.199442 16.1969 4.22025 10.072 2.34562 56.5207 29.3793 0.00130052 81.4832
24.0789 2.50461 8.61954 6.00166 2.63103 24.778 15.8483 17.9379 31.7743 152.209 39.4663 51.022 3.7249 1.6541 14.5755 4.22025 10.072 1.19796 52.3145 21.1657 0.0017071 78.9549
-3.77205 4.4145 11.5364 6.06169 1.92753 22.0333 15.8483 17.9379 48.3668 152.209 19.3256 57.8844 2.0584 1.6541 17.7425 4.22025 10.072 1.19796 23.3611 22.715 0.00257566 80.7918
-3.77205 4.47486 11.5364 4.93457 1.92753 22.0333 21.5456 14.2001 52.2814 152.209 19.3256 51.5339 1.84304 1.6541 17.7425 4.22025 5.45275 11.169 0.667072 31.2347 0.00461779 85.2079
-5.96219 5.28094 12.0613 4.34198 0.559297 22.0333 21.5456 14.2001 46.6996 148.758 19.3256 63.3314 4.23403 6.72753 14.2126 4.22025 3.85443 0.683426 15.7852 21.8249 0.00616793 81.5562
-4.44363 3.65268 12.8947 3.63731 0.212126 20.0687 24.0695 2.44158 61.4485 148.758 19.3256 63.3314 6.15793 7.24652 7.07172 6.03829 4.48872 0.320834 17.3724 18.7244 0.011145 85.4273
-4.44363 3.14344 12.3051 3.40254 0.212126 20.0687 28.3653 2.44158 61.4485 148.758 19.3256 63.1791 3.48998 20.6355 3.89659 3.88184 6.75882 2.91391 28.6738 22.2249 0.0153346 91.4397
-4.44363 2.79615 13.2726 4.49626 0.212126 18.2432 28.3653 7.70715 53.5773 146.608 19.3256 63.1791 3.48998 10.5212 7.50727 0.220821 8.19281 2.91391 41.2564 8.38784 0.00525349 84.5556
-4.44363 2.79615 13.2726 4.7724 0.212126 18.9258 31.3207 7.01739 53.5935 146.608 19.3256 63.0707 1.38746 12.8658 4.70017 0.220821 8.58137 3.58391 41.2564 4.40469 0.00525349 88.1737
-28.9342 3.29514 12.5212 4.06276 5.488 18.9258 24.99 7.01739 52.5736 147.876 19.3256 63.0707 2.17488 3.3761 4.11566 13.3813 11.3344 1.91777 35.8288 14.4371 0.013082 86.1103
-28.9342 3.20988 12.5212 4.26457 5.57716 18.9258 22.8198 7.01739 52.5736 157.888 19.3256 57.203 2.93235 3.44916 14.6261 13.3813 9.31917 1.48678 22.0901 34.5025 0.0140783 89.7675
-30.7844 6.35162 12.5212 3.70375 5.57716 18.9258 21.0641 7.06002 49.6969 157.888 19.3256 63.2121 1.07331 2.21205 14.6261 5.12185 8.41442 1.48678 22.0901 8.3846 0.00260163 79.6541
-30.7844 6.52699 9.13542 2.85001 5.57716 22.6612 21.0641 7.06002 49.6969 156.201 19.3256 62.1902 1.07331 4.92111 14.6261 6.28752 6.60011 1.22814 15.942 1.23856 0.000592556 78.9137
-30.7844 6.52699 9.13542 1.71447 5.57716 24.9138 19.1448 7.06002 49.6969 156.201 19.3256 62.1902 1.07331 10.4329 12.208 6.12057 6.53971 1.14741 12.0741 17.1387 0.000592556 79.9057
-20.4539 6.69786 4.98822 1.56171 4.21792 27.9431 18.7706 7.96049 49.6969 156.201 19.3256 73.5095 10.6618 5.81063 6.39001 3.9111 6.1959 2.19034 11.0234 21.1636 0.00637502 87.586
-20.4539 8.13968 3.98697 1.56171 8.27448 27.9431 14.3229 12.0895 45.807 156.201 19.3256 71.4944 7.93121 1.69557 4.53389 1.98144 5.85585 2.14173 15.8991 21.1636 0.00665542 82.6265
-20.4539 8.36456 10.4077 2.66676 5.79447 27.9431 14.3229 9.93418 44.0188 156.201 19.3256 71.6307 11.1481 1.54197 4.95019 9.09928 8.25303 2.65981 10.0814 6.63527 0.00392672 83.2777
26.0445 8.74371 4.55816 4.21976 6.41727 26.7341 14.3229 12.6658 39.9365 153.444 19.3256 71.6307 5.4594 0.053424 4.7745 2.16206 8.53764 7.8853 10.6016 4.05518 0.00509518 80.3154
26.0445 8.46925 4.55816 4.21976 6.41727 26.7341 13.2198 12.8801 39.9365 156.8 16.4931 71.6307 4.85098 2.46456 5.19132 2.16206 10.3773 1.83847 16.395 10.7567 0.00509541 78.834
30.7799 8.60377 4.07296 1.24744 6.41727 27.2235 18.1475 13.9856 36.3564 158.908 16.4931 71.6307 4.85098 2.33613 4.45465 3.88389 9.71118 2.92114 17.4113 7.44572 0.00516126 78.6663
30.7799 7.84514 4.07296 2.1889 6.41727 27.2235 18.1475 13.8972 36.3564 158.908 16.4931 67.4537 7.57855 1.15235 4.27682 8.37043 7.74258 3.56235 17.7982 12.5875 0.00594067 78.7317
31.1109 6.20665 4.07296 11.2957 6.41727 27.2235 5.64738 17.8445 36.3564 158.908 16.4931 61.4943 2.62253 6.3484 5.14525 8.5251 7.68998 6.6627 21.5054 16.9437 0.00393762 77.7927
31.1109 6.87758 3.57355 11.2957 6.41727 27.2235 5.64738 16.8597 36.3564 162.648 16.4931 61.4943 3.41753 6.96772 4.93415 14.3 3.64539 3.26207 12.3602 3.81636 0.00393762 77.1714
26.0829 7.42035 4.03694 11.8251 4.59398 27.2235 5.64738 18.4377 39.0637 162.648 16.4931 57.6198 17.6392 6.0753 5.20018 1.79223 3.64539 4.88256 11.6514 33.0614 0.00393762 78.5955
10.9992 7.88495 4.03694 12.3773 4.59398 27.2235 5.64738 15.754 38.5474 162.648 16.4931 57.6198 14.8109 5.32397 8.28187 2.95597 1.99597 5.14584 5.1338 35.2846 0.0158324 82.8887
10.9992 7.88495 5.1812 12.3773 4.59398 27.2235 4.35412 16.6898 38.3389 162.648 16.4931 61.3058 13.4592 2.94194 7.66733 4.0485 2.677 5.14584 29.7189 35.8821 0.020267 83.9722
3.15455 5.41521 5.1812 16.4088 4.25389 27.2235 5.40004 15.914 36.4917 162.648 16.4931 63.5977 10.8101 2.72436 6.69169 1.22979 2.77733 4.81476 16.088 5.52027 0.00929736 82.8942
19.5107 1.62135 1.41492 19.5304 5.83323 20.2443 4.26914 15.5713 39.9767 162.648 16.4931 65.2347 9.91376 2.74031 10.4945 0.434927 1.65407 3.99404 16.8212 6.78027 0.00219576 86.656
19.5107 2.5514 1.05862 20.3293 5.37631 19.3407 2.76852 22.0274 42.723 162.648 18.6838 65.2347 9.54211 2.05383 10.8672 0.434927 0.284551 4.11805 40.3852 6.51088 0.00219576 83.01
23.7212 2.5514 0.38811 20.3293 7.64524 18.5567 2.76852 20.1693 41.7509 162.648 18.6838 65.2347 8.68231 2.45242 10.5498 0.279121 0.284551 2.69347 29.5798 6.51088 0.000103234 78.3011
23.7212 2.67532 0.38811 20.3293 7.73201 18.5567 3.97618 15.9582 46.2633 162.648 18.6838 65.2347 8.68231 2.45242 10.54 0.279121 0.284551 2.69347 23.0822 8.11095 0.000103234 77.9279
28.8116 2.67532 0.38811 20.3293 5.89729 18.5873 6.81086 20.2449 41.6893 162.648 18.6838 65.2347 2.09514 4.18376 15.1841 5.78106 0.257845 1.9806 23.0822 9.99238 0.000103234 77.4358
18.8532 2.67532 1.86125 18.8943 5.89729 18.0199 7.11662 16.6069 41.6893 164.821 18.6838 69.9054 0.359106 4.18376 13.6492 10.0294 7.17929 2.21713 28.2759 11.5253 0.000179811 80.7473
41.5686 1.14046 1.14259 17.2378 8.00923 25.5551 7.33832 15.801 39.7376 164.821 18.6838 52.2102 4.19292 4.19478 13.6112 11.6547 2.54988 4.64586 28.2759 22.074 0.000179811 76.036
42.3038 1.14046 0.788319 17.6775 6.46129 25.0597 10.3783 11.5929 40.3297 164.821 21.7551 52.2102 4.10336 4.76797 13.6236 7.17392 11.7812 5.56376 29.3857 14.5264 0.000179811 77.1383
50.752 1.53159 0.732142 17.412 5.27609 29.9062 10.3783 7.55704 40.3297 164.78 21.7551 50.7463 3.74481 5.69442 13.9675 6.41361 17.3732 1.81433 19.3965 25.2411 0.0038439 82.8233
43.083 1.53159 0.732142 13.4343 6.43134 29.9062 10.0811 5.85597 37.7535 164.78 21.7551 59.9726 3.5848 6.46344 14.4467 6.62395 2.58008 3.2912 14.3738 25.2411 0.000515818 76.5151
48.4276 1.53159 0.732142 19.0212 5.69167 25.0901 10.0811 15.1943 37.7535 164.78 21.7551 58.1824 3.61816 2.87521 14.5884 2.50736 4.64711 3.30208 14.3738 28.9854 0.000515818 76.5147
40.2401 3.7753 0.885931 17.3625 4.71245 25.3527 15.9805 16.2356 27.1738 164.78 21.7551 58.1824 2.0242 3.57809 10.2156 6.95666 11.835 9.28014 25.903 22.2937 0.00786672 83.9162
40.4816 2.27966 3.49616 17.3625 2.22098 17.6565 11.7847 23.6271 26.2426 164.78 34.3798 42.958 0.16551 5.50832 5.91435 6.96877 15.501 6.50785 22.2831 6.82198 0.0118173 82.7331
43.5411 1.41202 3.28174 17.3625 2.71436 10.4867 11.7847 23.6271 45.4586 158.3 34.3798 42.958 10.5275 3.94091 6.0253 7.06557 10.1755 1.77958 22.1589 11.2584 0.00957594 86.6784
42.6028 1.37956 2.05454 17.3625 3.0968 12.0701 10.5779 23.6271 44.9667 158.3 34.3798 41.8452 8.09539 6.51489 4.73987 7.14589 14.1855 1.77958 5.17154 12.0115 0.00875311 84.3785
50.2323 0.575706 2.11034 18.3271 4.22368 14.9971 10.5779 12.2882 47.6455 158.3 34.3798 49.6032 4.60867 6.96123 4.59878 6.56978 7.74275 2.97284 6.35467 18.5732 0.0204903 79.7936
45.8034 0.575706 1.59258 19.9587 2.61278 20.563 7.55648 11.9752 43.5113 158.3 34.3798 52.1587 4.5587 8.27625 3.52607 6.85483 7.63573 4.08937 2.6486 2.23103 0.00348495 74.0039
46.0334 0.264797 0.761382 19.9587 4.74704 20.563 6.45753 9.75367 43.5113 158.3 34.3798 52.1587 4.03908 12.4777 4.89149 6.52849 7.00514 4.08937 8.78422 7.47761 0.00206119 74.2746
45.0338 0.104147 0.761382 19.9587 6.56895 23.392 13.0181 11.1505 32.1226 158.3 40.0454 41.1836 2.75276 10.2853 8.60073 7.44946 9.24356 4.5269 15.2666 8.58349 0.00163505 77.2118
48.8216 0.584507 0.761382 19.9587 6.38636 23.392 13.0181 13.295 29.3274 157.408 40.0454 48.1143 1.79946 12.3394 6.5434 5.32351 4.61783 6.23396 17.3891 21.3369 0.000315982 74.4182
49.5006 0.584507 0.910438 19.9587 6.38636 23.392 13.0181 13.295 26.2385 157.408 40.0454 48.1143 0.812132 15.2581 3.00148 1.05698 8.87323 8.12327 15.8045 7.99487 0.000196936 76.1685
52.4889 0.584507 4.58814 17.082 2.76511 26.6286 13.0181 11.1859 34.8618 156.741 40.0454 48.1143 1.17167 15.6377 3.00148 2.02917 1.85112 8.27978 35.4665 7.99487 0.000256926 79.5254
37.3026 0.584507 4.49351 17.082 2.76511 26.6286 11.3388 3.91164 43.2893 156.741 40.0454 48.1143 0.782072 11.4225 5.26239 3.46879 1.85112 14.0324 22.1888 6.81565 0.000597759 76.1486
37.3026 0.584507 3.23617 17.5488 2.76511 26.6286 11.0917 3.6625 43.2893 156.741 40.0454 47.7786 0.782072 11.7031 1.25409 5.48694 2.03267 14.7761 12.2921 5.16549 0.000298161 75.7361
37.3026 0.584507 3.23617 17.5488 7.78772 23.6727 11.0917 2.4343 41.5125 156.741 40.0454 47.7786 0.396502 10.5819 1.25409 3.44687 2.83571 17.4011 46.9328 5.16549 0.000298161 76.5851
37.3026 0.584507 3.23617 17.2265 7.78772 23.6727 11.0917 2.4343 41.8006 156.741 40.0454 47.7786 0.396502 11.2963 3.2251 1.76774 2.83571 17.4011 40.4086 14.425 0.000332278 76.4546
41.096 1.13309 2.95956 16.5307 7.78772 23.6727 10.9585 2.4343 41.8006 154.853 43.7253 47.7786 2.79903 12.0569 9.90912 3.78151 6.09492 12.7012 46.2416 4.55593 0.000131571 79.9577
41.096 1.13309 2.95956 16.5307 9.98185 23.6727 10.9585 1.13804 41.8006 154.853 43.7253 42.1717 1.87645 12.4341 14.8879 3.78151 1.37139 12.7012 46.2416 19.9855 0.000108821 80.4888
43.2491 2.69964 3.20929 16.5307 4.89597 23.6727 9.07832 6.21562 41.8006 151.172 46.8495 42.1717 3.37182 11.491 12.1586 8.51726 0.669455 3.10522 0.817203 11.7387 0.00015393 75.8474
14.2276 1.21118 3.42908 9.77474 4.89597 26.7725 15.536 5.40273 51.2616 145 46.8495 42.1717 1.85944 10.2613 9.36515 9.93167 3.77599 2.81115 32.2632 12.3585 0.00015393 77.3378
14.2276 1.99096 4.51553 9.37822 3.75048 26.7725 14.237 4.77512 51.2616 145 46.8495 42.1717 1.85944 11.1549 8.86326 9.93167 3.05194 2.81115 32.1714 26.832 3.02564e-05 77.2423
14.2276 1.99096 4.51553 21.5098 3.48094 26.7725 6.62128 4.77512 51.2616 145 46.8495 42.1717 0.65574 12.1546 8.86326 10.0942 6.07908 1.36614 50.5042 73.2274 0.00012544 92.4928
-50.6181 2.0127 7.22543 16.7838 3.48094 24.9368 6.62128 11.2869 49.146 145 50.326 42.1717 5.22111 11.4062 6.26068 10.0598 6.38634 6.08683 6.737 11.6904 0.00128829 84.9956
-5.94677 2.249 7.22543 16.7838 1.91181 23.2156 6.62128 11.966 48.4059 137.016 46.3011 52.658 5.22111 8.76575 6.26068 10.0598 6.38634 6.74424 4.77945 1.85981 0.000188823 78.9817
-5.94677 2.41883 7.22543 16.7838 2.41918 28.1295 6.62128 10.6472 43.8349 138.05 55.6879 45.2785 5.22111 8.19911 2.73669 9.49549 8.04765 8.79219 1.6015 5.20709 0.00109414 80.8038
21.0949 2.20819 2.15072 19.5178 1.54549 28.3501 11.1242 9.09024 43.8514 138.05 58.2959 45.2785 7.25852 8.48304 1.48631 4.69572 13.511 7.91193 4.28602 5.20709 0.000592487 78.2836
21.0949 1.64804 2.52406 19.5178 3.14815 27.4963 11.6223 5.12361 46.5569 126.572 58.2959 48.5153 9.76314 6.83669 1.33677 5.32249 12.8398 5.91701 0.772977 6.04995 0.00073325 79.138
27.5376 2.54668 1.25927 19.5178 4.41845 26.6548 11.6223 5.12361 46.5569 125.67 58.2959 48.5153 5.15441 9.00576 1.41407 8.94902 9.24816 7.86743 11.9495 1.55122 0.000379237 79.5363
44.8539 2.54668 0.708843 19.5178 2.96141 27.5117 9.62852 5.12361 46.5569 131.246 58.2959 47.5126 9.24983 5.61889 2.22733 8.75122 11.1814 10.4915 10.7326 21.2504 0.000379237 79.2074
49.7493 1.25796 1.7044 19.5178 1.76237 27.5117 9.62852 5.12361 46.5569 149.889 41.3244 53.6769 2.05493 3.12869 5.38689 3.57549 2.509 7.45612 10.1719 53.8359 0.000254327 77.7966
49.7493 0.651185 1.98891 19.5178 2.08693 31.4101 1.69575 1.07459 49.2904 149.889 48.2002 50.7583 2.07188 1.32633 6.9591 8.53138 4.48394 7.45612 10.1719 46.8914 0.000358101 76.3437
44.7494 0.651185 2.45909 18.1037 3.70803 28.9067 7.83396 1.07459 49.2904 149.889 47.1171 47.758 1.53773 2.79404 3.27176 9.94146 10.1366 2.13401 22.4011 52.4598 0.000241877 76.7943
47.9959 0.651185 2.2621 18.1037 4.03234 28.5702 7.27495 1.07459 43.4844 143.657 47.1171 59.3398 6.71472 5.45489 3.27176 12.5581 11.6325 3.31906 31.1433 52.4598 0.00013023 82.7462
46.9251 0.651185 2.2621 18.1037 3.94259 28.5702 7.27495 1.07459 47.2621 143.657 47.1171 65.3505 6.03278 5.43538 4.11795 7.99152 10.4144 3.31906 54.4523 49.0967 0.000701272 83.707
48.2693 0.651185 2.07903 16.9765 5.03353 28.5702 7.27495 1.07459 47.2621 133.642 47.1171 65.3505 6.53482 4.62737 4.28203 6.12493 16.3986 3.31906 36.8689 5.94056 0.00165567 82.2928
48.6063 0.715956 1.91897 16.9765 5.35238 28.5702 7.27495 2.41708 47.2621 133.642 47.1171 65.3505 6.45965 3.71599 5.94852 2.36265 5.00248 11.3014 35.9443 9.41206 0.00199583 80.8237
48.6063 0.715956 1.89516 16.9765 5.55655 28.5702 7.27495 2.41708 47.2621 130.941 61.996 53.9194 4.83094 2.05832 2.12088 1.86797 2.42777 11.3014 30.0566 9.41206 0.00108746 75.4866
45.3637 0.203183 3.02881 16.9765 3.55951 29.6086 7.44265 1.65675 47.2621 123.484 75.702 49.8442 5.90662 1.33309 1.72385 3.76816 2.42745 18.9052 43.7132 5.2362 0.00101282 80.5757
46.198 0.203183 2.17125 18.8503 3.1157 20.8458 7.44265 4.39779 55.7502 122.98 75.702 44.5164 6.21844 2.45483 1.72385 5.48429 2.25693 14.7309 12.8304 16.1388 0.000304255 72.565
43.637 0.203183 1.79256 18.8503 3.89092 20.8458 9.06435 4.39779 55.7502 127.074 66.5449 42.2527 6.02021 5.18222 4.20899 6.08284 2.59439 11.4529 11.2484 30.3069 0.000304255 72.9386
43.637 0.445076 2.86857 17.5046 4.18637 20.8458 8.78285 4.87603 55.7502 131.764 59.6366 49.9561 2.56966 2.73778 9.57268 2.93852 4.84264 11.3886 9.49388 52.201 0.000212427 73.9796
41.1336 0.445076 3.08546 17.5046 3.37097 20.8458 8.78285 4.87603 55.7502 126.695 62.6805 49.9561 4.60682 13.1343 6.93794 2.16392 2.09706 5.47094 9.49388 3.45718 0.000189408 73.0966
50.5803 2.70998 2.14364 17.5046 1.06768 20.8458 8.78285 8.19268 55.7502 122.388 66.0232 42.7529 4.09082 11.0651 0.132861 9.54218 3.50155 6.74447 9.49388 44.0209 0.000271961 77.0533
37.8188 2.70998 1.99365 17.5046 1.06768 22.7463 8.18787 8.21633 55.7502 123.963 66.0232 43.9889 4.12169 9.36926 10.435 7.32633 5.42615 4.84768 29.0826 44.0209 6.96639e-05 76.8906
34.0533 2.70998 2.91368 17.5046 1.70654 22.7463 8.18787 8.21633 55.7502 124.995 68.1437 35.8551 0.470915 7.16842 10.2383 9.16346 3.70205 6.67133 51.0758 20.6396 0.000179086 77.415
41.451 7.51741 2.91368 10.9814 3.11306 21.4905 8.18787 8.21633 55.7502 123.641 68.1437 38.1431 1.47875 7.16842 10.2383 12.0294 3.08638 8.18663 32.9081 8.37243 0.000112204 73.4382
52.5358 7.51741 2.66843 10.9814 3.09372 21.4905 8.18787 5.08459 55.7502 124.585 76.0301 38.6147 1.07927 5.9704 11.9182 2.38897 4.4942 12.0857 32.9081 9.86826 0.000357664 74.858
52.5358 7.51741 3.65064 9.94061 3.4044 20.9711 8.18787 1.56792 52.198 125.861 81.152 43.247 2.22055 1.44236 13.6515 5.47627 2.72754 1.56002 11.7109 10.4643 0.000792825 73.5954
34.0715 7.97972 3.79666 10.7925 2.81809 20.9711 8.18787 2.46479 54.0372 124.665 78.0131 43.247 0.811798 13.6673 9.99168 4.30946 3.39333 3.97257 14.9365 39.1245 0.000362717 76.0297
38.0104 8.13119 4.5102 9.90536 2.00737 20.9711 10.6215 2.46479 54.0372 125.677 67.9343 47.7422 3.57866 9.39844 10.494 1.31444 2.36407 1.45603 15.9918 19.577 0.000407124 74.872
41.2867 8.13119 4.5102 9.38717 2.69639 20.9711 10.6215 5.65203 54.0372 125.336 67.9343 47.7422 3.77027 10.6338 8.07965 1.31444 0.579781 2.38076 21.2821 12.8184 0.00019093 73.3826
41.2867 7.70166 4.93356 9.38717 2.54724 20.9711 10.6181 5.65203 54.0372 125.336 67.9343 47.7422 4.18895 8.52761 12.1489 4.48492 2.51856 1.71109 18.9514 11.7981 0.00019093 71.8775
41.2867 7.70166 5.60797 9.38717 2.11153 20.9711 10.6181 5.65203 53.8397 120.859 67.9343 47.7422 3.76847 11.9999 11.9885 4.55335 2.51856 1.71109 22.6792 12.4456 0.000192906 71.8694
41.2867 7.21711 5.56281 9.38717 1.8955 20.71 10.6181 5.65203 53.8535 120.859 67.9343 46.9143 3.73999 7.40972 11.9885 7.82055 8.93635 1.42425 20.5605 3.14705 0.000192906 72.2435
49.9823 7.21711 5.56281 8.45112 1.8955 21.6377 9.71123 7.20218 53.8535 120.89 67.9343 46.9143 2.55605 6.58056 12.6458 9.72492 5.35437 1.42425 20.1508 2.29505 0.000226584 70.2777
49.9823 5.77251 6.21987 9.3458 1.8955 21.6377 9.71123 7.20218 53.8535 120.89 67.9343 46.9143 6.15766 7.5827 17.6412 1.14455 2.80577 3.45906 16.0981 4.64649 0.000226584 71.0085
49.9823 5.77251 7.96867 9.3458 1.80853 21.3514 4.51902 13.1294 53.8535 121.757 71.5871 46.9143 6.14142 11.2139 19.6323 1.14455 1.72362 3.94172 26.3176 4.64649 0.000226584 80.5275
49.9823 6.51926 6.27458 9.3458 1.50235 18.1861 17.0755 11.5631 45.3001 123.238 73.2811 37.9859 4.83245 10.5388 11.9827 16.6468 2.25784 4.29953 0.371259 1.78367 0.000226584 72.3525
49.9823 6.51926 5.27125 9.3458 1.78225 19.3509 13.7929 11.0988 45.3001 120.692 68.9283 44.2459 4.83245 13.5448 8.94719 3.17948 3.86973 2.86855 34.1593 2.93787 0.000226584 73.7088
49.9823 6.51926 4.18232 9.3458 1.68419 19.3509 13.2819 16.5273 44.9523 119.501 68.9283 54.0445 4.83245 0.237142 7.95941 4.26232 6.75523 4.02757 49.4311 10.9668 0.000226584 75.1481
49.9823 6.51926 5.31791 9.3458 1.74427 19.3509 14.0323 16.14 43.8967 119.866 68.9283 44.0076 7.5389 2.75851 12.6858 4.52965 4.85782 4.28327 49.4311 21.2629 8.30288e-05 70.9563
49.9823 6.55145 5.65011 8.85618 1.72658 19.3509 14.0323 20.6874 34.7924 118.762 75.1807 44.0076 7.5389 2.75851 5.5643 7.49455 5.91394 4.37608 49.4311 21.2629 8.30288e-05 70.8287
61.3942 6.55145 5.65011 8.82016 1.72658 20.2523 7.65032 21.2198 41.2022 120.766 69.885 51.1803 4.08097 7.13903 4.80851 5.97993 5.87769 4.14166 25.5533 0.933011 8.30288e-05 72.1566
61.3942 6.97106 5.24397 8.02164 2.30882 20.2523 7.98099 21.8555 41.2022 120.88 69.885 51.1803 3.4449 7.13903 2.56926 14.3176 0.950374 2.82493 22.0753 20.173 8.30288e-05 73.1269
53.6961 6.18596 4.12373 9.12473 4.36913 20.2523 7.98099 20.7639 42.4556 120.102 69.885 51.1803 0.288719 4.14003 1.92593 14.0466 8.46565 1.98723 20.824 41.29 4.20041e-06 70.3765
45.4239 5.7301 5.44205 10.0417 10.3144 14.0843 8.59713 13.1538 41.2733 123.86 72.7976 48.9872 2.33496 0.259715 3.89296 11.762 6.01258 3.72633 16.9719 26.811 4.20041e-06 74.5527
38.3211 5.7301 4.32872 8.89369 10.3144 19.5439 18.5328 13.0882 36.142 118.882 68.3307 48.9872 1.81631 3.72938 11.7962 10.1977 5.38229 7.37615 9.36369 45.3652 4.20041e-06 73.8426
39.187 5.7301 4.32872 8.68926 12.8051 16.2423 18.1766 11.0321 36.142 115.799 68.3307 52.4178 1.0229 2.70209 11.0223 11.0995 5.79391 7.37615 0.799226 34.1037 4.20041e-06 76.8921
49.0701 2.70749 4.87994 10.3084 13.9297 14.649 21.6522 11.0321 36.0724 121.606 68.387 47.806 7.293 1.95778 2.82023 12.6985 6.14973 7.70242 3.61763 43.649 4.20041e-06 70.408
44.2411 2.60827 4.53626 10.3084 17.5447 11.7031 20.7172 10.6381 36.0724 122.154 68.387 47.2735 5.10286 9.7984 2.75912 10.1298 4.44477 4.47097 10.1707 65.4806 4.20041e-06 72.0763
53.7385 3.30283 3.71485 10.3084 17.5447 10.6236 20.8712 8.85805 36.0724 130.294 62.0301 45.2976 5.10286 7.88241 3.87588 7.40627 9.70106 5.76967 9.00765 27.4144 4.20041e-06 69.9379
50.6452 2.15473 3.78382 10.3084 17.5447 10.6236 20.0394 9.53857 35.8263 141.437 57.6528 44.7279 5.81824 7.42761 3.46568 5.85382 13.2306 2.54573 8.77694 27.4144 4.20041e-06 71.9753
58.8265 6.24495 2.13332 9.65077 17.5447 10.9292 20.0394 9.02198 32.8646 135.784 60.6364 44.7279 6.07463 7.25648 3.02527 4.20037 9.50347 6.03167 10.9035 27.4144 4.20041e-06 72.3232
60.7389 5.37118 2.1801 7.30358 18.5811 9.89607 20.9429 9.13115 35.1993 135.958 60.6364 44.7279 3.42123 2.03874 2.43358 4.01015 8.01073 12.6428 8.82715 15.6012 4.20041e-06 70.859
59.9146 5.87605 2.48481 7.30358 18.5811 10.8583 17.945 11.3817 41.1037 126.711 67.3097 43.6 3.5259 3.60785 6.01801 4.58225 6.07211 7.93548 12.2289 16.2971 4.20041e-06 68.9686
61.0411 6.07288 2.48481 6.88677 18.5811 5.86143 14.6904 11.3817 41.1037 131.946 72.4661 39.8064 3.5259 3.50062 6.01801 3.08395 5.56397 4.8349 36.9119 16.8159 4.20041e-06 71.7189
56.3209 6.07288 3.43117 6.583 18.5811 5.86143 16.5333 17.5465 41.1037 120.787 72.4661 39.8064 2.41429 9.90097 5.1049 0.649897 10.8263 5.55663 38.3462 9.40018 4.20041e-06 69.7749
56.3209 6.07288 3.43117 6.583 18.5811 5.86143 16.5333 17.3999 41.1037 120.787 71.8446 39.8064 10.1196 19.0304 5.95042 0.649897 10.8263 1.70883 23.5825 9.40018 4.20041e-06 72.414
57.9272 6.07288 3.43117 6.583 18.5811 5.86143 16.5333 23.7295 41.1037 120.787 71.8446 39.8064 8.56847 6.44429 5.95042 0.649897 10.8263 2.46545 43.336 27.2132 4.20041e-06 73.0284
61.1791 6.07288 2.23801 6.583 17.0985 5.86143 17.9911 23.7295 41.1037 115.328 73.5735 39.8064 8.56847 6.44429 7.45922 0.649897 9.46508 2.46545 34.533 20.9354 4.20041e-06 71.6794
69.3881 6.07288 2.23801 6.583 17.0985 5.86143 17.9911 23.7295 41.1037 115.328 73.5735 39.8064 9.04472 6.30843 7.45922 4.33551 3.98542 2.46545 8.09979 20.9354 4.20041e-06 69.0065
69.3881 5.29279 2.33719 6.583 18.0079 5.86143 17.9911 23.7295 41.1037 113.023 78.6815 39.8064 9.07193 1.9295 9.06604 4.33551 9.01158 1.15218 8.09979 6.42959 4.20041e-06 69.4012
69.3881 5.29279 2.33719 6.583 17.8272 5.86143 17.9911 23.7295 41.1037 113.023 78.6815 37.923 9.07193 5.49447 11.9244 4.33551 6.39321 1.15218 13.873 6.42959 4.20041e-06 69.0601
69.3881 5.29279 2.33719 6.583 17.522 5.86143 16.1977 23.7295 41.1037 113.023 78.7145 37.923 11.7647 5.49447 9.9567 1.43418 7.50085 1.15218 13.873 7.71407 4.20041e-06 70.8598
63.521 5.35388 3.24218 6.81539 17.522 5.86143 19.3715 23.2748 42.0128 113.023 70.6701 37.923 11.0048 4.13651 9.9567 3.90834 7.29298 1.15218 40.7821 7.71407 4.20041e-06 74.0114
70.5214 5.12703 3.24218 6.81539 17.522 5.86143 19.3715 11.5219 40.8428 121.461 70.6701 37.923 9.75943 11.434 9.9567 5.1756 5.57253 1.15218 23.8775 14.2461 4.20041e-06 74.7293
45.2158 3.5767 3.24218 10.406 14.5521 6.20602 16.3996 20.9093 48.8717 108.171 70.6701 43.9129 9.28124 7.06517 11.8171 2.66436 8.03767 3.9217 33.7175 10.856 4.20041e-06 78.6266
45.2158 3.88917 3.03583 10.4952 16.2566 6.20602 16.7951 18.1879 49.1097 108.171 80.676 43.9129 9.30233 7.06517 13.6313 2.66436 8.47269 2.55932 32.4663 10.856 4.20041e-06 74.6796
53.1048 3.59923 3.03583 10.6909 16.2566 6.20602 16.6366 18.1879 46.4973 110.077 75.6216 38.7892 8.72962 6.02952 13.6313 5.55328 3.38117 2.25686 49.6363 10.0631 4.20041e-06 73.0499
84.0368 3.59923 2.64932 7.9278 16.2566 6.20602 16.6366 18.1879 46.4973 103.508 82.083 48.62 6.63376 4.76962 12.21 6.96679 3.41898 2.86535 34.0173 15.5927 4.20041e-06 75.1315
84.5052 3.59923 2.64932 7.92056 17.2291 7.11485 15.2616 13.6934 50.6468 101.957 75.3202 56.0052 0.592505 5.1598 15.8477 10.2686 0.218053 4.27584 12.4077 24.7495 4.20041e-06 76.8627
84.5052 3.59923 1.12416 8.96834 16.089 7.11485 16.634 11.7381 48.1646 104.608 75.3202 56.0052 0.969045 5.96195 16.7167 0.896786 2.41915 4.09777 27.5115 41.0168 4.20041e-06 77.821
102.309 2.72001 0.157312 8.96834 16.089 7.11485 16.634 8.00866 51.3135 113.697 88.4124 39.5203 0.969045 6.09972 9.54304 0.896786 2.11484 5.64942 43.0904 33.7689 4.20041e-06 75.4669
102.309 2.72001 1.18195 7.96623 16.089 7.11485 16.634 10.3167 45.9514 115.591 88.4124 34.9921 3.00572 11.3627 9.54304 3.19868 2.11484 4.65952 38.8911 50.991 4.20041e-06 72.9055
96.1312 3.05521 2.50771 6.17789 16.089 10.276 11.218 14.398 45.5196 114.418 83.7281 39.4571 2.25002 22.0542 7.18532 4.22665 6.58883 6.64437 5.39937 19.522 4.20041e-06 72.7207
92.0879 2.54806 2.50771 8.23179 11.779 17.3482 8.76781 15.7711 38.7997 118.39 79.618 40.6716 1.7022 14.9017 4.79489 3.44584 2.94373 6.29255 25.4365 22.6635 0.000479703 75.8047
94.398 1.97963 2.49131 0.465888 10.7402 23.2172 11.3492 16.4872 32.5579 126.847 86.578 37.3739 1.63666 12.2996 4.26586 5.08978 2.216 1.09866 13.7297 2.56698 0.00604426 80.4069
99.0732 1.99894 2.4066 2.17385 6.39336 25.6531 11.6601 23.638 30.9457 125.981 74.9021 45.6284 1.63666 14.5171 4.16203 1.34224 4.38767 3.10177 9.57546 12.2054 0.00604426 74.9087
104.983 2.10215 2.4066 10.9579 4.62288 25.5373 11.6182 18.6546 30.0107 124.988 73.6321 47.6892 3.20265 3.94297 4.68629 2.13916 7.73257 5.93048 20.3333 56.676 0.00254807 77.7942
103.005 2.66287 3.14558 9.60048 3.62719 29.4725 3.97321 16.881 36.3776 121.461 76.5836 41.6224 2.69778 10.5585 5.01157 4.80139 7.10388 6.07172 5.17895 58.5418 0.000527929 75.9503
98.6241 3.23004 3.15871 9.75826 4.44104 13.5997 21.5747 14.9189 36.7687 115.986 82.1013 40.0583 4.77852 10.5585 6.4191 2.4245 12.6489 5.67183 7.56086 47.7005 0.000498095 75.3892
97.7528 3.94599 1.67847 12.2995 3.82386 13.5997 21.5747 18.0918 33.7534 123.239 66.7893 46.6247 4.77852 10.6505 5.30706 7.68969 6.30479 6.40393 36.2222 17.7134 9.27685e-05 78.9495
83.901 4.36384 1.67847 12.2995 3.82386 13.5997 19.7034 18.0918 33.7534 122.813 66.7893 46.6247 0.756828 11.6313 1.44324 6.25332 16.5841 8.99243 10.7801 21.7453 9.27685e-05 78.4085
81.9123 3.9534 1.67847 12.2995 3.82386 14.6192 21.8725 19.5859 33.7534 123.308 66.7893 46.6247 1.99927 10.3717 8.78241 4.74099 14.3432 9.24989 17.1259 32.0533 0.00283628 79.0204
81.9123 3.9534 1.67847 13.1508 3.08221 19.7019 23.8635 20.7131 33.2515 125.686 54.9399 44.4977 4.28845 7.98639 5.44663 2.44406 9.22554 6.57505 20.4711 0.802015 0.00283628 79.0532
68.9054 4.74591 1.67847 13.1508 4.07976 19.5016 23.8635 20.7131 36.9499 125.686 54.9399 44.4977 4.26941 8.90738 0.434514 2.20581 13.115 5.54778 20.7775 4.87545 0.00352015 79.2293
68.9054 4.68762 1.83401 13.1508 4.26625 19.5016 23.517 17.7742 35.7546 130.22 54.9399 44.447 4.26941 7.45959 0.434514 2.06765 16.1586 5.54778 16.9023 6.01883 0.00254365 76.2137
68.9054 4.68762 1.83401 13.1508 3.66901 19.4734 12.3064 32.1817 31.8551 130.22 46.5421 51.3274 4.26941 12.5992 2.37685 2.04194 22.9212 5.54778 10.5995 7.6815 0.00254365 79.9441
62.8481 4.66036 1.4476 13.1508 3.5248 18.6763 13.6629 25.0477 31.2079 142.965 46.5421 54.1095 1.83568 13.1049 0.421867 2.13731 17.1083 8.52104 13.9107 9.75303 0.00254365 79.2848
62.8481 4.66036 1.4476 13.1508 3.5248 18.6763 13.6629 25.0477 25.3375 144.002 46.5421 54.1095 1.83568 11.746 3.81337 2.13731 17.1083 13.1382 13.9107 13.9643 0.00254365 77.8679
62.6873 6.40168 1.56911 12.716 3.5248 17.9739 13.6629 25.0477 25.3375 144.002 46.5421 54.1095 3.46473 10.6065 14.9876 2.00495 10.5123 5.69538 21.1004 38.9292 0.00254365 79.2114
59.0392 5.51445 1.56911 12.716 3.6876 19.9013 11.4608 25.0477 25.7632 144.416 47.331 52.6731 0.353641 4.14976 17.5648 5.20103 14.4301 5.43125 19.554 18.5601 0.0030571 79.292
72.0506 5.51641 0.0246863 12.7476 3.72098 19.4152 10.4072 26.5714 25.7632 144.707 47.3257 52.6731 3.58624 3.51054 12.1188 5.99418 10.6375 6.09784 23.58 26.5298 0.0030571 79.6753
63.7636 4.6947 0.0246863 13.6848 3.72098 19.7652 11.7787 26.5714 27.7869 147.926 38.3647 57.8967 0.186919 3.51054 5.37712 3.53685 12.1873 8.68296 24.6499 22.8617 0.0255487 82.6237
84.1461 4.44484 0.0246863 13.6848 3.72098 17.8624 12.7154 26.5714 20.7362 152.206 39.6003 56.6936 0.186919 5.67297 6.07068 5.47053 9.60881 9.98369 30.5997 12.2417 0.0253098 82.1633
84.1461 3.59147 0.0246863 13.5183 3.72098 17.8624 12.7154 26.5714 20.7006 153.446 39.6003 56.6936 10.4439 1.8094 0.740332 3.57693 9.60881 15.8331 46.9029 12.2417 0.00840294 83.806
84.1461 3.59147 0.974253 11.4719 3.94504 18.545 12.9351 27.9017 20.7006 153.063 39.6003 57.7346 6.43314 1.8094 4.00204 3.49552 4.22013 7.81206 57.7935 5.08878 0.0106377 80.2246
88.6226 3.59147 0.974253 11.4719 6.78687 18.545 8.42823 27.9017 23.1525 149.726 43.166 59.4034 5.75936 1.8094 4.37812 5.33411 4.22013 6.92666 34.1546 10.8223 0.00262724 75.5551
88.6226 3.29368 0.974253 13.0276 9.98313 20.9794 8.05563 27.9017 26.7511 149.726 37.234 52.2979 6.48813 1.8094 1.09943 5.40956 4.93251 8.78697 34.1546 10.8223 0.00262724 79.9092
90.6681 2.64081 0.974253 13.0276 7.54016 20.9794 8.31465 27.9017 26.7511 150.158 37.234 49.4506 6.74469 7.88228 4.69557 1.50747 12.8023 9.87573 34.1546 4.69107 0.000389568 79.8272
71.6191 4.26148 2.74211 12.3329 7.49124 23.828 7.99912 24.1197 27.0074 150.122 37.234 49.4567 4.06493 6.77365 5.83584 11.9204 0.684505 8.90968 21.0388 4.69107 0.000389568 75.6883
13.8987 5.18202 1.58531 11.3455 7.68119 22.8874 7.50436 24.1197 32.0698 153.01 46.6136 48.2901 1.24785 7.04768 5.83584 6.55161 3.32014 5.66255 7.52854 0.661765 0.000389568 75.2089
27.4653 2.10426 5.40135 8.25199 7.74042 23.3329 9.01049 25.3646 28.4378 150.246 43.9726 48.3934 7.06466 4.8552 1.35576 7.81777 12.4318 2.98925 28.1183 22.4522 0.000389568 74.0519
35.037 3.42154 8.67192 2.43808 7.57028 26.1954 5.72511 25.7289 36.5075 151.861 32.8568 46.4693 2.40071 17.9101 6.96157 12.1881 0.791107 5.53474 7.86092 15.3452 0.000389568 76.4566
43.5052 4.17068 6.71882 7.53836 9.53951 20.7538 4.58604 25.7289 36.5075 150.59 36.5093 50.8325 3.94045 17.1473 4.64684 13.7884 6.37023 2.76012 7.40726 13.5684 0.000389568 76.0508
48.0509 6.61578 6.35344 7.65568 10.2972 17.5857 3.31199 25.7289 36.5075 150.664 35.7455 54.2576 3.94045 8.37231 3.31743 12.1201 4.94127 2.93226 30.9355 8.32963 0.000389568 73.0921
46.6295 6.40938 6.97721 5.87369 10.8898 17.5857 2.50972 27.8753 36.5075 151.949 36.2062 50.4854 4.14892 9.17059 1.5774 5.99778 2.69233 2.31864 17.4901 25.0007 0.000185555 73.5767
44.9054 5.88029 8.67713 5.58461 9.01064 17.7867 3.33415 27.8753 36.5075 150.798 35.0455 50.5388 2.53211 12.6831 1.09408 8.71871 1.57295 13.6613 33.1839 33.8834 0.00639377 79.5784
40.3907 5.56346 8.67713 6.36572 7.66598 20.9814 1.97398 5.22952 58.3812 150.574 37.0707 50.3813 3.84501 9.69129 3.6584 6.17098 1.7965 13.8623 31.7644 33.6312 0.00731855 78.9156
49.4931 5.73936 8.67713 6.07461 8.63667 19.2545 0.509876 5.22952 58.3812 150.148 40.3057 52.3653 3.09753 9.63073 1.60307 0.484933 2.91706 15.2793 17.7354 44.1069 0.00366999 78.397
53.1187 6.44543 7.21376 6.07461 7.91634 20.1245 0.509876 5.22952 58.3812 147.083 39.9003 51.4475 5.21855 8.32277 10.2211 1.11533 10.2445 5.75412 4.23714 32.6432 0.00233817 75.2924
53.1187 5.34612 7.21376 7.65109 6.29078 21.0622 1.47609 5.22952 61.2941 145.088 41.2181 49.8435 7.20392 7.15438 2.1409 0.884775 7.46016 11.7564 9.38588 31.7199 0.00390885 75.6819
36.8984 5.5462 8.40694 7.33259 7.65668 21.0622 0.996554 2.54215 61.2941 149.121 40.8302 51.9081 9.81913 4.62231 7.47005 0.884775 7.44389 5.74923 7.84728 20.4305 0.00253247 77.1061
36.8984 6.59383 8.60807 7.70946 5.23602 21.0622 1.58716 3.27374 61.2941 150.402 40.8302 51.9081 8.40724 3.15844 7.47005 6.55707 6.90811 10.6181 5.02669 20.4305 0.00253247 79.938
50.5976 7.48835 8.82357 4.25515 4.18641 23.0427 1.98662 3.27374 61.2941 154.887 36.5032 44.1873 9.95502 6.38392 4.67385 4.09696 11.6269 10.1208 13.5003 18.1949 0.0122032 80.4976
44.6942 6.26253 10.5112 3.86886 4.34528 22.3298 4.47547 3.27374 61.2941 160.931 28.8257 46.2757 8.99892 2.88294 2.50803 4.09696 15.5863 4.93971 15.9063 18.1949 0.00921418 76.9163
44.6942 6.26253 10.5112 3.24376 4.48291 22.3298 5.37625 3.27374 61.2941 160.931 29.987 40.4319 6.379 1.32174 2.50803 11.8458 15.5863 6.67162 10.1493 18.1949 0.00896356 79.304
44.6942 6.26253 10.5112 3.09079 6.25389 22.3298 4.03728 3.27374 61.2941 160.931 29.987 40.4319 10.0931 1.32174 5.69696 12.235 6.87311 5.01927 15.4963 18.1949 0.00989041 78.628
44.6942 6.84463 8.13125 3.86692 6.25389 22.3298 4.03728 3.27374 61.2941 160.931 33.8953 39.9565 4.67975 0.30511 5.56166 12.4863 22.8608 4.53225 18.9881 3.27364 0.00589661 81.1601
44.6942 6.84463 9.78268 3.84856 6.25389 22.176 3.28308 3.27374 61.2941 161.736 31.1364 36.9741 2.91118 7.05619 4.15863 11.8082 4.38208 3.1713 12.9238 3.49982 0.00448777 78.7637
44.6942 6.84463 8.27199 5.23153 6.25389 22.176 3.28308 3.27374 61.2941 161.332 31.1364 39.1956 3.31187 11.3888 5.73505 11.8082 8.29796 0.536392 4.77837 3.49982 0.0017776 75.7588
71.8808 5.51376 6.39009 5.47933 6.50642 18.6646 5.64543 3.27374 61.2941 155.525 42.5254 38.8465 1.61423 8.81752 0.422479 11.5958 9.49541 0.536392 19.3754 42.8783 0.00271674 80.8124
75.0876 4.91035 5.8529 6.34662 8.76851 16.8166 5.87523 3.55233 61.2941 154.175 42.996 35.538 7.62607 8.26063 0.672849 10.1605 7.62433 0.536392 19.3324 43.0961 0.00313376 79.3905
75.004 4.83587 5.8529 4.78833 10.1763 17.3316 5.87523 3.55233 61.2941 154.23 44.3529 37.1532 9.67341 4.81397 0.672849 9.21307 7.62433 3.95135 10.824 47.1143 0.00217853 79.8741
79.082 4.83587 5.8529 4.78833 10.6747 17.3316 5.87523 1.14765 61.2941 151.002 45.2986 37.6876 2.57939 8.62889 2.13667 17.4532 6.75293 3.59881 6.90225 39.3216 0.00198363 77.4611
86.03 2.79929 9.61944 1.62525 11.8641 16.6225 5.87523 1.70858 53.4573 150.975 45.2986 44.0868 2.44438 10.3947 2.73843 10.1799 6.51463 1.2724 6.292 29.968 0.0185435 80.5579
73.2194 3.48907 9.25839 3.47203 11.8641 18.0559 4.00104 4.04442 49.4666 150.975 45.2986 47.622 2.36461 10.7023 16.4542 9.57974 9.21171 1.9779 6.56341 9.0388 0.0405423 80.6068
72.9954 3.61537 9.25839 1.62942 11.8641 17.8263 4.00104 2.22001 56.1701 152.158 40.2645 47.622 2.36461 10.2764 16.4542 8.75822 10.8277 1.9779 9.90943 7.89846 0.01878 80.3967
67.0839 4.60447 9.57297 2.42937 11.157 18.3543 4.00104 2.22001 55.056 152.158 40.2645 47.622 2.36461 10.6836 16.4674 9.27716 8.70326 5.00805 9.94578 14.3972 0.0256564 78.5315
67.0839 4.39994 9.66218 3.9173 11.1307 16.6607 4.00104 2.22001 50.7265 152.379 40.2645 52.1735 1.57267 8.24726 11.1102 6.46266 9.25617 4.17156 13.6625 15.5035 0.0211063 77.9826
68.1362 4.6837 8.96235 0.997226 17.7584 13.0457 4.00104 7.05735 55.422 156.021 21.991 64.5823 3.51826 4.1234 11.6082 6.6502 2.34513 4.46846 2.71385 1.83867 0.0131101 77.0583
68.1362 5.10857 8.96235 0.997226 17.7584 12.2355 5.33349 8.59927 55.422 154.436 21.991 64.5823 3.51826 3.396 11.6174 6.23421 5.01072 3.417 1.16838 8.5666 0.0128481 76.5355
68.1362 5.10857 8.96235 0.997226 17.7584 12.2355 5.33349 8.59927 55.422 154.436 21.991 59.9194 6.55139 3.396 6.4197 11.899 5.01072 4.52734 1.16838 8.5666 0.0128481 76.1774
68.1362 5.10857 8.11349 0.997226 17.7584 12.152 5.33349 4.23767 60.0527 154.436 20.0233 59.9194 6.57312 4.24031 11.6216 5.32578 1.77078 7.3964 17.0768 2.44418 0.00801702 76.4308
84.6924 3.31004 8.11349 0.997226 17.7584 11.9469 4.94141 4.3401 57.0031 159.834 20.0233 58.8623 6.14665 3.55645 12.2797 8.81817 1.95131 7.3964 16.5057 14.7228 0.00740684 77.5772
82.371 3.89935 8.6463 0.997226 17.7584 12.5043 4.94141 4.3401 56.3237 165.494 11.7803 61.2021 10.6983 3.50752 3.88201 9.3311 11.1156 7.3964 4.64398 5.31303 0.0074586 80.7941
82.371 3.13273 8.62846 0.997226 17.7584 13.2527 4.94141 4.3401 56.3237 162.963 11.7803 66.536 10.6542 3.49077 0.463733 1.16287 16.6856 7.67103 4.78038 10.8705 0.00818007 80.2103
82.9781 3.13273 8.54811 0.997226 17.7584 13.2527 4.94141 4.3401 56.3237 162.963 11.7803 66.536 8.40154 3.42838 1.43327 1.16287 12.1999 3.87674 9.36419 9.839 0.00708433 76.5985
86.5126 3.21332 8.54811 0.997226 17.7584 13.0332 4.94141 4.3401 54.5489 169.638 11.7803 65.9506 8.40154 3.47624 5.5649 1.37258 5.83593 2.477 7.23019 5.69699 0.00270296 76.1623
91.1783 3.30173 8.54811 1.03671 17.7584 13.0332 4.94141 4.71578 54.5489 164.68 11.7803 65.9506 1.25221 4.28771 23.7603 1.37258 6.35689 10.5141 8.91658 70.2508 6.85534e-05 79.8254
83.4466 3.07934 6.99371 1.03671 17.7584 14.6818 4.94141 4.71578 54.5489 164.68 11.7803 65.9506 3.45026 4.28771 7.4941 1.37258 9.88909 12.1353 7.89716 92.658 6.85534e-05 79.1881
82.1395 3.44545 7.71053 1.03671 10.272 14.6818 18.0034 6.90943 44.982 164.68 11.7803 65.9506 3.17168 4.22365 9.2956 2.66139 16.8499 12.016 7.00156 86.1482 6.85534e-05 81.3198
85.7085 4.48299 7.79747 3.38843 10.272 14.6818 9.43035 27.0645 31.4724 164.68 9.59831 65.9506 1.47683 5.18303 5.28104 0.499834 11.7937 11.1107 5.20279 86.1482 6.85534e-05 78.6809
91.4004 2.33155 7.79747 2.74449 13.0217 14.6818 9.43035 27.0645 26.5975 168.382 9.59831 64.2959 1.47683 5.18303 16.5818 3.32973 13.8 3.37614 3.7741 86.8693 6.85534e-05 80.239
96.5911 2.67995 7.79747 2.74449 13.0217 14.7059 9.43035 28.2009 26.5975 168.382 9.59831 64.2959 6.93468 2.87152 15.9468 2.28722 15.2642 6.28525 1.27783 90.4786 6.85534e-05 79.4659
96.5911 2.67995 9.70407 2.74449 13.0217 12.8415 9.43035 28.2009 26.5975 168.382 9.59831 64.2959 6.93468 2.87152 9.89132 9.10693 11.7256 9.01986 2.48081 29.0178 6.85534e-05 76.7489
96.5911 1.43037 9.70407 2.74449 15.0662 13.288 16.8869 25.2865 19.6176 168.382 12.0895 64.2959 6.93468 1.18646 8.65875 7.60291 11.7256 2.22361 8.45398 10.0266 6.85534e-05 72.9054
77.952 2.66345 9.70407 2.98302 13.3784 15.8758 17.6074 25.2865 19.6176 168.382 12.0895 64.2959 5.89049 2.06023 6.65541 7.22895 8.02391 1.32726 10.9193 8.74178 6.85534e-05 74.0439
93.0374 0.519155 9.70407 2.60495 13.0289 17.7163 13.7044 25.2865 19.6176 168.382 12.0895 64.2959 6.32831 2.06023 6.08936 8.1157 10.5181 1.32726 36.1743 19.1688 6.85534e-05 75.7829
12.5376 8.18333 9.82066 4.72323 11.2482 17.7163 14.7812 23.8564 20.073 168.382 12.0895 64.2959 3.94349 0.133826 9.36862 9.67378 9.86492 1.32726 20.2276 19.1688 6.85534e-05 76.3812
2.95475 9.74689 6.04756 4.72323 10.8254 21.727 14.7812 19.6719 20.073 168.382 15.9039 64.2959 10.2064 2.70323 9.36862 13.0366 6.958 7.66467 20.2276 19.1688 6.85534e-05 83.3204
2.95475 7.72587 2.97675 4.50633 11.6808 12.677 30.1239 19.374 20.073 178.222 20.6252 46.9223 2.04147 8.84282 8.807 9.47921 8.81266 9.20188 8.48463 19.0691 6.85534e-05 79.847
2.95475 5.82997 2.88296 4.35701 11.6808 13.9388 30.1239 19.374 20.073 178.222 20.6252 46.9223 11.7275 4.33009 1.64978 8.80036 12.8238 5.12258 8.48463 14.8774 0.00468035 82.6271
12.3663 6.47948 2.84137 4.35701 12.9429 12.428 30.1239 19.374 20.4071 185.121 20.6252 40.5393 15.1166 6.7323 1.32423 6.66275 3.04729 6.72035 46.6763 6.82839 0.00504733 85.6609
11.1365 2.81588 9.28163 3.80746 15.863 12.428 30.1239 20.607 20.4071 181.346 8.30382 49.2738 8.62342 3.27982 6.18698 5.60593 3.04729 14.6112 6.05297 5.64232 0.0140433 79.9591
83.1194 2.92301 10.3759 3.23985 4.46401 12.8908 32.2859 19.4691 20.4071 181.346 8.89937 49.2738 10.8292 3.12358 1.70545 2.99968 15.3482 18.4469 4.73475 5.82358 0.0132389 83.9721
102.098 1.55619 9.91605 2.87826 4.46401 12.8908 21.6092 29.8878 20.4071 172.1 8.89937 63.905 10.5707 2.58478 5.72922 1.70805 1.96978 20.4512 24.03 6.71985 0.0089394 80.9625
108.046 1.01803 9.91605 3.21331 9.20504 11.3357 18.6197 29.8878 20.4071 172.1 8.89937 62.8316 3.94599 2.58478 6.24279 3.19073 6.86102 22.2731 12.5782 6.64887 0.00593803 78.9094
108.046 0.516113 9.19617 3.66094 9.20504 11.3357 20.3095 22.8608 20.4071 172.1 13.9273 62.8316 5.78438 3.15475 9.06382 3.19073 6.39388 22.2731 12.5782 5.00134 0.00663564 78.9126
108.046 0.140764 8.40906 3.44869 8.63759 11.7964 22.439 22.8608 20.4071 170.431 13.9273 61.1278 11.3551 3.08403 10.6502 2.16115 3.64902 19.2592 14.2189 3.7493 0.00394322 80.9785
105.762 0.536583 8.51088 2.90038 13.3447 12.6872 24.1984 22.8608 20.9224 170.431 13.9273 55.7904 8.33516 3.30353 7.43838 1.63114 3.64902 16.3017 12.9608 4.05188 0.00422618 77.1569
105.762 0.865918 10.2555 1.06909 13.2356 11.7076 28.0786 22.8608 16.4565 170.431 13.9273 53.4695 9.18101 5.10195 7.68381 1.10807 13.5941 16.3017 1.83149 39.6336 0.0039093 81.6403
82.9796 3.00182 7.38555 1.06909 13.0521 15.7885 27.1639 22.8608 16.4565 170.431 13.9273 59.0694 10.532 7.02343 7.23039 0.586581 0.520623 6.24643 2.6915 117.903 0.0039093 85.9808
82.9796 1.03597 7.1419 2.42381 12.6776 14.9506 28.9694 20.6631 16.4565 170.431 10.0817 62.8495 9.75063 4.65337 12.9854 1.17292 4.17258 8.43378 4.35192 55.8288 0.00180509 80.8242
110.571 2.60756 7.1419 2.23263 11.5057 12.6522 28.6109 16.8579 16.4565 170.431 10.0817 65.3717 8.17413 2.50936 8.00517 2.84136 7.11946 8.43378 8.9964 3.88668 0.00209044 78.7966
110.571 2.20022 7.1419 2.75544 10.8891 12.6522 28.4806 16.8579 22.3585 174.236 10.0817 59.435 3.85093 6.06082 7.15618 12.2928 0.724458 9.42602 7.60023 9.26397 0.000688556 75.982
95.4747 2.10484 10.8655 1.04593 10.5043 14.2419 28.4658 19.925 22.3585 174.236 8.40938 61.9824 1.87623 4.30055 10.0506 2.92968 1.3796 6.51958 1.49579 5.89964 0.000395009 75.9346
95.4747 1.93064 10.3879 1.04593 10.5043 12.3559 28.1393 19.925 22.3585 174.236 4.05745 61.9824 0.752724 6.53713 11.613 3.5399 1.3796 11.091 9.87539 12.7326 0.000373922 75.213
95.4747 1.97196 10.8186 1.04593 11.183 12.5673 30.2445 17.4044 22.3585 174.236 4.05745 61.9824 0.623252 6.4429 11.0783 9.971 3.04637 8.65856 9.13464 5.30809 0.000155774 73.9528
94.3259 1.30351 10.542 1.09787 13.42 11.922 30.823 26.3511 10.3735 174.236 4.05745 61.9824 7.99132 14.055 4.52169 9.27166 5.98587 9.81068 8.71329 3.95554 0.000105874 77.8739
79.6627 1.30351 11.7227 1.09787 14.9288 10.0616 27.8136 31.6746 10.3735 174.236 4.05745 55.4002 1.7394 14.055 1.72349 1.63016 5.18467 22.7399 12.1916 4.17593 0.000130108 80.5873
79.6627 1.35552 11.5098 1.09787 14.9288 11.1881 27.8136 31.6746 10.3735 174.928 4.05745 59.1469 5.63427 3.00757 1.72349 2.69268 4.42817 18.2281 12.943 4.1702 9.0468e-05 74.855
103.915 0.948901 11.5098 1.09787 13.389 8.14733 27.8136 32.2067 10.3735 174.928 4.05745 61.2082 5.82726 3.00757 1.72349 2.69268 4.03337 17.9065 13.65 3.53494 0.000964525 76.4506
103.915 2.08198 10.0063 0.0755933 15.829 8.14733 26.8812 32.2067 10.3735 174.928 4.05745 61.2082 7.50655 9.70208 1.72349 0.440194 3.00926 18.0623 12.4649 2.09771 0.00160877 78.8419
103.915 1.89798 10.415 0.0755933 10.7632 5.65151 26.6938 30.6239 11.6641 174.928 10.9882 60.6406 6.41058 8.01064 2.14367 0.440194 9.13352 19.0468 13.8161 5.2618 0.0022426 82.3717
114.368 2.96205 8.09488 0.0755933 14.0991 4.0667 26.6938 32.9512 11.6641 170.6 10.9882 62.0867 6.41058 1.47717 2.72737 0.440194 9.52198 13.1957 7.62147 4.34132 0.00335783 81.321
67.9875 4.88528 9.2902 0.0755933 11.5466 8.24445 28.7671 33.0036 11.6641 164.983 10.9882 62.0867 7.51427 2.62947 4.79362 0.440194 9.70122 9.17567 9.07509 6.24379 0.0151821 85.1653
45.5566 7.40758 9.44098 0.0755933 13.4331 9.27675 33.5502 30.2397 10.58 164.983 10.9882 62.0867 5.84772 5.92945 7.62146 2.57972 6.09603 9.87068 5.57864 2.91554 0.0364583 80.725
33.3234 7.4727 9.44098 0.0755933 18.401 10.3891 24.3833 30.2397 8.20365 170.932 14.3371 61.4413 6.44953 2.33506 9.77015 0.593086 9.78398 8.86134 9.20265 6.91373 0.00808598 78.7685
33.3234 7.23985 10.67 0.310047 18.401 9.22202 23.3405 28.7662 8.20365 170.932 14.3371 61.4413 5.90119 1.96279 8.70986 3.16907 1.28355 11.2811 22.0418 6.47931 0.00228102 77.4432
33.3234 7.23985 10.67 0.403898 18.6196 9.22202 22.4457 27.9645 8.20365 170.932 14.3371 61.4413 11.9929 1.94576 10.6489 3.62772 1.28355 10.0801 21.7875 3.1259 0.00228102 77.9289
33.5913 7.23985 11.3257 0.403898 18.6196 14.2957 17.4016 27.9645 8.20365 170.932 14.3371 63.4857 6.1811 5.29219 10.6489 3.46485 1.28355 10.2864 3.83958 35.6858 0.0037877 80.2669
33.5913 7.23985 11.3257 0.403898 18.6196 14.2957 17.8225 27.9645 8.20365 170.932 14.3371 63.7284 7.94284 5.29219 10.6489 2.77849 4.36953 5.28082 7.15046 41.0693 0.00313975 80.0486
38.6665 3.86886 11.3257 0.403898 20.6993 14.2957 17.1016 27.9645 8.20365 170.932 14.3371 60.4318 6.56776 5.29219 10.3422 2.57629 11.3947 5.28082 10.3636 33.537 0.00411395 82.2989
43.6539 7.00045 9.38987 0.403898 20.6993 15.7952 17.8206 27.9645 8.20365 175.807 6.34537 63.8179 6.762 5.15671 7.72019 1.55776 10.6864 4.07881 17.2456 5.47492 0.00206436 80.4949
